lead_id,created_date,lead_source,industry,region,company_size,rep_id,status,qualified_date,demo_date,opportunity_date,closed_date,potential_arr_eur,loss_reason
VAI-00001,2025-05-06,LinkedIn,Professional Services,Benelux,51-200,AE05,Qualified,2025-05-09,,,,,
VAI-00002,2025-04-12,Partners,Travel,Benelux,501-1000,AE07,Demo Completed,2025-04-22,2025-05-01,,,,
VAI-00003,2025-06-02,Partners,Healthcare,UK & Ireland,1-50,AE01,Unqualified,,,,,,
VAI-00004,2025-03-01,Outbound,Professional Services,UK & Ireland,501-1000,AE07,Closed Won,2025-03-02,2025-03-05,2025-03-10,2025-04-14,67500.0,
VAI-00005,2025-03-24,Referral,Travel,UK & Ireland,1000+,AE06,Closed Won,2025-03-27,2025-03-31,2025-04-04,2025-05-23,57500.0,
VAI-00006,2025-10-18,Paid Search,E-commerce,Nordics,201-500,AE02,Qualified,2025-10-24,,,,,
VAI-00007,2025-11-25,Organic Search,Healthcare,Southern Europe,201-500,AE07,Demo Completed,2025-12-03,2025-12-06,,,,
VAI-00008,2025-03-31,Organic Search,Healthcare,Southern Europe,51-200,AE04,Unqualified,,,,,,
VAI-00009,2025-04-18,Organic Search,E-commerce,CEE,501-1000,AE02,Unqualified,,,,,,
VAI-00010,2025-07-31,Paid Search,E-commerce,UK & Ireland,1-50,AE02,Unqualified,,,,,,
VAI-00011,2025-04-29,Events,Travel,Nordics,201-500,AE08,Unqualified,,,,,,
VAI-00012,2025-03-16,LinkedIn,SaaS,Benelux,1000+,AE03,Unqualified,,,,,,
VAI-00013,2025-04-06,Outbound,Media,UK & Ireland,51-200,AE01,Demo Completed,2025-04-14,2025-04-21,,,,
VAI-00014,2025-06-01,Paid Search,Fintech,CEE,51-200,AE06,Unqualified,,,,,,
VAI-00015,2025-07-06,LinkedIn,Fintech,CEE,201-500,AE05,Qualified,2025-07-18,,,,,
VAI-00016,2025-11-20,Organic Search,Travel,Benelux,51-200,AE03,Qualified,2025-11-21,,,,,
VAI-00017,2025-11-01,Paid Search,SaaS,UK & Ireland,51-200,AE05,Unqualified,,,,,,
VAI-00018,2025-01-22,Paid Search,HR Tech,CEE,51-200,AE02,Closed Won,2025-01-26,2025-01-30,2025-02-04,2025-02-15,10500.0,
VAI-00019,2025-08-31,Events,Professional Services,Southern Europe,201-500,AE05,Unqualified,,,,,,
VAI-00020,2025-08-18,Outbound,SaaS,DACH,1000+,AE08,Unqualified,,,,,,
VAI-00021,2025-02-07,Organic Search,HR Tech,CEE,1-50,AE02,Unqualified,,,,,,
VAI-00022,2025-12-31,Events,HR Tech,UK & Ireland,1-50,AE07,Qualified,2026-01-02,,,,,
VAI-00023,2025-01-14,Paid Search,Media,Benelux,501-1000,AE07,Qualified,2025-01-16,,,,,
VAI-00024,2025-08-25,Paid Search,Professional Services,UK & Ireland,1-50,AE02,Qualified,2025-08-26,,,,,
VAI-00025,2025-09-28,Organic Search,Professional Services,DACH,51-200,AE06,Unqualified,,,,,,
VAI-00026,2025-01-22,Paid Search,E-commerce,Nordics,501-1000,AE04,Closed Lost,2025-01-24,2025-01-31,2025-02-04,2025-02-21,44500.0,Competitor
VAI-00027,2025-11-04,Outbound,Healthcare,DACH,51-200,AE06,Unqualified,,,,,,
VAI-00028,2025-08-14,Paid Search,E-commerce,CEE,501-1000,AE07,Unqualified,,,,,,
VAI-00029,2025-07-30,LinkedIn,Healthcare,CEE,201-500,AE01,Closed Won,2025-07-31,2025-08-01,2025-08-14,2025-08-27,20500.0,
VAI-00030,2025-06-02,LinkedIn,Fintech,Benelux,51-200,AE02,Unqualified,,,,,,
VAI-00031,2025-07-21,Referral,HR Tech,Benelux,201-500,AE08,Unqualified,,,,,,
VAI-00032,2025-01-10,Outbound,Professional Services,DACH,1-50,AE01,Qualified,2025-01-14,,,,,
VAI-00033,2025-04-06,Organic Search,Healthcare,Nordics,1-50,AE05,Unqualified,,,,,,
VAI-00034,2025-10-16,Paid Search,SaaS,Southern Europe,1-50,AE08,Qualified,2025-10-21,,,,,
VAI-00035,2025-01-22,Paid Search,Healthcare,UK & Ireland,1-50,AE06,Qualified,2025-01-23,,,,,
VAI-00036,2025-10-29,Paid Search,Travel,UK & Ireland,1000+,AE05,Qualified,2025-10-31,,,,,
VAI-00037,2025-07-14,Organic Search,Professional Services,UK & Ireland,201-500,AE08,Unqualified,,,,,,
VAI-00038,2025-10-05,Events,Fintech,Nordics,201-500,AE06,Closed Lost,2025-10-10,2025-10-12,2025-10-23,2025-12-20,23000.0,Price
VAI-00039,2025-01-22,Paid Search,Fintech,Nordics,1-50,AE07,Unqualified,,,,,,
VAI-00040,2025-04-14,Outbound,Fintech,Southern Europe,201-500,AE06,Closed Won,2025-04-18,2025-04-26,2025-05-07,2025-05-16,39000.0,
VAI-00041,2025-08-08,Outbound,Travel,DACH,501-1000,AE02,Unqualified,,,,,,
VAI-00042,2025-07-30,Outbound,SaaS,Nordics,201-500,AE08,Demo Completed,2025-08-04,2025-08-06,,,,
VAI-00043,2025-10-04,LinkedIn,E-commerce,Benelux,1000+,AE02,Unqualified,,,,,,
VAI-00044,2025-07-15,Outbound,Professional Services,Benelux,1000+,AE01,Demo Completed,2025-07-17,2025-07-19,,,,
VAI-00045,2025-08-06,Organic Search,Fintech,UK & Ireland,51-200,AE04,Unqualified,,,,,,
VAI-00046,2025-05-22,Paid Search,SaaS,DACH,201-500,AE05,Unqualified,,,,,,
VAI-00047,2025-05-01,Partners,Healthcare,Benelux,51-200,AE05,Unqualified,,,,,,
VAI-00048,2025-02-05,Outbound,Professional Services,CEE,501-1000,AE04,Unqualified,,,,,,
VAI-00049,2025-01-22,Organic Search,HR Tech,UK & Ireland,1-50,AE02,Unqualified,,,,,,
VAI-00050,2025-11-10,Paid Search,Professional Services,Benelux,51-200,AE02,Unqualified,,,,,,
VAI-00051,2025-05-04,Events,Healthcare,UK & Ireland,51-200,AE05,Demo Completed,2025-05-07,2025-05-12,,,,
VAI-00052,2025-04-26,Organic Search,Healthcare,UK & Ireland,1-50,AE05,Unqualified,,,,,,
VAI-00053,2025-07-08,Outbound,Healthcare,UK & Ireland,201-500,AE03,Qualified,2025-07-16,,,,,
VAI-00054,2025-11-22,Paid Search,SaaS,CEE,1000+,AE03,Unqualified,,,,,,
VAI-00055,2025-04-28,Outbound,SaaS,UK & Ireland,501-1000,AE04,Demo Completed,2025-04-30,2025-05-02,,,,
VAI-00056,2025-07-30,Partners,E-commerce,Southern Europe,51-200,AE06,Unqualified,,,,,,
VAI-00057,2025-05-28,Organic Search,HR Tech,DACH,51-200,AE05,Unqualified,,,,,,
VAI-00058,2025-11-20,Paid Search,E-commerce,Southern Europe,51-200,AE02,Unqualified,,,,,,
VAI-00059,2025-07-28,Outbound,Healthcare,Nordics,51-200,AE03,Demo Completed,2025-08-02,2025-08-06,,,,
VAI-00060,2025-01-01,Organic Search,Professional Services,UK & Ireland,201-500,AE06,Unqualified,,,,,,
VAI-00061,2025-11-08,LinkedIn,Healthcare,Southern Europe,1-50,AE03,Qualified,2025-11-09,,,,,
VAI-00062,2025-02-11,Organic Search,HR Tech,UK & Ireland,501-1000,AE06,Unqualified,,,,,,
VAI-00063,2025-05-29,Events,Healthcare,DACH,51-200,AE06,Unqualified,,,,,,
VAI-00064,2025-12-16,Organic Search,Travel,UK & Ireland,51-200,AE08,Closed Lost,2025-12-19,2025-12-30,2026-01-15,2026-01-20,20000.0,Competitor
VAI-00065,2025-08-01,Organic Search,Professional Services,Southern Europe,1000+,AE01,Qualified,2025-08-03,,,,,
VAI-00066,2025-03-12,Outbound,Fintech,Benelux,51-200,AE03,Unqualified,,,,,,
VAI-00067,2025-11-19,Paid Search,E-commerce,Benelux,501-1000,AE07,Unqualified,,,,,,
VAI-00068,2025-10-25,LinkedIn,Media,UK & Ireland,51-200,AE02,Unqualified,,,,,,
VAI-00069,2025-11-06,Organic Search,E-commerce,Southern Europe,51-200,AE03,Unqualified,,,,,,
VAI-00070,2025-05-26,Outbound,Fintech,DACH,51-200,AE07,Qualified,2025-06-03,,,,,
VAI-00071,2025-02-27,Paid Search,Healthcare,CEE,201-500,AE02,Demo Completed,2025-03-01,2025-03-07,,,,
VAI-00072,2025-02-27,Organic Search,Travel,Benelux,201-500,AE06,Unqualified,,,,,,
VAI-00073,2025-01-01,Outbound,Media,UK & Ireland,1000+,AE01,Demo Completed,2025-01-08,2025-01-12,,,,
VAI-00074,2025-08-20,Paid Search,Media,Benelux,201-500,AE04,Demo Completed,2025-08-21,2025-08-26,,,,
VAI-00075,2025-12-08,Outbound,E-commerce,Southern Europe,51-200,AE06,Qualified,2025-12-11,,,,,
VAI-00076,2025-04-28,Paid Search,Healthcare,CEE,1000+,AE02,Closed Won,2025-05-01,2025-05-05,2025-05-13,2025-05-31,101500.0,
VAI-00077,2025-11-25,Events,Healthcare,UK & Ireland,501-1000,AE01,Demo Completed,2025-11-27,2025-12-06,,,,
VAI-00078,2025-10-03,LinkedIn,E-commerce,DACH,51-200,AE04,Unqualified,,,,,,
VAI-00079,2025-08-12,LinkedIn,Healthcare,Benelux,1000+,AE05,Unqualified,,,,,,
VAI-00080,2025-01-13,LinkedIn,Professional Services,DACH,51-200,AE04,Closed Won,2025-01-20,2025-01-26,2025-01-27,2025-03-15,10500.0,
VAI-00081,2025-05-21,Partners,Healthcare,Benelux,201-500,AE01,Qualified,2025-05-31,,,,,
VAI-00082,2025-03-18,Organic Search,Professional Services,CEE,201-500,AE07,Unqualified,,,,,,
VAI-00083,2025-05-06,Events,Media,Nordics,501-1000,AE02,Closed Won,2025-05-09,2025-05-12,2025-05-20,2025-06-18,36500.0,
VAI-00084,2025-12-11,Organic Search,E-commerce,Southern Europe,201-500,AE05,Unqualified,,,,,,
VAI-00085,2025-02-22,Organic Search,E-commerce,Southern Europe,51-200,AE07,Unqualified,,,,,,
VAI-00086,2025-06-25,Partners,E-commerce,UK & Ireland,51-200,AE01,Closed Won,2025-06-26,2025-07-06,2025-07-14,2025-08-12,18000.0,
VAI-00087,2025-12-15,LinkedIn,Healthcare,Southern Europe,1-50,AE05,Unqualified,,,,,,
VAI-00088,2025-08-20,LinkedIn,E-commerce,UK & Ireland,501-1000,AE04,Unqualified,,,,,,
VAI-00089,2025-09-22,LinkedIn,HR Tech,Benelux,51-200,AE02,Unqualified,,,,,,
VAI-00090,2025-10-19,Outbound,Professional Services,Benelux,51-200,AE01,Unqualified,,,,,,
VAI-00091,2025-03-28,Outbound,SaaS,DACH,201-500,AE03,Qualified,2025-04-01,,,,,
VAI-00092,2025-12-23,Events,SaaS,DACH,201-500,AE05,Unqualified,,,,,,
VAI-00093,2025-05-21,Outbound,Healthcare,CEE,1-50,AE03,Unqualified,,,,,,
VAI-00094,2025-05-28,LinkedIn,Healthcare,UK & Ireland,201-500,AE03,Unqualified,,,,,,
VAI-00095,2025-04-25,Organic Search,SaaS,Benelux,51-200,AE04,Closed Lost,2025-04-28,2025-05-08,2025-05-10,2025-05-17,19500.0,Budget frozen
VAI-00096,2025-01-11,LinkedIn,Travel,Southern Europe,51-200,AE03,Closed Won,2025-01-15,2025-01-19,2025-01-28,2025-03-25,13500.0,
VAI-00097,2025-09-23,LinkedIn,Travel,Nordics,201-500,AE05,Unqualified,,,,,,
VAI-00098,2025-08-01,Outbound,Media,Southern Europe,201-500,AE05,Unqualified,,,,,,
VAI-00099,2025-08-06,Events,Travel,DACH,51-200,AE06,Qualified,2025-08-08,,,,,
VAI-00100,2025-05-24,Partners,Media,DACH,1-50,AE01,Qualified,2025-05-31,,,,,
VAI-00101,2025-07-04,Organic Search,Professional Services,CEE,1000+,AE04,Closed Lost,2025-07-06,2025-07-16,2025-08-02,2025-08-30,69500.0,Competitor
VAI-00102,2025-06-09,Paid Search,Fintech,CEE,1-50,AE03,Unqualified,,,,,,
VAI-00103,2025-12-27,Events,HR Tech,CEE,201-500,AE05,Unqualified,,,,,,
VAI-00104,2025-05-23,Paid Search,HR Tech,CEE,501-1000,AE04,Unqualified,,,,,,
VAI-00105,2025-05-11,Outbound,Healthcare,Southern Europe,201-500,AE03,Qualified,2025-05-12,,,,,
VAI-00106,2025-04-05,Outbound,HR Tech,Benelux,51-200,AE02,Unqualified,,,,,,
VAI-00107,2025-07-24,Referral,E-commerce,CEE,51-200,AE01,Qualified,2025-07-28,,,,,
VAI-00108,2025-05-02,Referral,Professional Services,Southern Europe,1-50,AE04,Unqualified,,,,,,
VAI-00109,2025-07-13,Outbound,Travel,DACH,1-50,AE06,Unqualified,,,,,,
VAI-00110,2025-11-11,Paid Search,Travel,CEE,51-200,AE05,Unqualified,,,,,,
VAI-00111,2025-05-02,Organic Search,SaaS,UK & Ireland,1-50,AE08,Unqualified,,,,,,
VAI-00112,2025-10-31,Paid Search,HR Tech,CEE,51-200,AE06,Unqualified,,,,,,
VAI-00113,2025-10-06,Partners,SaaS,Southern Europe,201-500,AE07,Demo Completed,2025-10-10,2025-10-18,,,,
VAI-00114,2025-06-11,Organic Search,Fintech,CEE,201-500,AE08,Closed Won,2025-06-17,2025-07-15,2025-07-23,2025-07-29,32500.0,
VAI-00115,2025-03-13,Outbound,Professional Services,UK & Ireland,201-500,AE03,Unqualified,,,,,,
VAI-00116,2025-08-24,Paid Search,E-commerce,Benelux,1-50,AE07,Qualified,2025-08-27,,,,,
VAI-00117,2025-04-21,Paid Search,SaaS,Southern Europe,1-50,AE04,Unqualified,,,,,,
VAI-00118,2025-10-15,Partners,Healthcare,UK & Ireland,51-200,AE02,Unqualified,,,,,,
VAI-00119,2025-06-22,LinkedIn,Professional Services,Southern Europe,51-200,AE02,Unqualified,,,,,,
VAI-00120,2025-11-21,Paid Search,Travel,UK & Ireland,201-500,AE07,Unqualified,,,,,,
VAI-00121,2025-03-31,Organic Search,Healthcare,DACH,1-50,AE01,Qualified,2025-04-14,,,,,
VAI-00122,2025-09-13,Paid Search,E-commerce,CEE,51-200,AE05,Unqualified,,,,,,
VAI-00123,2025-01-16,Organic Search,Professional Services,DACH,201-500,AE01,Unqualified,,,,,,
VAI-00124,2025-05-23,Outbound,SaaS,DACH,201-500,AE01,Unqualified,,,,,,
VAI-00125,2025-02-16,Organic Search,HR Tech,Benelux,51-200,AE02,Unqualified,,,,,,
VAI-00126,2025-09-09,Outbound,E-commerce,CEE,1000+,AE05,Closed Lost,2025-09-11,2025-09-17,2025-09-24,2025-10-22,121500.0,No decision
VAI-00127,2025-12-17,Outbound,SaaS,CEE,501-1000,AE01,Unqualified,,,,,,
VAI-00128,2025-01-10,LinkedIn,Travel,Nordics,51-200,AE04,Demo Completed,2025-01-20,2025-01-25,,,,
VAI-00129,2025-07-17,Outbound,Media,Southern Europe,1-50,AE07,Unqualified,,,,,,
VAI-00130,2025-11-07,Outbound,Professional Services,Nordics,51-200,AE03,Qualified,2025-11-10,,,,,
VAI-00131,2025-07-10,Organic Search,Healthcare,Benelux,201-500,AE01,Closed Lost,2025-07-11,2025-07-13,2025-07-23,2025-07-31,32500.0,Timing
VAI-00132,2025-12-23,Outbound,E-commerce,Southern Europe,201-500,AE03,Qualified,2025-12-25,,,,,
VAI-00133,2025-02-07,Organic Search,Travel,Southern Europe,1000+,AE08,Unqualified,,,,,,
VAI-00134,2025-11-10,Outbound,SaaS,UK & Ireland,1-50,AE05,Unqualified,,,,,,
VAI-00135,2025-08-06,Outbound,SaaS,DACH,201-500,AE03,Qualified,2025-08-12,,,,,
VAI-00136,2025-12-08,Paid Search,Travel,Benelux,201-500,AE08,Unqualified,,,,,,
VAI-00137,2025-03-24,Outbound,Healthcare,UK & Ireland,1000+,AE08,Unqualified,,,,,,
VAI-00138,2025-09-01,Referral,E-commerce,DACH,1-50,AE06,Demo Completed,2025-09-03,2025-09-04,,,,
VAI-00139,2025-03-08,Outbound,HR Tech,CEE,501-1000,AE05,Unqualified,,,,,,
VAI-00140,2025-06-22,LinkedIn,Healthcare,CEE,1-50,AE04,Demo Completed,2025-06-24,2025-07-05,,,,
VAI-00141,2025-08-12,Organic Search,Travel,UK & Ireland,201-500,AE02,Unqualified,,,,,,
VAI-00142,2025-06-18,Paid Search,Travel,DACH,501-1000,AE04,Demo Completed,2025-06-20,2025-06-25,,,,
VAI-00143,2025-06-30,Referral,Travel,DACH,501-1000,AE02,Qualified,2025-07-05,,,,,
VAI-00144,2025-08-13,Events,Media,Southern Europe,1-50,AE08,Unqualified,,,,,,
VAI-00145,2025-08-18,Referral,Fintech,Southern Europe,1-50,AE07,Unqualified,,,,,,
VAI-00146,2025-03-01,Organic Search,Media,Southern Europe,51-200,AE02,Qualified,2025-03-06,,,,,
VAI-00147,2025-08-22,Outbound,Professional Services,Nordics,51-200,AE03,Unqualified,,,,,,
VAI-00148,2025-09-25,Paid Search,E-commerce,Nordics,1-50,AE04,Unqualified,,,,,,
VAI-00149,2025-11-27,Outbound,SaaS,CEE,51-200,AE06,Unqualified,,,,,,
VAI-00150,2025-07-06,Outbound,Professional Services,CEE,201-500,AE05,Unqualified,,,,,,
VAI-00151,2025-08-25,LinkedIn,Media,UK & Ireland,201-500,AE06,Unqualified,,,,,,
VAI-00152,2025-11-26,Outbound,Fintech,DACH,51-200,AE08,Qualified,2025-12-04,,,,,
VAI-00153,2025-04-09,Referral,Fintech,Nordics,201-500,AE07,Unqualified,,,,,,
VAI-00154,2025-04-03,Events,Healthcare,DACH,51-200,AE04,Unqualified,,,,,,
VAI-00155,2025-09-16,Partners,E-commerce,Benelux,501-1000,AE03,Unqualified,,,,,,
VAI-00156,2025-07-24,Paid Search,Travel,Benelux,201-500,AE07,Unqualified,,,,,,
VAI-00157,2025-11-02,Outbound,Professional Services,Nordics,51-200,AE02,Closed Lost,2025-11-04,2025-11-15,2025-11-29,2025-12-26,11000.0,Missing feature
VAI-00158,2025-03-04,Organic Search,Professional Services,CEE,1000+,AE02,Unqualified,,,,,,
VAI-00159,2025-08-16,Outbound,Travel,Nordics,51-200,AE06,Demo Completed,2025-08-30,2025-09-04,,,,
VAI-00160,2025-06-28,Events,Professional Services,UK & Ireland,1-50,AE02,Qualified,2025-07-01,,,,,
VAI-00161,2025-07-10,Events,Media,Southern Europe,201-500,AE04,Closed Lost,2025-07-15,2025-07-22,2025-07-29,2025-08-19,24000.0,Price
VAI-00162,2025-11-06,Paid Search,HR Tech,Benelux,1000+,AE06,Qualified,2025-11-19,,,,,
VAI-00163,2025-08-08,Paid Search,Fintech,UK & Ireland,201-500,AE07,Unqualified,,,,,,
VAI-00164,2025-10-05,Paid Search,Media,CEE,501-1000,AE05,Unqualified,,,,,,
VAI-00165,2025-10-30,Outbound,Professional Services,UK & Ireland,201-500,AE01,Unqualified,,,,,,
VAI-00166,2025-12-23,Paid Search,Travel,UK & Ireland,1-50,AE05,Unqualified,,,,,,
VAI-00167,2025-11-13,Outbound,SaaS,Benelux,1000+,AE04,Qualified,2025-11-19,,,,,
VAI-00168,2025-07-13,LinkedIn,Professional Services,Southern Europe,51-200,AE06,Unqualified,,,,,,
VAI-00169,2025-07-11,LinkedIn,Media,DACH,201-500,AE03,Qualified,2025-07-17,,,,,
VAI-00170,2025-04-23,Paid Search,Fintech,CEE,1000+,AE08,Unqualified,,,,,,
VAI-00171,2025-06-16,LinkedIn,Professional Services,Nordics,501-1000,AE07,Qualified,2025-06-19,,,,,
VAI-00172,2025-07-26,Organic Search,Professional Services,Nordics,51-200,AE01,Unqualified,,,,,,
VAI-00173,2025-04-12,Partners,Healthcare,DACH,1000+,AE01,Unqualified,,,,,,
VAI-00174,2025-03-31,Referral,Professional Services,Nordics,1-50,AE07,Closed Won,2025-04-10,2025-04-17,2025-04-19,2025-05-04,8000.0,
VAI-00175,2025-06-10,Outbound,Professional Services,CEE,1-50,AE08,Closed Lost,2025-06-13,2025-06-15,2025-06-23,2025-07-05,7000.0,Competitor
VAI-00176,2025-02-16,Paid Search,Travel,Benelux,501-1000,AE02,Unqualified,,,,,,
VAI-00177,2025-09-07,Organic Search,E-commerce,UK & Ireland,201-500,AE04,Demo Completed,2025-09-15,2025-09-24,,,,
VAI-00178,2025-10-15,Organic Search,Professional Services,CEE,1-50,AE07,Unqualified,,,,,,
VAI-00179,2025-07-18,Outbound,HR Tech,Southern Europe,201-500,AE04,Qualified,2025-08-03,,,,,
VAI-00180,2025-04-13,Organic Search,Travel,Benelux,51-200,AE04,Unqualified,,,,,,
VAI-00181,2025-06-01,Events,HR Tech,Benelux,51-200,AE03,Unqualified,,,,,,
VAI-00182,2025-05-27,Referral,Professional Services,Southern Europe,1-50,AE01,Demo Completed,2025-05-30,2025-06-03,,,,
VAI-00183,2025-06-16,Outbound,Travel,UK & Ireland,501-1000,AE04,Unqualified,,,,,,
VAI-00184,2025-12-23,Events,Travel,CEE,51-200,AE04,Unqualified,,,,,,
VAI-00185,2025-08-11,Referral,Healthcare,Southern Europe,1-50,AE06,Unqualified,,,,,,
VAI-00186,2025-11-05,Organic Search,Fintech,DACH,201-500,AE08,Qualified,2025-11-06,,,,,
VAI-00187,2025-02-24,Referral,Fintech,Nordics,1-50,AE04,Qualified,2025-02-27,,,,,
VAI-00188,2025-09-24,Organic Search,Professional Services,Benelux,1000+,AE08,Unqualified,,,,,,
VAI-00189,2025-01-24,Outbound,E-commerce,UK & Ireland,1000+,AE05,Qualified,2025-01-26,,,,,
VAI-00190,2025-06-01,Partners,HR Tech,Nordics,201-500,AE03,Closed Lost,2025-06-08,2025-06-17,2025-06-21,2025-07-08,25500.0,Competitor
VAI-00191,2025-03-07,Partners,Media,Benelux,51-200,AE01,Unqualified,,,,,,
VAI-00192,2025-05-27,Paid Search,SaaS,DACH,51-200,AE03,Closed Lost,2025-05-30,2025-05-31,2025-06-06,2025-06-20,18500.0,Budget frozen
VAI-00193,2025-03-11,Partners,HR Tech,UK & Ireland,201-500,AE02,Closed Lost,2025-03-15,2025-03-19,2025-03-30,2025-04-11,33500.0,No executive buy-in
VAI-00194,2025-10-25,Partners,Healthcare,Benelux,1-50,AE08,Unqualified,,,,,,
VAI-00195,2025-11-29,Organic Search,E-commerce,Benelux,1000+,AE01,Unqualified,,,,,,
VAI-00196,2025-01-20,Outbound,HR Tech,UK & Ireland,201-500,AE05,Closed Lost,2025-01-24,2025-01-27,2025-01-30,2025-02-07,31500.0,No decision
VAI-00197,2025-05-31,Referral,Fintech,Nordics,201-500,AE03,Closed Won,2025-06-02,2025-06-09,2025-06-17,2025-07-02,28500.0,
VAI-00198,2025-10-10,Paid Search,Healthcare,Benelux,201-500,AE08,Demo Completed,2025-10-18,2025-10-23,,,,
VAI-00199,2025-07-23,Outbound,Healthcare,Nordics,501-1000,AE01,Unqualified,,,,,,
VAI-00200,2025-12-12,LinkedIn,Healthcare,Nordics,201-500,AE01,Demo Completed,2025-12-17,2025-12-21,,,,
VAI-00201,2025-10-05,Organic Search,Healthcare,Southern Europe,201-500,AE08,Closed Lost,2025-10-09,2025-10-21,2025-10-27,2025-10-31,36500.0,Price
VAI-00202,2025-07-29,Organic Search,Healthcare,CEE,201-500,AE03,Qualified,2025-08-02,,,,,
VAI-00203,2025-07-18,Events,Fintech,Nordics,1000+,AE01,Unqualified,,,,,,
VAI-00204,2025-07-13,Outbound,E-commerce,Benelux,51-200,AE08,Qualified,2025-07-19,,,,,
VAI-00205,2025-03-04,Outbound,SaaS,UK & Ireland,201-500,AE01,Unqualified,,,,,,
VAI-00206,2025-07-19,Referral,Fintech,Benelux,51-200,AE01,Demo Completed,2025-07-24,2025-08-01,,,,
VAI-00207,2025-03-26,LinkedIn,Media,Nordics,201-500,AE07,Qualified,2025-04-05,,,,,
VAI-00208,2025-09-13,Outbound,Travel,Nordics,201-500,AE01,Unqualified,,,,,,
VAI-00209,2025-03-11,Organic Search,E-commerce,DACH,1000+,AE08,Closed Won,2025-03-14,2025-03-28,2025-04-10,2025-05-10,118000.0,
VAI-00210,2025-02-04,Paid Search,SaaS,Nordics,1-50,AE03,Qualified,2025-02-15,,,,,
VAI-00211,2025-06-14,Partners,Media,Nordics,201-500,AE06,Unqualified,,,,,,
VAI-00212,2025-06-22,Partners,SaaS,Nordics,1000+,AE04,Closed Won,2025-06-24,2025-06-27,2025-07-07,2025-08-02,72000.0,
VAI-00213,2025-11-15,Paid Search,Travel,UK & Ireland,501-1000,AE02,Closed Lost,2025-11-20,2025-11-22,2025-12-01,2026-01-12,68000.0,Price
VAI-00214,2025-03-29,Organic Search,Fintech,Nordics,201-500,AE01,Qualified,2025-04-06,,,,,
VAI-00215,2025-09-01,Paid Search,E-commerce,Benelux,1-50,AE03,Unqualified,,,,,,
VAI-00216,2025-04-04,Paid Search,Healthcare,Nordics,201-500,AE01,Qualified,2025-04-06,,,,,
VAI-00217,2025-02-03,Paid Search,Professional Services,UK & Ireland,501-1000,AE03,Unqualified,,,,,,
VAI-00218,2025-12-11,Organic Search,SaaS,CEE,51-200,AE02,Unqualified,,,,,,
VAI-00219,2025-07-12,Organic Search,Media,Benelux,1-50,AE04,Unqualified,,,,,,
VAI-00220,2025-04-07,Outbound,E-commerce,UK & Ireland,51-200,AE07,Unqualified,,,,,,
VAI-00221,2025-08-27,Partners,Healthcare,UK & Ireland,201-500,AE05,Qualified,2025-08-31,,,,,
VAI-00222,2025-01-19,Organic Search,Media,Benelux,501-1000,AE06,Closed Lost,2025-01-23,2025-01-27,2025-02-02,2025-02-18,50000.0,No executive buy-in
VAI-00223,2025-11-27,Paid Search,Fintech,CEE,1-50,AE02,Unqualified,,,,,,
VAI-00224,2025-09-14,LinkedIn,SaaS,Benelux,1000+,AE01,Demo Completed,2025-09-15,2025-09-27,,,,
VAI-00225,2025-08-14,Organic Search,Media,Benelux,1000+,AE02,Unqualified,,,,,,
VAI-00226,2025-07-13,Partners,Travel,Benelux,51-200,AE05,Unqualified,,,,,,
VAI-00227,2025-04-12,LinkedIn,E-commerce,UK & Ireland,201-500,AE07,Unqualified,,,,,,
VAI-00228,2025-03-15,Outbound,Travel,UK & Ireland,1-50,AE08,Demo Completed,2025-03-16,2025-03-23,,,,
VAI-00229,2025-02-27,Outbound,SaaS,Nordics,1-50,AE01,Closed Lost,2025-03-05,2025-03-10,2025-03-20,2025-04-17,5500.0,Competitor
VAI-00230,2025-05-26,Paid Search,E-commerce,UK & Ireland,201-500,AE07,Unqualified,,,,,,
VAI-00231,2025-02-05,Outbound,E-commerce,UK & Ireland,1-50,AE05,Qualified,2025-02-07,,,,,
VAI-00232,2025-06-28,LinkedIn,Fintech,Nordics,51-200,AE04,Unqualified,,,,,,
VAI-00233,2025-10-17,Referral,Professional Services,DACH,51-200,AE08,Qualified,2025-10-21,,,,,
VAI-00234,2025-08-04,Outbound,E-commerce,Benelux,201-500,AE05,Qualified,2025-08-09,,,,,
VAI-00235,2025-01-21,Outbound,Media,DACH,501-1000,AE06,Qualified,2025-01-22,,,,,
VAI-00236,2025-10-10,Partners,Media,Nordics,501-1000,AE04,Unqualified,,,,,,
VAI-00237,2025-02-27,Outbound,Media,Southern Europe,201-500,AE01,Unqualified,,,,,,
VAI-00238,2025-10-24,LinkedIn,Fintech,CEE,501-1000,AE08,Unqualified,,,,,,
VAI-00239,2025-10-09,Paid Search,Fintech,Nordics,51-200,AE06,Unqualified,,,,,,
VAI-00240,2025-01-05,Referral,Healthcare,Nordics,501-1000,AE07,Unqualified,,,,,,
VAI-00241,2025-01-06,Paid Search,Fintech,DACH,51-200,AE06,Demo Completed,2025-01-12,2025-01-24,,,,
VAI-00242,2025-08-30,Events,Healthcare,DACH,201-500,AE02,Unqualified,,,,,,
VAI-00243,2025-07-25,LinkedIn,SaaS,DACH,51-200,AE03,Demo Completed,2025-08-04,2025-08-13,,,,
VAI-00244,2025-05-03,Outbound,Healthcare,Benelux,51-200,AE04,Unqualified,,,,,,
VAI-00245,2025-02-20,LinkedIn,Travel,Benelux,1000+,AE04,Closed Lost,2025-02-22,2025-03-01,2025-03-13,2025-04-18,89000.0,Missing feature
VAI-00246,2025-12-18,Paid Search,SaaS,Nordics,501-1000,AE07,Unqualified,,,,,,
VAI-00247,2025-09-07,Organic Search,Professional Services,Benelux,201-500,AE08,Unqualified,,,,,,
VAI-00248,2025-08-06,Paid Search,E-commerce,UK & Ireland,501-1000,AE04,Unqualified,,,,,,
VAI-00249,2025-09-25,LinkedIn,Professional Services,Southern Europe,1-50,AE08,Unqualified,,,,,,
VAI-00250,2025-03-24,Referral,Media,CEE,501-1000,AE03,Demo Completed,2025-03-28,2025-04-10,,,,
VAI-00251,2025-07-06,Organic Search,SaaS,CEE,201-500,AE08,Closed Won,2025-07-07,2025-07-13,2025-07-28,2025-08-13,26500.0,
VAI-00252,2025-08-05,Paid Search,HR Tech,Benelux,51-200,AE06,Demo Completed,2025-08-12,2025-08-22,,,,
VAI-00253,2025-03-08,Paid Search,Media,Nordics,1000+,AE08,Unqualified,,,,,,
VAI-00254,2025-02-05,Outbound,SaaS,UK & Ireland,501-1000,AE06,Qualified,2025-02-08,,,,,
VAI-00255,2025-02-03,Outbound,Healthcare,Benelux,51-200,AE03,Closed Lost,2025-02-06,2025-02-17,2025-02-21,2025-03-24,10000.0,Price
VAI-00256,2025-09-05,Outbound,Media,Southern Europe,501-1000,AE02,Unqualified,,,,,,
VAI-00257,2025-07-02,Outbound,Fintech,CEE,51-200,AE08,Qualified,2025-07-04,,,,,
VAI-00258,2025-03-17,LinkedIn,Professional Services,Benelux,1-50,AE02,Unqualified,,,,,,
VAI-00259,2025-05-29,Paid Search,Professional Services,CEE,51-200,AE08,Closed Lost,2025-06-01,2025-06-08,2025-06-19,2025-06-30,14000.0,Price
VAI-00260,2025-04-28,Outbound,Professional Services,CEE,1-50,AE03,Qualified,2025-05-07,,,,,
VAI-00261,2025-11-21,Partners,Media,Nordics,1-50,AE01,Closed Won,2025-11-24,2025-11-30,2025-12-05,2026-01-11,5500.0,
VAI-00262,2025-03-25,Paid Search,HR Tech,UK & Ireland,51-200,AE04,Unqualified,,,,,,
VAI-00263,2025-07-25,Outbound,Healthcare,Benelux,1000+,AE01,Closed Lost,2025-07-29,2025-08-02,2025-08-03,2025-09-14,122000.0,Competitor
VAI-00264,2025-05-30,Organic Search,Media,CEE,501-1000,AE07,Closed Won,2025-06-01,2025-06-04,2025-06-09,2025-07-02,52500.0,
VAI-00265,2025-12-25,Outbound,Fintech,Southern Europe,51-200,AE08,Unqualified,,,,,,
VAI-00266,2025-12-28,LinkedIn,E-commerce,DACH,501-1000,AE02,Demo Completed,2026-01-03,2026-01-11,,,,
VAI-00267,2025-01-17,LinkedIn,Professional Services,Benelux,51-200,AE04,Unqualified,,,,,,
VAI-00268,2025-09-09,LinkedIn,Media,Nordics,501-1000,AE02,Unqualified,,,,,,
VAI-00269,2025-09-03,LinkedIn,Media,UK & Ireland,501-1000,AE02,Closed Lost,2025-09-13,2025-09-17,2025-09-20,2025-09-26,50000.0,Timing
VAI-00270,2025-10-06,LinkedIn,HR Tech,Nordics,51-200,AE04,Unqualified,,,,,,
VAI-00271,2025-09-28,LinkedIn,Healthcare,Nordics,201-500,AE08,Closed Won,2025-09-30,2025-10-06,2025-10-30,2025-11-27,30000.0,
VAI-00272,2025-11-05,LinkedIn,Professional Services,DACH,51-200,AE06,Unqualified,,,,,,
VAI-00273,2025-10-01,Paid Search,Fintech,CEE,51-200,AE01,Unqualified,,,,,,
VAI-00274,2025-09-05,Outbound,SaaS,DACH,1000+,AE03,Demo Completed,2025-09-13,2025-09-20,,,,
VAI-00275,2025-04-19,Partners,E-commerce,Nordics,1-50,AE04,Unqualified,,,,,,
VAI-00276,2025-08-05,Outbound,SaaS,DACH,201-500,AE02,Unqualified,,,,,,
VAI-00277,2025-11-01,Paid Search,Media,Nordics,1-50,AE07,Unqualified,,,,,,
VAI-00278,2025-12-15,Outbound,SaaS,Nordics,51-200,AE05,Unqualified,,,,,,
VAI-00279,2025-01-30,Outbound,Healthcare,DACH,501-1000,AE05,Unqualified,,,,,,
VAI-00280,2025-12-27,Paid Search,HR Tech,Southern Europe,51-200,AE06,Unqualified,,,,,,
VAI-00281,2025-08-23,Events,Fintech,Benelux,1000+,AE03,Closed Lost,2025-08-27,2025-08-30,2025-08-31,2025-10-02,108000.0,No executive buy-in
VAI-00282,2025-06-09,Outbound,Healthcare,UK & Ireland,201-500,AE03,Closed Lost,2025-06-13,2025-06-19,2025-06-20,2025-07-18,33500.0,No decision
VAI-00283,2025-05-23,Outbound,HR Tech,CEE,201-500,AE04,Unqualified,,,,,,
VAI-00284,2025-03-01,LinkedIn,HR Tech,Benelux,1000+,AE07,Demo Completed,2025-03-06,2025-03-11,,,,
VAI-00285,2025-06-28,Organic Search,E-commerce,UK & Ireland,51-200,AE06,Unqualified,,,,,,
VAI-00286,2025-12-30,Organic Search,HR Tech,Southern Europe,501-1000,AE02,Unqualified,,,,,,
VAI-00287,2025-06-29,Paid Search,Media,Nordics,51-200,AE05,Unqualified,,,,,,
VAI-00288,2025-10-07,Outbound,E-commerce,Nordics,1-50,AE03,Closed Lost,2025-10-13,2025-10-17,2025-11-03,2025-11-16,8500.0,No executive buy-in
VAI-00289,2025-06-15,Organic Search,Fintech,UK & Ireland,201-500,AE05,Closed Lost,2025-06-17,2025-06-19,2025-07-03,2025-07-09,35000.0,Competitor
VAI-00290,2025-12-21,LinkedIn,SaaS,CEE,1-50,AE06,Unqualified,,,,,,
VAI-00291,2025-02-24,Paid Search,Travel,Southern Europe,51-200,AE01,Unqualified,,,,,,
VAI-00292,2025-02-03,Paid Search,HR Tech,DACH,201-500,AE03,Unqualified,,,,,,
VAI-00293,2025-02-07,Organic Search,HR Tech,CEE,1000+,AE07,Qualified,2025-02-09,,,,,
VAI-00294,2025-10-11,LinkedIn,Travel,Southern Europe,201-500,AE07,Unqualified,,,,,,
VAI-00295,2025-10-09,Organic Search,SaaS,UK & Ireland,201-500,AE04,Closed Lost,2025-10-17,2025-10-24,2025-11-01,2025-11-10,40000.0,Budget frozen
VAI-00296,2025-01-09,LinkedIn,SaaS,DACH,51-200,AE04,Closed Won,2025-01-11,2025-01-13,2025-01-23,2025-01-29,14000.0,
VAI-00297,2025-09-22,Events,SaaS,Nordics,51-200,AE02,Unqualified,,,,,,
VAI-00298,2025-10-16,Organic Search,Healthcare,UK & Ireland,1-50,AE08,Unqualified,,,,,,
VAI-00299,2025-12-09,Events,SaaS,Southern Europe,51-200,AE02,Unqualified,,,,,,
VAI-00300,2025-07-25,LinkedIn,Media,UK & Ireland,1000+,AE07,Unqualified,,,,,,
VAI-00301,2025-11-14,Organic Search,Healthcare,UK & Ireland,501-1000,AE04,Unqualified,,,,,,
VAI-00302,2025-08-15,Outbound,Professional Services,Benelux,501-1000,AE06,Closed Won,2025-08-24,2025-08-30,2025-09-10,2025-09-24,42500.0,
VAI-00303,2025-05-05,Paid Search,Professional Services,Southern Europe,1-50,AE03,Unqualified,,,,,,
VAI-00304,2025-07-29,Paid Search,Media,Southern Europe,501-1000,AE04,Closed Won,2025-08-04,2025-08-07,2025-08-10,2025-08-17,65500.0,
VAI-00305,2025-10-13,Paid Search,Fintech,Nordics,1000+,AE07,Qualified,2025-10-14,,,,,
VAI-00306,2025-09-30,LinkedIn,Media,Southern Europe,501-1000,AE02,Qualified,2025-10-02,,,,,
VAI-00307,2025-01-18,Paid Search,Fintech,CEE,51-200,AE03,Unqualified,,,,,,
VAI-00308,2025-02-20,Outbound,Media,DACH,1-50,AE08,Unqualified,,,,,,
VAI-00309,2025-03-10,Referral,Travel,Southern Europe,51-200,AE05,Qualified,2025-03-12,,,,,
VAI-00310,2025-12-02,Partners,HR Tech,Nordics,501-1000,AE07,Qualified,2025-12-09,,,,,
VAI-00311,2025-04-13,Paid Search,E-commerce,Nordics,201-500,AE01,Qualified,2025-04-17,,,,,
VAI-00312,2025-06-22,LinkedIn,SaaS,CEE,1-50,AE01,Qualified,2025-07-04,,,,,
VAI-00313,2025-01-18,Organic Search,Healthcare,UK & Ireland,201-500,AE01,Qualified,2025-02-02,,,,,
VAI-00314,2025-11-20,Organic Search,SaaS,DACH,1000+,AE01,Closed Lost,2025-11-25,2025-11-27,2025-11-30,2025-12-25,91500.0,No executive buy-in
VAI-00315,2025-01-29,Referral,Media,Benelux,1-50,AE05,Unqualified,,,,,,
VAI-00316,2025-07-17,Organic Search,Media,UK & Ireland,51-200,AE01,Qualified,2025-07-18,,,,,
VAI-00317,2025-02-22,Events,Fintech,Southern Europe,1-50,AE06,Qualified,2025-02-24,,,,,
VAI-00318,2025-08-12,Outbound,Fintech,DACH,1-50,AE01,Qualified,2025-08-21,,,,,
VAI-00319,2025-09-01,Organic Search,HR Tech,Nordics,51-200,AE07,Closed Lost,2025-09-02,2025-09-06,2025-09-16,2025-09-25,10000.0,Budget frozen
VAI-00320,2025-03-08,Paid Search,SaaS,CEE,51-200,AE03,Unqualified,,,,,,
VAI-00321,2025-12-09,Events,Fintech,Benelux,501-1000,AE05,Unqualified,,,,,,
VAI-00322,2025-05-08,Paid Search,Professional Services,Nordics,1-50,AE05,Qualified,2025-05-12,,,,,
VAI-00323,2025-02-28,LinkedIn,Media,UK & Ireland,1-50,AE08,Unqualified,,,,,,
VAI-00324,2025-07-28,Outbound,HR Tech,CEE,1-50,AE05,Closed Won,2025-07-29,2025-08-04,2025-08-10,2025-08-19,4000.0,
VAI-00325,2025-04-23,Outbound,SaaS,Nordics,1-50,AE01,Unqualified,,,,,,
VAI-00326,2025-03-29,LinkedIn,Professional Services,CEE,51-200,AE01,Closed Won,2025-04-07,2025-04-12,2025-04-18,2025-05-25,17000.0,
VAI-00327,2025-02-14,Events,HR Tech,DACH,51-200,AE08,Qualified,2025-02-17,,,,,
VAI-00328,2025-11-03,Organic Search,Professional Services,UK & Ireland,501-1000,AE02,Unqualified,,,,,,
VAI-00329,2025-12-05,Paid Search,Travel,Nordics,1-50,AE01,Demo Completed,2025-12-06,2025-12-08,,,,
VAI-00330,2025-10-12,Organic Search,Media,Nordics,201-500,AE06,Demo Completed,2025-10-16,2025-10-25,,,,
VAI-00331,2025-09-08,Organic Search,Fintech,DACH,501-1000,AE07,Qualified,2025-09-14,,,,,
VAI-00332,2025-12-13,Referral,Travel,Southern Europe,1-50,AE07,Qualified,2025-12-14,,,,,
VAI-00333,2025-10-20,Outbound,Professional Services,Benelux,501-1000,AE02,Unqualified,,,,,,
VAI-00334,2025-03-19,Organic Search,Healthcare,Nordics,201-500,AE01,Demo Completed,2025-03-24,2025-03-27,,,,
VAI-00335,2025-05-29,Partners,HR Tech,CEE,501-1000,AE01,Closed Lost,2025-05-31,2025-06-12,2025-06-19,2025-06-29,54000.0,Competitor
VAI-00336,2025-01-25,Organic Search,HR Tech,Benelux,1000+,AE07,Unqualified,,,,,,
VAI-00337,2025-10-28,Outbound,HR Tech,CEE,1000+,AE03,Unqualified,,,,,,
VAI-00338,2025-02-02,Outbound,Media,Nordics,501-1000,AE05,Qualified,2025-02-09,,,,,
VAI-00339,2025-04-22,LinkedIn,Media,UK & Ireland,201-500,AE01,Demo Completed,2025-04-24,2025-05-06,,,,
VAI-00340,2025-04-24,Outbound,SaaS,Benelux,1-50,AE04,Qualified,2025-04-29,,,,,
VAI-00341,2025-06-26,Partners,E-commerce,CEE,51-200,AE05,Unqualified,,,,,,
VAI-00342,2025-01-05,Outbound,E-commerce,Southern Europe,51-200,AE07,Closed Won,2025-01-08,2025-01-13,2025-01-20,2025-01-27,17500.0,
VAI-00343,2025-04-01,LinkedIn,Travel,Nordics,51-200,AE06,Unqualified,,,,,,
VAI-00344,2025-11-20,Paid Search,Healthcare,Benelux,501-1000,AE01,Qualified,2025-11-29,,,,,
VAI-00345,2025-12-21,Paid Search,Professional Services,UK & Ireland,51-200,AE08,Qualified,2025-12-27,,,,,
VAI-00346,2025-01-05,Events,Fintech,Benelux,51-200,AE06,Closed Won,2025-01-06,2025-01-10,2025-01-13,2025-02-07,17000.0,
VAI-00347,2025-02-12,Organic Search,HR Tech,Nordics,201-500,AE04,Qualified,2025-02-15,,,,,
VAI-00348,2025-02-28,Paid Search,HR Tech,CEE,1-50,AE05,Unqualified,,,,,,
VAI-00349,2025-01-25,Paid Search,Media,UK & Ireland,1000+,AE03,Unqualified,,,,,,
VAI-00350,2025-03-17,Outbound,Professional Services,Benelux,501-1000,AE06,Unqualified,,,,,,
VAI-00351,2025-02-09,Events,Fintech,UK & Ireland,1-50,AE06,Closed Won,2025-02-16,2025-02-21,2025-02-27,2025-04-08,7000.0,
VAI-00352,2025-07-06,Organic Search,Travel,CEE,1-50,AE04,Unqualified,,,,,,
VAI-00353,2025-10-24,Paid Search,Healthcare,Benelux,1-50,AE06,Unqualified,,,,,,
VAI-00354,2025-09-25,Partners,Fintech,DACH,1-50,AE03,Closed Won,2025-10-02,2025-10-15,2025-11-09,2025-11-28,6000.0,
VAI-00355,2025-08-11,Outbound,Media,UK & Ireland,201-500,AE05,Demo Completed,2025-08-12,2025-08-14,,,,
VAI-00356,2025-08-10,Paid Search,E-commerce,Nordics,201-500,AE05,Unqualified,,,,,,
VAI-00357,2025-07-09,Organic Search,E-commerce,Nordics,1-50,AE06,Unqualified,,,,,,
VAI-00358,2025-10-09,Partners,Travel,UK & Ireland,1000+,AE05,Unqualified,,,,,,
VAI-00359,2025-01-23,Organic Search,Healthcare,DACH,51-200,AE07,Qualified,2025-01-25,,,,,
VAI-00360,2025-11-12,Outbound,Healthcare,UK & Ireland,51-200,AE01,Unqualified,,,,,,
VAI-00361,2025-09-25,Referral,E-commerce,DACH,201-500,AE05,Unqualified,,,,,,
VAI-00362,2025-12-17,Outbound,Travel,Southern Europe,51-200,AE01,Demo Completed,2025-12-23,2025-12-29,,,,
VAI-00363,2025-03-03,Organic Search,Professional Services,UK & Ireland,201-500,AE03,Unqualified,,,,,,
VAI-00364,2025-08-21,Outbound,SaaS,CEE,1-50,AE03,Qualified,2025-08-22,,,,,
VAI-00365,2025-05-07,Organic Search,E-commerce,DACH,1000+,AE06,Qualified,2025-05-13,,,,,
VAI-00366,2025-05-25,Organic Search,Media,Nordics,201-500,AE04,Unqualified,,,,,,
VAI-00367,2025-05-21,Paid Search,Professional Services,DACH,201-500,AE06,Closed Lost,2025-05-25,2025-05-26,2025-06-10,2025-07-14,23500.0,Price
VAI-00368,2025-09-05,Referral,Fintech,UK & Ireland,501-1000,AE01,Qualified,2025-09-13,,,,,
VAI-00369,2025-10-01,Outbound,E-commerce,CEE,501-1000,AE05,Qualified,2025-10-09,,,,,
VAI-00370,2025-06-21,Paid Search,Healthcare,UK & Ireland,201-500,AE06,Unqualified,,,,,,
VAI-00371,2025-08-25,Events,Media,Benelux,1000+,AE02,Closed Won,2025-08-29,2025-09-16,2025-09-24,2025-11-04,91500.0,
VAI-00372,2025-02-19,Organic Search,Professional Services,CEE,1000+,AE08,Unqualified,,,,,,
VAI-00373,2025-10-24,Events,SaaS,Southern Europe,201-500,AE03,Unqualified,,,,,,
VAI-00374,2025-04-23,LinkedIn,Travel,Southern Europe,51-200,AE08,Unqualified,,,,,,
VAI-00375,2025-11-14,Outbound,HR Tech,DACH,201-500,AE03,Demo Completed,2025-11-18,2025-11-20,,,,
VAI-00376,2025-07-25,Events,Travel,DACH,51-200,AE04,Unqualified,,,,,,
VAI-00377,2025-11-01,Paid Search,Media,CEE,1000+,AE05,Unqualified,,,,,,
VAI-00378,2025-11-16,Paid Search,E-commerce,Southern Europe,501-1000,AE07,Unqualified,,,,,,
VAI-00379,2025-05-25,Paid Search,E-commerce,Nordics,201-500,AE01,Unqualified,,,,,,
VAI-00380,2025-01-07,Paid Search,Professional Services,Nordics,51-200,AE03,Qualified,2025-01-09,,,,,
VAI-00381,2025-02-15,Outbound,Travel,CEE,51-200,AE06,Unqualified,,,,,,
VAI-00382,2025-12-19,LinkedIn,Professional Services,DACH,201-500,AE06,Closed Won,2025-12-25,2025-12-27,2026-01-06,2026-01-26,35500.0,
VAI-00383,2025-06-05,Events,HR Tech,Southern Europe,201-500,AE07,Unqualified,,,,,,
VAI-00384,2025-10-23,LinkedIn,SaaS,CEE,501-1000,AE01,Qualified,2025-10-29,,,,,
VAI-00385,2025-05-14,LinkedIn,Fintech,CEE,1-50,AE01,Unqualified,,,,,,
VAI-00386,2025-08-12,Partners,Media,UK & Ireland,201-500,AE04,Demo Completed,2025-08-18,2025-08-29,,,,
VAI-00387,2025-01-07,Partners,Fintech,CEE,51-200,AE08,Closed Won,2025-01-14,2025-01-17,2025-01-22,2025-02-10,9500.0,
VAI-00388,2025-11-17,Organic Search,SaaS,CEE,1000+,AE05,Qualified,2025-11-19,,,,,
VAI-00389,2025-08-28,Events,Travel,Southern Europe,201-500,AE08,Unqualified,,,,,,
VAI-00390,2025-04-18,Paid Search,HR Tech,Benelux,201-500,AE03,Closed Lost,2025-04-19,2025-04-24,2025-04-30,2025-05-23,27500.0,Price
VAI-00391,2025-06-06,Partners,E-commerce,DACH,51-200,AE04,Closed Won,2025-06-13,2025-06-20,2025-06-21,2025-07-09,10000.0,
VAI-00392,2025-04-03,Paid Search,HR Tech,UK & Ireland,501-1000,AE03,Unqualified,,,,,,
VAI-00393,2025-01-13,Partners,Healthcare,Benelux,1000+,AE03,Unqualified,,,,,,
VAI-00394,2025-06-25,Paid Search,E-commerce,Southern Europe,1000+,AE01,Qualified,2025-07-04,,,,,
VAI-00395,2025-04-29,Organic Search,SaaS,Southern Europe,501-1000,AE04,Closed Won,2025-05-02,2025-05-08,2025-05-13,2025-05-24,52000.0,
VAI-00396,2025-05-15,Partners,E-commerce,Southern Europe,51-200,AE02,Unqualified,,,,,,
VAI-00397,2025-06-10,Organic Search,E-commerce,DACH,1-50,AE06,Demo Completed,2025-06-13,2025-06-15,,,,
VAI-00398,2025-12-12,Paid Search,Fintech,UK & Ireland,51-200,AE08,Unqualified,,,,,,
VAI-00399,2025-08-10,Events,SaaS,UK & Ireland,1000+,AE01,Qualified,2025-08-13,,,,,
VAI-00400,2025-09-17,Outbound,Professional Services,DACH,201-500,AE07,Unqualified,,,,,,
VAI-00401,2025-08-26,Organic Search,Professional Services,UK & Ireland,51-200,AE07,Closed Won,2025-08-30,2025-09-07,2025-09-14,2025-10-01,15000.0,
VAI-00402,2025-03-22,Organic Search,HR Tech,UK & Ireland,51-200,AE07,Unqualified,,,,,,
VAI-00403,2025-09-11,Outbound,E-commerce,UK & Ireland,501-1000,AE02,Unqualified,,,,,,
VAI-00404,2025-07-06,Paid Search,SaaS,Nordics,1000+,AE07,Unqualified,,,,,,
VAI-00405,2025-10-24,LinkedIn,Travel,DACH,51-200,AE05,Unqualified,,,,,,
VAI-00406,2025-03-20,Organic Search,Healthcare,Nordics,1000+,AE03,Unqualified,,,,,,
VAI-00407,2025-09-30,Events,Travel,Southern Europe,1-50,AE02,Unqualified,,,,,,
VAI-00408,2025-06-21,Outbound,Professional Services,Nordics,201-500,AE08,Unqualified,,,,,,
VAI-00409,2025-04-18,LinkedIn,Healthcare,DACH,201-500,AE04,Demo Completed,2025-04-19,2025-04-27,,,,
VAI-00410,2025-04-15,Events,Professional Services,Nordics,201-500,AE04,Demo Completed,2025-04-24,2025-05-01,,,,
VAI-00411,2025-09-01,LinkedIn,HR Tech,Nordics,51-200,AE04,Demo Completed,2025-09-05,2025-09-21,,,,
VAI-00412,2025-07-09,Outbound,HR Tech,Benelux,1-50,AE08,Unqualified,,,,,,
VAI-00413,2025-03-03,LinkedIn,Travel,DACH,1-50,AE04,Closed Lost,2025-03-07,2025-03-11,2025-03-17,2025-05-04,7000.0,Timing
VAI-00414,2025-01-25,Paid Search,SaaS,DACH,51-200,AE08,Unqualified,,,,,,
VAI-00415,2025-01-09,Outbound,Fintech,DACH,201-500,AE03,Closed Lost,2025-01-10,2025-01-14,2025-01-19,2025-02-18,37500.0,Competitor
VAI-00416,2025-11-14,Outbound,Healthcare,DACH,1000+,AE08,Demo Completed,2025-11-15,2025-11-25,,,,
VAI-00417,2025-03-30,LinkedIn,Media,Benelux,501-1000,AE04,Qualified,2025-04-03,,,,,
VAI-00418,2025-11-25,Events,Fintech,Southern Europe,51-200,AE04,Unqualified,,,,,,
VAI-00419,2025-05-21,Paid Search,Media,DACH,51-200,AE05,Unqualified,,,,,,
VAI-00420,2025-09-29,Outbound,Fintech,Nordics,1-50,AE03,Demo Completed,2025-10-01,2025-10-06,,,,
VAI-00421,2025-05-15,Paid Search,E-commerce,Southern Europe,51-200,AE07,Closed Won,2025-05-16,2025-05-25,2025-05-26,2025-05-31,13500.0,
VAI-00422,2025-09-07,Outbound,Healthcare,Nordics,1-50,AE06,Unqualified,,,,,,
VAI-00423,2025-10-19,Events,Travel,DACH,51-200,AE08,Qualified,2025-10-23,,,,,
VAI-00424,2025-05-12,Partners,Professional Services,Nordics,201-500,AE02,Unqualified,,,,,,
VAI-00425,2025-04-01,Organic Search,Healthcare,UK & Ireland,201-500,AE07,Qualified,2025-04-03,,,,,
VAI-00426,2025-11-17,Referral,Fintech,Nordics,201-500,AE02,Closed Won,2025-11-24,2025-11-30,2025-12-10,2026-01-05,35500.0,
VAI-00427,2025-11-27,Organic Search,Media,UK & Ireland,1000+,AE02,Unqualified,,,,,,
VAI-00428,2025-08-22,Referral,E-commerce,Southern Europe,501-1000,AE02,Unqualified,,,,,,
VAI-00429,2025-04-16,LinkedIn,E-commerce,Nordics,201-500,AE08,Qualified,2025-04-23,,,,,
VAI-00430,2025-11-24,LinkedIn,Healthcare,CEE,201-500,AE01,Demo Completed,2025-11-27,2025-12-06,,,,
VAI-00431,2025-11-22,Outbound,Healthcare,Benelux,1-50,AE03,Unqualified,,,,,,
VAI-00432,2025-07-04,Outbound,HR Tech,CEE,51-200,AE08,Unqualified,,,,,,
VAI-00433,2025-05-23,Partners,Fintech,CEE,51-200,AE01,Closed Lost,2025-05-24,2025-05-29,2025-06-06,2025-06-17,11500.0,Missing feature
VAI-00434,2025-08-18,Referral,Fintech,Southern Europe,1-50,AE03,Qualified,2025-08-23,,,,,
VAI-00435,2025-04-29,LinkedIn,Professional Services,Nordics,201-500,AE08,Unqualified,,,,,,
VAI-00436,2025-09-22,Events,Media,CEE,51-200,AE02,Unqualified,,,,,,
VAI-00437,2025-03-26,Referral,Healthcare,Nordics,201-500,AE03,Qualified,2025-03-27,,,,,
VAI-00438,2025-07-13,Paid Search,HR Tech,UK & Ireland,1000+,AE01,Unqualified,,,,,,
VAI-00439,2025-04-20,Outbound,HR Tech,Nordics,501-1000,AE01,Qualified,2025-04-27,,,,,
VAI-00440,2025-05-26,Paid Search,Professional Services,Benelux,1000+,AE08,Unqualified,,,,,,
VAI-00441,2025-01-21,Paid Search,E-commerce,DACH,1000+,AE02,Unqualified,,,,,,
VAI-00442,2025-10-25,Outbound,Travel,Benelux,51-200,AE03,Qualified,2025-10-27,,,,,
VAI-00443,2025-04-07,Partners,Fintech,DACH,51-200,AE08,Closed Lost,2025-04-12,2025-04-19,2025-05-02,2025-05-16,10000.0,Competitor
VAI-00444,2025-03-25,Outbound,SaaS,DACH,51-200,AE08,Unqualified,,,,,,
VAI-00445,2025-12-14,Outbound,Healthcare,DACH,51-200,AE08,Unqualified,,,,,,
VAI-00446,2025-10-27,Organic Search,Healthcare,Benelux,501-1000,AE03,Qualified,2025-10-28,,,,,
VAI-00447,2025-07-01,Paid Search,Media,CEE,201-500,AE04,Unqualified,,,,,,
VAI-00448,2025-01-07,Paid Search,Professional Services,CEE,501-1000,AE01,Qualified,2025-01-11,,,,,
VAI-00449,2025-10-26,Events,Travel,Southern Europe,201-500,AE07,Unqualified,,,,,,
VAI-00450,2025-10-21,Outbound,E-commerce,Nordics,1000+,AE05,Unqualified,,,,,,
VAI-00451,2025-08-01,Referral,Fintech,Nordics,51-200,AE03,Unqualified,,,,,,
VAI-00452,2025-09-20,LinkedIn,Professional Services,CEE,51-200,AE08,Unqualified,,,,,,
VAI-00453,2025-04-24,Outbound,Media,CEE,1000+,AE03,Unqualified,,,,,,
VAI-00454,2025-03-20,Outbound,HR Tech,CEE,201-500,AE04,Unqualified,,,,,,
VAI-00455,2025-06-01,Referral,Professional Services,Southern Europe,501-1000,AE01,Unqualified,,,,,,
VAI-00456,2025-10-27,Paid Search,HR Tech,Benelux,1-50,AE03,Qualified,2025-10-28,,,,,
VAI-00457,2025-03-02,Organic Search,HR Tech,Southern Europe,1-50,AE03,Closed Lost,2025-03-09,2025-03-13,2025-03-18,2025-03-30,4000.0,No decision
VAI-00458,2025-11-24,Paid Search,Fintech,DACH,201-500,AE03,Qualified,2025-11-28,,,,,
VAI-00459,2025-05-25,Events,HR Tech,Southern Europe,51-200,AE01,Closed Won,2025-05-29,2025-06-01,2025-06-06,2025-06-25,12000.0,
VAI-00460,2025-03-30,LinkedIn,SaaS,Southern Europe,201-500,AE07,Qualified,2025-04-04,,,,,
VAI-00461,2025-04-10,Organic Search,HR Tech,Nordics,51-200,AE01,Closed Lost,2025-04-12,2025-04-15,2025-04-23,2025-05-18,12000.0,Competitor
VAI-00462,2025-03-15,Paid Search,Fintech,DACH,501-1000,AE01,Demo Completed,2025-03-16,2025-03-22,,,,
VAI-00463,2025-03-21,Organic Search,HR Tech,UK & Ireland,501-1000,AE01,Closed Lost,2025-03-28,2025-03-31,2025-04-09,2025-04-16,53500.0,Price
VAI-00464,2025-09-05,Partners,Media,Southern Europe,1-50,AE02,Unqualified,,,,,,
VAI-00465,2025-10-08,Paid Search,Healthcare,Benelux,51-200,AE02,Qualified,2025-10-11,,,,,
VAI-00466,2025-10-17,LinkedIn,Travel,Southern Europe,501-1000,AE02,Unqualified,,,,,,
VAI-00467,2025-09-20,Paid Search,Fintech,DACH,51-200,AE07,Unqualified,,,,,,
VAI-00468,2025-01-08,Partners,SaaS,CEE,1000+,AE02,Unqualified,,,,,,
VAI-00469,2025-09-16,Partners,Fintech,DACH,51-200,AE01,Unqualified,,,,,,
VAI-00470,2025-08-21,Organic Search,Healthcare,Nordics,51-200,AE07,Qualified,2025-08-24,,,,,
VAI-00471,2025-02-22,Outbound,Healthcare,Nordics,51-200,AE06,Demo Completed,2025-02-24,2025-03-03,,,,
VAI-00472,2025-01-01,Partners,Media,Benelux,501-1000,AE08,Demo Completed,2025-01-05,2025-01-12,,,,
VAI-00473,2025-05-24,Events,SaaS,DACH,201-500,AE03,Closed Won,2025-05-27,2025-06-02,2025-06-03,2025-07-06,23000.0,
VAI-00474,2025-02-26,Organic Search,Fintech,Southern Europe,201-500,AE06,Unqualified,,,,,,
VAI-00475,2025-11-09,Paid Search,HR Tech,Benelux,501-1000,AE02,Unqualified,,,,,,
VAI-00476,2025-09-15,Paid Search,Fintech,DACH,201-500,AE05,Unqualified,,,,,,
VAI-00477,2025-01-25,Partners,Healthcare,UK & Ireland,501-1000,AE02,Closed Won,2025-02-03,2025-02-08,2025-02-11,2025-02-19,64000.0,
VAI-00478,2025-04-09,Outbound,SaaS,UK & Ireland,1-50,AE07,Unqualified,,,,,,
VAI-00479,2025-07-02,LinkedIn,HR Tech,Benelux,51-200,AE08,Unqualified,,,,,,
VAI-00480,2025-09-09,Organic Search,Fintech,CEE,1-50,AE07,Qualified,2025-09-16,,,,,
VAI-00481,2025-05-10,Outbound,Media,Southern Europe,51-200,AE05,Unqualified,,,,,,
VAI-00482,2025-11-23,Paid Search,SaaS,CEE,501-1000,AE08,Unqualified,,,,,,
VAI-00483,2025-09-22,Paid Search,Fintech,Benelux,201-500,AE04,Unqualified,,,,,,
VAI-00484,2025-09-30,Paid Search,Healthcare,Southern Europe,51-200,AE05,Unqualified,,,,,,
VAI-00485,2025-12-19,LinkedIn,SaaS,CEE,501-1000,AE02,Qualified,2025-12-21,,,,,
VAI-00486,2025-09-28,Organic Search,E-commerce,DACH,201-500,AE06,Closed Won,2025-10-01,2025-10-03,2025-10-05,2025-10-20,37500.0,
VAI-00487,2025-06-28,Paid Search,HR Tech,Southern Europe,1000+,AE07,Unqualified,,,,,,
VAI-00488,2025-11-12,Organic Search,Travel,Nordics,51-200,AE05,Qualified,2025-11-23,,,,,
VAI-00489,2025-03-16,LinkedIn,SaaS,Nordics,1-50,AE01,Unqualified,,,,,,
VAI-00490,2025-02-01,LinkedIn,HR Tech,Southern Europe,51-200,AE06,Closed Won,2025-02-10,2025-02-13,2025-02-14,2025-02-27,14500.0,
VAI-00491,2025-03-19,Referral,Media,Southern Europe,1000+,AE02,Unqualified,,,,,,
VAI-00492,2025-04-27,Referral,HR Tech,Southern Europe,51-200,AE06,Qualified,2025-05-04,,,,,
VAI-00493,2025-08-11,Outbound,Professional Services,UK & Ireland,201-500,AE02,Qualified,2025-08-15,,,,,
VAI-00494,2025-07-21,LinkedIn,SaaS,Nordics,501-1000,AE01,Closed Lost,2025-07-24,2025-07-30,2025-08-04,2025-08-22,59000.0,Budget frozen
VAI-00495,2025-12-18,Paid Search,Fintech,UK & Ireland,51-200,AE04,Closed Lost,2025-12-24,2026-01-04,2026-01-05,2026-01-14,10500.0,Price
VAI-00496,2025-03-17,Outbound,Media,UK & Ireland,1000+,AE06,Unqualified,,,,,,
VAI-00497,2025-07-19,Outbound,Healthcare,CEE,501-1000,AE04,Unqualified,,,,,,
VAI-00498,2025-09-24,Partners,SaaS,UK & Ireland,1000+,AE06,Demo Completed,2025-09-27,2025-09-29,,,,
VAI-00499,2025-08-18,Organic Search,Healthcare,Benelux,501-1000,AE05,Qualified,2025-08-21,,,,,
VAI-00500,2025-10-18,Organic Search,HR Tech,Southern Europe,51-200,AE08,Qualified,2025-10-21,,,,,
VAI-00501,2025-06-28,Outbound,Healthcare,Southern Europe,51-200,AE01,Unqualified,,,,,,
VAI-00502,2025-02-01,Outbound,Healthcare,UK & Ireland,1-50,AE08,Unqualified,,,,,,
VAI-00503,2025-06-17,Outbound,SaaS,Nordics,51-200,AE01,Unqualified,,,,,,
VAI-00504,2025-09-20,Referral,E-commerce,CEE,1-50,AE04,Qualified,2025-09-27,,,,,
VAI-00505,2025-06-15,Paid Search,Healthcare,UK & Ireland,51-200,AE05,Qualified,2025-06-24,,,,,
VAI-00506,2025-06-20,Outbound,HR Tech,Benelux,201-500,AE05,Closed Won,2025-06-26,2025-07-02,2025-07-13,2025-09-04,37000.0,
VAI-00507,2025-09-17,Paid Search,Media,UK & Ireland,1-50,AE05,Unqualified,,,,,,
VAI-00508,2025-01-13,Events,SaaS,Benelux,51-200,AE05,Closed Won,2025-01-16,2025-01-22,2025-01-31,2025-02-15,12500.0,
VAI-00509,2025-10-14,LinkedIn,Professional Services,CEE,1-50,AE08,Demo Completed,2025-10-17,2025-10-25,,,,
VAI-00510,2025-06-15,Paid Search,SaaS,UK & Ireland,1-50,AE01,Demo Completed,2025-06-18,2025-06-24,,,,
VAI-00511,2025-10-01,Organic Search,Fintech,DACH,1000+,AE01,Closed Won,2025-10-02,2025-10-09,2025-10-19,2025-11-19,56500.0,
VAI-00512,2025-01-02,LinkedIn,Travel,DACH,1000+,AE08,Unqualified,,,,,,
VAI-00513,2025-07-06,Events,SaaS,UK & Ireland,201-500,AE03,Closed Lost,2025-07-07,2025-07-13,2025-07-23,2025-08-04,40000.0,Competitor
VAI-00514,2025-08-08,Organic Search,E-commerce,Benelux,1-50,AE02,Closed Won,2025-08-12,2025-08-19,2025-08-27,2025-09-28,8000.0,
VAI-00515,2025-07-19,LinkedIn,Fintech,DACH,51-200,AE06,Unqualified,,,,,,
VAI-00516,2025-11-13,Events,Professional Services,Nordics,201-500,AE04,Unqualified,,,,,,
VAI-00517,2025-11-27,Organic Search,E-commerce,Benelux,201-500,AE07,Unqualified,,,,,,
VAI-00518,2025-01-18,Organic Search,Travel,Southern Europe,1000+,AE08,Unqualified,,,,,,
VAI-00519,2025-05-25,Events,Fintech,Benelux,201-500,AE04,Unqualified,,,,,,
VAI-00520,2025-07-21,Outbound,Travel,DACH,201-500,AE08,Qualified,2025-07-23,,,,,
VAI-00521,2025-07-09,Paid Search,Professional Services,Nordics,51-200,AE06,Unqualified,,,,,,
VAI-00522,2025-05-24,Paid Search,Healthcare,Southern Europe,51-200,AE03,Qualified,2025-06-02,,,,,
VAI-00523,2025-06-16,Organic Search,Professional Services,DACH,201-500,AE04,Qualified,2025-06-22,,,,,
VAI-00524,2025-06-05,Events,Healthcare,UK & Ireland,1000+,AE05,Unqualified,,,,,,
VAI-00525,2025-09-14,Paid Search,SaaS,CEE,501-1000,AE06,Demo Completed,2025-09-16,2025-09-18,,,,
VAI-00526,2025-11-06,LinkedIn,Fintech,Southern Europe,1-50,AE05,Unqualified,,,,,,
VAI-00527,2025-05-13,Paid Search,Professional Services,Nordics,1000+,AE02,Unqualified,,,,,,
VAI-00528,2025-05-09,Paid Search,Travel,DACH,1-50,AE04,Qualified,2025-05-14,,,,,
VAI-00529,2025-05-09,Outbound,SaaS,Southern Europe,51-200,AE03,Demo Completed,2025-05-13,2025-05-15,,,,
VAI-00530,2025-11-24,Organic Search,HR Tech,UK & Ireland,1-50,AE01,Unqualified,,,,,,
VAI-00531,2025-10-26,Events,E-commerce,CEE,1000+,AE02,Closed Lost,2025-10-29,2025-11-06,2025-11-13,2025-12-08,84500.0,No executive buy-in
VAI-00532,2025-03-08,Paid Search,E-commerce,Southern Europe,51-200,AE03,Unqualified,,,,,,
VAI-00533,2025-04-13,Outbound,SaaS,Nordics,51-200,AE07,Unqualified,,,,,,
VAI-00534,2025-12-19,LinkedIn,E-commerce,UK & Ireland,51-200,AE06,Unqualified,,,,,,
VAI-00535,2025-11-05,Organic Search,Travel,Southern Europe,51-200,AE04,Unqualified,,,,,,
VAI-00536,2025-10-28,LinkedIn,SaaS,UK & Ireland,51-200,AE02,Closed Won,2025-11-03,2025-11-05,2025-11-17,2025-12-01,12000.0,
VAI-00537,2025-01-08,Outbound,Healthcare,Benelux,1-50,AE05,Qualified,2025-01-11,,,,,
VAI-00538,2025-12-11,Referral,E-commerce,Nordics,1000+,AE01,Unqualified,,,,,,
VAI-00539,2025-04-22,Paid Search,Fintech,UK & Ireland,51-200,AE08,Demo Completed,2025-04-25,2025-05-11,,,,
VAI-00540,2025-09-04,Outbound,Professional Services,Benelux,1-50,AE07,Unqualified,,,,,,
VAI-00541,2025-01-06,Outbound,E-commerce,Nordics,501-1000,AE07,Demo Completed,2025-01-09,2025-01-18,,,,
VAI-00542,2025-06-24,LinkedIn,Healthcare,Southern Europe,501-1000,AE07,Unqualified,,,,,,
VAI-00543,2025-03-18,Organic Search,E-commerce,UK & Ireland,1000+,AE03,Closed Lost,2025-03-21,2025-03-25,2025-04-08,2025-04-29,87500.0,Competitor
VAI-00544,2025-02-13,LinkedIn,Healthcare,Southern Europe,201-500,AE03,Unqualified,,,,,,
VAI-00545,2025-06-25,Events,HR Tech,CEE,501-1000,AE02,Demo Completed,2025-06-28,2025-07-03,,,,
VAI-00546,2025-08-26,Outbound,Media,DACH,201-500,AE04,Qualified,2025-08-28,,,,,
VAI-00547,2025-07-30,Partners,Fintech,UK & Ireland,501-1000,AE06,Demo Completed,2025-07-31,2025-08-19,,,,
VAI-00548,2025-01-03,Partners,Travel,CEE,51-200,AE01,Unqualified,,,,,,
VAI-00549,2025-08-03,LinkedIn,Fintech,CEE,51-200,AE06,Closed Lost,2025-08-15,2025-08-28,2025-09-05,2025-10-28,19500.0,Budget frozen
VAI-00550,2025-05-01,Outbound,Travel,UK & Ireland,51-200,AE02,Unqualified,,,,,,
VAI-00551,2025-08-07,Outbound,Travel,DACH,501-1000,AE07,Closed Lost,2025-08-16,2025-08-26,2025-09-04,2025-09-15,35500.0,Timing
VAI-00552,2025-05-17,Organic Search,Fintech,UK & Ireland,51-200,AE05,Unqualified,,,,,,
VAI-00553,2025-06-09,Paid Search,Travel,Southern Europe,51-200,AE05,Unqualified,,,,,,
VAI-00554,2025-01-23,Partners,Professional Services,DACH,501-1000,AE06,Demo Completed,2025-02-01,2025-02-05,,,,
VAI-00555,2025-08-21,Outbound,Fintech,CEE,1000+,AE04,Closed Lost,2025-08-28,2025-09-04,2025-09-12,2025-09-29,61000.0,Budget frozen
VAI-00556,2025-01-08,LinkedIn,Healthcare,DACH,51-200,AE06,Qualified,2025-01-09,,,,,
VAI-00557,2025-06-22,LinkedIn,SaaS,Southern Europe,501-1000,AE07,Closed Won,2025-06-23,2025-06-24,2025-07-03,2025-07-13,67000.0,
VAI-00558,2025-07-21,Partners,HR Tech,DACH,51-200,AE05,Qualified,2025-07-24,,,,,
VAI-00559,2025-12-02,LinkedIn,Healthcare,CEE,201-500,AE06,Qualified,2025-12-03,,,,,
VAI-00560,2025-10-22,Referral,Travel,UK & Ireland,501-1000,AE04,Unqualified,,,,,,
VAI-00561,2025-06-27,Paid Search,Media,Southern Europe,201-500,AE03,Unqualified,,,,,,
VAI-00562,2025-09-29,Organic Search,SaaS,UK & Ireland,51-200,AE05,Qualified,2025-10-03,,,,,
VAI-00563,2025-06-08,LinkedIn,HR Tech,CEE,201-500,AE06,Unqualified,,,,,,
VAI-00564,2025-08-23,LinkedIn,SaaS,UK & Ireland,1-50,AE05,Unqualified,,,,,,
VAI-00565,2025-04-29,LinkedIn,E-commerce,CEE,201-500,AE01,Demo Completed,2025-04-30,2025-05-04,,,,
VAI-00566,2025-02-24,Paid Search,E-commerce,UK & Ireland,501-1000,AE01,Unqualified,,,,,,
VAI-00567,2025-11-05,Organic Search,Fintech,Nordics,1-50,AE05,Unqualified,,,,,,
VAI-00568,2025-04-18,Events,Fintech,CEE,201-500,AE01,Unqualified,,,,,,
VAI-00569,2025-01-28,Outbound,Healthcare,Benelux,51-200,AE03,Unqualified,,,,,,
VAI-00570,2025-10-04,Referral,Fintech,DACH,501-1000,AE02,Closed Won,2025-10-10,2025-10-13,2025-10-31,2025-11-08,49000.0,
VAI-00571,2025-06-17,Events,SaaS,CEE,201-500,AE03,Qualified,2025-06-19,,,,,
VAI-00572,2025-03-07,Referral,Professional Services,Nordics,1-50,AE03,Qualified,2025-03-08,,,,,
VAI-00573,2025-05-21,LinkedIn,Media,CEE,201-500,AE07,Qualified,2025-05-22,,,,,
VAI-00574,2025-03-31,Outbound,Fintech,Nordics,1000+,AE05,Closed Won,2025-04-02,2025-04-20,2025-04-25,2025-06-08,64000.0,
VAI-00575,2025-11-17,Partners,Healthcare,UK & Ireland,201-500,AE06,Demo Completed,2025-11-18,2025-11-29,,,,
VAI-00576,2025-07-06,Outbound,Professional Services,UK & Ireland,51-200,AE07,Demo Completed,2025-07-17,2025-07-19,,,,
VAI-00577,2025-06-01,Events,SaaS,UK & Ireland,201-500,AE04,Qualified,2025-06-08,,,,,
VAI-00578,2025-12-01,LinkedIn,E-commerce,UK & Ireland,1-50,AE05,Unqualified,,,,,,
VAI-00579,2025-04-02,Paid Search,HR Tech,UK & Ireland,1000+,AE02,Demo Completed,2025-04-03,2025-04-10,,,,
VAI-00580,2025-01-10,LinkedIn,Media,Southern Europe,1000+,AE03,Unqualified,,,,,,
VAI-00581,2025-07-13,Organic Search,Fintech,CEE,1000+,AE06,Demo Completed,2025-07-17,2025-07-24,,,,
VAI-00582,2025-09-05,Paid Search,Media,Southern Europe,51-200,AE03,Unqualified,,,,,,
VAI-00583,2025-10-04,Organic Search,E-commerce,Benelux,501-1000,AE02,Closed Won,2025-10-09,2025-10-12,2025-10-17,2025-10-26,38500.0,
VAI-00584,2025-09-19,Outbound,SaaS,DACH,201-500,AE03,Qualified,2025-09-21,,,,,
VAI-00585,2025-08-22,Organic Search,HR Tech,Benelux,1-50,AE07,Qualified,2025-09-01,,,,,
VAI-00586,2025-10-01,Paid Search,Travel,DACH,51-200,AE05,Unqualified,,,,,,
VAI-00587,2025-09-15,LinkedIn,Media,DACH,201-500,AE03,Unqualified,,,,,,
VAI-00588,2025-10-06,Organic Search,Travel,UK & Ireland,1000+,AE06,Unqualified,,,,,,
VAI-00589,2025-05-10,Organic Search,HR Tech,Southern Europe,1-50,AE01,Unqualified,,,,,,
VAI-00590,2025-05-13,Outbound,E-commerce,Benelux,51-200,AE02,Unqualified,,,,,,
VAI-00591,2025-05-28,Paid Search,Professional Services,UK & Ireland,51-200,AE04,Qualified,2025-05-29,,,,,
VAI-00592,2025-04-12,LinkedIn,E-commerce,Benelux,51-200,AE03,Closed Lost,2025-04-19,2025-04-23,2025-04-24,2025-05-16,17500.0,No executive buy-in
VAI-00593,2025-07-20,Paid Search,Healthcare,Nordics,1000+,AE02,Demo Completed,2025-07-22,2025-07-28,,,,
VAI-00594,2025-08-25,Paid Search,Travel,Benelux,201-500,AE01,Closed Lost,2025-08-27,2025-08-28,2025-09-09,2025-09-11,21000.0,Competitor
VAI-00595,2025-09-04,Referral,Travel,Southern Europe,201-500,AE05,Unqualified,,,,,,
VAI-00596,2025-03-07,Outbound,Media,Southern Europe,1-50,AE02,Closed Won,2025-03-19,2025-03-22,2025-04-14,2025-05-11,5500.0,
VAI-00597,2025-12-21,Events,Travel,CEE,201-500,AE05,Unqualified,,,,,,
VAI-00598,2025-12-11,Outbound,Media,Benelux,201-500,AE07,Demo Completed,2025-12-13,2025-12-17,,,,
VAI-00599,2025-05-11,Outbound,Media,DACH,51-200,AE01,Unqualified,,,,,,
VAI-00600,2025-10-31,Outbound,Travel,DACH,1000+,AE04,Unqualified,,,,,,
VAI-00601,2025-03-10,Organic Search,HR Tech,UK & Ireland,1-50,AE07,Unqualified,,,,,,
VAI-00602,2025-06-30,Paid Search,Media,Southern Europe,201-500,AE03,Unqualified,,,,,,
VAI-00603,2025-11-06,Outbound,HR Tech,UK & Ireland,1000+,AE06,Qualified,2025-11-10,,,,,
VAI-00604,2025-11-30,LinkedIn,SaaS,DACH,501-1000,AE05,Closed Lost,2025-12-01,2025-12-06,2025-12-21,2025-12-24,54000.0,Budget frozen
VAI-00605,2025-08-13,Outbound,SaaS,DACH,501-1000,AE03,Closed Won,2025-08-15,2025-08-28,2025-09-06,2025-09-17,36000.0,
VAI-00606,2025-10-03,Partners,Travel,DACH,51-200,AE06,Qualified,2025-10-05,,,,,
VAI-00607,2025-07-14,Paid Search,Travel,Benelux,501-1000,AE01,Demo Completed,2025-07-21,2025-07-29,,,,
VAI-00608,2025-08-13,Organic Search,Healthcare,CEE,51-200,AE01,Unqualified,,,,,,
VAI-00609,2025-04-09,Referral,E-commerce,CEE,1-50,AE07,Unqualified,,,,,,
VAI-00610,2025-11-12,Partners,Travel,CEE,51-200,AE02,Closed Lost,2025-11-15,2025-11-22,2025-12-07,2025-12-16,10000.0,Price
VAI-00611,2025-05-11,Events,Media,UK & Ireland,201-500,AE07,Unqualified,,,,,,
VAI-00612,2025-07-09,Organic Search,Professional Services,Southern Europe,1-50,AE08,Unqualified,,,,,,
VAI-00613,2025-02-09,Partners,Fintech,Benelux,1000+,AE06,Closed Won,2025-02-10,2025-02-11,2025-02-14,2025-03-20,99500.0,
VAI-00614,2025-09-27,LinkedIn,SaaS,UK & Ireland,51-200,AE01,Unqualified,,,,,,
VAI-00615,2025-06-23,Paid Search,Media,UK & Ireland,501-1000,AE04,Closed Lost,2025-06-27,2025-07-06,2025-07-13,2025-08-11,35500.0,Budget frozen
VAI-00616,2025-02-06,Paid Search,Fintech,DACH,51-200,AE05,Unqualified,,,,,,
VAI-00617,2025-06-02,Organic Search,Professional Services,Benelux,51-200,AE07,Unqualified,,,,,,
VAI-00618,2025-08-10,Paid Search,SaaS,CEE,201-500,AE07,Closed Won,2025-08-12,2025-08-16,2025-08-24,2025-08-28,19000.0,
VAI-00619,2025-07-10,Paid Search,SaaS,Nordics,51-200,AE05,Demo Completed,2025-07-19,2025-07-28,,,,
VAI-00620,2025-08-23,Outbound,Media,Benelux,201-500,AE03,Qualified,2025-08-28,,,,,
VAI-00621,2025-05-27,Paid Search,Fintech,Southern Europe,201-500,AE03,Closed Won,2025-05-31,2025-06-03,2025-06-18,2025-06-29,28000.0,
VAI-00622,2025-03-30,LinkedIn,HR Tech,CEE,201-500,AE03,Closed Won,2025-04-03,2025-04-08,2025-04-19,2025-05-20,24000.0,
VAI-00623,2025-10-15,LinkedIn,Healthcare,Southern Europe,201-500,AE07,Qualified,2025-10-19,,,,,
VAI-00624,2025-05-20,Organic Search,Media,CEE,51-200,AE04,Unqualified,,,,,,
VAI-00625,2025-06-25,Outbound,Fintech,Benelux,201-500,AE02,Qualified,2025-06-26,,,,,
VAI-00626,2025-11-23,LinkedIn,SaaS,UK & Ireland,201-500,AE08,Demo Completed,2025-11-26,2025-12-04,,,,
VAI-00627,2025-10-08,LinkedIn,E-commerce,Southern Europe,201-500,AE05,Unqualified,,,,,,
VAI-00628,2025-04-05,Events,SaaS,Benelux,501-1000,AE03,Demo Completed,2025-04-12,2025-04-16,,,,
VAI-00629,2025-08-02,Referral,Media,CEE,1-50,AE04,Closed Lost,2025-08-04,2025-08-16,2025-08-17,2025-09-14,5500.0,No decision
VAI-00630,2025-11-18,Events,Professional Services,DACH,51-200,AE05,Unqualified,,,,,,
VAI-00631,2025-07-11,LinkedIn,Healthcare,DACH,1-50,AE03,Demo Completed,2025-07-13,2025-08-05,,,,
VAI-00632,2025-04-22,Referral,E-commerce,Nordics,501-1000,AE02,Demo Completed,2025-05-01,2025-05-06,,,,
VAI-00633,2025-10-21,Organic Search,Travel,UK & Ireland,51-200,AE03,Unqualified,,,,,,
VAI-00634,2025-03-06,Paid Search,Travel,Southern Europe,1000+,AE06,Qualified,2025-03-12,,,,,
VAI-00635,2025-11-27,Outbound,Professional Services,Benelux,201-500,AE08,Unqualified,,,,,,
VAI-00636,2025-05-09,Outbound,HR Tech,Nordics,501-1000,AE02,Closed Won,2025-05-18,2025-05-26,2025-06-03,2025-06-30,59000.0,
VAI-00637,2025-11-18,Outbound,Professional Services,Nordics,1-50,AE06,Qualified,2025-11-22,,,,,
VAI-00638,2025-09-04,Partners,Professional Services,DACH,51-200,AE05,Unqualified,,,,,,
VAI-00639,2025-03-03,Partners,Media,Southern Europe,201-500,AE04,Qualified,2025-03-04,,,,,
VAI-00640,2025-01-08,Partners,Healthcare,Nordics,501-1000,AE04,Closed Lost,2025-01-10,2025-01-23,2025-01-30,2025-03-10,48000.0,Price
VAI-00641,2025-03-09,Paid Search,Healthcare,UK & Ireland,501-1000,AE03,Unqualified,,,,,,
VAI-00642,2025-04-28,Referral,E-commerce,CEE,201-500,AE07,Closed Won,2025-04-30,2025-05-02,2025-05-08,2025-05-17,38500.0,
VAI-00643,2025-03-20,Outbound,HR Tech,DACH,51-200,AE03,Unqualified,,,,,,
VAI-00644,2025-03-06,Outbound,E-commerce,UK & Ireland,1-50,AE02,Qualified,2025-03-10,,,,,
VAI-00645,2025-12-20,Outbound,Travel,CEE,1000+,AE03,Closed Lost,2025-12-22,2026-01-08,2026-01-11,2026-02-02,93000.0,Price
VAI-00646,2025-06-14,LinkedIn,SaaS,CEE,51-200,AE08,Unqualified,,,,,,
VAI-00647,2025-08-29,Outbound,HR Tech,Southern Europe,501-1000,AE02,Unqualified,,,,,,
VAI-00648,2025-08-03,Organic Search,HR Tech,DACH,51-200,AE01,Qualified,2025-08-05,,,,,
VAI-00649,2025-06-10,Partners,Fintech,Benelux,501-1000,AE03,Unqualified,,,,,,
VAI-00650,2025-11-20,Paid Search,Healthcare,Nordics,201-500,AE06,Unqualified,,,,,,
VAI-00651,2025-05-21,Outbound,Fintech,DACH,501-1000,AE08,Qualified,2025-05-31,,,,,
VAI-00652,2025-11-07,Organic Search,Healthcare,Southern Europe,51-200,AE07,Unqualified,,,,,,
VAI-00653,2025-08-08,Organic Search,Healthcare,UK & Ireland,501-1000,AE08,Unqualified,,,,,,
VAI-00654,2025-10-10,Organic Search,HR Tech,UK & Ireland,1-50,AE01,Unqualified,,,,,,
VAI-00655,2025-06-08,LinkedIn,Travel,Benelux,51-200,AE02,Qualified,2025-06-25,,,,,
VAI-00656,2025-07-25,Referral,Travel,Nordics,201-500,AE07,Unqualified,,,,,,
VAI-00657,2025-12-23,LinkedIn,E-commerce,Nordics,201-500,AE02,Qualified,2026-01-05,,,,,
VAI-00658,2025-02-07,Paid Search,Fintech,UK & Ireland,201-500,AE02,Unqualified,,,,,,
VAI-00659,2025-07-13,Paid Search,Media,DACH,1000+,AE03,Unqualified,,,,,,
VAI-00660,2025-04-18,Organic Search,SaaS,CEE,501-1000,AE02,Unqualified,,,,,,
VAI-00661,2025-02-17,Outbound,HR Tech,CEE,1000+,AE06,Qualified,2025-02-23,,,,,
VAI-00662,2025-10-03,Partners,Healthcare,Southern Europe,1-50,AE01,Closed Lost,2025-10-06,2025-10-12,2025-10-26,2025-11-06,4500.0,Competitor
VAI-00663,2025-05-25,Partners,Travel,DACH,1000+,AE03,Unqualified,,,,,,
VAI-00664,2025-07-05,Organic Search,SaaS,DACH,51-200,AE06,Closed Lost,2025-07-06,2025-07-07,2025-07-11,2025-08-11,12000.0,No decision
VAI-00665,2025-04-17,Outbound,Media,Nordics,1-50,AE02,Unqualified,,,,,,
VAI-00666,2025-03-12,Events,SaaS,DACH,51-200,AE07,Unqualified,,,,,,
VAI-00667,2025-02-16,Paid Search,Fintech,Southern Europe,201-500,AE02,Closed Lost,2025-02-19,2025-02-28,2025-03-06,2025-03-29,36500.0,Competitor
VAI-00668,2025-12-18,Paid Search,SaaS,UK & Ireland,501-1000,AE01,Unqualified,,,,,,
VAI-00669,2025-07-12,LinkedIn,E-commerce,Nordics,201-500,AE05,Closed Won,2025-07-18,2025-07-23,2025-08-02,2025-08-11,39500.0,
VAI-00670,2025-06-08,Paid Search,HR Tech,Nordics,51-200,AE02,Closed Lost,2025-06-13,2025-06-20,2025-06-21,2025-07-06,15000.0,Price
VAI-00671,2025-12-04,Partners,Media,UK & Ireland,51-200,AE07,Unqualified,,,,,,
VAI-00672,2025-11-09,Events,SaaS,DACH,201-500,AE06,Unqualified,,,,,,
VAI-00673,2025-02-13,Outbound,Professional Services,Nordics,201-500,AE02,Qualified,2025-02-14,,,,,
VAI-00674,2025-01-20,Outbound,Media,CEE,51-200,AE02,Demo Completed,2025-01-21,2025-01-28,,,,
VAI-00675,2025-05-15,Paid Search,Travel,DACH,51-200,AE01,Qualified,2025-05-19,,,,,
VAI-00676,2025-10-13,Partners,Travel,Southern Europe,201-500,AE06,Unqualified,,,,,,
VAI-00677,2025-06-02,Outbound,HR Tech,Benelux,1000+,AE08,Unqualified,,,,,,
VAI-00678,2025-06-08,Referral,HR Tech,Benelux,201-500,AE02,Unqualified,,,,,,
VAI-00679,2025-11-04,LinkedIn,Media,Benelux,51-200,AE05,Qualified,2025-11-09,,,,,
VAI-00680,2025-03-01,Organic Search,HR Tech,UK & Ireland,51-200,AE07,Qualified,2025-03-10,,,,,
VAI-00681,2025-03-27,Events,Professional Services,Southern Europe,501-1000,AE05,Unqualified,,,,,,
VAI-00682,2025-08-07,Paid Search,Healthcare,DACH,51-200,AE07,Qualified,2025-08-18,,,,,
VAI-00683,2025-11-13,LinkedIn,HR Tech,CEE,201-500,AE02,Closed Lost,2025-11-18,2025-11-22,2025-12-02,2025-12-08,21500.0,Timing
VAI-00684,2025-04-13,Organic Search,Travel,UK & Ireland,1-50,AE04,Unqualified,,,,,,
VAI-00685,2025-01-14,Outbound,Travel,Nordics,201-500,AE07,Demo Completed,2025-01-20,2025-01-27,,,,
VAI-00686,2025-12-02,Referral,E-commerce,DACH,51-200,AE08,Closed Won,2025-12-03,2025-12-08,2025-12-16,2025-12-28,11500.0,
VAI-00687,2025-11-24,Paid Search,E-commerce,CEE,51-200,AE01,Qualified,2025-11-27,,,,,
VAI-00688,2025-02-08,Referral,Fintech,Southern Europe,51-200,AE05,Qualified,2025-02-10,,,,,
VAI-00689,2025-05-08,Partners,Media,UK & Ireland,51-200,AE02,Unqualified,,,,,,
VAI-00690,2025-05-28,Events,Healthcare,DACH,51-200,AE01,Unqualified,,,,,,
VAI-00691,2025-10-14,Outbound,SaaS,Benelux,1-50,AE07,Closed Won,2025-10-18,2025-10-24,2025-10-27,2025-10-31,4000.0,
VAI-00692,2025-11-08,LinkedIn,SaaS,UK & Ireland,1000+,AE02,Qualified,2025-11-15,,,,,
VAI-00693,2025-09-02,Outbound,E-commerce,Benelux,1-50,AE06,Qualified,2025-09-12,,,,,
VAI-00694,2025-02-09,Paid Search,Healthcare,UK & Ireland,1-50,AE05,Demo Completed,2025-02-12,2025-02-17,,,,
VAI-00695,2025-11-07,Paid Search,E-commerce,DACH,501-1000,AE01,Unqualified,,,,,,
VAI-00696,2025-08-10,Organic Search,Healthcare,Southern Europe,1-50,AE03,Unqualified,,,,,,
VAI-00697,2025-04-17,LinkedIn,SaaS,DACH,51-200,AE01,Unqualified,,,,,,
VAI-00698,2025-09-30,Paid Search,Professional Services,Nordics,201-500,AE04,Unqualified,,,,,,
VAI-00699,2025-02-19,Outbound,SaaS,UK & Ireland,501-1000,AE02,Demo Completed,2025-02-20,2025-02-22,,,,
VAI-00700,2025-06-20,Referral,E-commerce,DACH,51-200,AE06,Unqualified,,,,,,
VAI-00701,2025-04-15,Referral,HR Tech,DACH,51-200,AE03,Qualified,2025-04-20,,,,,
VAI-00702,2025-10-22,LinkedIn,Travel,UK & Ireland,51-200,AE04,Unqualified,,,,,,
VAI-00703,2025-03-27,LinkedIn,Media,UK & Ireland,1000+,AE01,Closed Won,2025-03-29,2025-03-31,2025-04-02,2025-04-29,107500.0,
VAI-00704,2025-01-10,Paid Search,Fintech,Benelux,51-200,AE01,Qualified,2025-01-16,,,,,
VAI-00705,2025-06-25,Organic Search,SaaS,Nordics,201-500,AE02,Qualified,2025-06-27,,,,,
VAI-00706,2025-04-05,Events,Fintech,UK & Ireland,501-1000,AE02,Demo Completed,2025-04-11,2025-04-14,,,,
VAI-00707,2025-06-11,Organic Search,Healthcare,Southern Europe,1-50,AE03,Unqualified,,,,,,
VAI-00708,2025-02-24,Events,E-commerce,CEE,501-1000,AE04,Unqualified,,,,,,
VAI-00709,2025-01-30,Outbound,Media,DACH,1000+,AE06,Unqualified,,,,,,
VAI-00710,2025-10-18,Paid Search,HR Tech,UK & Ireland,51-200,AE03,Unqualified,,,,,,
VAI-00711,2025-07-27,Outbound,SaaS,UK & Ireland,501-1000,AE02,Unqualified,,,,,,
VAI-00712,2025-11-20,Partners,Healthcare,Benelux,1-50,AE06,Unqualified,,,,,,
VAI-00713,2025-08-11,LinkedIn,Travel,Nordics,1000+,AE05,Qualified,2025-08-17,,,,,
VAI-00714,2025-11-22,Organic Search,Professional Services,DACH,51-200,AE06,Closed Won,2025-11-25,2025-12-09,2025-12-14,2026-01-10,14000.0,
VAI-00715,2025-11-18,LinkedIn,E-commerce,UK & Ireland,201-500,AE02,Qualified,2025-11-20,,,,,
VAI-00716,2025-04-25,Referral,Fintech,UK & Ireland,1-50,AE03,Unqualified,,,,,,
VAI-00717,2025-02-22,LinkedIn,Professional Services,CEE,1000+,AE08,Demo Completed,2025-02-27,2025-03-05,,,,
VAI-00718,2025-07-14,Outbound,Healthcare,DACH,201-500,AE08,Unqualified,,,,,,
VAI-00719,2025-05-15,Events,Travel,Southern Europe,201-500,AE01,Unqualified,,,,,,
VAI-00720,2025-09-14,Paid Search,Media,Nordics,51-200,AE03,Closed Won,2025-09-18,2025-09-25,2025-10-06,2025-11-19,11500.0,
VAI-00721,2025-05-14,Organic Search,E-commerce,Nordics,51-200,AE04,Closed Lost,2025-05-24,2025-05-28,2025-06-05,2025-06-13,14000.0,Missing feature
VAI-00722,2025-02-12,Events,Media,UK & Ireland,51-200,AE03,Closed Lost,2025-02-19,2025-02-25,2025-03-01,2025-03-21,14000.0,Price
VAI-00723,2025-03-14,Outbound,Fintech,UK & Ireland,51-200,AE07,Closed Lost,2025-03-21,2025-03-25,2025-03-31,2025-04-21,15500.0,No decision
VAI-00724,2025-05-20,Referral,Fintech,DACH,1-50,AE04,Closed Won,2025-05-22,2025-05-27,2025-06-02,2025-06-26,4500.0,
VAI-00725,2025-12-12,Events,Media,UK & Ireland,201-500,AE01,Unqualified,,,,,,
VAI-00726,2025-02-04,Outbound,HR Tech,UK & Ireland,51-200,AE06,Unqualified,,,,,,
VAI-00727,2025-06-22,Events,HR Tech,DACH,501-1000,AE04,Closed Won,2025-06-23,2025-06-25,2025-07-02,2025-07-10,47500.0,
VAI-00728,2025-04-23,Partners,Media,DACH,501-1000,AE06,Closed Won,2025-04-25,2025-05-02,2025-05-04,2025-06-02,54500.0,
VAI-00729,2025-07-06,Partners,Media,CEE,1-50,AE02,Qualified,2025-07-11,,,,,
VAI-00730,2025-11-26,Partners,Travel,CEE,501-1000,AE04,Unqualified,,,,,,
VAI-00731,2025-01-25,Organic Search,Professional Services,Nordics,51-200,AE04,Closed Won,2025-01-27,2025-02-03,2025-02-15,2025-02-27,11000.0,
VAI-00732,2025-05-29,Outbound,Travel,DACH,1-50,AE04,Unqualified,,,,,,
VAI-00733,2025-02-02,Outbound,Media,CEE,501-1000,AE02,Demo Completed,2025-02-10,2025-02-16,,,,
VAI-00734,2025-11-18,Outbound,Professional Services,DACH,201-500,AE01,Closed Won,2025-12-01,2025-12-03,2025-12-08,2025-12-20,32500.0,
VAI-00735,2025-03-30,LinkedIn,E-commerce,Nordics,51-200,AE04,Unqualified,,,,,,
VAI-00736,2025-12-05,Outbound,SaaS,Nordics,501-1000,AE03,Unqualified,,,,,,
VAI-00737,2025-10-10,Outbound,Travel,UK & Ireland,201-500,AE02,Unqualified,,,,,,
VAI-00738,2025-04-28,Referral,HR Tech,DACH,201-500,AE07,Unqualified,,,,,,
VAI-00739,2025-12-27,Outbound,SaaS,DACH,501-1000,AE02,Unqualified,,,,,,
VAI-00740,2025-08-15,Outbound,Fintech,UK & Ireland,1-50,AE07,Unqualified,,,,,,
VAI-00741,2025-11-27,Events,SaaS,Southern Europe,1-50,AE08,Unqualified,,,,,,
VAI-00742,2025-05-31,Partners,Fintech,Nordics,1-50,AE02,Demo Completed,2025-06-11,2025-06-13,,,,
VAI-00743,2025-08-01,Outbound,HR Tech,UK & Ireland,201-500,AE04,Unqualified,,,,,,
VAI-00744,2025-07-05,Partners,HR Tech,UK & Ireland,51-200,AE08,Closed Lost,2025-07-07,2025-07-09,2025-07-16,2025-08-25,12500.0,No decision
VAI-00745,2025-04-09,Referral,Healthcare,Southern Europe,201-500,AE04,Closed Lost,2025-04-14,2025-04-23,2025-05-08,2025-05-23,36500.0,Missing feature
VAI-00746,2025-11-30,Organic Search,Fintech,UK & Ireland,51-200,AE02,Qualified,2025-12-04,,,,,
VAI-00747,2025-06-09,Referral,Travel,UK & Ireland,201-500,AE05,Qualified,2025-06-11,,,,,
VAI-00748,2025-05-26,LinkedIn,SaaS,Nordics,1-50,AE04,Unqualified,,,,,,
VAI-00749,2025-09-20,Partners,Media,UK & Ireland,501-1000,AE02,Qualified,2025-09-22,,,,,
VAI-00750,2025-08-26,Referral,HR Tech,Nordics,1000+,AE06,Unqualified,,,,,,
VAI-00751,2025-02-01,Outbound,E-commerce,CEE,51-200,AE05,Unqualified,,,,,,
VAI-00752,2025-04-16,Outbound,Fintech,UK & Ireland,201-500,AE08,Unqualified,,,,,,
VAI-00753,2025-06-01,LinkedIn,Fintech,DACH,501-1000,AE01,Unqualified,,,,,,
VAI-00754,2025-11-12,Paid Search,Fintech,UK & Ireland,1-50,AE03,Qualified,2025-11-15,,,,,
VAI-00755,2025-11-16,Outbound,Travel,Benelux,1-50,AE04,Closed Lost,2025-11-18,2025-11-27,2025-11-28,2025-12-04,5000.0,No decision
VAI-00756,2025-10-03,Paid Search,Professional Services,Southern Europe,1-50,AE03,Demo Completed,2025-10-04,2025-10-12,,,,
VAI-00757,2025-02-01,Organic Search,Healthcare,CEE,501-1000,AE08,Unqualified,,,,,,
VAI-00758,2025-05-29,Partners,Fintech,Benelux,501-1000,AE03,Unqualified,,,,,,
VAI-00759,2025-11-09,Events,Travel,DACH,51-200,AE06,Unqualified,,,,,,
VAI-00760,2025-08-28,Partners,SaaS,DACH,51-200,AE08,Unqualified,,,,,,
VAI-00761,2025-03-19,Outbound,HR Tech,Benelux,1-50,AE01,Unqualified,,,,,,
VAI-00762,2025-10-22,Paid Search,E-commerce,Southern Europe,201-500,AE07,Unqualified,,,,,,
VAI-00763,2025-09-17,Events,E-commerce,Benelux,501-1000,AE02,Qualified,2025-09-22,,,,,
VAI-00764,2025-11-01,Events,Professional Services,DACH,51-200,AE06,Unqualified,,,,,,
VAI-00765,2025-12-04,Paid Search,Travel,UK & Ireland,51-200,AE05,Unqualified,,,,,,
VAI-00766,2025-10-29,Partners,Media,Benelux,51-200,AE04,Demo Completed,2025-10-30,2025-11-02,,,,
VAI-00767,2025-04-11,Paid Search,Healthcare,UK & Ireland,201-500,AE05,Qualified,2025-04-21,,,,,
VAI-00768,2025-05-30,LinkedIn,Media,CEE,501-1000,AE05,Unqualified,,,,,,
VAI-00769,2025-03-15,Events,Travel,Benelux,1000+,AE07,Demo Completed,2025-03-16,2025-03-20,,,,
VAI-00770,2025-06-06,Paid Search,Travel,UK & Ireland,501-1000,AE02,Qualified,2025-06-09,,,,,
VAI-00771,2025-03-31,LinkedIn,Fintech,DACH,51-200,AE05,Unqualified,,,,,,
VAI-00772,2025-10-12,LinkedIn,Fintech,Nordics,1-50,AE01,Unqualified,,,,,,
VAI-00773,2025-07-31,Paid Search,Professional Services,Southern Europe,1-50,AE03,Closed Lost,2025-08-02,2025-08-09,2025-08-17,2025-10-06,5500.0,Price
VAI-00774,2025-04-22,LinkedIn,E-commerce,DACH,501-1000,AE05,Demo Completed,2025-04-26,2025-04-30,,,,
VAI-00775,2025-08-24,Partners,Healthcare,Southern Europe,201-500,AE01,Unqualified,,,,,,
VAI-00776,2025-01-16,Outbound,Media,Southern Europe,201-500,AE07,Unqualified,,,,,,
VAI-00777,2025-09-06,Outbound,SaaS,DACH,1000+,AE06,Demo Completed,2025-09-09,2025-09-17,,,,
VAI-00778,2025-04-28,Partners,Media,Nordics,51-200,AE04,Unqualified,,,,,,
VAI-00779,2025-07-30,LinkedIn,Travel,Benelux,1000+,AE05,Demo Completed,2025-08-05,2025-08-07,,,,
VAI-00780,2025-10-04,Organic Search,Fintech,Nordics,1-50,AE02,Closed Won,2025-10-06,2025-10-07,2025-10-10,2025-10-25,6000.0,
VAI-00781,2025-02-09,LinkedIn,Healthcare,CEE,1000+,AE01,Unqualified,,,,,,
VAI-00782,2025-01-28,Partners,HR Tech,Nordics,1-50,AE07,Qualified,2025-02-08,,,,,
VAI-00783,2025-10-25,Partners,Travel,Southern Europe,501-1000,AE08,Unqualified,,,,,,
VAI-00784,2025-04-01,Paid Search,Travel,CEE,1000+,AE03,Unqualified,,,,,,
VAI-00785,2025-07-23,Referral,Professional Services,UK & Ireland,51-200,AE08,Unqualified,,,,,,
VAI-00786,2025-07-14,Organic Search,Professional Services,UK & Ireland,201-500,AE08,Demo Completed,2025-07-15,2025-07-18,,,,
VAI-00787,2025-08-08,Events,Healthcare,UK & Ireland,501-1000,AE05,Qualified,2025-08-10,,,,,
VAI-00788,2025-12-11,Events,HR Tech,Southern Europe,201-500,AE07,Demo Completed,2025-12-14,2025-12-17,,,,
VAI-00789,2025-03-11,Paid Search,Travel,UK & Ireland,201-500,AE08,Unqualified,,,,,,
VAI-00790,2025-06-01,Paid Search,SaaS,Southern Europe,51-200,AE01,Demo Completed,2025-06-04,2025-06-13,,,,
VAI-00791,2025-09-21,Outbound,E-commerce,CEE,201-500,AE05,Unqualified,,,,,,
VAI-00792,2025-02-22,Paid Search,Fintech,DACH,51-200,AE05,Demo Completed,2025-02-27,2025-03-01,,,,
VAI-00793,2025-10-18,Paid Search,HR Tech,DACH,1-50,AE06,Closed Won,2025-10-24,2025-10-26,2025-11-03,2025-11-17,7000.0,
VAI-00794,2025-08-08,Outbound,Healthcare,Southern Europe,1000+,AE05,Unqualified,,,,,,
VAI-00795,2025-12-22,Organic Search,Media,Nordics,51-200,AE02,Unqualified,,,,,,
VAI-00796,2025-01-21,LinkedIn,Media,UK & Ireland,51-200,AE04,Unqualified,,,,,,
VAI-00797,2025-12-12,Paid Search,Professional Services,DACH,1000+,AE08,Unqualified,,,,,,
VAI-00798,2025-12-22,Outbound,Healthcare,Southern Europe,201-500,AE02,Unqualified,,,,,,
VAI-00799,2025-07-26,LinkedIn,Healthcare,Benelux,501-1000,AE05,Unqualified,,,,,,
VAI-00800,2025-11-07,Outbound,Travel,CEE,201-500,AE01,Demo Completed,2025-11-08,2025-11-13,,,,
VAI-00801,2025-04-02,Referral,HR Tech,UK & Ireland,501-1000,AE04,Demo Completed,2025-04-04,2025-04-06,,,,
VAI-00802,2025-06-06,Paid Search,Professional Services,Benelux,201-500,AE07,Closed Lost,2025-06-21,2025-06-24,2025-07-02,2025-07-19,18500.0,No decision
VAI-00803,2025-04-26,Partners,Travel,CEE,201-500,AE07,Unqualified,,,,,,
VAI-00804,2025-09-02,LinkedIn,SaaS,DACH,501-1000,AE06,Demo Completed,2025-09-06,2025-09-13,,,,
VAI-00805,2025-10-13,Outbound,E-commerce,CEE,1-50,AE05,Unqualified,,,,,,
VAI-00806,2025-03-14,LinkedIn,Media,DACH,201-500,AE02,Unqualified,,,,,,
VAI-00807,2025-12-15,Outbound,Media,Southern Europe,201-500,AE01,Unqualified,,,,,,
VAI-00808,2025-11-23,Paid Search,Healthcare,UK & Ireland,51-200,AE08,Unqualified,,,,,,
VAI-00809,2025-10-27,Organic Search,Media,CEE,1000+,AE07,Unqualified,,,,,,
VAI-00810,2025-10-21,Paid Search,Fintech,CEE,1-50,AE06,Qualified,2025-10-27,,,,,
VAI-00811,2025-11-03,Outbound,SaaS,Benelux,201-500,AE05,Closed Won,2025-11-04,2025-11-19,2025-11-27,2025-12-23,27000.0,
VAI-00812,2025-11-22,Paid Search,E-commerce,Nordics,51-200,AE03,Unqualified,,,,,,
VAI-00813,2025-05-03,Organic Search,Media,Nordics,1-50,AE08,Unqualified,,,,,,
VAI-00814,2025-11-01,Outbound,E-commerce,DACH,51-200,AE08,Qualified,2025-11-06,,,,,
VAI-00815,2025-08-05,Outbound,Media,Benelux,201-500,AE03,Unqualified,,,,,,
VAI-00816,2025-10-31,Outbound,Fintech,Southern Europe,501-1000,AE01,Closed Lost,2025-11-01,2025-11-09,2025-11-24,2025-12-12,57500.0,Missing feature
VAI-00817,2025-06-20,Referral,Travel,DACH,51-200,AE05,Unqualified,,,,,,
VAI-00818,2025-07-27,LinkedIn,HR Tech,CEE,201-500,AE04,Unqualified,,,,,,
VAI-00819,2025-12-23,Outbound,Professional Services,Southern Europe,1000+,AE08,Demo Completed,2025-12-30,2026-01-14,,,,
VAI-00820,2025-11-23,Organic Search,Professional Services,Southern Europe,51-200,AE06,Closed Won,2025-11-24,2025-12-01,2025-12-05,2026-01-01,10500.0,
VAI-00821,2025-06-25,Paid Search,Healthcare,CEE,201-500,AE04,Unqualified,,,,,,
VAI-00822,2025-02-06,Organic Search,Travel,DACH,201-500,AE02,Unqualified,,,,,,
VAI-00823,2025-09-29,Organic Search,Professional Services,Benelux,201-500,AE03,Closed Won,2025-10-04,2025-10-13,2025-10-19,2025-11-01,19000.0,
VAI-00824,2025-12-21,Outbound,Professional Services,CEE,201-500,AE08,Unqualified,,,,,,
VAI-00825,2025-07-11,Partners,HR Tech,DACH,201-500,AE06,Closed Won,2025-07-13,2025-07-23,2025-08-28,2025-10-06,39000.0,
VAI-00826,2025-08-14,Partners,SaaS,Southern Europe,201-500,AE03,Closed Lost,2025-08-18,2025-08-29,2025-09-04,2025-09-21,32500.0,Budget frozen
VAI-00827,2025-09-26,Events,SaaS,Benelux,501-1000,AE04,Unqualified,,,,,,
VAI-00828,2025-11-03,Organic Search,HR Tech,Southern Europe,51-200,AE07,Unqualified,,,,,,
VAI-00829,2025-03-27,Organic Search,E-commerce,DACH,201-500,AE06,Unqualified,,,,,,
VAI-00830,2025-06-13,Outbound,Media,Nordics,501-1000,AE02,Unqualified,,,,,,
VAI-00831,2025-02-17,Paid Search,SaaS,Nordics,201-500,AE07,Unqualified,,,,,,
VAI-00832,2025-12-21,Referral,E-commerce,DACH,1-50,AE02,Unqualified,,,,,,
VAI-00833,2025-11-10,Outbound,Fintech,CEE,201-500,AE03,Demo Completed,2025-11-14,2025-11-17,,,,
VAI-00834,2025-06-26,LinkedIn,Professional Services,Nordics,501-1000,AE03,Demo Completed,2025-07-03,2025-07-07,,,,
VAI-00835,2025-08-27,Paid Search,Professional Services,UK & Ireland,1000+,AE05,Unqualified,,,,,,
VAI-00836,2025-08-11,Outbound,Healthcare,Southern Europe,51-200,AE08,Qualified,2025-08-18,,,,,
VAI-00837,2025-04-13,Outbound,Travel,UK & Ireland,501-1000,AE01,Unqualified,,,,,,
VAI-00838,2025-11-04,Organic Search,Fintech,CEE,501-1000,AE02,Qualified,2025-11-19,,,,,
VAI-00839,2025-05-06,Outbound,Travel,UK & Ireland,201-500,AE02,Qualified,2025-05-08,,,,,
VAI-00840,2025-05-31,LinkedIn,Healthcare,Nordics,51-200,AE04,Demo Completed,2025-06-04,2025-06-11,,,,
VAI-00841,2025-02-26,Referral,E-commerce,Southern Europe,1000+,AE03,Unqualified,,,,,,
VAI-00842,2025-09-05,Partners,SaaS,Southern Europe,501-1000,AE04,Qualified,2025-09-06,,,,,
VAI-00843,2025-12-07,Events,SaaS,UK & Ireland,51-200,AE01,Unqualified,,,,,,
VAI-00844,2025-02-22,LinkedIn,SaaS,Nordics,51-200,AE07,Unqualified,,,,,,
VAI-00845,2025-04-09,Partners,Travel,DACH,501-1000,AE04,Closed Won,2025-04-10,2025-04-15,2025-04-18,2025-06-04,58000.0,
VAI-00846,2025-10-25,Paid Search,Travel,Southern Europe,51-200,AE03,Unqualified,,,,,,
VAI-00847,2025-12-01,Outbound,E-commerce,CEE,1-50,AE07,Unqualified,,,,,,
VAI-00848,2025-02-24,Paid Search,Media,Southern Europe,201-500,AE07,Closed Lost,2025-02-27,2025-03-02,2025-03-06,2025-04-06,25500.0,Timing
VAI-00849,2025-01-25,Partners,SaaS,UK & Ireland,1-50,AE03,Demo Completed,2025-01-30,2025-02-12,,,,
VAI-00850,2025-01-10,Paid Search,Media,Nordics,201-500,AE07,Unqualified,,,,,,
VAI-00851,2025-12-23,Referral,Healthcare,CEE,201-500,AE02,Demo Completed,2025-12-26,2026-01-06,,,,
VAI-00852,2025-01-15,Outbound,Professional Services,UK & Ireland,1-50,AE04,Unqualified,,,,,,
VAI-00853,2025-09-02,LinkedIn,Fintech,UK & Ireland,501-1000,AE07,Closed Lost,2025-09-04,2025-09-09,2025-09-21,2025-10-05,60500.0,Missing feature
VAI-00854,2025-10-03,Outbound,Professional Services,UK & Ireland,201-500,AE08,Unqualified,,,,,,
VAI-00855,2025-07-14,Outbound,Healthcare,CEE,501-1000,AE05,Unqualified,,,,,,
VAI-00856,2025-06-28,Outbound,Media,Nordics,501-1000,AE04,Closed Lost,2025-07-04,2025-07-11,2025-07-13,2025-07-21,37500.0,Missing feature
VAI-00857,2025-06-15,Outbound,Travel,Southern Europe,1-50,AE01,Unqualified,,,,,,
VAI-00858,2025-08-27,Paid Search,Healthcare,Nordics,201-500,AE06,Unqualified,,,,,,
VAI-00859,2025-04-04,Organic Search,SaaS,Southern Europe,201-500,AE01,Qualified,2025-04-08,,,,,
VAI-00860,2025-12-04,Organic Search,HR Tech,DACH,1000+,AE07,Closed Lost,2025-12-11,2025-12-16,2025-12-21,2026-01-26,70000.0,Price
VAI-00861,2025-02-05,Outbound,Professional Services,Nordics,1-50,AE08,Qualified,2025-02-13,,,,,
VAI-00862,2025-01-22,Outbound,HR Tech,Southern Europe,201-500,AE04,Qualified,2025-02-02,,,,,
VAI-00863,2025-01-20,LinkedIn,Healthcare,Benelux,1-50,AE01,Closed Lost,2025-01-25,2025-02-06,2025-02-14,2025-03-06,8500.0,No decision
VAI-00864,2025-08-16,Events,Media,CEE,1-50,AE04,Demo Completed,2025-08-19,2025-09-01,,,,
VAI-00865,2025-01-04,Events,Media,UK & Ireland,201-500,AE06,Unqualified,,,,,,
VAI-00866,2025-12-28,Partners,Travel,Nordics,51-200,AE08,Demo Completed,2026-01-06,2026-01-13,,,,
VAI-00867,2025-03-24,Partners,SaaS,DACH,501-1000,AE04,Unqualified,,,,,,
VAI-00868,2025-04-24,Events,Travel,Nordics,201-500,AE01,Closed Won,2025-04-26,2025-05-01,2025-05-13,2025-05-29,24000.0,
VAI-00869,2025-01-24,Events,Travel,UK & Ireland,201-500,AE08,Qualified,2025-01-27,,,,,
VAI-00870,2025-04-21,LinkedIn,Media,UK & Ireland,51-200,AE03,Qualified,2025-05-01,,,,,
VAI-00871,2025-08-19,Outbound,Fintech,DACH,1-50,AE04,Closed Lost,2025-08-22,2025-08-27,2025-08-30,2025-09-24,6000.0,No executive buy-in
VAI-00872,2025-06-22,Partners,E-commerce,Southern Europe,201-500,AE03,Unqualified,,,,,,
VAI-00873,2025-04-28,Referral,SaaS,Benelux,501-1000,AE03,Closed Won,2025-04-29,2025-05-02,2025-05-14,2025-05-23,58000.0,
VAI-00874,2025-11-16,Partners,Healthcare,DACH,51-200,AE04,Qualified,2025-11-19,,,,,
VAI-00875,2025-06-17,Partners,Fintech,UK & Ireland,1-50,AE08,Demo Completed,2025-06-24,2025-07-02,,,,
VAI-00876,2025-09-27,Outbound,HR Tech,DACH,501-1000,AE06,Demo Completed,2025-09-29,2025-09-30,,,,
VAI-00877,2025-01-25,LinkedIn,Healthcare,UK & Ireland,201-500,AE07,Closed Lost,2025-01-26,2025-01-27,2025-02-17,2025-02-20,25000.0,Missing feature
VAI-00878,2025-08-29,Outbound,Professional Services,UK & Ireland,1000+,AE03,Demo Completed,2025-08-30,2025-09-18,,,,
VAI-00879,2025-09-26,Outbound,Professional Services,Southern Europe,1-50,AE05,Unqualified,,,,,,
VAI-00880,2025-06-17,Organic Search,Travel,Nordics,501-1000,AE01,Qualified,2025-06-18,,,,,
VAI-00881,2025-04-14,LinkedIn,Professional Services,CEE,51-200,AE01,Closed Lost,2025-04-18,2025-04-24,2025-04-28,2025-05-08,17000.0,No executive buy-in
VAI-00882,2025-10-05,Outbound,E-commerce,DACH,51-200,AE07,Closed Lost,2025-10-06,2025-10-19,2025-10-25,2025-11-11,9000.0,Price
VAI-00883,2025-09-08,Paid Search,Healthcare,Southern Europe,51-200,AE08,Unqualified,,,,,,
VAI-00884,2025-07-25,Paid Search,Healthcare,Benelux,501-1000,AE01,Unqualified,,,,,,
VAI-00885,2025-01-21,Events,HR Tech,Southern Europe,501-1000,AE04,Unqualified,,,,,,
VAI-00886,2025-09-10,Outbound,HR Tech,CEE,1-50,AE01,Unqualified,,,,,,
VAI-00887,2025-01-05,Paid Search,Media,Benelux,1-50,AE05,Qualified,2025-01-10,,,,,
VAI-00888,2025-10-11,Partners,HR Tech,Nordics,201-500,AE04,Demo Completed,2025-10-16,2025-10-24,,,,
VAI-00889,2025-05-07,Paid Search,Professional Services,UK & Ireland,51-200,AE07,Closed Won,2025-05-08,2025-05-23,2025-06-04,2025-06-07,19000.0,
VAI-00890,2025-04-27,Paid Search,E-commerce,DACH,1000+,AE06,Unqualified,,,,,,
VAI-00891,2025-05-09,Paid Search,Healthcare,Southern Europe,501-1000,AE02,Qualified,2025-05-13,,,,,
VAI-00892,2025-09-20,Outbound,Healthcare,Nordics,51-200,AE07,Unqualified,,,,,,
VAI-00893,2025-10-29,Paid Search,Media,Southern Europe,1-50,AE05,Qualified,2025-11-03,,,,,
VAI-00894,2025-11-29,Paid Search,Professional Services,CEE,201-500,AE03,Closed Lost,2025-12-03,2025-12-11,2025-12-18,2026-01-19,38500.0,Budget frozen
VAI-00895,2025-05-26,Paid Search,HR Tech,Southern Europe,501-1000,AE05,Closed Lost,2025-05-27,2025-06-02,2025-06-07,2025-06-23,63500.0,Budget frozen
VAI-00896,2025-04-24,Partners,Fintech,CEE,501-1000,AE07,Closed Lost,2025-04-30,2025-05-04,2025-05-16,2025-06-03,61500.0,Budget frozen
VAI-00897,2025-07-22,Events,Travel,Nordics,201-500,AE06,Qualified,2025-07-28,,,,,
VAI-00898,2025-10-24,LinkedIn,Professional Services,DACH,1-50,AE04,Unqualified,,,,,,
VAI-00899,2025-03-15,Organic Search,Travel,Benelux,1-50,AE05,Unqualified,,,,,,
VAI-00900,2025-11-25,Paid Search,Media,Southern Europe,51-200,AE02,Unqualified,,,,,,
VAI-00901,2025-06-08,Paid Search,E-commerce,DACH,201-500,AE04,Unqualified,,,,,,
VAI-00902,2025-10-12,Partners,SaaS,DACH,501-1000,AE07,Demo Completed,2025-10-13,2025-10-15,,,,
VAI-00903,2025-03-16,LinkedIn,HR Tech,Benelux,51-200,AE01,Unqualified,,,,,,
VAI-00904,2025-04-20,Outbound,HR Tech,DACH,51-200,AE03,Demo Completed,2025-04-23,2025-04-30,,,,
VAI-00905,2025-05-13,Referral,Travel,DACH,1-50,AE03,Qualified,2025-05-16,,,,,
VAI-00906,2025-12-17,Partners,E-commerce,Southern Europe,1-50,AE02,Qualified,2025-12-25,,,,,
VAI-00907,2025-08-27,Outbound,Travel,Nordics,51-200,AE05,Demo Completed,2025-09-05,2025-09-17,,,,
VAI-00908,2025-07-24,Paid Search,Travel,Benelux,201-500,AE06,Qualified,2025-07-25,,,,,
VAI-00909,2025-02-14,Paid Search,E-commerce,UK & Ireland,1-50,AE05,Unqualified,,,,,,
VAI-00910,2025-01-03,Paid Search,Fintech,Southern Europe,201-500,AE04,Qualified,2025-01-07,,,,,
VAI-00911,2025-10-21,Events,E-commerce,Southern Europe,201-500,AE05,Unqualified,,,,,,
VAI-00912,2025-08-17,Organic Search,Travel,CEE,1-50,AE07,Closed Lost,2025-08-25,2025-09-04,2025-09-06,2025-09-11,5000.0,Budget frozen
VAI-00913,2025-10-30,Organic Search,Travel,UK & Ireland,501-1000,AE01,Demo Completed,2025-11-01,2025-11-04,,,,
VAI-00914,2025-08-31,Paid Search,SaaS,Nordics,1000+,AE03,Qualified,2025-09-01,,,,,
VAI-00915,2025-03-23,Outbound,Professional Services,Nordics,1000+,AE02,Qualified,2025-03-31,,,,,
VAI-00916,2025-08-10,Events,HR Tech,Benelux,51-200,AE03,Unqualified,,,,,,
VAI-00917,2025-11-18,Organic Search,Media,Southern Europe,501-1000,AE05,Closed Lost,2025-11-22,2025-12-05,2025-12-11,2025-12-28,65500.0,Price
VAI-00918,2025-11-29,Outbound,E-commerce,DACH,1-50,AE02,Unqualified,,,,,,
VAI-00919,2025-05-26,Organic Search,Travel,Nordics,201-500,AE03,Qualified,2025-05-28,,,,,
VAI-00920,2025-04-20,Events,Travel,UK & Ireland,201-500,AE02,Unqualified,,,,,,
VAI-00921,2025-11-15,Partners,Professional Services,CEE,51-200,AE06,Demo Completed,2025-11-23,2025-11-29,,,,
VAI-00922,2025-10-25,Partners,E-commerce,Benelux,1-50,AE04,Qualified,2025-10-27,,,,,
VAI-00923,2025-05-20,Organic Search,Professional Services,Southern Europe,201-500,AE08,Unqualified,,,,,,
VAI-00924,2025-10-06,Referral,SaaS,DACH,1000+,AE02,Unqualified,,,,,,
VAI-00925,2025-01-28,Events,E-commerce,DACH,1-50,AE03,Qualified,2025-02-01,,,,,
VAI-00926,2025-01-20,Organic Search,Healthcare,Southern Europe,1000+,AE07,Qualified,2025-01-23,,,,,
VAI-00927,2025-03-24,Organic Search,HR Tech,Southern Europe,201-500,AE05,Unqualified,,,,,,
VAI-00928,2025-12-19,Partners,Fintech,Southern Europe,1-50,AE02,Closed Lost,2025-12-21,2025-12-30,2026-01-10,2026-01-30,8000.0,Competitor
VAI-00929,2025-04-13,Partners,Fintech,Southern Europe,1-50,AE04,Demo Completed,2025-04-14,2025-04-20,,,,
VAI-00930,2025-04-06,Referral,Travel,Southern Europe,501-1000,AE01,Closed Won,2025-04-08,2025-04-13,2025-04-14,2025-05-09,43500.0,
VAI-00931,2025-10-24,Outbound,Media,DACH,51-200,AE02,Demo Completed,2025-10-27,2025-10-30,,,,
VAI-00932,2025-02-26,Outbound,Media,DACH,201-500,AE03,Demo Completed,2025-03-04,2025-03-16,,,,
VAI-00933,2025-11-10,Events,Professional Services,Southern Europe,51-200,AE06,Unqualified,,,,,,
VAI-00934,2025-01-30,Outbound,Professional Services,Nordics,501-1000,AE04,Closed Won,2025-01-31,2025-02-09,2025-02-10,2025-02-18,51500.0,
VAI-00935,2025-11-29,Organic Search,Healthcare,Nordics,1-50,AE01,Qualified,2025-12-01,,,,,
VAI-00936,2025-12-28,Outbound,E-commerce,Southern Europe,1-50,AE08,Unqualified,,,,,,
VAI-00937,2025-07-21,Outbound,HR Tech,DACH,501-1000,AE03,Unqualified,,,,,,
VAI-00938,2025-03-19,Organic Search,HR Tech,DACH,1-50,AE08,Qualified,2025-03-23,,,,,
VAI-00939,2025-05-01,Outbound,Media,Nordics,501-1000,AE07,Qualified,2025-05-02,,,,,
VAI-00940,2025-05-07,Outbound,Travel,Southern Europe,201-500,AE01,Unqualified,,,,,,
VAI-00941,2025-09-30,LinkedIn,E-commerce,UK & Ireland,1000+,AE02,Demo Completed,2025-10-03,2025-10-10,,,,
VAI-00942,2025-09-16,Organic Search,Travel,Benelux,201-500,AE01,Closed Won,2025-09-26,2025-10-03,2025-10-07,2025-10-17,20500.0,
VAI-00943,2025-08-18,Outbound,Fintech,UK & Ireland,51-200,AE01,Demo Completed,2025-08-26,2025-09-04,,,,
VAI-00944,2025-11-09,Outbound,SaaS,Southern Europe,201-500,AE06,Demo Completed,2025-11-10,2025-11-16,,,,
VAI-00945,2025-09-10,Paid Search,Professional Services,CEE,1-50,AE03,Unqualified,,,,,,
VAI-00946,2025-11-20,LinkedIn,Travel,UK & Ireland,51-200,AE03,Unqualified,,,,,,
VAI-00947,2025-12-07,Paid Search,Travel,UK & Ireland,51-200,AE04,Unqualified,,,,,,
VAI-00948,2025-05-28,Organic Search,Fintech,Benelux,501-1000,AE07,Qualified,2025-05-29,,,,,
VAI-00949,2025-10-03,Paid Search,Media,Benelux,1-50,AE03,Unqualified,,,,,,
VAI-00950,2025-06-01,Outbound,Media,Southern Europe,1000+,AE05,Demo Completed,2025-06-09,2025-06-20,,,,
VAI-00951,2025-04-02,Partners,Professional Services,CEE,1-50,AE06,Qualified,2025-04-15,,,,,
VAI-00952,2025-09-28,Organic Search,E-commerce,Southern Europe,51-200,AE04,Unqualified,,,,,,
VAI-00953,2025-01-25,Organic Search,HR Tech,Benelux,1000+,AE07,Qualified,2025-01-27,,,,,
VAI-00954,2025-04-09,Outbound,Healthcare,UK & Ireland,501-1000,AE06,Qualified,2025-04-10,,,,,
VAI-00955,2025-10-02,Outbound,Healthcare,DACH,51-200,AE04,Demo Completed,2025-10-10,2025-10-22,,,,
VAI-00956,2025-09-10,Partners,Fintech,DACH,51-200,AE02,Unqualified,,,,,,
VAI-00957,2025-12-07,LinkedIn,Professional Services,UK & Ireland,1-50,AE07,Unqualified,,,,,,
VAI-00958,2025-07-11,Referral,Fintech,Nordics,201-500,AE06,Demo Completed,2025-07-14,2025-08-01,,,,
VAI-00959,2025-09-08,Outbound,Professional Services,DACH,201-500,AE06,Unqualified,,,,,,
VAI-00960,2025-12-31,Referral,E-commerce,Nordics,1000+,AE05,Closed Lost,2026-01-06,2026-01-18,2026-01-31,2026-03-03,99500.0,Competitor
VAI-00961,2025-03-18,Organic Search,Professional Services,UK & Ireland,201-500,AE03,Unqualified,,,,,,
VAI-00962,2025-09-28,LinkedIn,HR Tech,Southern Europe,501-1000,AE08,Unqualified,,,,,,
VAI-00963,2025-07-24,Organic Search,Healthcare,Nordics,51-200,AE06,Unqualified,,,,,,
VAI-00964,2025-12-25,Events,Media,CEE,1000+,AE07,Qualified,2025-12-31,,,,,
VAI-00965,2025-04-19,Partners,E-commerce,Benelux,1-50,AE05,Qualified,2025-04-20,,,,,
VAI-00966,2025-10-30,Paid Search,HR Tech,Southern Europe,201-500,AE06,Qualified,2025-11-02,,,,,
VAI-00967,2025-10-28,Referral,E-commerce,Southern Europe,501-1000,AE02,Qualified,2025-11-02,,,,,
VAI-00968,2025-11-10,Paid Search,SaaS,Nordics,201-500,AE01,Unqualified,,,,,,
VAI-00969,2025-09-26,Events,Travel,DACH,201-500,AE06,Qualified,2025-09-29,,,,,
VAI-00970,2025-05-24,Paid Search,HR Tech,UK & Ireland,1000+,AE01,Qualified,2025-05-28,,,,,
VAI-00971,2025-09-03,Outbound,Professional Services,CEE,51-200,AE01,Unqualified,,,,,,
VAI-00972,2025-01-20,LinkedIn,Professional Services,UK & Ireland,51-200,AE08,Unqualified,,,,,,
VAI-00973,2025-04-01,Partners,SaaS,UK & Ireland,51-200,AE07,Unqualified,,,,,,
VAI-00974,2025-03-10,Partners,Fintech,DACH,1-50,AE03,Unqualified,,,,,,
VAI-00975,2025-08-17,Organic Search,Travel,Southern Europe,201-500,AE03,Qualified,2025-08-22,,,,,
VAI-00976,2025-01-31,Organic Search,Healthcare,Benelux,51-200,AE02,Unqualified,,,,,,
VAI-00977,2025-01-17,Organic Search,Fintech,Nordics,201-500,AE03,Unqualified,,,,,,
VAI-00978,2025-09-13,Referral,SaaS,Nordics,201-500,AE02,Closed Won,2025-09-17,2025-09-20,2025-10-04,2025-10-23,30000.0,
VAI-00979,2025-01-09,Events,SaaS,Southern Europe,51-200,AE03,Demo Completed,2025-01-17,2025-02-01,,,,
VAI-00980,2025-01-05,Partners,Healthcare,DACH,501-1000,AE02,Qualified,2025-01-07,,,,,
VAI-00981,2025-10-02,Organic Search,Media,Southern Europe,201-500,AE08,Unqualified,,,,,,
VAI-00982,2025-10-28,Outbound,Healthcare,Southern Europe,201-500,AE06,Qualified,2025-11-04,,,,,
VAI-00983,2025-05-09,Organic Search,SaaS,Nordics,201-500,AE01,Closed Lost,2025-05-10,2025-05-14,2025-05-17,2025-05-20,32000.0,Price
VAI-00984,2025-04-12,Referral,Fintech,UK & Ireland,201-500,AE08,Unqualified,,,,,,
VAI-00985,2025-02-23,Organic Search,Travel,Nordics,51-200,AE02,Qualified,2025-02-25,,,,,
VAI-00986,2025-06-10,LinkedIn,Healthcare,DACH,201-500,AE08,Unqualified,,,,,,
VAI-00987,2025-05-05,Events,HR Tech,UK & Ireland,501-1000,AE01,Unqualified,,,,,,
VAI-00988,2025-07-25,Outbound,Media,DACH,201-500,AE08,Closed Lost,2025-07-29,2025-08-25,2025-09-01,2025-09-16,31500.0,Timing
VAI-00989,2025-07-08,Organic Search,Fintech,DACH,1000+,AE05,Closed Lost,2025-07-13,2025-07-14,2025-07-17,2025-08-08,114500.0,Missing feature
VAI-00990,2025-09-17,Organic Search,HR Tech,CEE,51-200,AE05,Qualified,2025-09-21,,,,,
VAI-00991,2025-01-11,Partners,Healthcare,UK & Ireland,51-200,AE01,Unqualified,,,,,,
VAI-00992,2025-12-15,Outbound,Fintech,Nordics,1-50,AE02,Qualified,2025-12-17,,,,,
VAI-00993,2025-12-09,Organic Search,Professional Services,UK & Ireland,1-50,AE03,Unqualified,,,,,,
VAI-00994,2025-04-30,Referral,SaaS,Benelux,1000+,AE06,Qualified,2025-05-02,,,,,
VAI-00995,2025-02-09,Referral,Travel,Nordics,201-500,AE06,Qualified,2025-02-10,,,,,
VAI-00996,2025-07-25,Organic Search,Healthcare,DACH,1000+,AE04,Qualified,2025-08-01,,,,,
VAI-00997,2025-02-05,Referral,Media,CEE,201-500,AE06,Demo Completed,2025-02-11,2025-02-16,,,,
VAI-00998,2025-07-23,Paid Search,Fintech,Nordics,201-500,AE07,Qualified,2025-07-24,,,,,
VAI-00999,2025-08-03,LinkedIn,Travel,CEE,1-50,AE01,Closed Won,2025-08-10,2025-08-16,2025-08-19,2025-09-03,7500.0,
VAI-01000,2025-02-08,Partners,Healthcare,UK & Ireland,1000+,AE08,Unqualified,,,,,,
VAI-01001,2025-08-05,Outbound,E-commerce,CEE,51-200,AE02,Unqualified,,,,,,
VAI-01002,2025-02-16,LinkedIn,E-commerce,Nordics,51-200,AE03,Unqualified,,,,,,
VAI-01003,2025-11-02,Organic Search,Media,DACH,51-200,AE02,Qualified,2025-11-03,,,,,
VAI-01004,2025-09-24,Outbound,Travel,Southern Europe,1-50,AE01,Unqualified,,,,,,
VAI-01005,2025-09-21,Paid Search,Fintech,Southern Europe,501-1000,AE03,Unqualified,,,,,,
VAI-01006,2025-03-25,Paid Search,HR Tech,DACH,501-1000,AE04,Qualified,2025-03-26,,,,,
VAI-01007,2025-11-09,Events,Travel,UK & Ireland,51-200,AE03,Unqualified,,,,,,
VAI-01008,2025-07-04,Outbound,Professional Services,Nordics,201-500,AE02,Demo Completed,2025-07-13,2025-07-15,,,,
VAI-01009,2025-10-26,Paid Search,HR Tech,Southern Europe,1-50,AE06,Unqualified,,,,,,
VAI-01010,2025-04-10,Events,E-commerce,DACH,51-200,AE05,Qualified,2025-04-14,,,,,
VAI-01011,2025-05-01,Partners,SaaS,UK & Ireland,1000+,AE02,Closed Won,2025-05-02,2025-05-07,2025-05-09,2025-06-04,117000.0,
VAI-01012,2025-10-29,Outbound,Healthcare,DACH,201-500,AE02,Qualified,2025-11-01,,,,,
VAI-01013,2025-03-29,Partners,Media,UK & Ireland,201-500,AE03,Unqualified,,,,,,
VAI-01014,2025-03-23,Organic Search,Media,Southern Europe,1-50,AE08,Unqualified,,,,,,
VAI-01015,2025-07-26,Outbound,HR Tech,Southern Europe,501-1000,AE05,Unqualified,,,,,,
VAI-01016,2025-10-22,Referral,Media,UK & Ireland,501-1000,AE04,Unqualified,,,,,,
VAI-01017,2025-11-11,LinkedIn,Professional Services,DACH,1-50,AE08,Unqualified,,,,,,
VAI-01018,2025-12-31,Partners,Healthcare,Southern Europe,51-200,AE04,Unqualified,,,,,,
VAI-01019,2025-03-08,Organic Search,Healthcare,UK & Ireland,201-500,AE07,Unqualified,,,,,,
VAI-01020,2025-09-19,Paid Search,SaaS,DACH,51-200,AE02,Unqualified,,,,,,
VAI-01021,2025-08-26,Partners,HR Tech,DACH,201-500,AE02,Qualified,2025-08-30,,,,,
VAI-01022,2025-01-08,Paid Search,Professional Services,Benelux,51-200,AE07,Unqualified,,,,,,
VAI-01023,2025-05-18,Paid Search,E-commerce,Southern Europe,51-200,AE05,Unqualified,,,,,,
VAI-01024,2025-10-06,Outbound,Media,Benelux,501-1000,AE04,Closed Lost,2025-10-19,2025-11-10,2025-11-13,2025-12-19,33500.0,Budget frozen
VAI-01025,2025-02-13,Referral,HR Tech,Benelux,51-200,AE03,Closed Lost,2025-02-15,2025-03-02,2025-03-03,2025-03-19,13000.0,Competitor
VAI-01026,2025-04-04,Paid Search,Healthcare,DACH,201-500,AE03,Unqualified,,,,,,
VAI-01027,2025-12-19,Outbound,E-commerce,Nordics,1-50,AE01,Demo Completed,2025-12-25,2025-12-28,,,,
VAI-01028,2025-04-21,Paid Search,Professional Services,Nordics,201-500,AE06,Qualified,2025-04-25,,,,,
VAI-01029,2025-07-03,Referral,Professional Services,Benelux,1-50,AE03,Qualified,2025-07-04,,,,,
VAI-01030,2025-11-08,Referral,HR Tech,DACH,51-200,AE06,Unqualified,,,,,,
VAI-01031,2025-11-20,Organic Search,HR Tech,CEE,1-50,AE08,Closed Lost,2025-11-26,2025-11-27,2025-12-09,2025-12-19,4500.0,Competitor
VAI-01032,2025-08-19,Referral,SaaS,Nordics,501-1000,AE05,Demo Completed,2025-08-22,2025-09-03,,,,
VAI-01033,2025-03-12,Paid Search,Fintech,Nordics,51-200,AE06,Qualified,2025-03-13,,,,,
VAI-01034,2025-02-17,Paid Search,Healthcare,DACH,501-1000,AE08,Unqualified,,,,,,
VAI-01035,2025-12-30,LinkedIn,Fintech,UK & Ireland,501-1000,AE01,Qualified,2026-01-04,,,,,
VAI-01036,2025-07-30,Outbound,Travel,Nordics,51-200,AE07,Unqualified,,,,,,
VAI-01037,2025-04-09,Partners,Media,DACH,201-500,AE05,Demo Completed,2025-04-10,2025-04-14,,,,
VAI-01038,2025-11-05,Organic Search,Media,Benelux,51-200,AE02,Qualified,2025-11-10,,,,,
VAI-01039,2025-08-16,Paid Search,Healthcare,DACH,51-200,AE01,Unqualified,,,,,,
VAI-01040,2025-04-21,Partners,Travel,DACH,1000+,AE07,Qualified,2025-04-23,,,,,
VAI-01041,2025-12-21,Outbound,Media,Benelux,201-500,AE07,Closed Won,2025-12-22,2026-01-06,2026-01-14,2026-02-10,38500.0,
VAI-01042,2025-01-24,Outbound,E-commerce,CEE,51-200,AE07,Closed Won,2025-01-29,2025-02-05,2025-03-02,2025-03-11,11000.0,
VAI-01043,2025-12-09,Paid Search,E-commerce,DACH,1000+,AE08,Closed Won,2025-12-13,2025-12-17,2025-12-23,2026-02-13,83000.0,
VAI-01044,2025-05-27,Outbound,Professional Services,CEE,201-500,AE04,Unqualified,,,,,,
VAI-01045,2025-11-22,Organic Search,E-commerce,UK & Ireland,501-1000,AE04,Demo Completed,2025-11-24,2025-12-01,,,,
VAI-01046,2025-01-25,Referral,HR Tech,UK & Ireland,1000+,AE08,Qualified,2025-01-27,,,,,
VAI-01047,2025-06-24,Outbound,HR Tech,DACH,201-500,AE04,Unqualified,,,,,,
VAI-01048,2025-01-11,Paid Search,Healthcare,UK & Ireland,501-1000,AE08,Unqualified,,,,,,
VAI-01049,2025-02-25,Paid Search,HR Tech,Benelux,1000+,AE03,Unqualified,,,,,,
VAI-01050,2025-05-31,Events,HR Tech,Benelux,201-500,AE08,Demo Completed,2025-06-07,2025-06-08,,,,
VAI-01051,2025-12-01,Organic Search,Healthcare,CEE,201-500,AE01,Qualified,2025-12-10,,,,,
VAI-01052,2025-06-18,Events,E-commerce,UK & Ireland,1-50,AE08,Unqualified,,,,,,
VAI-01053,2025-08-16,LinkedIn,Fintech,Southern Europe,1-50,AE03,Demo Completed,2025-08-17,2025-08-18,,,,
VAI-01054,2025-09-12,Outbound,Media,Southern Europe,201-500,AE02,Unqualified,,,,,,
VAI-01055,2025-07-03,Referral,E-commerce,Nordics,51-200,AE08,Qualified,2025-07-10,,,,,
VAI-01056,2025-03-16,LinkedIn,Media,CEE,51-200,AE05,Unqualified,,,,,,
VAI-01057,2025-04-30,Paid Search,Media,DACH,51-200,AE01,Unqualified,,,,,,
VAI-01058,2025-12-31,Outbound,Professional Services,Nordics,201-500,AE05,Unqualified,,,,,,
VAI-01059,2025-04-11,Outbound,SaaS,UK & Ireland,501-1000,AE04,Unqualified,,,,,,
VAI-01060,2025-08-18,Organic Search,Fintech,DACH,51-200,AE02,Unqualified,,,,,,
VAI-01061,2025-12-31,Organic Search,Travel,DACH,501-1000,AE04,Closed Won,2026-01-01,2026-01-06,2026-01-15,2026-01-29,39000.0,
VAI-01062,2025-06-20,Organic Search,Fintech,Nordics,201-500,AE01,Unqualified,,,,,,
VAI-01063,2025-06-20,Organic Search,Professional Services,CEE,51-200,AE06,Unqualified,,,,,,
VAI-01064,2025-06-13,Outbound,SaaS,CEE,1-50,AE04,Qualified,2025-06-16,,,,,
VAI-01065,2025-06-21,Partners,SaaS,CEE,51-200,AE05,Unqualified,,,,,,
VAI-01066,2025-03-23,LinkedIn,Travel,UK & Ireland,1-50,AE07,Unqualified,,,,,,
VAI-01067,2025-08-28,Referral,Healthcare,Southern Europe,1000+,AE05,Demo Completed,2025-09-07,2025-09-12,,,,
VAI-01068,2025-01-27,Outbound,Travel,Southern Europe,51-200,AE06,Qualified,2025-01-31,,,,,
VAI-01069,2025-11-04,Organic Search,Healthcare,CEE,51-200,AE07,Unqualified,,,,,,
VAI-01070,2025-08-18,Organic Search,SaaS,UK & Ireland,1-50,AE04,Unqualified,,,,,,
VAI-01071,2025-09-29,LinkedIn,Fintech,DACH,51-200,AE03,Unqualified,,,,,,
VAI-01072,2025-05-21,Partners,Professional Services,Benelux,501-1000,AE05,Unqualified,,,,,,
VAI-01073,2025-09-25,Outbound,Healthcare,CEE,51-200,AE08,Unqualified,,,,,,
VAI-01074,2025-07-09,Partners,SaaS,DACH,51-200,AE01,Demo Completed,2025-07-13,2025-07-23,,,,
VAI-01075,2025-03-26,Paid Search,Media,CEE,51-200,AE04,Unqualified,,,,,,
VAI-01076,2025-11-27,Partners,Professional Services,Southern Europe,51-200,AE01,Closed Won,2025-11-28,2025-12-03,2025-12-17,2025-12-29,15500.0,
VAI-01077,2025-07-27,Events,E-commerce,DACH,51-200,AE02,Qualified,2025-07-29,,,,,
VAI-01078,2025-07-24,Outbound,Healthcare,CEE,1-50,AE05,Unqualified,,,,,,
VAI-01079,2025-06-11,Organic Search,Media,CEE,51-200,AE07,Demo Completed,2025-06-12,2025-06-18,,,,
VAI-01080,2025-11-04,Organic Search,Travel,DACH,201-500,AE08,Unqualified,,,,,,
VAI-01081,2025-01-31,Paid Search,Professional Services,CEE,501-1000,AE04,Unqualified,,,,,,
VAI-01082,2025-03-20,Outbound,Professional Services,UK & Ireland,1000+,AE05,Qualified,2025-04-01,,,,,
VAI-01083,2025-05-25,Organic Search,SaaS,UK & Ireland,501-1000,AE01,Demo Completed,2025-06-02,2025-06-04,,,,
VAI-01084,2025-10-07,Paid Search,HR Tech,DACH,1-50,AE05,Unqualified,,,,,,
VAI-01085,2025-02-05,Events,Professional Services,DACH,51-200,AE01,Qualified,2025-02-07,,,,,
VAI-01086,2025-02-28,Events,Professional Services,Nordics,51-200,AE02,Closed Lost,2025-03-06,2025-03-07,2025-03-18,2025-05-11,12500.0,No decision
VAI-01087,2025-11-19,Organic Search,HR Tech,CEE,1-50,AE04,Qualified,2025-11-23,,,,,
VAI-01088,2025-07-26,Organic Search,SaaS,UK & Ireland,1000+,AE05,Demo Completed,2025-07-28,2025-08-01,,,,
VAI-01089,2025-12-14,Partners,Travel,Nordics,201-500,AE05,Closed Won,2025-12-16,2025-12-24,2025-12-30,2026-01-13,40000.0,
VAI-01090,2025-11-13,Organic Search,SaaS,Benelux,51-200,AE08,Closed Lost,2025-11-19,2025-11-20,2025-11-25,2025-12-24,13500.0,No decision
VAI-01091,2025-07-09,Paid Search,SaaS,Nordics,501-1000,AE08,Closed Won,2025-07-17,2025-07-22,2025-07-27,2025-08-28,64000.0,
VAI-01092,2025-04-14,Paid Search,HR Tech,Southern Europe,51-200,AE07,Demo Completed,2025-04-21,2025-04-28,,,,
VAI-01093,2025-08-31,Organic Search,Fintech,DACH,1000+,AE01,Closed Won,2025-09-04,2025-09-08,2025-09-14,2025-10-04,62500.0,
VAI-01094,2025-12-20,Partners,Media,DACH,201-500,AE04,Demo Completed,2025-12-23,2025-12-27,,,,
VAI-01095,2025-12-08,LinkedIn,Professional Services,Benelux,501-1000,AE08,Unqualified,,,,,,
VAI-01096,2025-07-04,Paid Search,Professional Services,Benelux,201-500,AE02,Unqualified,,,,,,
VAI-01097,2025-02-28,Referral,Media,DACH,51-200,AE08,Demo Completed,2025-03-04,2025-03-13,,,,
VAI-01098,2025-09-18,Organic Search,Fintech,Benelux,1-50,AE04,Unqualified,,,,,,
VAI-01099,2025-01-16,Paid Search,Professional Services,DACH,201-500,AE05,Unqualified,,,,,,
VAI-01100,2025-01-10,Outbound,Travel,Southern Europe,1-50,AE03,Unqualified,,,,,,
VAI-01101,2025-06-29,Referral,SaaS,CEE,1-50,AE06,Unqualified,,,,,,
VAI-01102,2025-09-04,Organic Search,Travel,Nordics,1000+,AE01,Closed Won,2025-09-07,2025-09-10,2025-09-15,2025-10-11,90500.0,
VAI-01103,2025-07-13,Partners,Fintech,UK & Ireland,501-1000,AE04,Closed Lost,2025-07-14,2025-07-17,2025-07-18,2025-07-29,67500.0,Price
VAI-01104,2025-09-03,Events,Healthcare,Benelux,1-50,AE06,Demo Completed,2025-09-06,2025-09-18,,,,
VAI-01105,2025-07-02,Paid Search,Fintech,UK & Ireland,51-200,AE04,Unqualified,,,,,,
VAI-01106,2025-03-13,Paid Search,SaaS,Southern Europe,51-200,AE08,Unqualified,,,,,,
VAI-01107,2025-06-14,Partners,SaaS,DACH,501-1000,AE05,Closed Lost,2025-06-17,2025-07-01,2025-07-05,2025-07-23,33500.0,Price
VAI-01108,2025-09-25,LinkedIn,Media,Southern Europe,1-50,AE05,Demo Completed,2025-09-26,2025-09-28,,,,
VAI-01109,2025-11-21,Partners,SaaS,UK & Ireland,51-200,AE01,Unqualified,,,,,,
VAI-01110,2025-03-19,Paid Search,HR Tech,UK & Ireland,51-200,AE02,Unqualified,,,,,,
VAI-01111,2025-06-16,LinkedIn,SaaS,Nordics,501-1000,AE01,Qualified,2025-06-18,,,,,
VAI-01112,2025-08-27,Organic Search,SaaS,Nordics,51-200,AE07,Unqualified,,,,,,
VAI-01113,2025-10-20,Paid Search,Fintech,CEE,51-200,AE02,Unqualified,,,,,,
VAI-01114,2025-01-13,LinkedIn,HR Tech,Southern Europe,1-50,AE07,Closed Won,2025-01-21,2025-01-27,2025-02-10,2025-03-28,4000.0,
VAI-01115,2025-11-17,Events,HR Tech,CEE,51-200,AE08,Qualified,2025-11-20,,,,,
VAI-01116,2025-10-02,Paid Search,SaaS,UK & Ireland,1-50,AE04,Unqualified,,,,,,
VAI-01117,2025-11-04,Organic Search,HR Tech,Benelux,501-1000,AE07,Closed Lost,2025-11-07,2025-11-14,2025-11-23,2026-01-03,61500.0,Price
VAI-01118,2025-12-01,Referral,SaaS,DACH,1000+,AE04,Closed Won,2025-12-09,2025-12-19,2025-12-21,2026-01-15,122500.0,
VAI-01119,2025-03-11,Paid Search,Professional Services,Nordics,1-50,AE06,Unqualified,,,,,,
VAI-01120,2025-04-02,Referral,Professional Services,Benelux,1-50,AE03,Demo Completed,2025-04-08,2025-04-17,,,,
VAI-01121,2025-11-16,Outbound,Travel,UK & Ireland,1-50,AE08,Unqualified,,,,,,
VAI-01122,2025-05-26,LinkedIn,Healthcare,Benelux,1000+,AE07,Unqualified,,,,,,
VAI-01123,2025-11-09,Paid Search,E-commerce,DACH,501-1000,AE08,Qualified,2025-11-10,,,,,
VAI-01124,2025-02-08,Organic Search,E-commerce,UK & Ireland,51-200,AE02,Unqualified,,,,,,
VAI-01125,2025-12-20,Paid Search,Travel,Southern Europe,501-1000,AE04,Unqualified,,,,,,
VAI-01126,2025-05-17,Organic Search,E-commerce,CEE,201-500,AE05,Qualified,2025-05-18,,,,,
VAI-01127,2025-12-06,LinkedIn,Professional Services,Southern Europe,501-1000,AE05,Unqualified,,,,,,
VAI-01128,2025-06-30,Paid Search,E-commerce,Nordics,51-200,AE01,Qualified,2025-07-02,,,,,
VAI-01129,2025-05-23,Paid Search,HR Tech,CEE,201-500,AE05,Qualified,2025-05-30,,,,,
VAI-01130,2025-06-02,Partners,Professional Services,DACH,51-200,AE03,Unqualified,,,,,,
VAI-01131,2025-07-03,Paid Search,HR Tech,CEE,1000+,AE06,Qualified,2025-07-10,,,,,
VAI-01132,2025-07-09,Organic Search,E-commerce,UK & Ireland,201-500,AE01,Unqualified,,,,,,
VAI-01133,2025-02-27,Outbound,HR Tech,Benelux,51-200,AE07,Unqualified,,,,,,
VAI-01134,2025-03-17,Paid Search,Travel,Southern Europe,201-500,AE06,Qualified,2025-03-20,,,,,
VAI-01135,2025-05-14,LinkedIn,Fintech,Nordics,1000+,AE07,Unqualified,,,,,,
VAI-01136,2025-07-24,Events,Travel,UK & Ireland,1000+,AE03,Unqualified,,,,,,
VAI-01137,2025-04-11,Organic Search,Travel,DACH,1-50,AE01,Qualified,2025-04-12,,,,,
VAI-01138,2025-05-30,Outbound,Healthcare,Southern Europe,501-1000,AE04,Unqualified,,,,,,
VAI-01139,2025-07-24,Outbound,SaaS,Nordics,201-500,AE05,Unqualified,,,,,,
VAI-01140,2025-04-10,LinkedIn,Travel,CEE,501-1000,AE02,Unqualified,,,,,,
VAI-01141,2025-04-18,Referral,SaaS,Southern Europe,1-50,AE04,Closed Won,2025-04-28,2025-05-01,2025-05-11,2025-05-20,4000.0,
VAI-01142,2025-03-01,Paid Search,Professional Services,Nordics,1000+,AE03,Demo Completed,2025-03-06,2025-03-12,,,,
VAI-01143,2025-11-23,Organic Search,HR Tech,DACH,51-200,AE04,Qualified,2025-11-24,,,,,
VAI-01144,2025-08-11,Outbound,E-commerce,CEE,1-50,AE04,Qualified,2025-08-14,,,,,
VAI-01145,2025-12-03,Organic Search,HR Tech,DACH,1-50,AE05,Unqualified,,,,,,
VAI-01146,2025-06-22,Paid Search,HR Tech,Nordics,501-1000,AE06,Closed Won,2025-07-01,2025-07-03,2025-07-15,2025-08-02,48000.0,
VAI-01147,2025-02-19,Paid Search,Travel,DACH,51-200,AE03,Qualified,2025-02-22,,,,,
VAI-01148,2025-03-27,Outbound,HR Tech,Benelux,201-500,AE01,Qualified,2025-04-08,,,,,
VAI-01149,2025-12-08,Partners,Media,UK & Ireland,51-200,AE02,Unqualified,,,,,,
VAI-01150,2025-12-03,Events,HR Tech,Southern Europe,51-200,AE01,Unqualified,,,,,,
VAI-01151,2025-12-31,Outbound,Professional Services,UK & Ireland,1000+,AE05,Closed Lost,2026-01-09,2026-01-10,2026-01-13,2026-01-29,104000.0,Price
VAI-01152,2025-09-21,Organic Search,HR Tech,DACH,501-1000,AE01,Unqualified,,,,,,
VAI-01153,2025-07-26,Outbound,Travel,Southern Europe,1000+,AE05,Qualified,2025-07-31,,,,,
VAI-01154,2025-07-20,Paid Search,Professional Services,CEE,201-500,AE07,Demo Completed,2025-07-24,2025-08-13,,,,
VAI-01155,2025-05-13,Paid Search,SaaS,DACH,1-50,AE01,Qualified,2025-05-15,,,,,
VAI-01156,2025-08-02,Referral,Fintech,UK & Ireland,51-200,AE04,Qualified,2025-08-07,,,,,
VAI-01157,2025-03-26,Organic Search,Healthcare,UK & Ireland,51-200,AE01,Unqualified,,,,,,
VAI-01158,2025-06-15,Paid Search,Healthcare,Southern Europe,51-200,AE02,Unqualified,,,,,,
VAI-01159,2025-10-11,Events,Fintech,Nordics,501-1000,AE07,Qualified,2025-10-18,,,,,
VAI-01160,2025-07-06,Partners,Fintech,Southern Europe,51-200,AE05,Closed Lost,2025-07-12,2025-07-18,2025-08-02,2025-08-18,16000.0,Competitor
VAI-01161,2025-08-27,Partners,Travel,Southern Europe,1-50,AE07,Closed Lost,2025-08-30,2025-09-05,2025-09-21,2025-10-07,7000.0,Competitor
VAI-01162,2025-12-11,LinkedIn,Media,Benelux,1-50,AE06,Unqualified,,,,,,
VAI-01163,2025-04-15,Referral,SaaS,UK & Ireland,1-50,AE08,Demo Completed,2025-04-16,2025-04-20,,,,
VAI-01164,2025-11-29,Outbound,Healthcare,UK & Ireland,1-50,AE04,Qualified,2025-12-03,,,,,
VAI-01165,2025-07-22,Events,Healthcare,DACH,51-200,AE04,Unqualified,,,,,,
VAI-01166,2025-12-18,Outbound,Professional Services,Benelux,1-50,AE01,Unqualified,,,,,,
VAI-01167,2025-07-09,Organic Search,HR Tech,CEE,51-200,AE02,Unqualified,,,,,,
VAI-01168,2025-04-18,Outbound,Professional Services,DACH,51-200,AE07,Demo Completed,2025-04-25,2025-04-29,,,,
VAI-01169,2025-07-19,Organic Search,Healthcare,Benelux,1000+,AE01,Qualified,2025-07-22,,,,,
VAI-01170,2025-01-10,Organic Search,E-commerce,DACH,51-200,AE02,Unqualified,,,,,,
VAI-01171,2025-01-28,Organic Search,Healthcare,CEE,1000+,AE08,Unqualified,,,,,,
VAI-01172,2025-03-05,Events,E-commerce,DACH,51-200,AE03,Qualified,2025-03-10,,,,,
VAI-01173,2025-09-25,LinkedIn,Media,Benelux,501-1000,AE02,Unqualified,,,,,,
VAI-01174,2025-09-03,Paid Search,SaaS,Southern Europe,51-200,AE03,Demo Completed,2025-09-09,2025-09-11,,,,
VAI-01175,2025-01-27,Partners,Media,CEE,51-200,AE04,Unqualified,,,,,,
VAI-01176,2025-04-22,Organic Search,Travel,Benelux,1000+,AE03,Closed Won,2025-04-25,2025-05-12,2025-05-17,2025-06-28,94000.0,
VAI-01177,2025-09-04,Outbound,Healthcare,UK & Ireland,51-200,AE04,Unqualified,,,,,,
VAI-01178,2025-01-01,Outbound,Professional Services,CEE,1000+,AE07,Unqualified,,,,,,
VAI-01179,2025-07-06,LinkedIn,Fintech,DACH,51-200,AE01,Closed Won,2025-07-08,2025-07-19,2025-07-27,2025-08-02,19500.0,
VAI-01180,2025-09-03,Paid Search,Healthcare,UK & Ireland,201-500,AE07,Qualified,2025-09-07,,,,,
VAI-01181,2025-12-26,LinkedIn,Healthcare,Benelux,1000+,AE01,Unqualified,,,,,,
VAI-01182,2025-01-13,Outbound,E-commerce,CEE,1000+,AE01,Unqualified,,,,,,
VAI-01183,2025-06-15,Paid Search,HR Tech,DACH,51-200,AE08,Closed Won,2025-06-16,2025-06-20,2025-06-27,2025-07-29,20000.0,
VAI-01184,2025-12-19,Referral,HR Tech,UK & Ireland,201-500,AE06,Unqualified,,,,,,
VAI-01185,2025-08-02,Paid Search,Professional Services,CEE,1000+,AE05,Unqualified,,,,,,
VAI-01186,2025-07-04,LinkedIn,Media,CEE,201-500,AE03,Unqualified,,,,,,
VAI-01187,2025-07-11,Outbound,Healthcare,UK & Ireland,201-500,AE03,Unqualified,,,,,,
VAI-01188,2025-03-20,LinkedIn,E-commerce,CEE,201-500,AE06,Unqualified,,,,,,
VAI-01189,2025-02-08,Organic Search,Healthcare,Nordics,51-200,AE01,Demo Completed,2025-02-11,2025-02-19,,,,
VAI-01190,2025-08-10,Outbound,Professional Services,CEE,501-1000,AE04,Unqualified,,,,,,
VAI-01191,2025-09-23,LinkedIn,Healthcare,Benelux,51-200,AE03,Demo Completed,2025-09-30,2025-10-07,,,,
VAI-01192,2025-02-05,Paid Search,SaaS,DACH,1-50,AE08,Closed Lost,2025-02-11,2025-02-16,2025-02-17,2025-02-24,7000.0,Price
VAI-01193,2025-11-22,Partners,E-commerce,CEE,501-1000,AE05,Closed Won,2025-11-25,2025-12-04,2025-12-08,2025-12-11,50000.0,
VAI-01194,2025-06-26,Paid Search,SaaS,Benelux,51-200,AE07,Qualified,2025-06-29,,,,,
VAI-01195,2025-07-31,Outbound,Fintech,Nordics,1000+,AE08,Qualified,2025-08-11,,,,,
VAI-01196,2025-02-13,Organic Search,Fintech,Southern Europe,501-1000,AE02,Closed Lost,2025-02-16,2025-02-23,2025-03-01,2025-03-20,51000.0,Competitor
VAI-01197,2025-11-16,Partners,E-commerce,Benelux,51-200,AE05,Unqualified,,,,,,
VAI-01198,2025-07-03,Events,Professional Services,Benelux,51-200,AE04,Closed Won,2025-07-05,2025-07-16,2025-07-30,2025-08-10,10500.0,
VAI-01199,2025-11-16,Organic Search,E-commerce,Benelux,1000+,AE08,Closed Lost,2025-11-21,2025-11-25,2025-11-30,2025-12-26,70000.0,Missing feature
VAI-01200,2025-01-25,Paid Search,Professional Services,Benelux,501-1000,AE07,Demo Completed,2025-01-27,2025-01-30,,,,
VAI-01201,2025-04-09,Referral,Healthcare,Benelux,1-50,AE01,Unqualified,,,,,,
VAI-01202,2025-09-03,Outbound,Fintech,UK & Ireland,201-500,AE06,Unqualified,,,,,,
VAI-01203,2025-12-24,Outbound,Healthcare,UK & Ireland,201-500,AE06,Unqualified,,,,,,
VAI-01204,2025-10-25,Referral,SaaS,UK & Ireland,201-500,AE02,Demo Completed,2025-10-30,2025-11-01,,,,
VAI-01205,2025-11-10,LinkedIn,HR Tech,DACH,1-50,AE08,Unqualified,,,,,,
VAI-01206,2025-12-28,LinkedIn,Travel,Nordics,501-1000,AE04,Unqualified,,,,,,
VAI-01207,2025-12-26,Outbound,E-commerce,Benelux,51-200,AE01,Unqualified,,,,,,
VAI-01208,2025-05-04,LinkedIn,Travel,Southern Europe,51-200,AE07,Qualified,2025-05-08,,,,,
VAI-01209,2025-08-26,Paid Search,Media,CEE,201-500,AE01,Unqualified,,,,,,
VAI-01210,2025-08-06,Organic Search,Healthcare,DACH,501-1000,AE02,Qualified,2025-08-17,,,,,
VAI-01211,2025-08-26,Outbound,HR Tech,CEE,1000+,AE02,Closed Lost,2025-09-06,2025-09-12,2025-09-25,2025-10-16,60500.0,Price
VAI-01212,2025-12-23,LinkedIn,Fintech,CEE,201-500,AE01,Qualified,2025-12-25,,,,,
VAI-01213,2025-10-03,Referral,Media,UK & Ireland,51-200,AE08,Qualified,2025-10-05,,,,,
VAI-01214,2025-05-14,Organic Search,SaaS,UK & Ireland,201-500,AE02,Demo Completed,2025-05-15,2025-05-16,,,,
VAI-01215,2025-09-28,LinkedIn,Media,Nordics,1-50,AE04,Closed Lost,2025-09-30,2025-10-15,2025-10-19,2025-11-09,4000.0,No decision
VAI-01216,2025-07-13,Paid Search,Healthcare,Benelux,1000+,AE08,Qualified,2025-07-14,,,,,
VAI-01217,2025-03-22,Outbound,Professional Services,DACH,1-50,AE03,Qualified,2025-03-26,,,,,
VAI-01218,2025-08-04,Organic Search,Fintech,DACH,201-500,AE07,Closed Lost,2025-08-06,2025-08-16,2025-08-24,2025-08-28,28500.0,No decision
VAI-01219,2025-12-19,LinkedIn,SaaS,UK & Ireland,501-1000,AE04,Unqualified,,,,,,
VAI-01220,2025-02-02,Organic Search,Healthcare,UK & Ireland,51-200,AE08,Qualified,2025-02-09,,,,,
VAI-01221,2025-04-12,Paid Search,Fintech,Nordics,51-200,AE01,Unqualified,,,,,,
VAI-01222,2025-02-18,Events,SaaS,DACH,51-200,AE04,Demo Completed,2025-02-21,2025-03-04,,,,
VAI-01223,2025-11-20,Organic Search,SaaS,Nordics,501-1000,AE06,Qualified,2025-11-21,,,,,
VAI-01224,2025-12-27,Paid Search,Professional Services,DACH,51-200,AE01,Closed Lost,2025-12-29,2026-01-06,2026-01-10,2026-02-09,13000.0,Missing feature
VAI-01225,2025-08-03,Outbound,Media,CEE,501-1000,AE06,Qualified,2025-08-04,,,,,
VAI-01226,2025-02-16,Outbound,E-commerce,UK & Ireland,1-50,AE01,Unqualified,,,,,,
VAI-01227,2025-08-26,Events,HR Tech,UK & Ireland,1000+,AE08,Closed Won,2025-09-02,2025-09-08,2025-10-19,2025-11-29,100500.0,
VAI-01228,2025-04-21,Events,Healthcare,DACH,1-50,AE02,Unqualified,,,,,,
VAI-01229,2025-12-14,Events,HR Tech,DACH,1000+,AE01,Demo Completed,2025-12-20,2026-01-01,,,,
VAI-01230,2025-05-15,Outbound,SaaS,DACH,201-500,AE07,Demo Completed,2025-05-18,2025-06-04,,,,
VAI-01231,2025-07-15,Paid Search,SaaS,Southern Europe,201-500,AE08,Qualified,2025-07-25,,,,,
VAI-01232,2025-04-23,Referral,Travel,DACH,51-200,AE02,Unqualified,,,,,,
VAI-01233,2025-08-03,Organic Search,Professional Services,DACH,201-500,AE08,Qualified,2025-08-06,,,,,
VAI-01234,2025-07-15,Partners,Professional Services,CEE,501-1000,AE01,Qualified,2025-07-17,,,,,
VAI-01235,2025-08-31,Outbound,Travel,Nordics,1-50,AE06,Unqualified,,,,,,
VAI-01236,2025-12-28,Partners,Travel,CEE,51-200,AE08,Qualified,2025-12-30,,,,,
VAI-01237,2025-08-01,Outbound,E-commerce,CEE,1-50,AE01,Unqualified,,,,,,
VAI-01238,2025-09-18,Organic Search,Travel,Southern Europe,1000+,AE06,Unqualified,,,,,,
VAI-01239,2025-09-09,Outbound,Media,Benelux,51-200,AE01,Unqualified,,,,,,
VAI-01240,2025-11-24,Referral,Healthcare,UK & Ireland,1000+,AE03,Closed Won,2025-11-30,2025-12-02,2025-12-13,2025-12-29,80000.0,
VAI-01241,2025-02-16,LinkedIn,HR Tech,CEE,51-200,AE03,Unqualified,,,,,,
VAI-01242,2025-03-26,Organic Search,Fintech,UK & Ireland,501-1000,AE01,Unqualified,,,,,,
VAI-01243,2025-07-11,LinkedIn,Fintech,Southern Europe,201-500,AE02,Qualified,2025-07-15,,,,,
VAI-01244,2025-06-25,Outbound,HR Tech,UK & Ireland,51-200,AE01,Unqualified,,,,,,
VAI-01245,2025-12-20,Paid Search,SaaS,UK & Ireland,501-1000,AE08,Unqualified,,,,,,
VAI-01246,2025-02-09,Partners,Professional Services,CEE,51-200,AE04,Closed Lost,2025-02-13,2025-02-16,2025-02-25,2025-03-17,18000.0,Competitor
VAI-01247,2025-08-05,Partners,Travel,DACH,501-1000,AE04,Unqualified,,,,,,
VAI-01248,2025-09-22,Referral,SaaS,Southern Europe,201-500,AE03,Qualified,2025-09-25,,,,,
VAI-01249,2025-10-09,LinkedIn,Travel,CEE,51-200,AE05,Qualified,2025-10-11,,,,,
VAI-01250,2025-01-05,Outbound,SaaS,CEE,51-200,AE05,Qualified,2025-01-13,,,,,
