call_id,account_id,agent_id,department,started_at,duration_minutes,wait_minutes,recording_ref
CL00001,AC0105,A006,Support,2026-07-02 12:00:00,2,2.1,recording://CL00001
CL00002,AC0065,A024,Support,2025-12-03 19:00:00,16,3.8,recording://CL00002
CL00003,AC0150,A054,Sales,2026-01-27 17:00:00,19,3.5,recording://CL00003
CL00004,AC0016,A041,Sales,2025-12-11 08:00:00,10,0.2,recording://CL00004
CL00005,AC0067,A047,Sales,2025-11-22 17:00:00,17,0.0,recording://CL00005
CL00006,AC0047,A051,Sales,2026-06-09 12:00:00,13,0.8,recording://CL00006
CL00007,AC0086,A023,Support,2026-07-19 15:00:00,27,0.3,recording://CL00007
CL00008,AC0117,A018,Support,2026-01-28 12:00:00,34,2.1,recording://CL00008
CL00009,AC0047,A052,Sales,2026-07-29 15:00:00,12,2.3,recording://CL00009
CL00010,AC0088,A003,Support,2025-12-13 16:00:00,24,2.3,recording://CL00010
CL00011,AC0125,A042,Sales,2026-06-02 17:00:00,11,1.5,recording://CL00011
CL00012,AC0088,A049,Sales,2026-05-09 17:00:00,19,2.4,recording://CL00012
CL00013,AC0088,A017,Support,2026-01-05 19:00:00,12,2.8,recording://CL00013
CL00014,AC0041,A041,Sales,2026-04-10 15:00:00,9,0.7,recording://CL00014
CL00015,AC0088,A054,Sales,2026-07-19 18:00:00,17,1.7,recording://CL00015
CL00016,AC0024,A052,Sales,2025-10-01 17:00:00,25,1.4,recording://CL00016
CL00017,AC0018,A055,Sales,2026-04-17 10:00:00,19,0.9,recording://CL00017
CL00018,AC0047,A055,Sales,2025-10-23 14:00:00,33,1.6,recording://CL00018
CL00019,AC0100,A007,Support,2025-12-26 08:00:00,12,1.3,recording://CL00019
CL00020,AC0065,A052,Sales,2026-08-22 17:00:00,23,1.0,recording://CL00020
CL00021,AC0047,A053,Sales,2025-09-12 10:00:00,3,1.2,recording://CL00021
CL00022,AC0034,A036,Support,2026-04-29 13:00:00,11,1.0,recording://CL00022
CL00023,AC0117,A016,Support,2025-10-10 16:00:00,13,2.5,recording://CL00023
CL00024,AC0057,A005,Support,2025-09-02 09:00:00,13,3.4,recording://CL00024
CL00025,AC0130,A051,Sales,2025-11-18 10:00:00,16,2.5,recording://CL00025
CL00026,AC0085,A039,Sales,2025-10-06 08:00:00,13,0.6,recording://CL00026
CL00027,AC0086,A045,Sales,2025-09-14 11:00:00,18,4.2,recording://CL00027
CL00028,AC0096,A031,Support,2026-07-10 15:00:00,17,2.0,recording://CL00028
CL00029,AC0040,A036,Support,2025-10-31 11:00:00,5,3.4,recording://CL00029
CL00030,AC0047,A043,Sales,2025-12-08 12:00:00,12,2.0,recording://CL00030
CL00031,AC0047,A044,Sales,2026-01-11 16:00:00,14,3.4,recording://CL00031
CL00032,AC0078,A053,Sales,2026-06-18 14:00:00,15,1.7,recording://CL00032
CL00033,AC0092,A051,Sales,2026-05-12 19:00:00,11,1.2,recording://CL00033
CL00034,AC0086,A008,Support,2025-09-19 10:00:00,11,0.6,recording://CL00034
CL00035,AC0101,A045,Sales,2025-12-04 14:00:00,32,2.3,recording://CL00035
CL00036,AC0099,A049,Sales,2026-07-01 09:00:00,14,2.7,recording://CL00036
CL00037,AC0132,A046,Sales,2026-08-26 13:00:00,9,1.6,recording://CL00037
CL00038,AC0132,A041,Sales,2026-06-21 15:00:00,38,1.4,recording://CL00038
CL00039,AC0150,A042,Sales,2026-01-27 15:00:00,27,1.6,recording://CL00039
CL00040,AC0075,A030,Support,2025-10-25 14:00:00,19,1.1,recording://CL00040
CL00041,AC0085,A028,Support,2026-08-06 12:00:00,14,1.8,recording://CL00041
CL00042,AC0003,A042,Sales,2026-06-28 12:00:00,15,2.6,recording://CL00042
CL00043,AC0041,A056,Sales,2026-03-10 13:00:00,12,2.0,recording://CL00043
CL00044,AC0004,A042,Sales,2025-10-19 09:00:00,20,0.3,recording://CL00044
CL00045,AC0030,A015,Support,2026-07-08 12:00:00,21,1.3,recording://CL00045
CL00046,AC0117,A054,Sales,2025-12-31 14:00:00,12,1.9,recording://CL00046
CL00047,AC0004,A042,Sales,2026-06-15 12:00:00,16,2.5,recording://CL00047
CL00048,AC0087,A049,Sales,2026-01-30 10:00:00,23,1.6,recording://CL00048
CL00049,AC0092,A039,Sales,2026-03-17 15:00:00,14,2.7,recording://CL00049
CL00050,AC0113,A034,Support,2026-01-10 19:00:00,10,3.1,recording://CL00050
CL00051,AC0087,A053,Sales,2026-07-24 14:00:00,21,1.4,recording://CL00051
CL00052,AC0058,A044,Sales,2026-01-15 09:00:00,25,2.8,recording://CL00052
CL00053,AC0085,A043,Sales,2026-01-02 10:00:00,15,2.5,recording://CL00053
CL00054,AC0066,A032,Support,2026-08-04 08:00:00,16,2.1,recording://CL00054
CL00055,AC0102,A012,Support,2025-09-17 16:00:00,8,3.2,recording://CL00055
CL00056,AC0018,A054,Sales,2026-05-18 17:00:00,15,3.0,recording://CL00056
CL00057,AC0027,A027,Support,2026-07-26 11:00:00,11,0.1,recording://CL00057
CL00058,AC0048,A049,Sales,2026-06-08 09:00:00,22,2.1,recording://CL00058
CL00059,AC0063,A049,Sales,2025-10-12 16:00:00,26,1.4,recording://CL00059
CL00060,AC0016,A013,Support,2026-04-25 18:00:00,12,2.3,recording://CL00060
CL00061,AC0100,A050,Sales,2026-02-09 19:00:00,19,2.5,recording://CL00061
CL00062,AC0100,A054,Sales,2025-11-20 15:00:00,6,0.5,recording://CL00062
CL00063,AC0079,A055,Sales,2026-06-19 15:00:00,7,3.0,recording://CL00063
CL00064,AC0057,A044,Sales,2026-06-28 11:00:00,21,2.3,recording://CL00064
CL00065,AC0081,A044,Sales,2026-06-18 19:00:00,21,3.7,recording://CL00065
CL00066,AC0130,A042,Sales,2026-04-19 19:00:00,22,3.8,recording://CL00066
CL00067,AC0069,A056,Sales,2026-02-22 19:00:00,23,2.2,recording://CL00067
CL00068,AC0071,A046,Sales,2025-11-10 19:00:00,18,3.1,recording://CL00068
CL00069,AC0072,A053,Sales,2025-11-11 11:00:00,27,1.4,recording://CL00069
CL00070,AC0089,A006,Support,2026-01-20 19:00:00,24,1.0,recording://CL00070
CL00071,AC0057,A044,Sales,2026-05-01 14:00:00,35,1.6,recording://CL00071
CL00072,AC0039,A056,Sales,2026-01-06 08:00:00,19,2.4,recording://CL00072
CL00073,AC0141,A043,Sales,2026-04-06 13:00:00,19,1.1,recording://CL00073
CL00074,AC0024,A044,Sales,2025-12-25 17:00:00,20,0.9,recording://CL00074
CL00075,AC0108,A007,Support,2026-04-13 15:00:00,17,3.1,recording://CL00075
CL00076,AC0004,A014,Support,2026-01-10 16:00:00,12,0.0,recording://CL00076
CL00077,AC0011,A043,Sales,2026-05-15 10:00:00,19,2.7,recording://CL00077
CL00078,AC0070,A040,Sales,2026-02-07 08:00:00,20,1.1,recording://CL00078
CL00079,AC0024,A013,Support,2026-03-26 15:00:00,13,3.3,recording://CL00079
CL00080,AC0017,A053,Sales,2025-12-14 08:00:00,12,2.3,recording://CL00080
CL00081,AC0094,A043,Sales,2026-04-03 17:00:00,27,0.9,recording://CL00081
CL00082,AC0141,A044,Sales,2025-11-08 08:00:00,9,1.3,recording://CL00082
CL00083,AC0046,A053,Sales,2025-10-16 13:00:00,7,1.8,recording://CL00083
CL00084,AC0062,A056,Sales,2025-12-25 13:00:00,10,2.1,recording://CL00084
CL00085,AC0102,A033,Support,2026-03-08 17:00:00,12,2.4,recording://CL00085
CL00086,AC0057,A030,Support,2026-02-09 19:00:00,22,2.5,recording://CL00086
CL00087,AC0024,A056,Sales,2025-11-30 19:00:00,12,1.6,recording://CL00087
CL00088,AC0006,A044,Sales,2025-12-25 11:00:00,42,1.9,recording://CL00088
CL00089,AC0087,A044,Sales,2026-06-24 16:00:00,14,1.7,recording://CL00089
CL00090,AC0072,A013,Support,2025-10-23 18:00:00,7,1.0,recording://CL00090
CL00091,AC0124,A004,Support,2025-09-29 15:00:00,13,2.0,recording://CL00091
CL00092,AC0140,A033,Support,2026-04-26 16:00:00,18,1.4,recording://CL00092
CL00093,AC0064,A020,Support,2025-12-18 17:00:00,9,3.5,recording://CL00093
CL00094,AC0099,A049,Sales,2026-08-04 13:00:00,22,1.4,recording://CL00094
CL00095,AC0049,A038,Support,2025-12-08 11:00:00,20,2.0,recording://CL00095
CL00096,AC0134,A051,Sales,2025-10-11 18:00:00,2,2.1,recording://CL00096
CL00097,AC0121,A007,Support,2026-04-04 19:00:00,13,1.4,recording://CL00097
CL00098,AC0041,A040,Sales,2026-02-02 16:00:00,14,2.7,recording://CL00098
CL00099,AC0058,A022,Support,2025-09-29 17:00:00,16,3.4,recording://CL00099
CL00100,AC0132,A005,Support,2026-07-02 18:00:00,41,3.4,recording://CL00100
CL00101,AC0053,A046,Sales,2025-10-21 08:00:00,13,3.6,recording://CL00101
CL00102,AC0090,A042,Sales,2026-07-06 18:00:00,6,1.6,recording://CL00102
CL00103,AC0008,A052,Sales,2025-09-02 12:00:00,18,0.4,recording://CL00103
CL00104,AC0003,A055,Sales,2025-10-21 16:00:00,18,1.9,recording://CL00104
CL00105,AC0142,A050,Sales,2025-10-05 18:00:00,21,1.7,recording://CL00105
CL00106,AC0057,A022,Support,2026-01-26 18:00:00,16,2.7,recording://CL00106
CL00107,AC0032,A030,Support,2025-09-18 10:00:00,47,2.1,recording://CL00107
CL00108,AC0005,A025,Support,2025-12-11 16:00:00,6,2.2,recording://CL00108
CL00109,AC0060,A052,Sales,2026-01-24 10:00:00,15,2.3,recording://CL00109
CL00110,AC0132,A055,Sales,2026-07-14 13:00:00,8,2.6,recording://CL00110
CL00111,AC0047,A043,Sales,2025-09-22 12:00:00,26,1.7,recording://CL00111
CL00112,AC0018,A052,Sales,2026-05-16 16:00:00,13,0.3,recording://CL00112
CL00113,AC0100,A026,Support,2026-07-06 19:00:00,15,0.9,recording://CL00113
CL00114,AC0120,A028,Support,2026-01-27 08:00:00,16,1.0,recording://CL00114
CL00115,AC0089,A056,Sales,2026-07-20 11:00:00,15,2.6,recording://CL00115
CL00116,AC0018,A041,Sales,2026-05-18 09:00:00,13,2.6,recording://CL00116
CL00117,AC0065,A039,Sales,2026-04-12 11:00:00,20,0.7,recording://CL00117
CL00118,AC0098,A018,Support,2026-07-24 17:00:00,8,2.4,recording://CL00118
CL00119,AC0030,A013,Support,2026-06-05 10:00:00,13,1.1,recording://CL00119
CL00120,AC0100,A041,Sales,2026-02-05 10:00:00,15,1.3,recording://CL00120
CL00121,AC0132,A054,Sales,2026-02-10 13:00:00,15,2.4,recording://CL00121
CL00122,AC0046,A044,Sales,2025-12-15 13:00:00,16,0.7,recording://CL00122
CL00123,AC0140,A049,Sales,2025-09-21 18:00:00,22,1.1,recording://CL00123
CL00124,AC0103,A007,Support,2026-04-18 10:00:00,15,0.7,recording://CL00124
CL00125,AC0137,A048,Sales,2026-06-24 14:00:00,8,2.6,recording://CL00125
CL00126,AC0061,A034,Support,2026-06-13 18:00:00,5,2.5,recording://CL00126
CL00127,AC0121,A009,Support,2025-09-09 12:00:00,11,3.0,recording://CL00127
CL00128,AC0087,A055,Sales,2026-04-12 10:00:00,17,1.3,recording://CL00128
CL00129,AC0060,A015,Support,2026-08-23 16:00:00,11,1.4,recording://CL00129
CL00130,AC0090,A042,Sales,2025-09-09 08:00:00,22,3.0,recording://CL00130
CL00131,AC0049,A035,Support,2026-07-14 17:00:00,24,3.3,recording://CL00131
CL00132,AC0058,A048,Sales,2026-03-30 16:00:00,27,1.1,recording://CL00132
CL00133,AC0088,A053,Sales,2025-09-30 09:00:00,8,2.0,recording://CL00133
CL00134,AC0074,A048,Sales,2026-01-19 09:00:00,12,2.3,recording://CL00134
CL00135,AC0067,A013,Support,2026-01-20 19:00:00,21,1.0,recording://CL00135
CL00136,AC0027,A046,Sales,2026-05-21 18:00:00,6,0.9,recording://CL00136
CL00137,AC0056,A054,Sales,2025-09-24 18:00:00,10,2.9,recording://CL00137
CL00138,AC0132,A044,Sales,2025-10-21 17:00:00,7,1.9,recording://CL00138
CL00139,AC0073,A049,Sales,2026-08-13 12:00:00,20,0.7,recording://CL00139
CL00140,AC0085,A008,Support,2025-11-11 18:00:00,19,2.1,recording://CL00140
CL00141,AC0150,A027,Support,2026-02-14 14:00:00,21,1.4,recording://CL00141
CL00142,AC0008,A020,Support,2025-11-28 16:00:00,12,1.3,recording://CL00142
CL00143,AC0053,A033,Support,2026-04-09 10:00:00,14,0.5,recording://CL00143
CL00144,AC0006,A005,Support,2026-04-11 17:00:00,17,1.4,recording://CL00144
CL00145,AC0060,A040,Sales,2026-02-16 14:00:00,11,1.8,recording://CL00145
CL00146,AC0080,A052,Sales,2025-12-02 13:00:00,14,0.8,recording://CL00146
CL00147,AC0037,A042,Sales,2025-11-06 19:00:00,22,1.2,recording://CL00147
CL00148,AC0046,A041,Sales,2026-08-10 15:00:00,26,3.0,recording://CL00148
CL00149,AC0002,A004,Support,2026-05-17 17:00:00,20,0.5,recording://CL00149
CL00150,AC0139,A042,Sales,2026-04-03 15:00:00,13,0.1,recording://CL00150
CL00151,AC0011,A044,Sales,2026-04-15 14:00:00,15,0.9,recording://CL00151
CL00152,AC0085,A044,Sales,2025-12-07 18:00:00,21,1.2,recording://CL00152
CL00153,AC0138,A042,Sales,2026-01-24 17:00:00,20,1.8,recording://CL00153
CL00154,AC0120,A056,Sales,2026-05-04 11:00:00,10,2.2,recording://CL00154
CL00155,AC0146,A008,Support,2026-02-09 11:00:00,11,1.2,recording://CL00155
CL00156,AC0047,A045,Sales,2025-10-20 16:00:00,9,2.8,recording://CL00156
CL00157,AC0140,A013,Support,2025-12-14 19:00:00,20,1.3,recording://CL00157
CL00158,AC0121,A005,Support,2026-06-24 19:00:00,6,0.2,recording://CL00158
CL00159,AC0013,A019,Support,2025-10-13 09:00:00,11,0.6,recording://CL00159
CL00160,AC0121,A049,Sales,2025-10-14 09:00:00,16,0.6,recording://CL00160
CL00161,AC0070,A047,Sales,2025-09-04 15:00:00,38,1.6,recording://CL00161
CL00162,AC0011,A039,Sales,2025-11-30 08:00:00,23,1.3,recording://CL00162
CL00163,AC0117,A026,Support,2026-08-21 09:00:00,13,1.7,recording://CL00163
CL00164,AC0087,A054,Sales,2026-04-07 12:00:00,19,0.8,recording://CL00164
CL00165,AC0105,A052,Sales,2025-10-15 15:00:00,19,2.5,recording://CL00165
CL00166,AC0098,A043,Sales,2025-10-18 16:00:00,11,1.8,recording://CL00166
CL00167,AC0132,A056,Sales,2026-07-19 17:00:00,9,1.3,recording://CL00167
CL00168,AC0016,A048,Sales,2025-09-26 11:00:00,15,2.0,recording://CL00168
CL00169,AC0140,A050,Sales,2026-07-31 08:00:00,10,1.3,recording://CL00169
CL00170,AC0086,A047,Sales,2025-11-22 08:00:00,24,1.9,recording://CL00170
CL00171,AC0126,A045,Sales,2026-05-05 11:00:00,2,0.0,recording://CL00171
CL00172,AC0006,A019,Support,2025-12-23 15:00:00,20,2.6,recording://CL00172
CL00173,AC0090,A029,Support,2026-05-21 11:00:00,10,2.8,recording://CL00173
CL00174,AC0074,A039,Sales,2026-01-25 08:00:00,13,1.7,recording://CL00174
CL00175,AC0132,A055,Sales,2026-02-28 13:00:00,13,1.4,recording://CL00175
CL00176,AC0149,A051,Sales,2025-09-01 13:00:00,17,3.5,recording://CL00176
CL00177,AC0121,A030,Support,2025-11-08 19:00:00,16,1.3,recording://CL00177
CL00178,AC0134,A025,Support,2026-02-25 08:00:00,14,1.9,recording://CL00178
CL00179,AC0030,A033,Support,2025-11-02 14:00:00,23,1.4,recording://CL00179
CL00180,AC0066,A035,Support,2025-12-31 19:00:00,19,1.5,recording://CL00180
CL00181,AC0111,A010,Support,2025-12-08 12:00:00,16,2.9,recording://CL00181
CL00182,AC0030,A002,Support,2025-10-22 17:00:00,24,1.1,recording://CL00182
CL00183,AC0052,A045,Sales,2026-02-02 12:00:00,26,0.0,recording://CL00183
CL00184,AC0009,A001,Support,2025-09-19 15:00:00,23,1.1,recording://CL00184
CL00185,AC0049,A048,Sales,2026-01-02 15:00:00,13,3.6,recording://CL00185
CL00186,AC0004,A043,Sales,2025-11-23 13:00:00,20,3.1,recording://CL00186
CL00187,AC0114,A023,Support,2026-06-13 18:00:00,17,0.7,recording://CL00187
CL00188,AC0092,A039,Sales,2026-06-27 18:00:00,20,2.0,recording://CL00188
CL00189,AC0040,A054,Sales,2025-09-18 12:00:00,34,2.3,recording://CL00189
CL00190,AC0099,A016,Support,2025-09-01 14:00:00,13,1.3,recording://CL00190
CL00191,AC0121,A040,Sales,2026-05-31 13:00:00,3,2.9,recording://CL00191
CL00192,AC0102,A056,Sales,2026-08-26 12:00:00,26,1.4,recording://CL00192
CL00193,AC0111,A056,Sales,2025-11-17 11:00:00,26,0.0,recording://CL00193
CL00194,AC0064,A050,Sales,2026-03-21 09:00:00,15,0.5,recording://CL00194
CL00195,AC0018,A014,Support,2026-01-20 09:00:00,42,1.8,recording://CL00195
CL00196,AC0127,A027,Support,2026-03-28 16:00:00,12,2.9,recording://CL00196
CL00197,AC0133,A018,Support,2026-05-21 14:00:00,26,1.6,recording://CL00197
CL00198,AC0064,A022,Support,2026-05-16 11:00:00,17,2.4,recording://CL00198
CL00199,AC0123,A050,Sales,2026-04-05 14:00:00,16,0.4,recording://CL00199
CL00200,AC0087,A031,Support,2026-01-19 15:00:00,14,1.5,recording://CL00200
CL00201,AC0067,A044,Sales,2026-06-12 17:00:00,9,1.6,recording://CL00201
CL00202,AC0136,A005,Support,2026-01-14 16:00:00,25,2.7,recording://CL00202
CL00203,AC0135,A054,Sales,2026-03-12 14:00:00,23,0.6,recording://CL00203
CL00204,AC0129,A039,Sales,2025-10-13 15:00:00,12,1.9,recording://CL00204
CL00205,AC0127,A043,Sales,2025-11-27 19:00:00,13,0.3,recording://CL00205
CL00206,AC0018,A047,Sales,2025-11-28 15:00:00,10,2.9,recording://CL00206
CL00207,AC0060,A042,Sales,2025-12-20 18:00:00,12,1.2,recording://CL00207
CL00208,AC0132,A002,Support,2026-08-26 14:00:00,15,1.8,recording://CL00208
CL00209,AC0094,A029,Support,2026-06-09 09:00:00,22,2.3,recording://CL00209
CL00210,AC0070,A043,Sales,2026-03-17 11:00:00,10,1.9,recording://CL00210
CL00211,AC0033,A043,Sales,2026-05-17 17:00:00,17,1.2,recording://CL00211
CL00212,AC0049,A050,Sales,2026-05-01 12:00:00,24,2.0,recording://CL00212
CL00213,AC0117,A021,Support,2025-10-28 10:00:00,6,0.5,recording://CL00213
CL00214,AC0093,A041,Sales,2026-01-09 13:00:00,16,1.6,recording://CL00214
CL00215,AC0008,A056,Sales,2026-02-04 18:00:00,19,2.8,recording://CL00215
CL00216,AC0064,A056,Sales,2026-04-26 15:00:00,15,2.3,recording://CL00216
CL00217,AC0059,A008,Support,2025-10-28 10:00:00,5,2.1,recording://CL00217
CL00218,AC0018,A027,Support,2026-05-24 09:00:00,35,3.5,recording://CL00218
CL00219,AC0004,A048,Sales,2026-05-17 12:00:00,17,3.2,recording://CL00219
CL00220,AC0081,A055,Sales,2026-02-10 08:00:00,9,3.7,recording://CL00220
CL00221,AC0117,A042,Sales,2026-04-20 18:00:00,12,1.5,recording://CL00221
CL00222,AC0066,A047,Sales,2026-07-25 16:00:00,5,3.1,recording://CL00222
CL00223,AC0087,A041,Sales,2026-06-15 15:00:00,7,1.8,recording://CL00223
CL00224,AC0060,A049,Sales,2025-12-22 16:00:00,5,1.8,recording://CL00224
CL00225,AC0064,A040,Sales,2025-12-13 08:00:00,8,1.6,recording://CL00225
CL00226,AC0141,A053,Sales,2026-04-21 09:00:00,18,0.6,recording://CL00226
CL00227,AC0100,A012,Support,2026-06-21 10:00:00,10,0.3,recording://CL00227
CL00228,AC0150,A001,Support,2026-03-07 19:00:00,17,3.5,recording://CL00228
CL00229,AC0018,A045,Sales,2026-04-06 13:00:00,6,1.8,recording://CL00229
CL00230,AC0110,A014,Support,2025-09-25 19:00:00,18,3.5,recording://CL00230
CL00231,AC0004,A012,Support,2025-12-26 17:00:00,29,1.2,recording://CL00231
CL00232,AC0107,A055,Sales,2026-05-20 09:00:00,16,1.0,recording://CL00232
CL00233,AC0132,A011,Support,2026-08-06 16:00:00,10,1.1,recording://CL00233
CL00234,AC0068,A039,Sales,2026-03-07 16:00:00,9,0.0,recording://CL00234
CL00235,AC0062,A028,Support,2025-11-13 11:00:00,14,1.1,recording://CL00235
CL00236,AC0066,A043,Sales,2025-12-12 14:00:00,15,0.2,recording://CL00236
CL00237,AC0099,A035,Support,2026-05-18 12:00:00,7,1.5,recording://CL00237
CL00238,AC0027,A044,Sales,2026-01-15 17:00:00,2,0.7,recording://CL00238
CL00239,AC0105,A013,Support,2026-01-06 17:00:00,26,1.7,recording://CL00239
CL00240,AC0149,A055,Sales,2026-07-24 11:00:00,10,2.9,recording://CL00240
CL00241,AC0108,A054,Sales,2025-09-20 11:00:00,11,1.4,recording://CL00241
CL00242,AC0140,A055,Sales,2025-09-25 08:00:00,22,2.3,recording://CL00242
CL00243,AC0017,A046,Sales,2025-09-06 12:00:00,14,0.0,recording://CL00243
CL00244,AC0021,A049,Sales,2026-04-26 09:00:00,5,2.0,recording://CL00244
CL00245,AC0008,A042,Sales,2025-10-03 10:00:00,8,2.3,recording://CL00245
CL00246,AC0105,A004,Support,2026-03-11 14:00:00,12,3.3,recording://CL00246
CL00247,AC0065,A036,Support,2025-09-25 10:00:00,23,1.7,recording://CL00247
CL00248,AC0139,A040,Sales,2026-01-20 11:00:00,20,1.8,recording://CL00248
CL00249,AC0105,A056,Sales,2026-02-22 08:00:00,25,1.8,recording://CL00249
CL00250,AC0047,A042,Sales,2026-01-27 11:00:00,3,2.2,recording://CL00250
CL00251,AC0100,A023,Support,2026-08-15 09:00:00,2,0.9,recording://CL00251
CL00252,AC0049,A044,Sales,2026-03-17 14:00:00,23,2.9,recording://CL00252
CL00253,AC0107,A038,Support,2026-03-29 14:00:00,49,1.4,recording://CL00253
CL00254,AC0119,A052,Sales,2025-12-26 14:00:00,39,1.8,recording://CL00254
CL00255,AC0006,A017,Support,2026-08-25 16:00:00,42,3.5,recording://CL00255
CL00256,AC0091,A049,Sales,2025-11-25 14:00:00,12,2.9,recording://CL00256
CL00257,AC0033,A002,Support,2026-08-08 15:00:00,16,1.1,recording://CL00257
CL00258,AC0079,A046,Sales,2026-03-04 18:00:00,9,3.0,recording://CL00258
CL00259,AC0045,A020,Support,2026-07-04 08:00:00,4,2.3,recording://CL00259
CL00260,AC0140,A002,Support,2026-08-18 08:00:00,3,0.7,recording://CL00260
CL00261,AC0003,A043,Sales,2025-09-17 09:00:00,4,1.7,recording://CL00261
CL00262,AC0047,A040,Sales,2025-10-23 13:00:00,6,1.9,recording://CL00262
CL00263,AC0127,A051,Sales,2026-07-24 19:00:00,22,1.9,recording://CL00263
CL00264,AC0017,A044,Sales,2026-05-20 18:00:00,17,0.7,recording://CL00264
CL00265,AC0047,A006,Support,2026-08-11 11:00:00,5,1.3,recording://CL00265
CL00266,AC0109,A038,Support,2025-12-21 11:00:00,23,1.5,recording://CL00266
CL00267,AC0099,A055,Sales,2026-05-02 11:00:00,11,1.4,recording://CL00267
CL00268,AC0101,A045,Sales,2026-01-19 12:00:00,22,1.8,recording://CL00268
CL00269,AC0062,A039,Sales,2025-12-01 13:00:00,5,2.1,recording://CL00269
CL00270,AC0017,A051,Sales,2026-03-17 10:00:00,30,2.7,recording://CL00270
CL00271,AC0100,A022,Support,2026-02-03 11:00:00,7,1.3,recording://CL00271
CL00272,AC0142,A049,Sales,2026-04-07 16:00:00,15,0.5,recording://CL00272
CL00273,AC0088,A040,Sales,2026-07-04 12:00:00,14,2.0,recording://CL00273
CL00274,AC0003,A051,Sales,2025-11-05 14:00:00,7,1.6,recording://CL00274
CL00275,AC0142,A044,Sales,2025-09-23 18:00:00,11,0.3,recording://CL00275
CL00276,AC0121,A044,Sales,2025-10-18 13:00:00,12,2.1,recording://CL00276
CL00277,AC0018,A044,Sales,2026-07-20 08:00:00,9,1.4,recording://CL00277
CL00278,AC0057,A055,Sales,2025-12-23 09:00:00,11,0.1,recording://CL00278
CL00279,AC0140,A006,Support,2025-10-18 15:00:00,11,3.6,recording://CL00279
CL00280,AC0033,A013,Support,2026-02-24 08:00:00,9,1.3,recording://CL00280
CL00281,AC0068,A036,Support,2025-12-09 12:00:00,13,1.6,recording://CL00281
CL00282,AC0061,A054,Sales,2026-06-19 09:00:00,23,2.8,recording://CL00282
CL00283,AC0065,A007,Support,2026-02-21 15:00:00,31,2.7,recording://CL00283
CL00284,AC0057,A042,Sales,2025-10-21 14:00:00,13,2.3,recording://CL00284
CL00285,AC0008,A019,Support,2026-03-22 12:00:00,23,1.0,recording://CL00285
CL00286,AC0099,A052,Sales,2026-06-29 11:00:00,20,1.8,recording://CL00286
CL00287,AC0071,A006,Support,2026-04-02 15:00:00,15,0.3,recording://CL00287
CL00288,AC0087,A036,Support,2025-12-05 09:00:00,14,1.2,recording://CL00288
CL00289,AC0031,A043,Sales,2026-03-16 17:00:00,17,1.6,recording://CL00289
CL00290,AC0087,A052,Sales,2026-03-17 16:00:00,6,2.1,recording://CL00290
CL00291,AC0047,A041,Sales,2025-09-24 17:00:00,6,0.8,recording://CL00291
CL00292,AC0063,A056,Sales,2026-05-01 10:00:00,4,2.9,recording://CL00292
CL00293,AC0071,A041,Sales,2026-04-20 19:00:00,27,1.6,recording://CL00293
CL00294,AC0085,A044,Sales,2025-12-18 16:00:00,13,2.7,recording://CL00294
CL00295,AC0060,A042,Sales,2025-12-14 12:00:00,23,2.1,recording://CL00295
CL00296,AC0126,A040,Sales,2025-12-16 17:00:00,14,2.7,recording://CL00296
CL00297,AC0100,A040,Sales,2025-09-09 10:00:00,16,0.8,recording://CL00297
CL00298,AC0150,A008,Support,2026-01-30 19:00:00,9,1.3,recording://CL00298
CL00299,AC0057,A050,Sales,2026-06-23 17:00:00,6,2.9,recording://CL00299
CL00300,AC0090,A048,Sales,2025-11-17 09:00:00,8,2.2,recording://CL00300
CL00301,AC0129,A017,Support,2026-07-22 19:00:00,14,1.2,recording://CL00301
CL00302,AC0053,A041,Sales,2025-10-11 16:00:00,20,3.2,recording://CL00302
CL00303,AC0132,A052,Sales,2025-12-03 11:00:00,16,1.6,recording://CL00303
CL00304,AC0105,A001,Support,2026-03-15 18:00:00,18,4.9,recording://CL00304
CL00305,AC0046,A045,Sales,2025-10-08 11:00:00,23,2.4,recording://CL00305
CL00306,AC0042,A044,Sales,2026-02-12 10:00:00,16,1.7,recording://CL00306
CL00307,AC0140,A040,Sales,2026-06-19 12:00:00,10,2.4,recording://CL00307
CL00308,AC0013,A014,Support,2026-08-04 18:00:00,14,0.8,recording://CL00308
CL00309,AC0057,A054,Sales,2026-01-28 08:00:00,24,2.6,recording://CL00309
CL00310,AC0117,A049,Sales,2026-07-11 11:00:00,21,3.8,recording://CL00310
CL00311,AC0137,A040,Sales,2026-02-04 13:00:00,9,1.3,recording://CL00311
CL00312,AC0047,A001,Support,2026-04-12 12:00:00,11,1.0,recording://CL00312
CL00313,AC0070,A055,Sales,2025-11-18 13:00:00,20,1.9,recording://CL00313
CL00314,AC0138,A024,Support,2025-10-02 12:00:00,21,0.0,recording://CL00314
CL00315,AC0006,A049,Sales,2026-07-29 15:00:00,16,0.6,recording://CL00315
CL00316,AC0126,A015,Support,2025-12-27 12:00:00,2,0.4,recording://CL00316
CL00317,AC0117,A040,Sales,2025-11-24 13:00:00,11,1.5,recording://CL00317
CL00318,AC0008,A033,Support,2026-06-19 13:00:00,11,2.9,recording://CL00318
CL00319,AC0132,A056,Sales,2026-08-23 09:00:00,5,1.5,recording://CL00319
CL00320,AC0138,A030,Support,2026-03-25 12:00:00,7,2.9,recording://CL00320
CL00321,AC0073,A041,Sales,2025-10-15 11:00:00,10,1.9,recording://CL00321
CL00322,AC0058,A024,Support,2026-03-20 10:00:00,8,2.5,recording://CL00322
CL00323,AC0047,A052,Sales,2026-07-24 19:00:00,9,2.3,recording://CL00323
CL00324,AC0145,A047,Sales,2026-04-11 19:00:00,26,0.5,recording://CL00324
CL00325,AC0127,A040,Sales,2026-06-29 15:00:00,17,0.5,recording://CL00325
CL00326,AC0045,A044,Sales,2026-07-11 10:00:00,16,3.6,recording://CL00326
CL00327,AC0068,A034,Support,2026-05-02 19:00:00,7,1.0,recording://CL00327
CL00328,AC0087,A056,Sales,2025-09-21 18:00:00,9,2.1,recording://CL00328
CL00329,AC0044,A019,Support,2026-08-01 09:00:00,12,0.5,recording://CL00329
CL00330,AC0107,A029,Support,2025-10-09 09:00:00,15,1.7,recording://CL00330
CL00331,AC0062,A015,Support,2026-02-18 14:00:00,14,3.6,recording://CL00331
CL00332,AC0080,A023,Support,2025-11-16 09:00:00,7,1.8,recording://CL00332
CL00333,AC0117,A054,Sales,2026-05-14 11:00:00,6,3.6,recording://CL00333
CL00334,AC0047,A029,Support,2025-09-05 18:00:00,20,2.3,recording://CL00334
CL00335,AC0095,A018,Support,2025-12-19 11:00:00,15,1.1,recording://CL00335
CL00336,AC0137,A043,Sales,2026-08-19 15:00:00,7,2.7,recording://CL00336
CL00337,AC0125,A051,Sales,2026-02-05 15:00:00,22,2.2,recording://CL00337
CL00338,AC0144,A056,Sales,2025-10-19 16:00:00,19,1.1,recording://CL00338
CL00339,AC0065,A055,Sales,2026-03-22 08:00:00,9,1.4,recording://CL00339
CL00340,AC0005,A055,Sales,2025-10-06 09:00:00,33,2.0,recording://CL00340
CL00341,AC0114,A039,Sales,2025-10-29 15:00:00,24,3.5,recording://CL00341
CL00342,AC0041,A032,Support,2026-01-09 08:00:00,11,1.0,recording://CL00342
CL00343,AC0095,A005,Support,2026-01-10 18:00:00,23,0.8,recording://CL00343
CL00344,AC0128,A054,Sales,2026-01-09 19:00:00,17,1.7,recording://CL00344
CL00345,AC0002,A006,Support,2026-08-10 12:00:00,22,1.5,recording://CL00345
CL00346,AC0070,A001,Support,2025-10-03 09:00:00,15,0.5,recording://CL00346
CL00347,AC0112,A032,Support,2025-11-09 11:00:00,23,3.0,recording://CL00347
CL00348,AC0008,A027,Support,2025-10-26 18:00:00,20,2.7,recording://CL00348
CL00349,AC0064,A006,Support,2026-01-18 17:00:00,19,1.6,recording://CL00349
CL00350,AC0142,A045,Sales,2025-11-02 09:00:00,7,1.6,recording://CL00350
CL00351,AC0065,A047,Sales,2025-12-14 16:00:00,17,1.0,recording://CL00351
CL00352,AC0090,A014,Support,2026-04-24 16:00:00,11,1.7,recording://CL00352
CL00353,AC0138,A052,Sales,2025-10-30 11:00:00,7,1.4,recording://CL00353
CL00354,AC0114,A043,Sales,2026-08-02 10:00:00,17,0.4,recording://CL00354
CL00355,AC0132,A046,Sales,2026-05-08 11:00:00,9,1.3,recording://CL00355
CL00356,AC0006,A056,Sales,2026-02-03 08:00:00,27,0.3,recording://CL00356
CL00357,AC0058,A003,Support,2025-12-16 16:00:00,16,2.0,recording://CL00357
CL00358,AC0030,A041,Sales,2026-06-16 15:00:00,7,2.8,recording://CL00358
CL00359,AC0088,A039,Sales,2026-02-18 17:00:00,17,2.1,recording://CL00359
CL00360,AC0108,A046,Sales,2025-09-03 19:00:00,7,1.6,recording://CL00360
CL00361,AC0003,A027,Support,2026-01-24 11:00:00,12,2.7,recording://CL00361
CL00362,AC0150,A036,Support,2026-02-16 18:00:00,3,0.1,recording://CL00362
CL00363,AC0121,A008,Support,2025-10-10 16:00:00,41,1.4,recording://CL00363
CL00364,AC0144,A004,Support,2025-11-13 16:00:00,19,1.7,recording://CL00364
CL00365,AC0086,A006,Support,2026-03-11 14:00:00,13,3.4,recording://CL00365
CL00366,AC0049,A054,Sales,2025-11-17 12:00:00,23,1.5,recording://CL00366
CL00367,AC0047,A048,Sales,2026-02-14 08:00:00,28,2.6,recording://CL00367
CL00368,AC0030,A042,Sales,2026-07-12 13:00:00,13,0.0,recording://CL00368
CL00369,AC0085,A039,Sales,2026-04-12 11:00:00,9,2.3,recording://CL00369
CL00370,AC0017,A012,Support,2026-02-01 09:00:00,12,1.3,recording://CL00370
CL00371,AC0135,A051,Sales,2026-07-29 11:00:00,13,2.6,recording://CL00371
CL00372,AC0099,A053,Sales,2026-08-11 13:00:00,12,1.8,recording://CL00372
CL00373,AC0125,A048,Sales,2025-11-04 08:00:00,23,1.1,recording://CL00373
CL00374,AC0060,A044,Sales,2026-04-14 10:00:00,7,1.1,recording://CL00374
CL00375,AC0030,A039,Sales,2025-09-14 16:00:00,10,0.5,recording://CL00375
CL00376,AC0100,A046,Sales,2026-03-15 12:00:00,9,2.9,recording://CL00376
CL00377,AC0150,A042,Sales,2026-04-26 13:00:00,17,2.4,recording://CL00377
CL00378,AC0047,A002,Support,2026-01-04 11:00:00,20,0.8,recording://CL00378
CL00379,AC0058,A018,Support,2025-12-01 10:00:00,9,2.6,recording://CL00379
CL00380,AC0045,A040,Sales,2025-10-19 11:00:00,9,1.8,recording://CL00380
CL00381,AC0130,A004,Support,2026-03-13 15:00:00,16,2.8,recording://CL00381
CL00382,AC0064,A029,Support,2026-07-12 14:00:00,19,3.5,recording://CL00382
CL00383,AC0004,A051,Sales,2026-03-06 16:00:00,11,1.3,recording://CL00383
CL00384,AC0113,A047,Sales,2025-09-06 16:00:00,8,1.5,recording://CL00384
CL00385,AC0037,A047,Sales,2026-02-02 11:00:00,34,1.1,recording://CL00385
CL00386,AC0008,A039,Sales,2025-09-14 13:00:00,7,1.5,recording://CL00386
CL00387,AC0090,A016,Support,2026-04-05 16:00:00,25,1.3,recording://CL00387
CL00388,AC0101,A014,Support,2025-10-11 15:00:00,18,1.0,recording://CL00388
CL00389,AC0130,A045,Sales,2026-03-23 17:00:00,12,2.7,recording://CL00389
CL00390,AC0129,A021,Support,2025-09-02 16:00:00,18,2.1,recording://CL00390
CL00391,AC0064,A020,Support,2026-04-11 15:00:00,19,1.1,recording://CL00391
CL00392,AC0121,A054,Sales,2026-06-19 15:00:00,19,1.8,recording://CL00392
CL00393,AC0066,A039,Sales,2025-09-27 17:00:00,15,2.0,recording://CL00393
CL00394,AC0101,A055,Sales,2026-06-12 13:00:00,24,0.7,recording://CL00394
CL00395,AC0050,A050,Sales,2025-09-04 14:00:00,15,0.1,recording://CL00395
CL00396,AC0017,A042,Sales,2025-11-08 11:00:00,4,1.1,recording://CL00396
CL00397,AC0112,A052,Sales,2026-05-09 10:00:00,27,1.9,recording://CL00397
CL00398,AC0058,A043,Sales,2025-12-21 11:00:00,25,1.8,recording://CL00398
CL00399,AC0135,A056,Sales,2026-03-29 13:00:00,18,0.7,recording://CL00399
CL00400,AC0087,A031,Support,2026-01-20 13:00:00,22,2.3,recording://CL00400
CL00401,AC0101,A009,Support,2026-02-09 12:00:00,8,2.1,recording://CL00401
CL00402,AC0130,A030,Support,2026-05-03 17:00:00,13,3.3,recording://CL00402
CL00403,AC0015,A044,Sales,2026-07-03 08:00:00,15,0.7,recording://CL00403
CL00404,AC0124,A018,Support,2026-03-13 12:00:00,17,1.6,recording://CL00404
CL00405,AC0068,A004,Support,2025-10-22 17:00:00,15,0.6,recording://CL00405
CL00406,AC0064,A028,Support,2025-12-22 09:00:00,25,1.3,recording://CL00406
CL00407,AC0148,A040,Sales,2026-08-03 15:00:00,8,1.6,recording://CL00407
CL00408,AC0066,A050,Sales,2026-07-17 13:00:00,23,3.6,recording://CL00408
CL00409,AC0057,A050,Sales,2026-03-05 10:00:00,14,2.9,recording://CL00409
CL00410,AC0105,A041,Sales,2026-05-20 14:00:00,13,1.2,recording://CL00410
CL00411,AC0148,A033,Support,2026-02-24 12:00:00,12,1.5,recording://CL00411
CL00412,AC0099,A041,Sales,2026-01-01 16:00:00,3,0.8,recording://CL00412
CL00413,AC0046,A055,Sales,2026-05-08 14:00:00,10,2.1,recording://CL00413
CL00414,AC0140,A039,Sales,2026-04-06 17:00:00,24,2.8,recording://CL00414
CL00415,AC0105,A043,Sales,2026-08-09 18:00:00,24,3.4,recording://CL00415
CL00416,AC0146,A050,Sales,2025-12-23 15:00:00,10,3.7,recording://CL00416
CL00417,AC0122,A005,Support,2026-02-18 08:00:00,10,0.9,recording://CL00417
CL00418,AC0132,A024,Support,2026-07-01 08:00:00,20,1.1,recording://CL00418
CL00419,AC0071,A046,Sales,2026-04-03 18:00:00,8,2.3,recording://CL00419
CL00420,AC0041,A045,Sales,2026-04-26 13:00:00,21,1.5,recording://CL00420
CL00421,AC0120,A042,Sales,2026-01-15 13:00:00,11,1.6,recording://CL00421
CL00422,AC0065,A020,Support,2026-07-08 15:00:00,29,2.5,recording://CL00422
CL00423,AC0087,A005,Support,2025-11-27 12:00:00,23,1.3,recording://CL00423
CL00424,AC0027,A019,Support,2026-04-28 12:00:00,10,1.0,recording://CL00424
CL00425,AC0101,A055,Sales,2025-12-27 13:00:00,18,2.7,recording://CL00425
CL00426,AC0064,A053,Sales,2026-08-17 12:00:00,20,1.5,recording://CL00426
CL00427,AC0046,A055,Sales,2026-02-20 17:00:00,9,2.8,recording://CL00427
CL00428,AC0070,A027,Support,2026-02-23 14:00:00,6,1.0,recording://CL00428
CL00429,AC0022,A048,Sales,2026-02-23 12:00:00,12,1.7,recording://CL00429
CL00430,AC0025,A047,Sales,2025-10-15 09:00:00,27,2.0,recording://CL00430
CL00431,AC0121,A054,Sales,2026-01-08 15:00:00,6,3.1,recording://CL00431
CL00432,AC0104,A026,Support,2026-04-15 13:00:00,29,2.0,recording://CL00432
CL00433,AC0057,A055,Sales,2026-04-30 18:00:00,12,2.2,recording://CL00433
CL00434,AC0124,A027,Support,2025-10-21 08:00:00,18,2.2,recording://CL00434
CL00435,AC0049,A036,Support,2026-05-26 15:00:00,4,3.4,recording://CL00435
CL00436,AC0100,A020,Support,2025-09-11 08:00:00,19,3.1,recording://CL00436
CL00437,AC0100,A003,Support,2025-12-06 08:00:00,18,1.3,recording://CL00437
CL00438,AC0114,A054,Sales,2025-11-23 08:00:00,21,2.9,recording://CL00438
CL00439,AC0047,A044,Sales,2025-12-12 19:00:00,20,2.6,recording://CL00439
CL00440,AC0104,A056,Sales,2025-12-24 19:00:00,11,1.8,recording://CL00440
CL00441,AC0015,A045,Sales,2025-09-26 10:00:00,14,2.4,recording://CL00441
CL00442,AC0126,A040,Sales,2026-01-19 12:00:00,12,1.2,recording://CL00442
CL00443,AC0037,A048,Sales,2026-08-22 19:00:00,26,3.1,recording://CL00443
CL00444,AC0150,A006,Support,2025-11-04 08:00:00,17,2.5,recording://CL00444
CL00445,AC0137,A046,Sales,2026-08-17 17:00:00,17,1.3,recording://CL00445
CL00446,AC0125,A049,Sales,2026-02-15 13:00:00,20,2.9,recording://CL00446
CL00447,AC0087,A011,Support,2025-09-16 10:00:00,12,0.9,recording://CL00447
CL00448,AC0025,A052,Sales,2026-06-07 14:00:00,28,3.9,recording://CL00448
CL00449,AC0006,A055,Sales,2026-06-13 09:00:00,29,2.5,recording://CL00449
CL00450,AC0004,A001,Support,2026-06-13 16:00:00,15,1.9,recording://CL00450
CL00451,AC0102,A024,Support,2026-01-14 19:00:00,22,1.1,recording://CL00451
CL00452,AC0111,A052,Sales,2025-12-29 11:00:00,28,0.0,recording://CL00452
CL00453,AC0071,A026,Support,2025-12-28 16:00:00,25,2.4,recording://CL00453
CL00454,AC0094,A054,Sales,2026-08-08 13:00:00,2,1.8,recording://CL00454
CL00455,AC0080,A053,Sales,2026-07-13 17:00:00,15,3.0,recording://CL00455
CL00456,AC0086,A037,Support,2025-12-16 16:00:00,15,1.6,recording://CL00456
CL00457,AC0107,A050,Sales,2026-08-25 13:00:00,15,1.5,recording://CL00457
CL00458,AC0065,A033,Support,2025-12-22 11:00:00,19,1.9,recording://CL00458
CL00459,AC0140,A051,Sales,2026-05-14 09:00:00,8,1.6,recording://CL00459
CL00460,AC0075,A038,Support,2026-05-20 13:00:00,17,0.0,recording://CL00460
CL00461,AC0126,A038,Support,2026-01-19 10:00:00,14,2.0,recording://CL00461
CL00462,AC0105,A040,Sales,2026-01-17 18:00:00,14,3.8,recording://CL00462
CL00463,AC0042,A050,Sales,2025-11-08 11:00:00,9,0.7,recording://CL00463
CL00464,AC0126,A051,Sales,2026-04-08 17:00:00,7,2.7,recording://CL00464
CL00465,AC0075,A001,Support,2026-06-17 13:00:00,17,1.8,recording://CL00465
CL00466,AC0075,A044,Sales,2025-12-02 16:00:00,19,1.6,recording://CL00466
CL00467,AC0068,A028,Support,2025-11-09 13:00:00,20,2.1,recording://CL00467
CL00468,AC0032,A042,Sales,2026-08-03 18:00:00,11,2.2,recording://CL00468
CL00469,AC0103,A053,Sales,2025-09-03 14:00:00,7,2.2,recording://CL00469
CL00470,AC0021,A039,Sales,2025-11-27 18:00:00,10,0.0,recording://CL00470
CL00471,AC0030,A055,Sales,2026-08-06 10:00:00,22,1.6,recording://CL00471
CL00472,AC0046,A048,Sales,2026-06-02 08:00:00,16,1.7,recording://CL00472
CL00473,AC0150,A023,Support,2026-06-25 19:00:00,11,1.5,recording://CL00473
CL00474,AC0086,A055,Sales,2026-01-30 19:00:00,15,2.3,recording://CL00474
CL00475,AC0113,A045,Sales,2026-04-21 11:00:00,15,1.6,recording://CL00475
CL00476,AC0003,A047,Sales,2026-07-03 09:00:00,15,2.0,recording://CL00476
CL00477,AC0089,A047,Sales,2025-11-15 08:00:00,8,0.9,recording://CL00477
CL00478,AC0117,A027,Support,2026-04-12 18:00:00,11,1.1,recording://CL00478
CL00479,AC0105,A010,Support,2026-08-11 12:00:00,13,1.2,recording://CL00479
CL00480,AC0080,A026,Support,2026-07-17 13:00:00,7,2.3,recording://CL00480
CL00481,AC0018,A047,Sales,2025-09-15 19:00:00,20,1.9,recording://CL00481
CL00482,AC0047,A012,Support,2025-12-11 09:00:00,11,1.2,recording://CL00482
CL00483,AC0047,A041,Sales,2026-07-24 17:00:00,10,1.8,recording://CL00483
CL00484,AC0112,A008,Support,2026-07-24 18:00:00,12,1.4,recording://CL00484
CL00485,AC0068,A047,Sales,2026-01-29 08:00:00,3,0.8,recording://CL00485
CL00486,AC0126,A028,Support,2026-01-30 12:00:00,20,1.4,recording://CL00486
CL00487,AC0067,A014,Support,2026-06-17 08:00:00,28,1.7,recording://CL00487
CL00488,AC0084,A023,Support,2026-07-27 16:00:00,11,1.0,recording://CL00488
CL00489,AC0018,A035,Support,2026-08-22 13:00:00,10,1.8,recording://CL00489
CL00490,AC0030,A002,Support,2025-12-24 14:00:00,9,2.2,recording://CL00490
CL00491,AC0042,A029,Support,2026-07-27 15:00:00,6,0.4,recording://CL00491
CL00492,AC0121,A048,Sales,2026-06-01 14:00:00,18,1.8,recording://CL00492
CL00493,AC0066,A011,Support,2025-11-07 17:00:00,22,1.3,recording://CL00493
CL00494,AC0133,A049,Sales,2026-04-30 15:00:00,9,2.0,recording://CL00494
CL00495,AC0015,A055,Sales,2025-09-28 10:00:00,13,2.6,recording://CL00495
CL00496,AC0085,A041,Sales,2025-09-04 18:00:00,19,0.3,recording://CL00496
CL00497,AC0096,A021,Support,2026-06-11 11:00:00,16,0.5,recording://CL00497
CL00498,AC0087,A055,Sales,2025-09-27 19:00:00,23,1.1,recording://CL00498
CL00499,AC0099,A034,Support,2026-03-08 10:00:00,16,1.2,recording://CL00499
CL00500,AC0133,A051,Sales,2025-12-26 09:00:00,13,1.8,recording://CL00500
CL00501,AC0101,A050,Sales,2026-03-18 10:00:00,23,1.7,recording://CL00501
CL00502,AC0059,A026,Support,2025-11-18 18:00:00,25,1.1,recording://CL00502
CL00503,AC0124,A048,Sales,2026-02-20 12:00:00,19,2.1,recording://CL00503
CL00504,AC0150,A038,Support,2026-03-23 10:00:00,15,1.3,recording://CL00504
CL00505,AC0057,A042,Sales,2026-02-08 16:00:00,21,0.0,recording://CL00505
CL00506,AC0053,A041,Sales,2026-04-24 14:00:00,12,1.2,recording://CL00506
CL00507,AC0100,A043,Sales,2026-02-11 13:00:00,6,1.9,recording://CL00507
CL00508,AC0046,A046,Sales,2026-07-27 18:00:00,23,0.4,recording://CL00508
CL00509,AC0126,A010,Support,2025-10-26 11:00:00,14,1.0,recording://CL00509
CL00510,AC0061,A054,Sales,2026-08-01 14:00:00,11,1.6,recording://CL00510
CL00511,AC0080,A018,Support,2025-09-12 10:00:00,17,0.6,recording://CL00511
CL00512,AC0099,A051,Sales,2025-11-03 19:00:00,8,1.9,recording://CL00512
CL00513,AC0047,A047,Sales,2025-10-13 12:00:00,17,1.6,recording://CL00513
CL00514,AC0140,A050,Sales,2026-08-14 12:00:00,17,2.7,recording://CL00514
CL00515,AC0060,A041,Sales,2026-07-30 10:00:00,6,1.5,recording://CL00515
CL00516,AC0008,A055,Sales,2025-10-09 13:00:00,11,2.0,recording://CL00516
CL00517,AC0053,A031,Support,2026-03-06 13:00:00,19,1.4,recording://CL00517
CL00518,AC0066,A055,Sales,2025-09-24 14:00:00,7,0.2,recording://CL00518
CL00519,AC0092,A049,Sales,2026-07-07 10:00:00,21,1.8,recording://CL00519
CL00520,AC0085,A037,Support,2025-11-19 10:00:00,13,2.0,recording://CL00520
CL00521,AC0057,A048,Sales,2026-01-25 08:00:00,16,2.9,recording://CL00521
CL00522,AC0068,A018,Support,2026-08-27 09:00:00,39,1.0,recording://CL00522
CL00523,AC0129,A050,Sales,2025-10-18 14:00:00,9,3.4,recording://CL00523
CL00524,AC0030,A045,Sales,2026-07-07 13:00:00,8,0.0,recording://CL00524
CL00525,AC0141,A042,Sales,2026-08-03 10:00:00,19,0.2,recording://CL00525
CL00526,AC0010,A012,Support,2025-12-16 15:00:00,15,0.7,recording://CL00526
CL00527,AC0056,A010,Support,2026-08-24 16:00:00,14,2.5,recording://CL00527
CL00528,AC0092,A042,Sales,2025-12-03 13:00:00,22,1.2,recording://CL00528
CL00529,AC0056,A047,Sales,2026-07-09 18:00:00,12,1.5,recording://CL00529
CL00530,AC0064,A024,Support,2025-09-23 18:00:00,12,2.1,recording://CL00530
CL00531,AC0090,A046,Sales,2026-02-19 08:00:00,16,0.3,recording://CL00531
CL00532,AC0085,A055,Sales,2025-11-16 09:00:00,9,1.9,recording://CL00532
CL00533,AC0095,A042,Sales,2025-11-01 14:00:00,21,1.9,recording://CL00533
CL00534,AC0095,A043,Sales,2025-12-29 10:00:00,12,1.4,recording://CL00534
CL00535,AC0140,A055,Sales,2026-02-10 18:00:00,6,2.3,recording://CL00535
CL00536,AC0147,A044,Sales,2025-10-30 16:00:00,11,0.9,recording://CL00536
CL00537,AC0078,A041,Sales,2026-07-18 18:00:00,15,0.4,recording://CL00537
CL00538,AC0114,A055,Sales,2026-05-23 15:00:00,30,2.8,recording://CL00538
CL00539,AC0099,A005,Support,2026-05-25 09:00:00,12,3.9,recording://CL00539
CL00540,AC0120,A037,Support,2025-11-02 13:00:00,36,0.3,recording://CL00540
CL00541,AC0142,A024,Support,2026-06-16 08:00:00,13,3.0,recording://CL00541
CL00542,AC0058,A042,Sales,2025-09-29 08:00:00,20,2.0,recording://CL00542
CL00543,AC0073,A047,Sales,2025-09-19 12:00:00,20,2.5,recording://CL00543
CL00544,AC0047,A049,Sales,2026-08-20 11:00:00,8,2.9,recording://CL00544
CL00545,AC0150,A042,Sales,2026-07-06 16:00:00,5,0.3,recording://CL00545
CL00546,AC0127,A034,Support,2025-09-22 12:00:00,7,2.5,recording://CL00546
CL00547,AC0046,A020,Support,2026-05-08 16:00:00,25,2.0,recording://CL00547
CL00548,AC0140,A046,Sales,2025-09-22 14:00:00,14,0.2,recording://CL00548
CL00549,AC0071,A051,Sales,2025-11-06 19:00:00,8,0.9,recording://CL00549
CL00550,AC0068,A055,Sales,2026-01-12 09:00:00,34,2.5,recording://CL00550
CL00551,AC0087,A033,Support,2025-09-26 19:00:00,16,1.7,recording://CL00551
CL00552,AC0117,A055,Sales,2026-07-22 18:00:00,17,1.2,recording://CL00552
CL00553,AC0075,A055,Sales,2025-09-28 08:00:00,11,1.1,recording://CL00553
CL00554,AC0015,A022,Support,2025-11-24 14:00:00,15,0.9,recording://CL00554
CL00555,AC0099,A039,Sales,2026-08-26 11:00:00,17,2.1,recording://CL00555
CL00556,AC0085,A041,Sales,2026-02-01 14:00:00,14,1.1,recording://CL00556
CL00557,AC0094,A044,Sales,2026-07-02 14:00:00,25,1.4,recording://CL00557
CL00558,AC0014,A024,Support,2025-11-12 12:00:00,5,3.1,recording://CL00558
CL00559,AC0025,A007,Support,2025-09-30 17:00:00,8,2.3,recording://CL00559
CL00560,AC0134,A031,Support,2026-03-02 08:00:00,26,0.5,recording://CL00560
CL00561,AC0024,A008,Support,2025-09-14 13:00:00,10,2.3,recording://CL00561
CL00562,AC0004,A012,Support,2026-05-26 12:00:00,4,1.1,recording://CL00562
CL00563,AC0143,A033,Support,2026-04-05 17:00:00,9,1.7,recording://CL00563
CL00564,AC0126,A048,Sales,2026-04-26 10:00:00,12,3.7,recording://CL00564
CL00565,AC0034,A051,Sales,2026-01-05 10:00:00,9,3.1,recording://CL00565
CL00566,AC0062,A049,Sales,2025-09-02 14:00:00,6,2.3,recording://CL00566
CL00567,AC0140,A039,Sales,2026-03-25 13:00:00,18,1.7,recording://CL00567
CL00568,AC0061,A031,Support,2026-07-12 13:00:00,13,0.0,recording://CL00568
CL00569,AC0034,A055,Sales,2026-04-16 13:00:00,9,2.0,recording://CL00569
CL00570,AC0011,A032,Support,2026-07-30 14:00:00,16,1.6,recording://CL00570
CL00571,AC0042,A027,Support,2025-12-29 18:00:00,6,2.0,recording://CL00571
CL00572,AC0029,A051,Sales,2026-04-26 12:00:00,21,1.1,recording://CL00572
CL00573,AC0117,A026,Support,2026-07-08 12:00:00,9,2.0,recording://CL00573
CL00574,AC0041,A004,Support,2026-01-03 12:00:00,8,2.6,recording://CL00574
CL00575,AC0085,A005,Support,2025-09-11 15:00:00,8,2.0,recording://CL00575
CL00576,AC0140,A048,Sales,2025-11-21 12:00:00,12,3.3,recording://CL00576
CL00577,AC0100,A015,Support,2025-09-23 14:00:00,32,2.9,recording://CL00577
CL00578,AC0074,A016,Support,2026-03-12 11:00:00,11,1.6,recording://CL00578
CL00579,AC0077,A056,Sales,2026-03-09 17:00:00,9,3.2,recording://CL00579
CL00580,AC0140,A046,Sales,2026-04-08 14:00:00,18,2.1,recording://CL00580
CL00581,AC0037,A036,Support,2026-07-25 16:00:00,7,1.2,recording://CL00581
CL00582,AC0017,A040,Sales,2026-07-25 13:00:00,5,2.6,recording://CL00582
CL00583,AC0124,A022,Support,2025-09-05 19:00:00,20,2.1,recording://CL00583
CL00584,AC0026,A037,Support,2025-09-04 13:00:00,18,1.7,recording://CL00584
CL00585,AC0063,A044,Sales,2026-01-21 10:00:00,24,0.2,recording://CL00585
CL00586,AC0053,A055,Sales,2026-06-14 08:00:00,14,0.8,recording://CL00586
CL00587,AC0035,A019,Support,2025-11-03 13:00:00,9,1.7,recording://CL00587
CL00588,AC0101,A053,Sales,2025-09-10 12:00:00,12,2.4,recording://CL00588
CL00589,AC0056,A039,Sales,2026-05-12 09:00:00,9,2.5,recording://CL00589
CL00590,AC0053,A051,Sales,2026-07-05 10:00:00,12,2.5,recording://CL00590
CL00591,AC0092,A045,Sales,2025-12-09 10:00:00,13,1.6,recording://CL00591
CL00592,AC0053,A039,Sales,2026-08-11 13:00:00,12,3.0,recording://CL00592
CL00593,AC0121,A052,Sales,2026-08-23 15:00:00,34,3.3,recording://CL00593
CL00594,AC0088,A048,Sales,2025-11-16 17:00:00,15,3.1,recording://CL00594
CL00595,AC0090,A033,Support,2026-01-08 19:00:00,22,2.3,recording://CL00595
CL00596,AC0117,A052,Sales,2025-09-18 17:00:00,11,2.9,recording://CL00596
CL00597,AC0047,A054,Sales,2026-07-14 09:00:00,17,1.5,recording://CL00597
CL00598,AC0117,A055,Sales,2025-12-12 11:00:00,7,1.0,recording://CL00598
CL00599,AC0018,A040,Sales,2025-10-18 10:00:00,10,0.3,recording://CL00599
CL00600,AC0092,A023,Support,2025-09-12 14:00:00,17,1.0,recording://CL00600
CL00601,AC0027,A019,Support,2025-10-07 19:00:00,8,2.3,recording://CL00601
CL00602,AC0065,A027,Support,2025-09-28 11:00:00,16,1.4,recording://CL00602
CL00603,AC0008,A052,Sales,2025-11-22 16:00:00,11,3.4,recording://CL00603
CL00604,AC0118,A046,Sales,2026-06-12 14:00:00,12,2.4,recording://CL00604
CL00605,AC0090,A052,Sales,2026-07-26 09:00:00,16,2.6,recording://CL00605
CL00606,AC0006,A039,Sales,2025-10-10 14:00:00,11,1.1,recording://CL00606
CL00607,AC0137,A048,Sales,2026-01-09 14:00:00,18,2.2,recording://CL00607
CL00608,AC0071,A020,Support,2025-12-25 19:00:00,6,4.2,recording://CL00608
CL00609,AC0117,A056,Sales,2026-05-15 12:00:00,7,1.1,recording://CL00609
CL00610,AC0100,A046,Sales,2026-03-12 18:00:00,10,1.1,recording://CL00610
CL00611,AC0021,A035,Support,2026-04-26 11:00:00,20,3.1,recording://CL00611
CL00612,AC0138,A015,Support,2026-06-13 16:00:00,11,2.4,recording://CL00612
CL00613,AC0057,A047,Sales,2026-01-29 08:00:00,12,2.9,recording://CL00613
CL00614,AC0061,A041,Sales,2025-09-15 17:00:00,6,2.2,recording://CL00614
CL00615,AC0069,A055,Sales,2026-02-15 19:00:00,16,2.3,recording://CL00615
CL00616,AC0144,A050,Sales,2026-04-05 18:00:00,18,2.2,recording://CL00616
CL00617,AC0004,A052,Sales,2026-05-20 15:00:00,22,1.5,recording://CL00617
CL00618,AC0006,A055,Sales,2026-02-07 17:00:00,22,0.4,recording://CL00618
CL00619,AC0093,A026,Support,2026-06-10 14:00:00,11,0.9,recording://CL00619
CL00620,AC0074,A026,Support,2026-03-10 11:00:00,20,0.3,recording://CL00620
CL00621,AC0127,A040,Sales,2025-12-21 15:00:00,15,3.1,recording://CL00621
CL00622,AC0030,A042,Sales,2025-11-05 14:00:00,13,0.6,recording://CL00622
CL00623,AC0020,A044,Sales,2026-02-14 15:00:00,13,1.6,recording://CL00623
CL00624,AC0064,A039,Sales,2026-06-05 19:00:00,36,1.6,recording://CL00624
CL00625,AC0015,A014,Support,2026-01-13 12:00:00,9,3.5,recording://CL00625
CL00626,AC0067,A015,Support,2026-05-30 17:00:00,9,2.6,recording://CL00626
CL00627,AC0102,A001,Support,2025-09-28 17:00:00,9,1.6,recording://CL00627
CL00628,AC0134,A033,Support,2026-03-04 11:00:00,18,3.3,recording://CL00628
CL00629,AC0101,A055,Sales,2026-06-06 16:00:00,11,2.3,recording://CL00629
CL00630,AC0006,A047,Sales,2026-07-03 19:00:00,11,3.0,recording://CL00630
CL00631,AC0132,A055,Sales,2026-01-11 10:00:00,9,1.1,recording://CL00631
CL00632,AC0065,A056,Sales,2026-08-24 14:00:00,22,1.4,recording://CL00632
CL00633,AC0148,A025,Support,2025-12-03 13:00:00,13,2.7,recording://CL00633
CL00634,AC0085,A050,Sales,2026-01-13 08:00:00,30,1.2,recording://CL00634
CL00635,AC0092,A043,Sales,2026-04-23 10:00:00,47,1.5,recording://CL00635
CL00636,AC0090,A055,Sales,2025-12-28 12:00:00,18,2.6,recording://CL00636
CL00637,AC0004,A010,Support,2025-12-16 12:00:00,15,1.3,recording://CL00637
CL00638,AC0016,A045,Sales,2026-01-11 08:00:00,11,1.7,recording://CL00638
CL00639,AC0017,A049,Sales,2026-06-15 19:00:00,12,2.7,recording://CL00639
CL00640,AC0117,A042,Sales,2025-12-24 15:00:00,20,2.0,recording://CL00640
CL00641,AC0099,A052,Sales,2025-11-02 11:00:00,37,2.8,recording://CL00641
CL00642,AC0015,A010,Support,2025-12-18 16:00:00,17,3.7,recording://CL00642
CL00643,AC0046,A056,Sales,2025-09-27 17:00:00,28,2.3,recording://CL00643
CL00644,AC0099,A036,Support,2026-07-23 16:00:00,5,3.1,recording://CL00644
CL00645,AC0149,A008,Support,2026-06-11 10:00:00,13,3.1,recording://CL00645
CL00646,AC0140,A047,Sales,2026-02-28 16:00:00,18,0.9,recording://CL00646
CL00647,AC0049,A046,Sales,2026-05-21 18:00:00,21,0.5,recording://CL00647
CL00648,AC0129,A046,Sales,2026-04-29 12:00:00,5,1.8,recording://CL00648
CL00649,AC0009,A053,Sales,2025-09-26 14:00:00,7,2.4,recording://CL00649
CL00650,AC0065,A025,Support,2026-05-10 18:00:00,10,1.7,recording://CL00650
CL00651,AC0117,A010,Support,2026-05-13 15:00:00,17,2.4,recording://CL00651
CL00652,AC0100,A002,Support,2025-09-17 17:00:00,13,2.4,recording://CL00652
CL00653,AC0113,A015,Support,2026-02-28 18:00:00,18,1.9,recording://CL00653
CL00654,AC0041,A037,Support,2026-08-25 14:00:00,23,1.6,recording://CL00654
CL00655,AC0100,A001,Support,2026-08-24 08:00:00,4,1.7,recording://CL00655
CL00656,AC0085,A043,Sales,2026-05-24 17:00:00,17,3.1,recording://CL00656
CL00657,AC0121,A042,Sales,2026-05-09 11:00:00,10,1.2,recording://CL00657
CL00658,AC0088,A053,Sales,2026-05-01 18:00:00,23,3.4,recording://CL00658
CL00659,AC0130,A046,Sales,2025-11-19 19:00:00,3,2.5,recording://CL00659
CL00660,AC0011,A017,Support,2025-10-27 18:00:00,10,2.3,recording://CL00660
CL00661,AC0126,A039,Sales,2026-01-03 08:00:00,14,2.0,recording://CL00661
CL00662,AC0003,A014,Support,2025-09-28 15:00:00,14,0.6,recording://CL00662
CL00663,AC0054,A045,Sales,2026-02-18 17:00:00,34,1.6,recording://CL00663
CL00664,AC0102,A010,Support,2026-05-27 10:00:00,21,0.4,recording://CL00664
CL00665,AC0099,A033,Support,2026-02-03 08:00:00,14,1.6,recording://CL00665
CL00666,AC0100,A053,Sales,2025-09-02 17:00:00,7,2.0,recording://CL00666
CL00667,AC0113,A032,Support,2025-10-11 18:00:00,4,1.7,recording://CL00667
CL00668,AC0093,A007,Support,2026-06-28 14:00:00,20,3.5,recording://CL00668
CL00669,AC0080,A049,Sales,2026-02-19 13:00:00,15,2.8,recording://CL00669
CL00670,AC0148,A045,Sales,2026-01-15 17:00:00,23,2.8,recording://CL00670
CL00671,AC0105,A041,Sales,2026-02-10 18:00:00,12,3.0,recording://CL00671
CL00672,AC0037,A027,Support,2026-02-09 14:00:00,10,2.0,recording://CL00672
CL00673,AC0006,A047,Sales,2026-06-02 19:00:00,5,1.8,recording://CL00673
CL00674,AC0065,A052,Sales,2026-04-27 15:00:00,11,1.6,recording://CL00674
CL00675,AC0017,A030,Support,2025-12-28 15:00:00,6,0.7,recording://CL00675
CL00676,AC0065,A025,Support,2025-12-22 15:00:00,14,1.3,recording://CL00676
CL00677,AC0088,A027,Support,2026-03-31 12:00:00,19,1.2,recording://CL00677
CL00678,AC0087,A006,Support,2026-01-11 16:00:00,18,0.8,recording://CL00678
CL00679,AC0107,A035,Support,2026-08-27 15:00:00,26,1.7,recording://CL00679
CL00680,AC0105,A051,Sales,2025-11-22 17:00:00,6,0.6,recording://CL00680
CL00681,AC0114,A006,Support,2026-05-27 14:00:00,31,1.6,recording://CL00681
CL00682,AC0007,A051,Sales,2025-11-27 18:00:00,18,1.4,recording://CL00682
CL00683,AC0065,A012,Support,2025-10-26 18:00:00,11,2.1,recording://CL00683
CL00684,AC0073,A002,Support,2025-10-12 11:00:00,13,1.0,recording://CL00684
CL00685,AC0117,A054,Sales,2025-09-11 13:00:00,31,0.9,recording://CL00685
CL00686,AC0065,A023,Support,2026-01-22 09:00:00,5,1.5,recording://CL00686
CL00687,AC0141,A040,Sales,2026-07-24 18:00:00,8,1.6,recording://CL00687
CL00688,AC0105,A048,Sales,2026-02-11 11:00:00,21,2.5,recording://CL00688
CL00689,AC0101,A014,Support,2025-09-10 09:00:00,20,2.7,recording://CL00689
CL00690,AC0139,A050,Sales,2025-09-13 09:00:00,5,2.1,recording://CL00690
CL00691,AC0103,A011,Support,2026-04-15 08:00:00,2,1.4,recording://CL00691
CL00692,AC0033,A056,Sales,2026-06-22 08:00:00,13,1.1,recording://CL00692
CL00693,AC0103,A041,Sales,2026-03-26 09:00:00,6,0.3,recording://CL00693
CL00694,AC0063,A021,Support,2025-09-26 15:00:00,11,2.3,recording://CL00694
CL00695,AC0017,A044,Sales,2026-07-07 09:00:00,18,1.4,recording://CL00695
CL00696,AC0120,A024,Support,2026-03-31 18:00:00,6,1.7,recording://CL00696
CL00697,AC0020,A037,Support,2026-07-25 13:00:00,14,0.7,recording://CL00697
CL00698,AC0125,A003,Support,2025-09-15 16:00:00,26,2.6,recording://CL00698
CL00699,AC0059,A027,Support,2025-10-26 16:00:00,41,2.6,recording://CL00699
CL00700,AC0008,A043,Sales,2026-04-20 10:00:00,6,0.9,recording://CL00700
CL00701,AC0087,A056,Sales,2025-11-23 19:00:00,31,0.8,recording://CL00701
CL00702,AC0085,A050,Sales,2026-05-22 14:00:00,13,2.0,recording://CL00702
CL00703,AC0127,A008,Support,2026-06-14 16:00:00,11,1.2,recording://CL00703
CL00704,AC0144,A002,Support,2026-06-20 15:00:00,24,1.6,recording://CL00704
CL00705,AC0074,A051,Sales,2026-07-07 08:00:00,9,2.5,recording://CL00705
CL00706,AC0049,A042,Sales,2026-05-18 11:00:00,18,2.3,recording://CL00706
CL00707,AC0077,A049,Sales,2026-01-13 12:00:00,20,3.0,recording://CL00707
CL00708,AC0143,A053,Sales,2026-05-07 15:00:00,11,3.4,recording://CL00708
CL00709,AC0140,A053,Sales,2026-03-09 12:00:00,21,1.8,recording://CL00709
CL00710,AC0048,A048,Sales,2025-09-16 16:00:00,15,3.0,recording://CL00710
CL00711,AC0102,A020,Support,2026-03-01 15:00:00,17,2.1,recording://CL00711
CL00712,AC0144,A037,Support,2026-04-15 10:00:00,7,0.8,recording://CL00712
CL00713,AC0142,A003,Support,2026-02-14 15:00:00,12,1.5,recording://CL00713
CL00714,AC0003,A023,Support,2026-03-18 14:00:00,14,2.2,recording://CL00714
CL00715,AC0110,A044,Sales,2026-06-21 15:00:00,17,3.9,recording://CL00715
CL00716,AC0143,A053,Sales,2025-12-25 08:00:00,9,1.7,recording://CL00716
CL00717,AC0087,A053,Sales,2026-06-03 18:00:00,5,2.0,recording://CL00717
CL00718,AC0132,A054,Sales,2026-03-19 15:00:00,9,1.2,recording://CL00718
CL00719,AC0085,A048,Sales,2026-01-03 08:00:00,16,2.7,recording://CL00719
CL00720,AC0105,A014,Support,2026-03-01 19:00:00,5,1.6,recording://CL00720
CL00721,AC0085,A027,Support,2026-01-26 14:00:00,15,2.1,recording://CL00721
CL00722,AC0027,A048,Sales,2026-02-22 13:00:00,8,1.0,recording://CL00722
CL00723,AC0124,A002,Support,2026-03-15 16:00:00,3,2.2,recording://CL00723
CL00724,AC0099,A053,Sales,2026-01-16 19:00:00,11,1.0,recording://CL00724
CL00725,AC0139,A054,Sales,2026-02-28 19:00:00,29,2.8,recording://CL00725
CL00726,AC0137,A009,Support,2025-09-09 10:00:00,8,2.5,recording://CL00726
CL00727,AC0126,A005,Support,2026-05-31 19:00:00,7,0.0,recording://CL00727
CL00728,AC0062,A051,Sales,2025-11-19 17:00:00,17,1.2,recording://CL00728
CL00729,AC0090,A013,Support,2025-09-01 10:00:00,5,1.4,recording://CL00729
CL00730,AC0040,A027,Support,2026-05-13 17:00:00,26,2.8,recording://CL00730
CL00731,AC0150,A041,Sales,2026-01-26 11:00:00,36,1.1,recording://CL00731
CL00732,AC0019,A040,Sales,2025-12-07 09:00:00,13,3.1,recording://CL00732
CL00733,AC0008,A046,Sales,2026-01-16 17:00:00,7,2.9,recording://CL00733
CL00734,AC0089,A047,Sales,2026-07-11 11:00:00,19,1.0,recording://CL00734
CL00735,AC0100,A052,Sales,2025-10-10 16:00:00,3,0.7,recording://CL00735
CL00736,AC0144,A052,Sales,2026-06-22 08:00:00,18,0.9,recording://CL00736
CL00737,AC0130,A041,Sales,2026-06-15 14:00:00,23,1.3,recording://CL00737
CL00738,AC0049,A053,Sales,2025-12-24 13:00:00,21,2.4,recording://CL00738
CL00739,AC0067,A030,Support,2026-08-03 18:00:00,17,0.4,recording://CL00739
CL00740,AC0034,A039,Sales,2026-05-25 14:00:00,15,2.9,recording://CL00740
CL00741,AC0131,A042,Sales,2026-07-24 11:00:00,13,2.0,recording://CL00741
CL00742,AC0089,A046,Sales,2026-03-14 15:00:00,20,1.1,recording://CL00742
CL00743,AC0105,A004,Support,2025-10-21 12:00:00,18,2.1,recording://CL00743
CL00744,AC0104,A046,Sales,2025-12-22 12:00:00,7,1.1,recording://CL00744
CL00745,AC0067,A035,Support,2025-09-05 19:00:00,24,2.8,recording://CL00745
CL00746,AC0004,A044,Sales,2026-05-06 08:00:00,10,2.0,recording://CL00746
CL00747,AC0132,A045,Sales,2026-07-26 11:00:00,16,1.0,recording://CL00747
CL00748,AC0039,A023,Support,2025-12-11 17:00:00,22,1.3,recording://CL00748
CL00749,AC0128,A046,Sales,2025-11-07 08:00:00,15,2.8,recording://CL00749
CL00750,AC0114,A001,Support,2026-05-26 11:00:00,6,2.6,recording://CL00750
CL00751,AC0044,A046,Sales,2026-08-17 16:00:00,18,2.4,recording://CL00751
CL00752,AC0044,A009,Support,2026-01-27 10:00:00,34,0.0,recording://CL00752
CL00753,AC0105,A046,Sales,2025-10-05 14:00:00,29,0.8,recording://CL00753
CL00754,AC0012,A052,Sales,2026-06-25 09:00:00,20,2.0,recording://CL00754
CL00755,AC0117,A045,Sales,2026-04-06 09:00:00,16,1.4,recording://CL00755
CL00756,AC0136,A051,Sales,2026-08-16 09:00:00,33,0.2,recording://CL00756
CL00757,AC0057,A056,Sales,2026-02-12 16:00:00,7,1.6,recording://CL00757
CL00758,AC0101,A055,Sales,2026-05-07 14:00:00,8,2.2,recording://CL00758
CL00759,AC0090,A045,Sales,2025-11-28 19:00:00,13,1.1,recording://CL00759
CL00760,AC0015,A007,Support,2025-12-07 17:00:00,8,2.6,recording://CL00760
CL00761,AC0140,A054,Sales,2025-11-07 08:00:00,13,0.8,recording://CL00761
CL00762,AC0048,A052,Sales,2025-10-11 18:00:00,11,1.8,recording://CL00762
CL00763,AC0091,A050,Sales,2025-10-04 10:00:00,8,3.7,recording://CL00763
CL00764,AC0075,A020,Support,2025-10-11 14:00:00,8,0.7,recording://CL00764
CL00765,AC0100,A041,Sales,2026-02-25 18:00:00,15,2.0,recording://CL00765
CL00766,AC0004,A008,Support,2026-07-21 11:00:00,11,3.5,recording://CL00766
CL00767,AC0077,A044,Sales,2025-11-01 14:00:00,61,2.0,recording://CL00767
CL00768,AC0090,A052,Sales,2025-09-12 08:00:00,15,0.6,recording://CL00768
CL00769,AC0024,A053,Sales,2026-08-04 08:00:00,29,1.6,recording://CL00769
CL00770,AC0025,A048,Sales,2026-01-10 16:00:00,7,0.7,recording://CL00770
CL00771,AC0014,A035,Support,2026-05-26 10:00:00,14,1.5,recording://CL00771
CL00772,AC0099,A010,Support,2026-06-24 10:00:00,32,0.3,recording://CL00772
CL00773,AC0065,A016,Support,2026-05-08 11:00:00,12,2.0,recording://CL00773
CL00774,AC0032,A038,Support,2026-06-15 09:00:00,17,1.4,recording://CL00774
CL00775,AC0149,A039,Sales,2026-07-11 16:00:00,11,2.9,recording://CL00775
CL00776,AC0004,A045,Sales,2026-05-17 13:00:00,23,1.9,recording://CL00776
CL00777,AC0090,A002,Support,2025-12-26 13:00:00,8,1.8,recording://CL00777
CL00778,AC0140,A049,Sales,2026-07-07 13:00:00,12,2.4,recording://CL00778
CL00779,AC0088,A043,Sales,2026-03-03 12:00:00,16,2.2,recording://CL00779
CL00780,AC0022,A045,Sales,2026-08-13 18:00:00,44,1.9,recording://CL00780
CL00781,AC0129,A024,Support,2026-05-25 13:00:00,19,2.1,recording://CL00781
CL00782,AC0062,A052,Sales,2026-05-25 11:00:00,13,2.8,recording://CL00782
CL00783,AC0148,A039,Sales,2026-01-06 18:00:00,16,1.8,recording://CL00783
CL00784,AC0005,A021,Support,2026-03-20 10:00:00,22,2.3,recording://CL00784
CL00785,AC0017,A039,Sales,2026-01-16 16:00:00,12,2.4,recording://CL00785
CL00786,AC0113,A015,Support,2026-05-06 10:00:00,13,2.0,recording://CL00786
CL00787,AC0028,A035,Support,2025-09-25 09:00:00,13,0.7,recording://CL00787
CL00788,AC0137,A046,Sales,2025-12-11 08:00:00,2,2.7,recording://CL00788
CL00789,AC0071,A045,Sales,2026-02-09 18:00:00,16,2.4,recording://CL00789
CL00790,AC0049,A051,Sales,2026-01-15 12:00:00,17,2.2,recording://CL00790
CL00791,AC0137,A052,Sales,2026-03-05 15:00:00,11,1.3,recording://CL00791
CL00792,AC0003,A040,Sales,2026-06-10 13:00:00,22,2.4,recording://CL00792
CL00793,AC0046,A008,Support,2025-09-28 12:00:00,15,1.3,recording://CL00793
CL00794,AC0017,A052,Sales,2025-11-17 12:00:00,24,1.4,recording://CL00794
CL00795,AC0048,A048,Sales,2026-04-15 08:00:00,30,2.5,recording://CL00795
CL00796,AC0089,A045,Sales,2026-06-03 11:00:00,6,2.6,recording://CL00796
CL00797,AC0148,A033,Support,2026-04-16 11:00:00,25,1.8,recording://CL00797
CL00798,AC0142,A032,Support,2026-03-12 17:00:00,5,2.1,recording://CL00798
CL00799,AC0104,A053,Sales,2026-03-31 17:00:00,7,3.5,recording://CL00799
CL00800,AC0024,A055,Sales,2026-02-09 10:00:00,10,1.4,recording://CL00800
CL00801,AC0062,A033,Support,2025-12-27 09:00:00,7,1.8,recording://CL00801
CL00802,AC0058,A042,Sales,2025-10-10 08:00:00,13,2.3,recording://CL00802
CL00803,AC0087,A054,Sales,2026-01-29 08:00:00,11,1.9,recording://CL00803
CL00804,AC0105,A046,Sales,2026-07-11 18:00:00,19,2.4,recording://CL00804
CL00805,AC0030,A051,Sales,2025-12-27 11:00:00,4,0.2,recording://CL00805
CL00806,AC0062,A021,Support,2026-02-07 19:00:00,13,2.6,recording://CL00806
CL00807,AC0135,A048,Sales,2026-04-17 16:00:00,19,1.9,recording://CL00807
CL00808,AC0068,A016,Support,2026-06-21 19:00:00,13,3.5,recording://CL00808
CL00809,AC0049,A033,Support,2026-08-02 16:00:00,10,1.9,recording://CL00809
CL00810,AC0046,A016,Support,2026-07-18 14:00:00,13,0.6,recording://CL00810
CL00811,AC0088,A050,Sales,2026-07-30 17:00:00,14,2.1,recording://CL00811
CL00812,AC0103,A030,Support,2026-05-28 19:00:00,27,4.0,recording://CL00812
CL00813,AC0071,A041,Sales,2026-06-24 19:00:00,7,1.0,recording://CL00813
CL00814,AC0089,A043,Sales,2026-01-06 19:00:00,21,3.2,recording://CL00814
CL00815,AC0008,A019,Support,2025-10-06 16:00:00,10,2.7,recording://CL00815
CL00816,AC0139,A047,Sales,2026-03-15 13:00:00,13,2.1,recording://CL00816
CL00817,AC0137,A055,Sales,2026-01-24 19:00:00,6,1.0,recording://CL00817
CL00818,AC0127,A020,Support,2026-07-27 13:00:00,7,1.7,recording://CL00818
CL00819,AC0006,A020,Support,2026-04-16 17:00:00,14,2.2,recording://CL00819
CL00820,AC0137,A013,Support,2026-02-07 19:00:00,33,2.7,recording://CL00820
CL00821,AC0064,A050,Sales,2026-07-01 08:00:00,19,0.7,recording://CL00821
CL00822,AC0105,A049,Sales,2025-11-12 14:00:00,10,2.6,recording://CL00822
CL00823,AC0086,A023,Support,2026-03-04 12:00:00,7,2.0,recording://CL00823
CL00824,AC0117,A001,Support,2026-02-13 13:00:00,25,1.7,recording://CL00824
CL00825,AC0055,A045,Sales,2025-09-01 19:00:00,23,3.4,recording://CL00825
CL00826,AC0110,A007,Support,2025-10-06 10:00:00,21,0.7,recording://CL00826
CL00827,AC0088,A049,Sales,2026-05-23 15:00:00,25,2.2,recording://CL00827
CL00828,AC0067,A007,Support,2026-04-04 17:00:00,7,1.0,recording://CL00828
CL00829,AC0114,A047,Sales,2026-03-28 13:00:00,11,4.2,recording://CL00829
CL00830,AC0015,A020,Support,2026-04-14 14:00:00,15,2.1,recording://CL00830
CL00831,AC0100,A050,Sales,2026-08-14 18:00:00,14,2.3,recording://CL00831
CL00832,AC0015,A052,Sales,2025-12-25 11:00:00,10,2.2,recording://CL00832
CL00833,AC0105,A041,Sales,2026-03-28 14:00:00,11,1.5,recording://CL00833
CL00834,AC0094,A003,Support,2026-05-11 10:00:00,43,1.6,recording://CL00834
CL00835,AC0102,A053,Sales,2026-08-27 18:00:00,16,1.2,recording://CL00835
CL00836,AC0055,A051,Sales,2026-04-27 15:00:00,29,2.0,recording://CL00836
CL00837,AC0105,A051,Sales,2026-02-18 15:00:00,9,1.0,recording://CL00837
CL00838,AC0003,A035,Support,2025-11-22 14:00:00,18,2.8,recording://CL00838
CL00839,AC0064,A044,Sales,2026-03-01 09:00:00,34,1.0,recording://CL00839
CL00840,AC0140,A056,Sales,2025-12-17 17:00:00,23,1.2,recording://CL00840
CL00841,AC0037,A048,Sales,2025-10-04 19:00:00,18,1.9,recording://CL00841
CL00842,AC0126,A040,Sales,2025-11-12 15:00:00,14,1.9,recording://CL00842
CL00843,AC0023,A049,Sales,2026-08-09 08:00:00,32,3.4,recording://CL00843
CL00844,AC0148,A046,Sales,2025-11-04 15:00:00,12,1.0,recording://CL00844
CL00845,AC0143,A048,Sales,2026-05-05 14:00:00,10,0.9,recording://CL00845
CL00846,AC0027,A056,Sales,2026-03-18 08:00:00,16,1.9,recording://CL00846
CL00847,AC0087,A048,Sales,2025-09-14 15:00:00,4,2.7,recording://CL00847
CL00848,AC0076,A006,Support,2026-07-04 17:00:00,7,2.2,recording://CL00848
CL00849,AC0120,A041,Sales,2026-08-13 12:00:00,14,3.0,recording://CL00849
CL00850,AC0047,A056,Sales,2025-10-08 18:00:00,14,1.2,recording://CL00850
CL00851,AC0112,A032,Support,2025-09-09 12:00:00,24,0.5,recording://CL00851
CL00852,AC0074,A055,Sales,2026-08-25 08:00:00,20,2.0,recording://CL00852
CL00853,AC0023,A019,Support,2025-10-02 09:00:00,22,1.3,recording://CL00853
CL00854,AC0096,A007,Support,2026-01-11 18:00:00,8,0.1,recording://CL00854
CL00855,AC0050,A039,Sales,2026-04-14 17:00:00,17,1.8,recording://CL00855
CL00856,AC0011,A051,Sales,2026-07-28 16:00:00,62,2.1,recording://CL00856
CL00857,AC0016,A042,Sales,2025-10-18 19:00:00,10,1.9,recording://CL00857
CL00858,AC0105,A049,Sales,2026-04-22 11:00:00,22,1.2,recording://CL00858
CL00859,AC0048,A051,Sales,2026-06-18 11:00:00,14,2.5,recording://CL00859
CL00860,AC0046,A049,Sales,2026-01-19 10:00:00,13,2.5,recording://CL00860
CL00861,AC0085,A039,Sales,2025-11-20 09:00:00,32,2.4,recording://CL00861
CL00862,AC0030,A027,Support,2026-05-01 10:00:00,12,1.3,recording://CL00862
CL00863,AC0117,A052,Sales,2026-04-14 11:00:00,3,0.4,recording://CL00863
CL00864,AC0065,A007,Support,2025-09-23 10:00:00,9,1.2,recording://CL00864
CL00865,AC0030,A041,Sales,2026-01-28 10:00:00,28,1.8,recording://CL00865
CL00866,AC0064,A050,Sales,2026-06-15 15:00:00,14,1.7,recording://CL00866
CL00867,AC0137,A040,Sales,2026-05-02 13:00:00,8,2.4,recording://CL00867
CL00868,AC0117,A033,Support,2025-09-07 11:00:00,7,2.7,recording://CL00868
CL00869,AC0132,A055,Sales,2025-09-04 15:00:00,16,2.9,recording://CL00869
CL00870,AC0140,A048,Sales,2026-04-06 19:00:00,20,2.4,recording://CL00870
CL00871,AC0129,A051,Sales,2026-07-28 19:00:00,21,1.9,recording://CL00871
CL00872,AC0105,A024,Support,2026-01-16 08:00:00,40,1.5,recording://CL00872
CL00873,AC0006,A002,Support,2026-03-12 10:00:00,12,2.4,recording://CL00873
CL00874,AC0066,A054,Sales,2025-12-10 09:00:00,16,2.4,recording://CL00874
CL00875,AC0024,A056,Sales,2025-10-19 18:00:00,14,1.0,recording://CL00875
CL00876,AC0132,A019,Support,2026-04-19 09:00:00,22,2.1,recording://CL00876
CL00877,AC0047,A036,Support,2026-04-14 11:00:00,18,1.6,recording://CL00877
CL00878,AC0008,A052,Sales,2026-03-30 15:00:00,17,0.3,recording://CL00878
CL00879,AC0105,A027,Support,2026-07-26 16:00:00,11,1.0,recording://CL00879
CL00880,AC0103,A023,Support,2025-09-24 18:00:00,17,2.1,recording://CL00880
CL00881,AC0005,A004,Support,2026-05-04 09:00:00,17,0.0,recording://CL00881
CL00882,AC0047,A015,Support,2026-03-26 13:00:00,14,2.6,recording://CL00882
CL00883,AC0150,A022,Support,2025-09-05 16:00:00,10,3.6,recording://CL00883
CL00884,AC0053,A050,Sales,2025-11-01 15:00:00,10,1.5,recording://CL00884
CL00885,AC0132,A041,Sales,2025-12-12 15:00:00,12,1.0,recording://CL00885
CL00886,AC0054,A011,Support,2025-10-15 12:00:00,19,1.1,recording://CL00886
CL00887,AC0015,A055,Sales,2025-10-29 15:00:00,16,2.0,recording://CL00887
CL00888,AC0131,A049,Sales,2026-03-25 19:00:00,20,1.9,recording://CL00888
CL00889,AC0034,A035,Support,2026-07-20 18:00:00,14,2.2,recording://CL00889
CL00890,AC0099,A003,Support,2026-08-09 08:00:00,18,3.4,recording://CL00890
CL00891,AC0057,A018,Support,2026-03-09 12:00:00,25,2.0,recording://CL00891
CL00892,AC0008,A048,Sales,2026-03-26 11:00:00,18,3.2,recording://CL00892
CL00893,AC0040,A052,Sales,2026-04-12 15:00:00,11,1.1,recording://CL00893
CL00894,AC0105,A056,Sales,2026-03-06 16:00:00,12,1.3,recording://CL00894
CL00895,AC0140,A044,Sales,2026-02-09 12:00:00,35,2.8,recording://CL00895
CL00896,AC0014,A042,Sales,2026-02-05 17:00:00,8,2.7,recording://CL00896
CL00897,AC0129,A046,Sales,2026-04-29 17:00:00,17,2.0,recording://CL00897
CL00898,AC0140,A045,Sales,2025-09-08 12:00:00,15,3.4,recording://CL00898
CL00899,AC0010,A025,Support,2026-01-15 08:00:00,3,1.8,recording://CL00899
CL00900,AC0014,A041,Sales,2025-10-09 12:00:00,20,2.1,recording://CL00900
CL00901,AC0090,A051,Sales,2026-08-22 18:00:00,19,3.1,recording://CL00901
CL00902,AC0073,A015,Support,2026-03-25 13:00:00,7,2.6,recording://CL00902
CL00903,AC0089,A001,Support,2026-07-08 13:00:00,22,1.9,recording://CL00903
CL00904,AC0126,A046,Sales,2026-02-02 12:00:00,4,1.2,recording://CL00904
CL00905,AC0024,A043,Sales,2026-01-14 08:00:00,18,1.6,recording://CL00905
CL00906,AC0137,A043,Sales,2026-07-23 17:00:00,20,0.7,recording://CL00906
CL00907,AC0085,A050,Sales,2026-08-01 16:00:00,37,1.2,recording://CL00907
CL00908,AC0091,A017,Support,2026-02-20 19:00:00,24,1.6,recording://CL00908
CL00909,AC0088,A045,Sales,2026-08-23 15:00:00,7,0.1,recording://CL00909
CL00910,AC0113,A038,Support,2026-04-09 11:00:00,20,0.9,recording://CL00910
CL00911,AC0117,A049,Sales,2026-07-08 10:00:00,7,1.6,recording://CL00911
CL00912,AC0024,A026,Support,2025-09-06 10:00:00,31,2.5,recording://CL00912
CL00913,AC0139,A053,Sales,2026-06-16 09:00:00,7,1.5,recording://CL00913
CL00914,AC0027,A038,Support,2026-06-13 08:00:00,24,2.0,recording://CL00914
CL00915,AC0063,A054,Sales,2026-05-25 12:00:00,22,2.0,recording://CL00915
CL00916,AC0132,A011,Support,2025-09-09 13:00:00,18,0.7,recording://CL00916
CL00917,AC0012,A054,Sales,2026-02-11 09:00:00,17,1.7,recording://CL00917
CL00918,AC0057,A024,Support,2025-12-29 14:00:00,20,0.5,recording://CL00918
CL00919,AC0129,A037,Support,2026-04-05 18:00:00,17,1.7,recording://CL00919
CL00920,AC0125,A041,Sales,2026-08-24 15:00:00,40,1.5,recording://CL00920
CL00921,AC0047,A032,Support,2026-08-13 17:00:00,19,3.1,recording://CL00921
CL00922,AC0027,A056,Sales,2025-11-01 16:00:00,33,2.9,recording://CL00922
CL00923,AC0001,A023,Support,2025-10-19 17:00:00,11,3.5,recording://CL00923
CL00924,AC0121,A050,Sales,2026-06-07 15:00:00,15,1.0,recording://CL00924
CL00925,AC0071,A033,Support,2026-06-25 10:00:00,15,2.9,recording://CL00925
CL00926,AC0121,A032,Support,2026-05-13 11:00:00,13,1.6,recording://CL00926
CL00927,AC0018,A049,Sales,2025-11-18 18:00:00,20,1.6,recording://CL00927
CL00928,AC0062,A046,Sales,2025-11-19 13:00:00,19,2.6,recording://CL00928
CL00929,AC0118,A039,Sales,2026-05-19 18:00:00,27,1.8,recording://CL00929
CL00930,AC0117,A024,Support,2026-03-26 11:00:00,10,2.6,recording://CL00930
CL00931,AC0139,A045,Sales,2026-06-08 08:00:00,12,2.8,recording://CL00931
CL00932,AC0130,A026,Support,2025-11-13 13:00:00,13,1.4,recording://CL00932
CL00933,AC0061,A047,Sales,2025-11-13 15:00:00,6,0.4,recording://CL00933
CL00934,AC0090,A011,Support,2026-02-16 11:00:00,19,2.0,recording://CL00934
CL00935,AC0130,A044,Sales,2025-10-18 13:00:00,6,1.8,recording://CL00935
CL00936,AC0085,A023,Support,2026-08-06 18:00:00,14,0.7,recording://CL00936
CL00937,AC0114,A043,Sales,2026-02-06 12:00:00,22,2.0,recording://CL00937
CL00938,AC0008,A047,Sales,2026-01-01 17:00:00,17,1.4,recording://CL00938
CL00939,AC0140,A046,Sales,2026-04-21 11:00:00,15,0.0,recording://CL00939
CL00940,AC0058,A009,Support,2025-11-11 16:00:00,23,3.2,recording://CL00940
CL00941,AC0100,A004,Support,2025-11-29 13:00:00,22,1.2,recording://CL00941
CL00942,AC0075,A026,Support,2026-04-30 11:00:00,10,1.6,recording://CL00942
CL00943,AC0127,A056,Sales,2025-11-21 16:00:00,16,3.2,recording://CL00943
CL00944,AC0057,A030,Support,2026-08-04 09:00:00,16,0.5,recording://CL00944
CL00945,AC0103,A031,Support,2026-04-06 12:00:00,10,2.0,recording://CL00945
CL00946,AC0024,A015,Support,2026-01-19 09:00:00,8,1.4,recording://CL00946
CL00947,AC0057,A056,Sales,2025-12-10 19:00:00,22,0.9,recording://CL00947
CL00948,AC0080,A053,Sales,2026-03-27 08:00:00,9,5.6,recording://CL00948
CL00949,AC0089,A043,Sales,2025-11-27 17:00:00,24,3.1,recording://CL00949
CL00950,AC0026,A032,Support,2025-11-11 11:00:00,4,0.4,recording://CL00950
CL00951,AC0022,A052,Sales,2026-03-17 18:00:00,18,0.3,recording://CL00951
CL00952,AC0132,A008,Support,2025-12-26 10:00:00,8,0.5,recording://CL00952
CL00953,AC0088,A056,Sales,2026-03-25 09:00:00,8,2.2,recording://CL00953
CL00954,AC0074,A043,Sales,2026-06-26 15:00:00,15,2.0,recording://CL00954
CL00955,AC0033,A040,Sales,2025-12-21 15:00:00,30,2.2,recording://CL00955
CL00956,AC0137,A051,Sales,2026-02-03 16:00:00,19,3.4,recording://CL00956
CL00957,AC0140,A049,Sales,2026-04-10 18:00:00,8,0.9,recording://CL00957
CL00958,AC0075,A045,Sales,2025-12-15 08:00:00,8,1.5,recording://CL00958
CL00959,AC0067,A052,Sales,2026-04-20 18:00:00,20,1.3,recording://CL00959
CL00960,AC0047,A033,Support,2025-10-23 09:00:00,32,2.0,recording://CL00960
CL00961,AC0067,A047,Sales,2026-02-13 14:00:00,15,3.1,recording://CL00961
CL00962,AC0133,A056,Sales,2025-11-14 11:00:00,9,1.6,recording://CL00962
CL00963,AC0042,A045,Sales,2026-08-26 14:00:00,15,1.9,recording://CL00963
CL00964,AC0126,A050,Sales,2025-11-07 14:00:00,14,3.1,recording://CL00964
CL00965,AC0018,A002,Support,2025-11-09 15:00:00,6,1.4,recording://CL00965
CL00966,AC0059,A027,Support,2025-11-19 13:00:00,16,2.1,recording://CL00966
CL00967,AC0016,A039,Sales,2026-05-06 19:00:00,21,1.4,recording://CL00967
CL00968,AC0124,A023,Support,2025-11-20 12:00:00,17,1.9,recording://CL00968
CL00969,AC0088,A016,Support,2026-08-08 12:00:00,6,1.0,recording://CL00969
CL00970,AC0075,A056,Sales,2025-11-23 18:00:00,29,2.4,recording://CL00970
CL00971,AC0087,A008,Support,2025-09-24 09:00:00,15,1.4,recording://CL00971
CL00972,AC0057,A038,Support,2025-09-18 19:00:00,18,2.1,recording://CL00972
CL00973,AC0117,A042,Sales,2025-10-25 18:00:00,6,2.5,recording://CL00973
CL00974,AC0131,A052,Sales,2026-05-17 11:00:00,17,2.4,recording://CL00974
CL00975,AC0030,A020,Support,2026-03-20 18:00:00,16,2.0,recording://CL00975
CL00976,AC0127,A055,Sales,2025-12-11 16:00:00,16,1.0,recording://CL00976
CL00977,AC0014,A040,Sales,2026-05-05 09:00:00,13,1.3,recording://CL00977
CL00978,AC0019,A044,Sales,2025-10-14 14:00:00,4,0.9,recording://CL00978
CL00979,AC0101,A049,Sales,2026-08-26 08:00:00,12,2.8,recording://CL00979
CL00980,AC0131,A009,Support,2026-01-13 18:00:00,19,2.5,recording://CL00980
CL00981,AC0100,A049,Sales,2025-10-23 08:00:00,9,2.3,recording://CL00981
CL00982,AC0047,A052,Sales,2026-04-12 09:00:00,14,1.7,recording://CL00982
CL00983,AC0057,A051,Sales,2025-09-16 14:00:00,6,1.4,recording://CL00983
CL00984,AC0058,A015,Support,2026-01-02 15:00:00,14,2.6,recording://CL00984
CL00985,AC0057,A009,Support,2026-07-03 13:00:00,12,1.8,recording://CL00985
CL00986,AC0103,A039,Sales,2026-02-24 16:00:00,24,0.4,recording://CL00986
CL00987,AC0042,A049,Sales,2025-09-25 10:00:00,14,2.1,recording://CL00987
CL00988,AC0018,A041,Sales,2026-06-25 17:00:00,3,2.6,recording://CL00988
CL00989,AC0088,A020,Support,2026-03-06 10:00:00,6,2.3,recording://CL00989
CL00990,AC0102,A043,Sales,2026-06-23 11:00:00,17,1.8,recording://CL00990
CL00991,AC0101,A043,Sales,2026-02-20 12:00:00,5,0.8,recording://CL00991
CL00992,AC0107,A011,Support,2025-11-27 18:00:00,19,1.6,recording://CL00992
CL00993,AC0065,A044,Sales,2026-04-24 08:00:00,5,1.4,recording://CL00993
CL00994,AC0133,A017,Support,2026-03-28 11:00:00,10,2.7,recording://CL00994
CL00995,AC0133,A013,Support,2025-12-01 13:00:00,17,4.0,recording://CL00995
CL00996,AC0013,A043,Sales,2026-03-29 18:00:00,15,0.9,recording://CL00996
CL00997,AC0087,A056,Sales,2026-07-29 08:00:00,9,1.2,recording://CL00997
CL00998,AC0122,A049,Sales,2025-11-30 17:00:00,13,0.9,recording://CL00998
CL00999,AC0017,A043,Sales,2026-03-03 11:00:00,9,2.5,recording://CL00999
CL01000,AC0038,A033,Support,2026-02-03 11:00:00,8,1.3,recording://CL01000
CL01001,AC0134,A002,Support,2026-04-29 19:00:00,16,1.1,recording://CL01001
CL01002,AC0121,A050,Sales,2026-07-31 19:00:00,9,1.5,recording://CL01002
CL01003,AC0130,A049,Sales,2026-02-05 11:00:00,15,0.7,recording://CL01003
CL01004,AC0067,A002,Support,2025-12-11 19:00:00,12,2.0,recording://CL01004
CL01005,AC0024,A039,Sales,2025-12-27 12:00:00,11,2.9,recording://CL01005
CL01006,AC0040,A055,Sales,2026-02-06 13:00:00,23,1.4,recording://CL01006
CL01007,AC0060,A040,Sales,2026-06-24 11:00:00,25,1.3,recording://CL01007
CL01008,AC0094,A003,Support,2026-05-31 14:00:00,13,1.3,recording://CL01008
CL01009,AC0104,A046,Sales,2026-07-18 16:00:00,27,1.9,recording://CL01009
CL01010,AC0030,A051,Sales,2026-06-14 10:00:00,26,1.7,recording://CL01010
CL01011,AC0103,A015,Support,2025-11-30 17:00:00,9,1.6,recording://CL01011
CL01012,AC0064,A045,Sales,2025-09-05 16:00:00,33,2.1,recording://CL01012
CL01013,AC0140,A054,Sales,2026-01-01 11:00:00,27,2.5,recording://CL01013
CL01014,AC0141,A023,Support,2025-10-06 09:00:00,26,2.8,recording://CL01014
CL01015,AC0049,A022,Support,2025-10-30 11:00:00,8,2.4,recording://CL01015
CL01016,AC0071,A044,Sales,2025-11-27 16:00:00,5,2.1,recording://CL01016
CL01017,AC0065,A019,Support,2026-06-01 16:00:00,18,1.7,recording://CL01017
CL01018,AC0061,A046,Sales,2026-06-20 16:00:00,53,0.0,recording://CL01018
CL01019,AC0049,A042,Sales,2026-05-05 08:00:00,21,2.8,recording://CL01019
CL01020,AC0132,A032,Support,2026-08-06 10:00:00,15,2.3,recording://CL01020
CL01021,AC0117,A050,Sales,2026-01-16 08:00:00,24,1.4,recording://CL01021
CL01022,AC0066,A032,Support,2026-02-14 19:00:00,8,0.7,recording://CL01022
CL01023,AC0002,A042,Sales,2025-12-22 14:00:00,14,1.1,recording://CL01023
CL01024,AC0114,A035,Support,2026-05-17 12:00:00,7,0.6,recording://CL01024
CL01025,AC0126,A040,Sales,2026-06-20 11:00:00,11,1.5,recording://CL01025
CL01026,AC0023,A003,Support,2026-04-17 13:00:00,4,0.0,recording://CL01026
CL01027,AC0102,A056,Sales,2025-12-05 14:00:00,9,2.2,recording://CL01027
CL01028,AC0085,A043,Sales,2025-09-24 18:00:00,27,3.5,recording://CL01028
CL01029,AC0027,A056,Sales,2026-07-23 08:00:00,6,1.2,recording://CL01029
CL01030,AC0020,A031,Support,2026-05-21 14:00:00,8,1.3,recording://CL01030
CL01031,AC0141,A021,Support,2026-02-25 09:00:00,5,2.7,recording://CL01031
CL01032,AC0088,A050,Sales,2026-07-14 15:00:00,8,0.7,recording://CL01032
CL01033,AC0004,A047,Sales,2025-10-27 15:00:00,14,3.4,recording://CL01033
CL01034,AC0122,A047,Sales,2026-05-18 17:00:00,13,3.1,recording://CL01034
CL01035,AC0140,A045,Sales,2026-08-17 10:00:00,9,0.4,recording://CL01035
CL01036,AC0087,A046,Sales,2025-09-14 09:00:00,6,0.9,recording://CL01036
CL01037,AC0008,A034,Support,2026-08-13 19:00:00,10,0.5,recording://CL01037
CL01038,AC0030,A055,Sales,2025-10-14 18:00:00,10,2.5,recording://CL01038
CL01039,AC0017,A052,Sales,2025-09-02 11:00:00,32,0.9,recording://CL01039
CL01040,AC0004,A028,Support,2026-04-30 14:00:00,10,1.4,recording://CL01040
CL01041,AC0107,A054,Sales,2026-02-13 14:00:00,13,1.1,recording://CL01041
CL01042,AC0018,A052,Sales,2025-11-01 12:00:00,7,3.0,recording://CL01042
CL01043,AC0066,A051,Sales,2025-10-14 11:00:00,3,1.0,recording://CL01043
CL01044,AC0147,A011,Support,2026-01-15 14:00:00,12,2.7,recording://CL01044
CL01045,AC0025,A044,Sales,2026-03-08 10:00:00,6,1.2,recording://CL01045
CL01046,AC0028,A020,Support,2026-06-06 12:00:00,13,1.3,recording://CL01046
CL01047,AC0116,A020,Support,2025-10-31 14:00:00,12,1.6,recording://CL01047
CL01048,AC0105,A038,Support,2025-12-29 18:00:00,8,1.4,recording://CL01048
CL01049,AC0143,A039,Sales,2025-11-23 13:00:00,17,1.1,recording://CL01049
CL01050,AC0060,A016,Support,2026-02-27 15:00:00,12,2.7,recording://CL01050
CL01051,AC0073,A044,Sales,2026-07-07 11:00:00,12,3.9,recording://CL01051
CL01052,AC0065,A030,Support,2025-09-28 15:00:00,11,1.3,recording://CL01052
CL01053,AC0030,A045,Sales,2025-09-04 17:00:00,13,1.3,recording://CL01053
CL01054,AC0095,A002,Support,2026-04-21 11:00:00,10,1.9,recording://CL01054
CL01055,AC0101,A023,Support,2026-04-27 16:00:00,23,2.9,recording://CL01055
CL01056,AC0105,A053,Sales,2026-06-12 11:00:00,17,1.7,recording://CL01056
CL01057,AC0049,A041,Sales,2025-10-31 08:00:00,15,0.3,recording://CL01057
CL01058,AC0102,A048,Sales,2025-09-01 13:00:00,30,1.7,recording://CL01058
CL01059,AC0119,A030,Support,2026-04-16 14:00:00,12,1.9,recording://CL01059
CL01060,AC0006,A004,Support,2026-02-03 19:00:00,7,0.5,recording://CL01060
CL01061,AC0140,A009,Support,2026-01-11 19:00:00,9,1.6,recording://CL01061
CL01062,AC0065,A046,Sales,2025-10-29 12:00:00,2,1.2,recording://CL01062
CL01063,AC0140,A041,Sales,2025-09-06 13:00:00,10,2.6,recording://CL01063
CL01064,AC0090,A048,Sales,2025-11-22 19:00:00,15,1.5,recording://CL01064
CL01065,AC0129,A053,Sales,2026-06-06 18:00:00,22,2.0,recording://CL01065
CL01066,AC0039,A040,Sales,2025-09-20 16:00:00,24,2.2,recording://CL01066
CL01067,AC0137,A018,Support,2026-05-27 10:00:00,9,1.6,recording://CL01067
CL01068,AC0066,A043,Sales,2026-01-04 13:00:00,11,1.7,recording://CL01068
CL01069,AC0073,A038,Support,2026-04-19 11:00:00,9,2.5,recording://CL01069
CL01070,AC0065,A047,Sales,2025-09-09 18:00:00,15,2.2,recording://CL01070
CL01071,AC0068,A049,Sales,2026-05-17 08:00:00,10,2.7,recording://CL01071
CL01072,AC0057,A043,Sales,2026-02-09 18:00:00,7,1.6,recording://CL01072
CL01073,AC0142,A051,Sales,2026-01-30 11:00:00,19,3.2,recording://CL01073
CL01074,AC0040,A047,Sales,2025-10-14 15:00:00,12,3.1,recording://CL01074
CL01075,AC0113,A044,Sales,2026-04-21 09:00:00,6,2.2,recording://CL01075
CL01076,AC0137,A046,Sales,2025-09-02 10:00:00,32,0.6,recording://CL01076
CL01077,AC0025,A029,Support,2025-11-04 08:00:00,13,0.1,recording://CL01077
CL01078,AC0008,A048,Sales,2026-07-17 18:00:00,15,1.5,recording://CL01078
CL01079,AC0062,A002,Support,2026-04-02 08:00:00,27,2.3,recording://CL01079
CL01080,AC0086,A047,Sales,2026-06-27 12:00:00,9,1.5,recording://CL01080
CL01081,AC0037,A055,Sales,2025-11-29 19:00:00,19,3.3,recording://CL01081
CL01082,AC0010,A055,Sales,2025-12-05 16:00:00,5,2.6,recording://CL01082
CL01083,AC0140,A006,Support,2026-05-12 15:00:00,12,2.0,recording://CL01083
CL01084,AC0008,A006,Support,2026-01-23 10:00:00,7,1.4,recording://CL01084
CL01085,AC0132,A055,Sales,2026-04-27 14:00:00,9,0.9,recording://CL01085
CL01086,AC0137,A032,Support,2026-02-27 09:00:00,5,2.3,recording://CL01086
CL01087,AC0008,A056,Sales,2026-01-16 13:00:00,7,1.9,recording://CL01087
CL01088,AC0136,A023,Support,2025-11-07 13:00:00,15,1.7,recording://CL01088
CL01089,AC0056,A001,Support,2026-05-31 12:00:00,9,3.6,recording://CL01089
CL01090,AC0123,A009,Support,2026-04-15 17:00:00,18,1.9,recording://CL01090
CL01091,AC0047,A044,Sales,2026-06-02 11:00:00,15,2.7,recording://CL01091
CL01092,AC0142,A051,Sales,2026-05-26 14:00:00,26,2.6,recording://CL01092
CL01093,AC0065,A006,Support,2025-10-29 09:00:00,7,2.3,recording://CL01093
CL01094,AC0042,A046,Sales,2026-03-18 12:00:00,23,2.7,recording://CL01094
CL01095,AC0107,A027,Support,2026-01-14 13:00:00,8,0.0,recording://CL01095
CL01096,AC0140,A056,Sales,2025-10-30 14:00:00,8,2.9,recording://CL01096
CL01097,AC0044,A055,Sales,2026-06-19 14:00:00,16,4.4,recording://CL01097
CL01098,AC0138,A020,Support,2026-05-09 13:00:00,18,1.9,recording://CL01098
CL01099,AC0088,A048,Sales,2025-12-02 17:00:00,15,1.9,recording://CL01099
CL01100,AC0036,A044,Sales,2026-04-28 08:00:00,17,2.7,recording://CL01100
CL01101,AC0049,A053,Sales,2025-11-16 12:00:00,6,1.7,recording://CL01101
CL01102,AC0104,A015,Support,2025-10-17 18:00:00,16,3.5,recording://CL01102
CL01103,AC0008,A035,Support,2026-02-10 15:00:00,17,2.7,recording://CL01103
CL01104,AC0132,A048,Sales,2025-09-21 09:00:00,10,0.8,recording://CL01104
CL01105,AC0034,A043,Sales,2026-03-19 17:00:00,19,2.7,recording://CL01105
CL01106,AC0061,A046,Sales,2026-07-18 14:00:00,2,1.3,recording://CL01106
CL01107,AC0030,A042,Sales,2026-08-11 19:00:00,20,2.5,recording://CL01107
CL01108,AC0003,A050,Sales,2026-07-01 11:00:00,17,1.2,recording://CL01108
CL01109,AC0025,A053,Sales,2025-09-23 10:00:00,11,2.0,recording://CL01109
CL01110,AC0090,A040,Sales,2025-09-18 13:00:00,22,3.2,recording://CL01110
CL01111,AC0030,A033,Support,2025-12-09 12:00:00,11,0.0,recording://CL01111
CL01112,AC0037,A048,Sales,2025-12-03 11:00:00,15,1.5,recording://CL01112
CL01113,AC0095,A053,Sales,2026-08-22 09:00:00,13,2.0,recording://CL01113
CL01114,AC0121,A007,Support,2026-01-31 19:00:00,7,2.9,recording://CL01114
CL01115,AC0104,A039,Sales,2025-12-29 09:00:00,29,0.1,recording://CL01115
CL01116,AC0018,A056,Sales,2026-03-19 11:00:00,12,1.5,recording://CL01116
CL01117,AC0133,A038,Support,2026-08-10 08:00:00,6,2.4,recording://CL01117
CL01118,AC0080,A047,Sales,2026-04-21 18:00:00,21,1.3,recording://CL01118
CL01119,AC0137,A030,Support,2025-10-28 13:00:00,9,2.2,recording://CL01119
CL01120,AC0095,A055,Sales,2026-02-13 18:00:00,21,0.8,recording://CL01120
CL01121,AC0065,A045,Sales,2026-07-25 16:00:00,12,2.9,recording://CL01121
CL01122,AC0067,A054,Sales,2025-10-27 12:00:00,12,0.8,recording://CL01122
CL01123,AC0119,A049,Sales,2025-10-25 15:00:00,12,1.6,recording://CL01123
CL01124,AC0099,A051,Sales,2026-06-01 08:00:00,12,2.4,recording://CL01124
CL01125,AC0006,A046,Sales,2026-02-22 10:00:00,4,0.6,recording://CL01125
CL01126,AC0029,A045,Sales,2026-01-09 11:00:00,9,1.6,recording://CL01126
CL01127,AC0047,A018,Support,2025-10-03 16:00:00,17,1.6,recording://CL01127
CL01128,AC0127,A014,Support,2026-08-23 14:00:00,24,1.9,recording://CL01128
CL01129,AC0117,A030,Support,2025-09-01 11:00:00,17,1.1,recording://CL01129
CL01130,AC0057,A055,Sales,2025-10-20 11:00:00,27,2.5,recording://CL01130
CL01131,AC0046,A049,Sales,2025-12-13 08:00:00,19,2.2,recording://CL01131
CL01132,AC0094,A015,Support,2025-12-20 16:00:00,6,3.3,recording://CL01132
CL01133,AC0136,A040,Sales,2026-08-01 10:00:00,9,2.1,recording://CL01133
CL01134,AC0069,A051,Sales,2026-06-28 08:00:00,16,2.0,recording://CL01134
CL01135,AC0085,A026,Support,2026-01-30 09:00:00,7,3.6,recording://CL01135
CL01136,AC0132,A004,Support,2025-09-28 14:00:00,44,1.0,recording://CL01136
CL01137,AC0025,A050,Sales,2026-06-12 19:00:00,18,1.9,recording://CL01137
CL01138,AC0030,A040,Sales,2025-10-25 18:00:00,18,2.5,recording://CL01138
CL01139,AC0137,A045,Sales,2026-03-13 19:00:00,21,1.2,recording://CL01139
CL01140,AC0062,A045,Sales,2026-03-24 16:00:00,12,2.3,recording://CL01140
CL01141,AC0101,A047,Sales,2026-05-09 18:00:00,20,0.5,recording://CL01141
CL01142,AC0098,A038,Support,2025-11-01 11:00:00,10,0.9,recording://CL01142
CL01143,AC0095,A030,Support,2026-01-22 15:00:00,28,1.9,recording://CL01143
CL01144,AC0090,A042,Sales,2026-05-26 19:00:00,3,1.8,recording://CL01144
CL01145,AC0132,A054,Sales,2025-11-30 15:00:00,27,0.0,recording://CL01145
CL01146,AC0099,A001,Support,2026-08-22 16:00:00,6,1.0,recording://CL01146
CL01147,AC0045,A033,Support,2026-06-29 13:00:00,34,1.5,recording://CL01147
CL01148,AC0117,A045,Sales,2025-09-14 12:00:00,15,2.9,recording://CL01148
CL01149,AC0027,A032,Support,2026-05-31 11:00:00,17,0.7,recording://CL01149
CL01150,AC0147,A048,Sales,2025-09-25 14:00:00,19,1.1,recording://CL01150
CL01151,AC0003,A015,Support,2026-06-18 09:00:00,12,2.1,recording://CL01151
CL01152,AC0132,A043,Sales,2026-02-18 16:00:00,3,1.3,recording://CL01152
CL01153,AC0139,A033,Support,2026-05-30 13:00:00,9,2.5,recording://CL01153
CL01154,AC0060,A047,Sales,2026-02-19 17:00:00,4,2.9,recording://CL01154
CL01155,AC0105,A047,Sales,2026-04-21 16:00:00,5,2.9,recording://CL01155
CL01156,AC0092,A055,Sales,2025-09-12 13:00:00,14,1.0,recording://CL01156
CL01157,AC0059,A055,Sales,2025-12-09 10:00:00,10,0.2,recording://CL01157
CL01158,AC0088,A005,Support,2025-09-11 18:00:00,31,1.7,recording://CL01158
CL01159,AC0018,A053,Sales,2025-12-10 12:00:00,13,0.4,recording://CL01159
CL01160,AC0076,A006,Support,2025-12-12 09:00:00,12,0.4,recording://CL01160
CL01161,AC0092,A036,Support,2026-05-25 15:00:00,5,2.1,recording://CL01161
CL01162,AC0115,A046,Sales,2026-02-24 17:00:00,20,3.5,recording://CL01162
CL01163,AC0073,A041,Sales,2025-10-10 08:00:00,8,1.2,recording://CL01163
CL01164,AC0084,A027,Support,2026-05-11 18:00:00,8,1.4,recording://CL01164
CL01165,AC0088,A013,Support,2026-07-10 08:00:00,5,1.4,recording://CL01165
CL01166,AC0003,A041,Sales,2025-10-31 13:00:00,20,0.8,recording://CL01166
CL01167,AC0090,A041,Sales,2026-02-19 19:00:00,19,0.7,recording://CL01167
CL01168,AC0047,A050,Sales,2026-02-24 09:00:00,10,2.5,recording://CL01168
CL01169,AC0104,A041,Sales,2026-06-26 11:00:00,29,4.6,recording://CL01169
CL01170,AC0045,A044,Sales,2026-08-22 18:00:00,38,2.8,recording://CL01170
CL01171,AC0132,A041,Sales,2026-08-14 16:00:00,9,1.5,recording://CL01171
CL01172,AC0102,A040,Sales,2026-04-16 17:00:00,5,2.0,recording://CL01172
CL01173,AC0050,A048,Sales,2026-03-22 18:00:00,17,1.2,recording://CL01173
CL01174,AC0147,A041,Sales,2026-03-01 11:00:00,12,0.9,recording://CL01174
CL01175,AC0020,A043,Sales,2026-05-21 09:00:00,24,1.3,recording://CL01175
CL01176,AC0099,A056,Sales,2026-04-08 17:00:00,5,1.3,recording://CL01176
CL01177,AC0124,A049,Sales,2025-12-22 15:00:00,3,2.3,recording://CL01177
CL01178,AC0056,A017,Support,2026-07-12 08:00:00,2,1.1,recording://CL01178
CL01179,AC0088,A052,Sales,2025-09-01 19:00:00,19,0.6,recording://CL01179
CL01180,AC0099,A035,Support,2026-07-30 15:00:00,17,1.8,recording://CL01180
CL01181,AC0130,A017,Support,2026-07-21 11:00:00,21,2.5,recording://CL01181
CL01182,AC0088,A053,Sales,2025-12-15 13:00:00,18,0.6,recording://CL01182
CL01183,AC0102,A046,Sales,2026-05-12 17:00:00,20,0.5,recording://CL01183
CL01184,AC0045,A048,Sales,2026-02-23 10:00:00,8,0.5,recording://CL01184
CL01185,AC0063,A044,Sales,2026-07-31 14:00:00,20,2.2,recording://CL01185
CL01186,AC0089,A039,Sales,2025-11-30 19:00:00,29,0.8,recording://CL01186
CL01187,AC0024,A053,Sales,2026-08-27 11:00:00,21,0.2,recording://CL01187
CL01188,AC0015,A009,Support,2025-09-27 09:00:00,34,3.0,recording://CL01188
CL01189,AC0113,A048,Sales,2026-02-11 15:00:00,11,1.4,recording://CL01189
CL01190,AC0129,A003,Support,2026-03-13 08:00:00,46,2.8,recording://CL01190
CL01191,AC0062,A021,Support,2026-06-13 14:00:00,13,1.4,recording://CL01191
CL01192,AC0069,A054,Sales,2025-09-01 10:00:00,17,2.4,recording://CL01192
CL01193,AC0129,A023,Support,2026-03-27 11:00:00,23,2.7,recording://CL01193
CL01194,AC0017,A011,Support,2026-03-23 11:00:00,5,0.8,recording://CL01194
CL01195,AC0016,A048,Sales,2025-09-16 19:00:00,17,2.2,recording://CL01195
CL01196,AC0064,A044,Sales,2026-06-04 09:00:00,21,1.2,recording://CL01196
CL01197,AC0077,A031,Support,2026-06-26 15:00:00,10,1.5,recording://CL01197
CL01198,AC0018,A042,Sales,2026-03-30 16:00:00,17,1.5,recording://CL01198
CL01199,AC0018,A047,Sales,2026-08-25 12:00:00,18,2.2,recording://CL01199
CL01200,AC0129,A052,Sales,2026-04-23 09:00:00,12,2.2,recording://CL01200
CL01201,AC0030,A040,Sales,2026-02-15 08:00:00,9,2.7,recording://CL01201
CL01202,AC0065,A040,Sales,2025-09-03 19:00:00,2,1.4,recording://CL01202
CL01203,AC0021,A019,Support,2026-03-31 18:00:00,22,1.1,recording://CL01203
CL01204,AC0150,A046,Sales,2026-04-03 09:00:00,22,2.1,recording://CL01204
CL01205,AC0142,A020,Support,2026-03-04 15:00:00,9,2.2,recording://CL01205
CL01206,AC0020,A056,Sales,2026-05-10 11:00:00,18,2.5,recording://CL01206
CL01207,AC0030,A040,Sales,2025-09-21 17:00:00,25,0.7,recording://CL01207
CL01208,AC0100,A052,Sales,2026-01-22 13:00:00,40,1.0,recording://CL01208
CL01209,AC0064,A050,Sales,2026-05-28 19:00:00,16,3.2,recording://CL01209
CL01210,AC0032,A005,Support,2026-05-18 08:00:00,24,2.5,recording://CL01210
CL01211,AC0039,A018,Support,2026-06-17 12:00:00,17,1.4,recording://CL01211
CL01212,AC0104,A018,Support,2026-07-03 10:00:00,8,2.7,recording://CL01212
CL01213,AC0105,A050,Sales,2025-09-10 18:00:00,8,0.4,recording://CL01213
CL01214,AC0038,A026,Support,2025-11-28 12:00:00,19,2.4,recording://CL01214
CL01215,AC0130,A044,Sales,2025-12-25 15:00:00,25,2.9,recording://CL01215
CL01216,AC0101,A043,Sales,2026-02-12 11:00:00,13,1.0,recording://CL01216
CL01217,AC0054,A041,Sales,2026-01-26 12:00:00,7,3.4,recording://CL01217
CL01218,AC0137,A053,Sales,2026-03-03 08:00:00,15,0.1,recording://CL01218
CL01219,AC0022,A041,Sales,2025-10-12 13:00:00,26,3.7,recording://CL01219
CL01220,AC0058,A036,Support,2026-05-12 08:00:00,9,1.6,recording://CL01220
CL01221,AC0079,A056,Sales,2026-05-17 16:00:00,11,1.4,recording://CL01221
CL01222,AC0088,A040,Sales,2025-09-12 19:00:00,28,2.5,recording://CL01222
CL01223,AC0096,A014,Support,2026-06-16 19:00:00,7,3.5,recording://CL01223
CL01224,AC0076,A047,Sales,2025-12-01 16:00:00,18,2.4,recording://CL01224
CL01225,AC0087,A047,Sales,2026-03-02 09:00:00,14,1.1,recording://CL01225
CL01226,AC0033,A045,Sales,2026-02-22 09:00:00,16,2.4,recording://CL01226
CL01227,AC0094,A041,Sales,2026-04-13 09:00:00,6,0.6,recording://CL01227
CL01228,AC0121,A034,Support,2025-12-15 15:00:00,12,0.9,recording://CL01228
CL01229,AC0070,A012,Support,2025-10-29 09:00:00,3,0.8,recording://CL01229
CL01230,AC0126,A055,Sales,2026-08-24 08:00:00,9,2.5,recording://CL01230
CL01231,AC0087,A050,Sales,2025-10-13 15:00:00,11,3.6,recording://CL01231
CL01232,AC0140,A041,Sales,2026-01-27 17:00:00,26,2.3,recording://CL01232
CL01233,AC0065,A030,Support,2026-02-04 19:00:00,7,2.4,recording://CL01233
CL01234,AC0102,A003,Support,2025-10-18 12:00:00,12,2.6,recording://CL01234
CL01235,AC0059,A049,Sales,2026-05-28 14:00:00,7,2.0,recording://CL01235
CL01236,AC0113,A043,Sales,2026-07-27 16:00:00,15,2.6,recording://CL01236
CL01237,AC0009,A051,Sales,2026-01-04 18:00:00,7,2.1,recording://CL01237
CL01238,AC0090,A054,Sales,2025-09-06 17:00:00,15,2.3,recording://CL01238
CL01239,AC0017,A047,Sales,2026-08-23 09:00:00,7,2.9,recording://CL01239
CL01240,AC0008,A043,Sales,2025-12-07 08:00:00,25,2.4,recording://CL01240
CL01241,AC0088,A048,Sales,2025-10-17 18:00:00,19,1.8,recording://CL01241
CL01242,AC0135,A047,Sales,2025-12-09 12:00:00,12,0.0,recording://CL01242
CL01243,AC0096,A049,Sales,2026-03-31 12:00:00,19,2.7,recording://CL01243
CL01244,AC0089,A045,Sales,2025-09-28 16:00:00,13,1.8,recording://CL01244
CL01245,AC0127,A044,Sales,2025-10-15 16:00:00,28,1.5,recording://CL01245
CL01246,AC0007,A014,Support,2025-11-21 18:00:00,13,2.2,recording://CL01246
CL01247,AC0115,A042,Sales,2025-10-29 16:00:00,18,1.5,recording://CL01247
CL01248,AC0035,A047,Sales,2025-11-21 08:00:00,24,1.8,recording://CL01248
CL01249,AC0090,A013,Support,2026-04-05 18:00:00,15,1.4,recording://CL01249
CL01250,AC0015,A019,Support,2026-02-19 17:00:00,23,3.6,recording://CL01250
CL01251,AC0144,A024,Support,2026-06-08 19:00:00,7,1.8,recording://CL01251
CL01252,AC0008,A011,Support,2025-12-08 08:00:00,25,1.7,recording://CL01252
CL01253,AC0015,A011,Support,2026-02-27 12:00:00,16,4.0,recording://CL01253
CL01254,AC0017,A044,Sales,2026-04-10 10:00:00,22,2.4,recording://CL01254
CL01255,AC0117,A040,Sales,2026-02-05 15:00:00,19,2.7,recording://CL01255
CL01256,AC0025,A022,Support,2026-01-07 19:00:00,23,1.5,recording://CL01256
CL01257,AC0085,A045,Sales,2026-05-10 12:00:00,37,2.3,recording://CL01257
CL01258,AC0140,A050,Sales,2026-07-03 13:00:00,17,0.0,recording://CL01258
CL01259,AC0119,A047,Sales,2025-09-01 11:00:00,7,2.8,recording://CL01259
CL01260,AC0112,A051,Sales,2025-11-24 16:00:00,18,1.0,recording://CL01260
CL01261,AC0122,A035,Support,2026-06-01 09:00:00,6,1.4,recording://CL01261
CL01262,AC0039,A051,Sales,2026-02-26 11:00:00,19,1.9,recording://CL01262
CL01263,AC0049,A041,Sales,2026-07-20 11:00:00,21,1.4,recording://CL01263
CL01264,AC0117,A040,Sales,2025-11-09 18:00:00,22,2.9,recording://CL01264
CL01265,AC0047,A004,Support,2026-01-12 19:00:00,9,2.2,recording://CL01265
CL01266,AC0006,A040,Sales,2026-08-10 09:00:00,26,2.1,recording://CL01266
CL01267,AC0073,A056,Sales,2025-12-08 12:00:00,18,0.8,recording://CL01267
CL01268,AC0065,A040,Sales,2025-12-01 10:00:00,9,1.8,recording://CL01268
CL01269,AC0117,A010,Support,2026-04-25 14:00:00,16,2.3,recording://CL01269
CL01270,AC0150,A032,Support,2026-06-09 17:00:00,8,1.8,recording://CL01270
CL01271,AC0150,A039,Sales,2025-12-10 13:00:00,20,1.9,recording://CL01271
CL01272,AC0083,A027,Support,2026-01-28 19:00:00,5,1.0,recording://CL01272
CL01273,AC0015,A033,Support,2026-08-05 10:00:00,6,1.2,recording://CL01273
CL01274,AC0126,A042,Sales,2025-09-08 09:00:00,21,1.6,recording://CL01274
CL01275,AC0147,A047,Sales,2025-11-21 18:00:00,12,1.9,recording://CL01275
CL01276,AC0056,A007,Support,2026-02-21 09:00:00,11,1.8,recording://CL01276
CL01277,AC0058,A033,Support,2026-02-04 18:00:00,9,3.5,recording://CL01277
CL01278,AC0006,A003,Support,2026-04-13 19:00:00,2,2.0,recording://CL01278
CL01279,AC0024,A039,Sales,2025-11-01 13:00:00,31,1.4,recording://CL01279
CL01280,AC0004,A048,Sales,2026-01-20 11:00:00,11,0.6,recording://CL01280
CL01281,AC0103,A041,Sales,2026-05-25 17:00:00,18,3.2,recording://CL01281
CL01282,AC0015,A011,Support,2025-11-21 10:00:00,26,2.1,recording://CL01282
CL01283,AC0146,A048,Sales,2026-03-08 14:00:00,18,1.4,recording://CL01283
CL01284,AC0062,A050,Sales,2026-05-04 08:00:00,11,1.6,recording://CL01284
CL01285,AC0064,A004,Support,2025-09-12 12:00:00,15,0.1,recording://CL01285
CL01286,AC0040,A039,Sales,2026-06-15 16:00:00,4,1.9,recording://CL01286
CL01287,AC0065,A040,Sales,2025-11-10 15:00:00,12,0.7,recording://CL01287
CL01288,AC0100,A054,Sales,2026-04-30 15:00:00,31,2.9,recording://CL01288
CL01289,AC0075,A038,Support,2026-07-22 09:00:00,6,3.5,recording://CL01289
CL01290,AC0143,A036,Support,2025-10-27 18:00:00,18,0.9,recording://CL01290
CL01291,AC0046,A049,Sales,2025-12-18 19:00:00,9,1.6,recording://CL01291
CL01292,AC0107,A024,Support,2026-04-02 12:00:00,22,1.6,recording://CL01292
CL01293,AC0064,A045,Sales,2025-11-30 17:00:00,30,2.3,recording://CL01293
CL01294,AC0041,A042,Sales,2026-01-10 14:00:00,9,2.3,recording://CL01294
CL01295,AC0099,A047,Sales,2025-11-01 14:00:00,10,2.1,recording://CL01295
CL01296,AC0099,A049,Sales,2025-12-23 15:00:00,7,3.4,recording://CL01296
CL01297,AC0004,A046,Sales,2025-10-08 08:00:00,32,1.3,recording://CL01297
CL01298,AC0129,A048,Sales,2026-03-22 13:00:00,37,1.1,recording://CL01298
CL01299,AC0049,A040,Sales,2026-04-09 11:00:00,18,2.9,recording://CL01299
CL01300,AC0145,A009,Support,2026-05-04 12:00:00,11,1.1,recording://CL01300
CL01301,AC0099,A026,Support,2025-09-10 17:00:00,22,1.0,recording://CL01301
CL01302,AC0065,A054,Sales,2025-12-15 08:00:00,14,1.2,recording://CL01302
CL01303,AC0022,A024,Support,2026-04-17 13:00:00,21,1.1,recording://CL01303
CL01304,AC0049,A048,Sales,2026-07-16 16:00:00,9,1.2,recording://CL01304
CL01305,AC0090,A007,Support,2025-12-02 10:00:00,12,1.5,recording://CL01305
CL01306,AC0122,A049,Sales,2026-08-24 09:00:00,7,2.0,recording://CL01306
CL01307,AC0018,A035,Support,2026-01-01 18:00:00,25,3.4,recording://CL01307
CL01308,AC0137,A052,Sales,2026-03-11 18:00:00,29,0.8,recording://CL01308
CL01309,AC0008,A031,Support,2025-10-03 13:00:00,11,1.4,recording://CL01309
CL01310,AC0101,A041,Sales,2026-03-29 08:00:00,34,0.3,recording://CL01310
CL01311,AC0150,A046,Sales,2026-06-25 18:00:00,12,1.0,recording://CL01311
CL01312,AC0105,A044,Sales,2026-06-16 19:00:00,32,2.3,recording://CL01312
CL01313,AC0047,A048,Sales,2026-04-30 18:00:00,20,0.8,recording://CL01313
CL01314,AC0064,A047,Sales,2026-02-18 13:00:00,6,0.7,recording://CL01314
CL01315,AC0028,A051,Sales,2026-01-26 12:00:00,20,2.7,recording://CL01315
CL01316,AC0030,A052,Sales,2026-06-26 11:00:00,8,0.7,recording://CL01316
CL01317,AC0081,A010,Support,2025-11-30 15:00:00,11,2.0,recording://CL01317
CL01318,AC0030,A053,Sales,2026-01-04 15:00:00,26,3.1,recording://CL01318
CL01319,AC0134,A054,Sales,2026-02-08 10:00:00,9,1.9,recording://CL01319
CL01320,AC0031,A044,Sales,2025-09-28 13:00:00,12,2.3,recording://CL01320
CL01321,AC0150,A043,Sales,2026-01-08 11:00:00,8,2.8,recording://CL01321
CL01322,AC0082,A044,Sales,2026-07-08 10:00:00,6,3.1,recording://CL01322
CL01323,AC0058,A055,Sales,2026-01-15 15:00:00,8,2.6,recording://CL01323
CL01324,AC0068,A040,Sales,2026-05-03 15:00:00,18,1.8,recording://CL01324
CL01325,AC0087,A045,Sales,2025-11-09 15:00:00,14,2.0,recording://CL01325
CL01326,AC0136,A045,Sales,2026-07-19 19:00:00,5,0.8,recording://CL01326
CL01327,AC0024,A040,Sales,2025-09-10 18:00:00,24,1.4,recording://CL01327
CL01328,AC0099,A051,Sales,2025-11-09 15:00:00,21,0.6,recording://CL01328
CL01329,AC0130,A020,Support,2026-07-07 15:00:00,6,2.2,recording://CL01329
CL01330,AC0039,A051,Sales,2026-05-09 12:00:00,14,1.7,recording://CL01330
CL01331,AC0132,A043,Sales,2026-08-11 15:00:00,18,1.1,recording://CL01331
CL01332,AC0037,A013,Support,2026-08-15 11:00:00,10,2.3,recording://CL01332
CL01333,AC0105,A055,Sales,2026-05-31 08:00:00,16,1.0,recording://CL01333
CL01334,AC0108,A025,Support,2026-07-29 08:00:00,10,1.9,recording://CL01334
CL01335,AC0132,A042,Sales,2026-07-30 16:00:00,13,1.5,recording://CL01335
CL01336,AC0026,A046,Sales,2026-08-12 11:00:00,9,2.5,recording://CL01336
CL01337,AC0132,A006,Support,2026-01-22 16:00:00,14,0.0,recording://CL01337
CL01338,AC0005,A011,Support,2026-05-29 08:00:00,12,1.7,recording://CL01338
CL01339,AC0075,A045,Sales,2025-12-28 15:00:00,15,1.6,recording://CL01339
CL01340,AC0009,A033,Support,2026-05-11 16:00:00,10,1.7,recording://CL01340
CL01341,AC0041,A015,Support,2026-01-05 18:00:00,24,1.3,recording://CL01341
CL01342,AC0121,A041,Sales,2026-04-23 09:00:00,18,3.0,recording://CL01342
CL01343,AC0149,A002,Support,2026-05-10 17:00:00,21,2.2,recording://CL01343
CL01344,AC0047,A042,Sales,2026-02-28 18:00:00,7,1.1,recording://CL01344
CL01345,AC0085,A017,Support,2026-02-06 15:00:00,14,1.7,recording://CL01345
CL01346,AC0087,A053,Sales,2026-06-23 10:00:00,10,2.8,recording://CL01346
CL01347,AC0094,A012,Support,2026-02-26 13:00:00,18,2.7,recording://CL01347
CL01348,AC0047,A043,Sales,2026-04-28 19:00:00,24,1.6,recording://CL01348
CL01349,AC0011,A041,Sales,2026-03-12 13:00:00,25,1.9,recording://CL01349
CL01350,AC0117,A054,Sales,2026-07-27 19:00:00,5,1.8,recording://CL01350
CL01351,AC0003,A048,Sales,2026-01-06 08:00:00,45,0.2,recording://CL01351
CL01352,AC0098,A027,Support,2026-07-16 09:00:00,19,2.5,recording://CL01352
CL01353,AC0054,A044,Sales,2026-02-28 16:00:00,15,2.3,recording://CL01353
CL01354,AC0049,A003,Support,2026-07-27 13:00:00,14,2.5,recording://CL01354
CL01355,AC0150,A046,Sales,2025-12-09 13:00:00,17,1.2,recording://CL01355
CL01356,AC0048,A047,Sales,2026-05-25 08:00:00,6,0.7,recording://CL01356
CL01357,AC0077,A029,Support,2026-07-02 16:00:00,3,0.5,recording://CL01357
CL01358,AC0071,A022,Support,2026-04-30 11:00:00,6,2.5,recording://CL01358
CL01359,AC0008,A037,Support,2026-01-13 12:00:00,5,2.0,recording://CL01359
CL01360,AC0028,A013,Support,2026-06-30 15:00:00,8,0.2,recording://CL01360
CL01361,AC0092,A026,Support,2025-11-06 17:00:00,7,1.8,recording://CL01361
CL01362,AC0015,A045,Sales,2025-10-29 19:00:00,41,2.2,recording://CL01362
CL01363,AC0086,A018,Support,2026-06-15 09:00:00,8,1.7,recording://CL01363
CL01364,AC0140,A047,Sales,2025-12-03 12:00:00,9,0.1,recording://CL01364
CL01365,AC0150,A016,Support,2025-11-15 17:00:00,17,2.5,recording://CL01365
CL01366,AC0103,A002,Support,2025-11-25 16:00:00,9,1.2,recording://CL01366
CL01367,AC0109,A003,Support,2026-07-05 17:00:00,19,0.0,recording://CL01367
CL01368,AC0047,A022,Support,2025-10-28 14:00:00,22,2.8,recording://CL01368
CL01369,AC0139,A042,Sales,2025-11-10 14:00:00,9,1.0,recording://CL01369
CL01370,AC0065,A009,Support,2026-03-21 12:00:00,18,1.4,recording://CL01370
CL01371,AC0128,A055,Sales,2026-06-29 10:00:00,22,1.9,recording://CL01371
CL01372,AC0096,A031,Support,2026-03-15 15:00:00,8,0.0,recording://CL01372
CL01373,AC0089,A054,Sales,2025-11-07 14:00:00,7,2.7,recording://CL01373
CL01374,AC0140,A039,Sales,2026-02-17 08:00:00,17,3.2,recording://CL01374
CL01375,AC0013,A022,Support,2025-09-02 19:00:00,15,3.0,recording://CL01375
CL01376,AC0071,A051,Sales,2026-02-05 17:00:00,19,2.2,recording://CL01376
CL01377,AC0100,A027,Support,2026-04-12 12:00:00,17,1.4,recording://CL01377
CL01378,AC0085,A052,Sales,2026-01-10 16:00:00,18,1.4,recording://CL01378
CL01379,AC0144,A053,Sales,2026-08-07 13:00:00,22,0.3,recording://CL01379
CL01380,AC0104,A048,Sales,2026-07-19 18:00:00,11,3.0,recording://CL01380
CL01381,AC0126,A045,Sales,2026-08-17 19:00:00,13,2.9,recording://CL01381
CL01382,AC0133,A045,Sales,2026-04-25 10:00:00,15,1.0,recording://CL01382
CL01383,AC0064,A055,Sales,2026-08-12 15:00:00,26,3.1,recording://CL01383
CL01384,AC0147,A041,Sales,2026-01-27 11:00:00,20,2.6,recording://CL01384
CL01385,AC0006,A055,Sales,2026-06-23 08:00:00,25,3.9,recording://CL01385
CL01386,AC0095,A047,Sales,2026-06-01 18:00:00,10,1.6,recording://CL01386
CL01387,AC0088,A056,Sales,2026-01-04 15:00:00,17,2.0,recording://CL01387
CL01388,AC0100,A049,Sales,2026-07-15 10:00:00,4,2.7,recording://CL01388
CL01389,AC0103,A040,Sales,2025-12-06 17:00:00,21,1.1,recording://CL01389
CL01390,AC0074,A007,Support,2025-11-10 11:00:00,14,0.4,recording://CL01390
CL01391,AC0020,A004,Support,2025-10-29 11:00:00,17,0.4,recording://CL01391
CL01392,AC0008,A046,Sales,2026-05-19 18:00:00,6,1.3,recording://CL01392
CL01393,AC0088,A037,Support,2026-03-05 11:00:00,18,2.7,recording://CL01393
CL01394,AC0139,A041,Sales,2026-08-19 17:00:00,25,1.3,recording://CL01394
CL01395,AC0102,A053,Sales,2026-04-25 13:00:00,21,1.3,recording://CL01395
CL01396,AC0147,A050,Sales,2026-01-23 19:00:00,6,1.1,recording://CL01396
CL01397,AC0081,A047,Sales,2025-11-04 08:00:00,4,2.8,recording://CL01397
CL01398,AC0047,A026,Support,2026-02-26 13:00:00,24,2.8,recording://CL01398
CL01399,AC0082,A045,Sales,2026-06-05 17:00:00,16,3.7,recording://CL01399
CL01400,AC0092,A044,Sales,2026-01-21 18:00:00,10,2.0,recording://CL01400
CL01401,AC0113,A054,Sales,2026-07-27 17:00:00,12,1.4,recording://CL01401
CL01402,AC0117,A056,Sales,2026-01-10 17:00:00,4,0.6,recording://CL01402
CL01403,AC0132,A054,Sales,2026-02-27 09:00:00,10,1.3,recording://CL01403
CL01404,AC0010,A051,Sales,2026-01-15 11:00:00,17,1.6,recording://CL01404
CL01405,AC0085,A003,Support,2025-10-22 17:00:00,13,1.6,recording://CL01405
CL01406,AC0036,A048,Sales,2025-12-04 08:00:00,9,2.1,recording://CL01406
CL01407,AC0067,A049,Sales,2026-02-03 09:00:00,6,2.3,recording://CL01407
CL01408,AC0105,A046,Sales,2026-05-21 14:00:00,27,2.6,recording://CL01408
CL01409,AC0087,A054,Sales,2025-12-20 08:00:00,17,2.3,recording://CL01409
CL01410,AC0037,A032,Support,2025-12-19 14:00:00,14,1.5,recording://CL01410
CL01411,AC0125,A021,Support,2026-06-02 18:00:00,19,0.9,recording://CL01411
CL01412,AC0005,A014,Support,2026-05-27 19:00:00,14,2.7,recording://CL01412
CL01413,AC0009,A011,Support,2025-11-09 08:00:00,14,1.4,recording://CL01413
CL01414,AC0100,A039,Sales,2026-04-05 17:00:00,7,3.7,recording://CL01414
CL01415,AC0099,A019,Support,2026-08-13 13:00:00,14,1.0,recording://CL01415
CL01416,AC0124,A055,Sales,2026-03-05 12:00:00,20,2.0,recording://CL01416
CL01417,AC0053,A013,Support,2026-04-29 09:00:00,9,1.1,recording://CL01417
CL01418,AC0033,A054,Sales,2026-07-26 16:00:00,21,3.2,recording://CL01418
CL01419,AC0085,A030,Support,2026-05-28 14:00:00,6,3.8,recording://CL01419
CL01420,AC0113,A051,Sales,2025-10-03 14:00:00,8,1.8,recording://CL01420
CL01421,AC0068,A050,Sales,2025-12-14 19:00:00,9,1.1,recording://CL01421
CL01422,AC0114,A042,Sales,2026-02-22 18:00:00,6,0.4,recording://CL01422
CL01423,AC0086,A044,Sales,2025-09-25 18:00:00,14,1.0,recording://CL01423
CL01424,AC0065,A042,Sales,2025-10-30 18:00:00,21,3.3,recording://CL01424
CL01425,AC0049,A052,Sales,2025-10-31 17:00:00,23,0.8,recording://CL01425
CL01426,AC0092,A023,Support,2026-01-12 10:00:00,17,2.5,recording://CL01426
CL01427,AC0150,A032,Support,2025-10-21 16:00:00,27,0.6,recording://CL01427
CL01428,AC0010,A031,Support,2026-03-13 14:00:00,25,2.9,recording://CL01428
CL01429,AC0047,A012,Support,2026-01-09 11:00:00,8,0.2,recording://CL01429
CL01430,AC0032,A046,Sales,2026-04-04 17:00:00,7,1.5,recording://CL01430
CL01431,AC0015,A055,Sales,2026-02-17 13:00:00,10,0.9,recording://CL01431
CL01432,AC0075,A020,Support,2026-08-01 19:00:00,9,0.6,recording://CL01432
CL01433,AC0136,A046,Sales,2025-11-15 16:00:00,23,1.6,recording://CL01433
CL01434,AC0090,A036,Support,2025-09-20 09:00:00,17,1.1,recording://CL01434
CL01435,AC0114,A050,Sales,2026-07-12 16:00:00,41,2.9,recording://CL01435
CL01436,AC0087,A048,Sales,2026-05-28 18:00:00,21,1.5,recording://CL01436
CL01437,AC0060,A054,Sales,2026-02-08 08:00:00,19,1.6,recording://CL01437
CL01438,AC0138,A038,Support,2026-02-12 14:00:00,8,2.6,recording://CL01438
CL01439,AC0017,A056,Sales,2026-06-12 09:00:00,34,2.3,recording://CL01439
CL01440,AC0020,A053,Sales,2026-04-14 18:00:00,10,0.0,recording://CL01440
CL01441,AC0133,A040,Sales,2025-09-23 18:00:00,7,1.8,recording://CL01441
CL01442,AC0065,A053,Sales,2025-11-01 19:00:00,11,0.9,recording://CL01442
CL01443,AC0089,A052,Sales,2025-11-02 16:00:00,26,1.4,recording://CL01443
CL01444,AC0063,A021,Support,2025-11-23 19:00:00,20,3.7,recording://CL01444
CL01445,AC0047,A008,Support,2026-08-12 16:00:00,23,2.3,recording://CL01445
CL01446,AC0146,A055,Sales,2025-10-19 19:00:00,9,1.5,recording://CL01446
CL01447,AC0085,A004,Support,2026-06-13 08:00:00,15,1.7,recording://CL01447
CL01448,AC0041,A045,Sales,2026-03-14 10:00:00,18,2.9,recording://CL01448
CL01449,AC0100,A043,Sales,2026-06-18 10:00:00,12,0.0,recording://CL01449
CL01450,AC0135,A049,Sales,2026-03-16 09:00:00,48,2.7,recording://CL01450
CL01451,AC0117,A041,Sales,2026-02-07 16:00:00,14,1.0,recording://CL01451
CL01452,AC0030,A020,Support,2026-01-30 08:00:00,44,1.2,recording://CL01452
CL01453,AC0060,A056,Sales,2025-11-14 11:00:00,29,3.1,recording://CL01453
CL01454,AC0120,A054,Sales,2025-09-11 12:00:00,24,2.4,recording://CL01454
CL01455,AC0130,A054,Sales,2026-01-03 17:00:00,37,3.1,recording://CL01455
CL01456,AC0140,A032,Support,2026-01-21 14:00:00,11,2.3,recording://CL01456
CL01457,AC0048,A014,Support,2026-02-09 17:00:00,9,1.5,recording://CL01457
CL01458,AC0048,A041,Sales,2025-10-01 12:00:00,21,3.4,recording://CL01458
CL01459,AC0007,A054,Sales,2025-10-01 11:00:00,25,1.4,recording://CL01459
CL01460,AC0070,A049,Sales,2025-12-15 13:00:00,17,1.4,recording://CL01460
CL01461,AC0139,A052,Sales,2026-02-06 08:00:00,17,0.7,recording://CL01461
CL01462,AC0136,A014,Support,2025-11-21 12:00:00,8,1.8,recording://CL01462
CL01463,AC0018,A043,Sales,2026-02-12 13:00:00,16,2.6,recording://CL01463
CL01464,AC0140,A026,Support,2026-01-22 08:00:00,6,3.6,recording://CL01464
CL01465,AC0140,A044,Sales,2026-07-11 08:00:00,15,0.0,recording://CL01465
CL01466,AC0091,A050,Sales,2026-04-07 12:00:00,15,1.2,recording://CL01466
CL01467,AC0100,A039,Sales,2026-03-16 12:00:00,20,1.0,recording://CL01467
CL01468,AC0121,A051,Sales,2026-08-10 09:00:00,9,2.4,recording://CL01468
CL01469,AC0027,A052,Sales,2026-04-28 13:00:00,8,1.5,recording://CL01469
CL01470,AC0088,A025,Support,2026-02-06 18:00:00,31,2.7,recording://CL01470
CL01471,AC0067,A047,Sales,2026-07-26 08:00:00,11,1.1,recording://CL01471
CL01472,AC0090,A031,Support,2026-06-10 13:00:00,10,1.7,recording://CL01472
CL01473,AC0046,A006,Support,2026-04-25 08:00:00,21,3.4,recording://CL01473
CL01474,AC0117,A056,Sales,2025-11-19 12:00:00,10,1.4,recording://CL01474
CL01475,AC0089,A052,Sales,2026-04-12 13:00:00,22,0.7,recording://CL01475
CL01476,AC0110,A055,Sales,2026-04-24 11:00:00,21,1.1,recording://CL01476
CL01477,AC0067,A044,Sales,2025-11-13 12:00:00,27,1.9,recording://CL01477
CL01478,AC0021,A046,Sales,2025-11-30 14:00:00,8,2.3,recording://CL01478
CL01479,AC0109,A031,Support,2026-04-26 11:00:00,40,1.5,recording://CL01479
CL01480,AC0127,A046,Sales,2026-02-12 11:00:00,11,2.6,recording://CL01480
CL01481,AC0005,A052,Sales,2026-04-26 19:00:00,12,2.3,recording://CL01481
CL01482,AC0090,A040,Sales,2025-09-01 17:00:00,17,0.8,recording://CL01482
CL01483,AC0139,A007,Support,2026-07-23 17:00:00,22,1.7,recording://CL01483
CL01484,AC0095,A056,Sales,2026-07-10 18:00:00,8,2.3,recording://CL01484
CL01485,AC0013,A043,Sales,2025-11-13 17:00:00,25,2.0,recording://CL01485
CL01486,AC0131,A054,Sales,2026-08-16 10:00:00,26,2.7,recording://CL01486
CL01487,AC0061,A026,Support,2026-02-22 18:00:00,7,1.5,recording://CL01487
CL01488,AC0150,A051,Sales,2026-02-07 19:00:00,23,0.8,recording://CL01488
CL01489,AC0123,A035,Support,2026-01-17 13:00:00,7,2.6,recording://CL01489
CL01490,AC0121,A051,Sales,2025-11-05 11:00:00,13,2.6,recording://CL01490
CL01491,AC0046,A022,Support,2025-12-12 15:00:00,25,1.8,recording://CL01491
CL01492,AC0049,A014,Support,2026-01-20 10:00:00,22,1.5,recording://CL01492
CL01493,AC0104,A021,Support,2026-04-28 16:00:00,10,1.1,recording://CL01493
CL01494,AC0027,A051,Sales,2026-02-04 14:00:00,4,0.2,recording://CL01494
CL01495,AC0087,A020,Support,2026-06-28 15:00:00,6,0.8,recording://CL01495
CL01496,AC0082,A054,Sales,2026-05-23 15:00:00,22,0.0,recording://CL01496
CL01497,AC0106,A038,Support,2026-02-09 18:00:00,8,1.6,recording://CL01497
CL01498,AC0004,A054,Sales,2026-07-02 13:00:00,17,2.3,recording://CL01498
CL01499,AC0013,A039,Sales,2026-04-07 12:00:00,37,2.3,recording://CL01499
CL01500,AC0126,A051,Sales,2026-03-21 11:00:00,13,4.6,recording://CL01500
CL01501,AC0090,A018,Support,2026-07-29 13:00:00,15,1.0,recording://CL01501
CL01502,AC0073,A050,Sales,2025-12-11 08:00:00,8,1.5,recording://CL01502
CL01503,AC0088,A047,Sales,2026-05-13 18:00:00,17,1.3,recording://CL01503
CL01504,AC0064,A016,Support,2026-01-13 09:00:00,13,1.9,recording://CL01504
CL01505,AC0127,A006,Support,2025-09-19 13:00:00,12,2.2,recording://CL01505
CL01506,AC0070,A051,Sales,2025-12-24 11:00:00,15,0.9,recording://CL01506
CL01507,AC0137,A044,Sales,2026-05-23 18:00:00,44,2.0,recording://CL01507
CL01508,AC0014,A004,Support,2026-02-23 17:00:00,21,1.4,recording://CL01508
CL01509,AC0103,A046,Sales,2026-06-22 19:00:00,10,3.0,recording://CL01509
CL01510,AC0150,A046,Sales,2025-10-30 19:00:00,9,2.1,recording://CL01510
CL01511,AC0144,A056,Sales,2026-05-25 16:00:00,22,3.2,recording://CL01511
CL01512,AC0018,A055,Sales,2026-06-10 19:00:00,21,0.8,recording://CL01512
CL01513,AC0126,A039,Sales,2026-01-21 16:00:00,17,0.3,recording://CL01513
CL01514,AC0090,A041,Sales,2025-12-02 15:00:00,42,1.4,recording://CL01514
CL01515,AC0106,A043,Sales,2026-01-30 16:00:00,11,0.7,recording://CL01515
CL01516,AC0049,A040,Sales,2026-02-16 17:00:00,9,2.4,recording://CL01516
CL01517,AC0107,A027,Support,2026-06-12 14:00:00,4,1.6,recording://CL01517
CL01518,AC0094,A046,Sales,2026-07-11 19:00:00,24,0.4,recording://CL01518
CL01519,AC0143,A045,Sales,2026-06-10 16:00:00,13,1.4,recording://CL01519
CL01520,AC0140,A044,Sales,2026-02-09 08:00:00,20,2.5,recording://CL01520
CL01521,AC0110,A029,Support,2026-05-10 13:00:00,11,1.4,recording://CL01521
CL01522,AC0088,A011,Support,2026-05-16 15:00:00,18,1.7,recording://CL01522
CL01523,AC0150,A046,Sales,2026-07-20 09:00:00,13,2.9,recording://CL01523
CL01524,AC0132,A013,Support,2026-08-16 12:00:00,15,0.4,recording://CL01524
CL01525,AC0030,A043,Sales,2026-05-25 11:00:00,7,2.2,recording://CL01525
CL01526,AC0030,A017,Support,2026-05-05 09:00:00,46,0.5,recording://CL01526
CL01527,AC0085,A039,Sales,2026-06-04 18:00:00,10,2.6,recording://CL01527
CL01528,AC0018,A020,Support,2025-12-01 13:00:00,15,3.6,recording://CL01528
CL01529,AC0092,A042,Sales,2026-02-13 10:00:00,23,2.3,recording://CL01529
CL01530,AC0112,A047,Sales,2025-10-13 17:00:00,14,1.4,recording://CL01530
CL01531,AC0113,A031,Support,2026-04-10 11:00:00,15,2.7,recording://CL01531
CL01532,AC0039,A043,Sales,2026-07-25 13:00:00,40,3.1,recording://CL01532
CL01533,AC0099,A039,Sales,2025-10-13 16:00:00,17,1.5,recording://CL01533
CL01534,AC0046,A028,Support,2025-12-03 18:00:00,7,2.0,recording://CL01534
CL01535,AC0140,A039,Sales,2026-03-12 11:00:00,21,1.7,recording://CL01535
CL01536,AC0130,A039,Sales,2026-07-29 10:00:00,22,2.3,recording://CL01536
CL01537,AC0011,A007,Support,2026-06-12 13:00:00,26,2.0,recording://CL01537
CL01538,AC0020,A051,Sales,2026-07-19 09:00:00,15,1.7,recording://CL01538
CL01539,AC0030,A051,Sales,2026-05-03 15:00:00,5,0.0,recording://CL01539
CL01540,AC0139,A051,Sales,2026-03-14 17:00:00,6,0.8,recording://CL01540
CL01541,AC0022,A046,Sales,2026-08-24 13:00:00,21,1.7,recording://CL01541
CL01542,AC0147,A040,Sales,2026-05-25 17:00:00,15,1.4,recording://CL01542
CL01543,AC0088,A024,Support,2026-02-25 09:00:00,13,1.9,recording://CL01543
CL01544,AC0024,A048,Sales,2025-10-25 14:00:00,26,2.6,recording://CL01544
CL01545,AC0136,A049,Sales,2026-02-17 15:00:00,13,2.6,recording://CL01545
CL01546,AC0024,A044,Sales,2026-04-10 19:00:00,22,2.8,recording://CL01546
CL01547,AC0051,A014,Support,2026-05-31 12:00:00,14,2.0,recording://CL01547
CL01548,AC0022,A050,Sales,2026-01-07 14:00:00,19,0.2,recording://CL01548
CL01549,AC0003,A046,Sales,2026-05-03 18:00:00,11,1.5,recording://CL01549
CL01550,AC0103,A012,Support,2025-09-23 08:00:00,31,0.6,recording://CL01550
CL01551,AC0136,A024,Support,2025-11-16 09:00:00,13,1.3,recording://CL01551
CL01552,AC0078,A023,Support,2026-08-17 14:00:00,36,2.3,recording://CL01552
CL01553,AC0071,A016,Support,2026-05-16 10:00:00,26,1.7,recording://CL01553
CL01554,AC0105,A048,Sales,2025-12-28 15:00:00,6,1.5,recording://CL01554
CL01555,AC0008,A040,Sales,2025-11-04 10:00:00,3,3.0,recording://CL01555
CL01556,AC0059,A022,Support,2026-05-13 19:00:00,9,1.7,recording://CL01556
CL01557,AC0070,A025,Support,2025-12-17 08:00:00,15,3.4,recording://CL01557
CL01558,AC0080,A009,Support,2025-12-27 18:00:00,7,1.7,recording://CL01558
CL01559,AC0117,A042,Sales,2026-04-18 09:00:00,19,3.6,recording://CL01559
CL01560,AC0067,A050,Sales,2025-10-07 18:00:00,21,2.3,recording://CL01560
CL01561,AC0136,A027,Support,2025-11-28 09:00:00,10,3.0,recording://CL01561
CL01562,AC0025,A052,Sales,2025-12-11 16:00:00,6,1.2,recording://CL01562
CL01563,AC0061,A044,Sales,2026-03-10 08:00:00,10,2.2,recording://CL01563
CL01564,AC0008,A046,Sales,2026-07-27 18:00:00,22,1.5,recording://CL01564
CL01565,AC0007,A010,Support,2026-01-23 16:00:00,9,0.9,recording://CL01565
CL01566,AC0137,A054,Sales,2025-12-14 10:00:00,6,2.1,recording://CL01566
CL01567,AC0150,A012,Support,2026-03-12 12:00:00,15,1.2,recording://CL01567
CL01568,AC0074,A041,Sales,2025-10-24 13:00:00,11,2.2,recording://CL01568
CL01569,AC0095,A041,Sales,2025-11-08 17:00:00,7,3.3,recording://CL01569
CL01570,AC0007,A035,Support,2026-05-23 13:00:00,23,1.6,recording://CL01570
CL01571,AC0090,A034,Support,2025-09-04 16:00:00,16,3.0,recording://CL01571
CL01572,AC0133,A056,Sales,2025-10-29 09:00:00,20,2.7,recording://CL01572
CL01573,AC0140,A054,Sales,2026-07-09 15:00:00,11,1.5,recording://CL01573
CL01574,AC0139,A050,Sales,2026-08-27 17:00:00,9,1.4,recording://CL01574
CL01575,AC0030,A022,Support,2026-04-21 18:00:00,9,2.8,recording://CL01575
CL01576,AC0049,A042,Sales,2026-06-27 15:00:00,6,1.5,recording://CL01576
CL01577,AC0127,A054,Sales,2025-12-25 18:00:00,23,3.3,recording://CL01577
CL01578,AC0072,A041,Sales,2026-04-15 13:00:00,6,0.9,recording://CL01578
CL01579,AC0046,A051,Sales,2026-03-30 10:00:00,9,0.7,recording://CL01579
CL01580,AC0107,A038,Support,2026-05-09 12:00:00,30,2.3,recording://CL01580
CL01581,AC0139,A051,Sales,2026-01-03 12:00:00,17,0.6,recording://CL01581
CL01582,AC0030,A046,Sales,2026-02-03 10:00:00,24,1.4,recording://CL01582
CL01583,AC0147,A056,Sales,2026-02-16 17:00:00,21,1.3,recording://CL01583
CL01584,AC0121,A050,Sales,2026-01-13 14:00:00,20,2.4,recording://CL01584
CL01585,AC0061,A033,Support,2026-04-20 17:00:00,21,2.5,recording://CL01585
CL01586,AC0079,A023,Support,2026-07-08 08:00:00,6,0.5,recording://CL01586
CL01587,AC0145,A050,Sales,2026-01-04 17:00:00,9,1.6,recording://CL01587
CL01588,AC0142,A050,Sales,2026-02-03 09:00:00,17,3.0,recording://CL01588
CL01589,AC0126,A048,Sales,2026-07-28 12:00:00,11,2.6,recording://CL01589
CL01590,AC0020,A052,Sales,2026-08-27 08:00:00,10,3.0,recording://CL01590
CL01591,AC0147,A039,Sales,2026-06-15 10:00:00,19,4.0,recording://CL01591
CL01592,AC0110,A003,Support,2025-11-06 18:00:00,20,1.6,recording://CL01592
CL01593,AC0132,A047,Sales,2026-04-29 13:00:00,12,1.5,recording://CL01593
CL01594,AC0088,A056,Sales,2025-12-01 08:00:00,6,1.7,recording://CL01594
CL01595,AC0117,A054,Sales,2025-11-04 12:00:00,21,1.4,recording://CL01595
CL01596,AC0062,A052,Sales,2026-03-21 16:00:00,19,0.8,recording://CL01596
CL01597,AC0049,A004,Support,2026-04-11 18:00:00,13,0.4,recording://CL01597
CL01598,AC0017,A014,Support,2026-05-22 15:00:00,19,2.2,recording://CL01598
CL01599,AC0087,A047,Sales,2026-05-28 10:00:00,17,1.6,recording://CL01599
CL01600,AC0087,A046,Sales,2026-06-08 13:00:00,10,1.4,recording://CL01600
