deal_id,account_id,owner_agent_id,created_at,closed_at,stage,amount,segment,loss_reason,source,handover_complete,special_requirements_issue
DL00001,AC0022,A051,2026-05-22,2026-07-23,Closed Won,164000,Enterprise,,Inbound,False,Free-text / field quality issue
DL00002,AC0145,A046,2025-09-20,,Discovery,12000,SMB,,Outbound,,
DL00003,AC0064,A044,2025-10-04,2025-12-20,Closed Lost,9000,SMB,Timing,Partner,,
DL00004,AC0115,A052,2026-03-20,,Discovery,18000,SMB,,Outbound,,
DL00005,AC0006,A044,2025-11-24,2026-02-12,Closed Lost,18000,SMB,Procurement,Partner,,
DL00006,AC0080,A040,2026-03-03,2026-03-25,Closed Lost,95000,Enterprise,No Decision,Outbound,,
DL00007,AC0077,A052,2026-06-09,2026-07-20,Closed Won,25000,SMB,,Inbound,True,
DL00008,AC0073,A055,2026-02-23,2026-05-06,Closed Lost,32000,Mid-Market,Procurement,Referral,,
DL00009,AC0079,A047,2026-02-02,2026-04-04,Closed Lost,8000,SMB,Missing Feature,Referral,,
DL00010,AC0004,A051,2025-09-11,2025-10-30,Closed Won,69000,Enterprise,,Referral,True,
DL00011,AC0078,A050,2025-12-11,,Negotiation,180000,Enterprise,,Outbound,,
DL00012,AC0032,A045,2025-09-08,2025-10-23,Closed Lost,26000,Mid-Market,Missing Feature,Partner,,
DL00013,AC0028,A039,2025-10-29,2026-01-11,Closed Won,32000,Mid-Market,,Paid Search,True,
DL00014,AC0044,A048,2026-02-14,,Discovery,85000,Enterprise,,Referral,,
DL00015,AC0099,A051,2025-10-26,,Discovery,122000,Enterprise,,Inbound,,
DL00016,AC0029,A050,2026-05-19,2026-07-22,Closed Won,18000,SMB,,Paid Search,True,
DL00017,AC0057,A039,2025-12-02,2026-01-24,Closed Won,18000,SMB,,Outbound,True,
DL00018,AC0014,A041,2026-05-28,,Proposal,21000,SMB,,Inbound,,
DL00019,AC0023,A054,2025-11-07,2025-12-18,Closed Lost,59000,Mid-Market,Price,Inbound,,
DL00020,AC0020,A043,2025-09-22,2025-10-14,Closed Won,123000,Enterprise,,Partner,True,
DL00021,AC0034,A045,2026-04-02,,Proposal,24000,SMB,,Referral,,
DL00022,AC0060,A049,2026-06-07,2026-07-11,Closed Lost,60000,Mid-Market,Timing,Outbound,,
DL00023,AC0064,A040,2026-08-18,,Negotiation,55000,Mid-Market,,Outbound,,
DL00024,AC0141,A042,2026-04-12,,Qualified,18000,SMB,,Partner,,
DL00025,AC0075,A043,2025-10-22,2025-12-10,Closed Won,45000,Mid-Market,,Partner,True,
DL00026,AC0118,A047,2026-04-29,2026-07-03,Closed Lost,31000,Mid-Market,Missing Feature,Paid Search,,
DL00027,AC0037,A041,2026-04-29,,Proposal,64000,Mid-Market,,Partner,,
DL00028,AC0011,A048,2025-11-12,2026-01-06,Closed Lost,159000,Enterprise,Competitor,Paid Search,,
DL00029,AC0059,A054,2026-02-15,2026-05-09,Closed Lost,16000,SMB,Timing,Outbound,,
DL00030,AC0013,A045,2026-02-02,2026-03-01,Closed Lost,86000,Enterprise,Unqualified,Inbound,,
DL00031,AC0104,A048,2026-05-18,,Negotiation,16000,SMB,,Partner,,
DL00032,AC0072,A045,2026-05-05,2026-07-27,Closed Lost,169000,Enterprise,Timing,Paid Search,,
DL00033,AC0128,A049,2026-03-09,2026-05-01,Closed Lost,41000,Mid-Market,Procurement,Outbound,,
DL00034,AC0131,A049,2026-02-26,2026-03-28,Closed Won,29000,Mid-Market,,Partner,True,
DL00035,AC0049,A051,2025-12-12,2026-01-19,Closed Won,28000,Mid-Market,,Partner,True,
DL00036,AC0139,A041,2026-07-29,,Qualified,52000,Mid-Market,,Paid Search,,
DL00037,AC0098,A046,2025-11-04,,Qualified,41000,Mid-Market,,Inbound,,
DL00038,AC0037,A050,2026-07-25,2026-09-25,Closed Won,24000,SMB,,Referral,False,Free-text vague
DL00039,AC0132,A053,2026-03-09,2026-05-21,Closed Lost,21000,SMB,Price,Inbound,,
DL00040,AC0046,A046,2026-08-16,,Qualified,14000,SMB,,Paid Search,,
DL00041,AC0084,A053,2026-06-13,,Negotiation,13000,SMB,,Partner,,
DL00042,AC0022,A055,2025-12-27,2026-03-06,Closed Won,175000,Enterprise,,Partner,True,
DL00043,AC0052,A039,2026-07-14,,Proposal,18000,SMB,,Partner,,
DL00044,AC0088,A050,2026-02-19,2026-03-17,Closed Lost,17000,SMB,Price,Outbound,,
DL00045,AC0093,A048,2026-01-17,,Discovery,10000,SMB,,Inbound,,
DL00046,AC0062,A052,2026-03-21,,Negotiation,11000,SMB,,Outbound,,
DL00047,AC0107,A055,2025-12-03,2026-01-14,Closed Lost,48000,Mid-Market,No Decision,Inbound,,
DL00048,AC0008,A041,2025-09-28,2025-11-29,Closed Won,165000,Enterprise,,Inbound,True,
DL00049,AC0119,A045,2026-03-13,2026-05-14,Closed Won,22000,SMB,,Referral,True,
DL00050,AC0046,A043,2026-05-30,2026-07-11,Closed Won,53000,Mid-Market,,Referral,True,Missing structured value
DL00051,AC0030,A052,2026-06-10,2026-07-15,Closed Won,47000,Mid-Market,,Paid Search,True,
DL00052,AC0098,A056,2026-03-30,2026-06-27,Closed Lost,188000,Enterprise,No Decision,Referral,,
DL00053,AC0132,A040,2026-01-31,2026-04-13,Closed Won,41000,Mid-Market,,Partner,True,Free-text vague
DL00054,AC0108,A048,2026-03-20,,Negotiation,21000,SMB,,Partner,,
DL00055,AC0003,A049,2025-09-21,2025-11-21,Closed Won,24000,SMB,,Partner,False,Free-text / field quality issue
DL00056,AC0041,A048,2026-03-30,,Negotiation,21000,SMB,,Inbound,,
DL00057,AC0051,A056,2026-06-26,,Proposal,8000,SMB,,Referral,,
DL00058,AC0086,A051,2025-12-05,2026-01-04,Closed Won,35000,Mid-Market,,Outbound,True,
DL00059,AC0132,A041,2026-01-16,,Qualified,9000,SMB,,Outbound,,
DL00060,AC0049,A049,2026-05-31,2026-07-25,Closed Lost,25000,SMB,Missing Feature,Inbound,,
DL00061,AC0018,A051,2026-07-13,2026-08-07,Closed Lost,20000,SMB,Timing,Paid Search,,
DL00062,AC0092,A047,2025-12-15,2026-03-14,Closed Lost,25000,SMB,No Decision,Partner,,
DL00063,AC0051,A043,2025-09-09,,Qualified,93000,Enterprise,,Paid Search,,
DL00064,AC0112,A053,2025-10-27,2025-12-23,Closed Won,11000,SMB,,Outbound,True,
DL00065,AC0121,A042,2026-03-18,,Discovery,10000,SMB,,Outbound,,
DL00066,AC0106,A040,2025-12-18,,Proposal,21000,SMB,,Referral,,
DL00067,AC0003,A039,2026-06-20,,Negotiation,17000,SMB,,Outbound,,
DL00068,AC0011,A053,2025-11-30,2026-01-25,Closed Lost,61000,Mid-Market,Competitor,Partner,,
DL00069,AC0118,A054,2026-03-17,,Proposal,19000,SMB,,Referral,,
DL00070,AC0092,A042,2025-11-20,2026-01-17,Closed Won,177000,Enterprise,,Paid Search,True,
DL00071,AC0126,A048,2026-04-06,,Discovery,11000,SMB,,Referral,,
DL00072,AC0048,A043,2025-09-22,2025-11-01,Closed Won,73000,Enterprise,,Outbound,True,
DL00073,AC0098,A054,2025-10-31,,Qualified,64000,Mid-Market,,Inbound,,
DL00074,AC0082,A049,2025-12-03,2026-02-19,Closed Lost,38000,Mid-Market,Missing Feature,Partner,,
DL00075,AC0128,A050,2026-06-22,2026-08-25,Closed Won,63000,Mid-Market,,Referral,True,
DL00076,AC0089,A050,2025-12-07,,Proposal,14000,SMB,,Outbound,,
DL00077,AC0092,A053,2026-07-29,2026-10-02,Closed Won,23000,SMB,,Paid Search,True,
DL00078,AC0066,A041,2026-08-10,,Proposal,66000,Enterprise,,Paid Search,,
DL00079,AC0074,A047,2025-11-08,2026-01-02,Closed Lost,24000,SMB,Competitor,Paid Search,,
DL00080,AC0034,A044,2026-05-11,2026-07-10,Closed Lost,12000,SMB,Price,Inbound,,
DL00081,AC0146,A040,2025-11-09,,Negotiation,28000,Mid-Market,,Referral,,
DL00082,AC0121,A056,2025-11-11,2025-12-28,Closed Won,22000,SMB,,Outbound,True,
DL00083,AC0008,A039,2025-12-22,2026-03-14,Closed Lost,15000,SMB,Competitor,Partner,,
DL00084,AC0063,A052,2026-05-30,2026-08-09,Closed Won,33000,Mid-Market,,Referral,True,
DL00085,AC0033,A045,2025-12-14,,Discovery,29000,Mid-Market,,Partner,,
DL00086,AC0055,A045,2025-11-24,2025-12-21,Closed Lost,51000,Mid-Market,Competitor,Paid Search,,
DL00087,AC0029,A048,2026-04-08,,Qualified,46000,Mid-Market,,Referral,,
DL00088,AC0033,A049,2026-07-13,,Proposal,46000,Mid-Market,,Partner,,
DL00089,AC0037,A055,2026-05-22,2026-08-15,Closed Lost,167000,Enterprise,Unqualified,Referral,,
DL00090,AC0089,A053,2025-10-07,,Negotiation,155000,Enterprise,,Referral,,
DL00091,AC0138,A044,2025-11-14,,Proposal,47000,Mid-Market,,Referral,,
DL00092,AC0052,A050,2025-12-04,2025-12-23,Closed Lost,10000,SMB,Procurement,Referral,,
DL00093,AC0028,A045,2026-01-13,,Negotiation,27000,Mid-Market,,Referral,,
DL00094,AC0083,A052,2026-05-18,,Discovery,188000,Enterprise,,Paid Search,,
DL00095,AC0149,A046,2026-05-08,,Negotiation,21000,SMB,,Outbound,,
DL00096,AC0095,A053,2026-04-10,,Discovery,26000,Mid-Market,,Referral,,
DL00097,AC0010,A045,2025-12-26,2026-01-21,Closed Won,20000,SMB,,Paid Search,True,
DL00098,AC0039,A043,2026-06-17,2026-09-04,Closed Lost,45000,Mid-Market,Timing,Partner,,
DL00099,AC0065,A041,2026-02-24,,Discovery,23000,SMB,,Referral,,
DL00100,AC0068,A054,2025-12-24,2026-02-26,Closed Lost,17000,SMB,Timing,Inbound,,
DL00101,AC0101,A042,2026-06-25,,Negotiation,17000,SMB,,Referral,,
DL00102,AC0113,A046,2025-11-24,,Qualified,36000,Mid-Market,,Referral,,
DL00103,AC0118,A041,2026-05-03,,Negotiation,64000,Mid-Market,,Referral,,
DL00104,AC0137,A055,2026-05-29,2026-06-28,Closed Lost,22000,SMB,Timing,Referral,,
DL00105,AC0022,A041,2026-02-26,2026-05-06,Closed Won,158000,Enterprise,,Inbound,True,
DL00106,AC0123,A055,2026-05-03,2026-07-16,Closed Won,112000,Enterprise,,Partner,True,
DL00107,AC0084,A054,2026-08-08,,Negotiation,17000,SMB,,Partner,,
DL00108,AC0052,A046,2026-08-13,,Proposal,44000,Mid-Market,,Referral,,
DL00109,AC0045,A040,2025-12-09,2026-01-26,Closed Lost,116000,Enterprise,Missing Feature,Referral,,
DL00110,AC0144,A055,2026-06-17,2026-09-03,Closed Lost,74000,Enterprise,Timing,Partner,,
DL00111,AC0038,A039,2026-08-12,,Qualified,23000,SMB,,Paid Search,,
DL00112,AC0101,A052,2025-11-08,2026-01-13,Closed Won,46000,Mid-Market,,Referral,True,
DL00113,AC0053,A051,2026-02-24,,Negotiation,13000,SMB,,Outbound,,
DL00114,AC0059,A052,2026-01-09,,Negotiation,25000,SMB,,Paid Search,,
DL00115,AC0037,A039,2026-02-07,2026-03-28,Closed Won,87000,Enterprise,,Outbound,True,
DL00116,AC0128,A042,2026-06-06,2026-08-13,Closed Won,18000,SMB,,Paid Search,True,
DL00117,AC0111,A042,2026-08-04,2026-08-29,Closed Won,33000,Mid-Market,,Inbound,True,
DL00118,AC0016,A046,2026-03-10,2026-06-06,Closed Lost,37000,Mid-Market,Procurement,Paid Search,,
DL00119,AC0138,A044,2025-12-02,2026-01-25,Closed Lost,182000,Enterprise,Timing,Inbound,,
DL00120,AC0082,A055,2025-12-18,,Discovery,48000,Mid-Market,,Outbound,,
DL00121,AC0144,A053,2025-10-28,2025-12-02,Closed Won,50000,Mid-Market,,Inbound,True,
DL00122,AC0108,A040,2025-12-14,,Negotiation,49000,Mid-Market,,Inbound,,
DL00123,AC0019,A055,2026-01-03,,Discovery,72000,Enterprise,,Paid Search,,
DL00124,AC0039,A042,2026-01-26,2026-02-21,Closed Lost,64000,Mid-Market,Timing,Referral,,
DL00125,AC0096,A050,2025-12-17,2026-01-16,Closed Lost,182000,Enterprise,Procurement,Inbound,,
DL00126,AC0134,A040,2026-06-05,,Negotiation,24000,SMB,,Paid Search,,
DL00127,AC0005,A053,2025-10-11,2025-11-24,Closed Lost,49000,Mid-Market,Competitor,Inbound,,
DL00128,AC0008,A056,2026-08-09,,Negotiation,23000,SMB,,Referral,,
DL00129,AC0107,A039,2026-05-25,2026-07-19,Closed Lost,8000,SMB,Price,Inbound,,
DL00130,AC0099,A055,2026-07-12,,Proposal,149000,Enterprise,,Partner,,
DL00131,AC0087,A054,2025-11-01,2025-11-25,Closed Lost,61000,Mid-Market,Price,Referral,,
DL00132,AC0066,A055,2026-07-14,2026-10-09,Closed Lost,124000,Enterprise,Procurement,Outbound,,
DL00133,AC0096,A049,2026-02-03,,Proposal,55000,Mid-Market,,Paid Search,,
DL00134,AC0063,A041,2025-12-22,2026-02-25,Closed Won,23000,SMB,,Outbound,True,
DL00135,AC0128,A051,2025-09-13,2025-11-26,Closed Won,12000,SMB,,Outbound,False,Free-text / field quality issue
DL00136,AC0097,A055,2025-10-23,2025-12-08,Closed Won,108000,Enterprise,,Outbound,True,
DL00137,AC0063,A053,2026-02-10,,Negotiation,48000,Mid-Market,,Paid Search,,
DL00138,AC0123,A055,2025-09-20,,Negotiation,105000,Enterprise,,Inbound,,
DL00139,AC0107,A043,2026-01-12,2026-01-30,Closed Won,139000,Enterprise,,Referral,True,
DL00140,AC0131,A052,2026-03-08,,Discovery,34000,Mid-Market,,Paid Search,,
DL00141,AC0125,A040,2026-06-12,,Negotiation,13000,SMB,,Partner,,
DL00142,AC0090,A045,2025-09-27,2025-10-18,Closed Won,25000,SMB,,Referral,True,
DL00143,AC0013,A055,2026-01-28,2026-03-01,Closed Lost,19000,SMB,Missing Feature,Referral,,
DL00144,AC0070,A047,2026-08-06,2026-09-23,Closed Won,134000,Enterprise,,Inbound,,
DL00145,AC0050,A054,2026-01-23,2026-04-10,Closed Lost,121000,Enterprise,Competitor,Inbound,,
DL00146,AC0104,A044,2026-06-11,2026-08-05,Closed Won,14000,SMB,,Partner,True,
DL00147,AC0003,A046,2026-05-31,2026-07-18,Closed Won,14000,SMB,,Referral,True,
DL00148,AC0067,A056,2025-10-05,2025-11-11,Closed Won,42000,Mid-Market,,Outbound,True,
DL00149,AC0132,A044,2026-03-09,,Negotiation,30000,Mid-Market,,Referral,,
DL00150,AC0026,A054,2026-02-22,2026-05-14,Closed Lost,29000,Mid-Market,Timing,Outbound,,
DL00151,AC0149,A049,2026-08-16,2026-09-14,Closed Won,116000,Enterprise,,Paid Search,True,
DL00152,AC0079,A045,2026-01-16,,Negotiation,63000,Mid-Market,,Outbound,,
DL00153,AC0143,A039,2025-10-09,,Discovery,168000,Enterprise,,Outbound,,
DL00154,AC0086,A045,2026-02-25,2026-04-28,Closed Lost,58000,Mid-Market,No Decision,Referral,,
DL00155,AC0139,A054,2026-05-11,,Discovery,9000,SMB,,Inbound,,
DL00156,AC0116,A049,2025-10-18,,Proposal,14000,SMB,,Outbound,,
DL00157,AC0137,A056,2026-01-06,2026-02-12,Closed Lost,21000,SMB,Procurement,Outbound,,
DL00158,AC0136,A051,2026-08-17,2026-10-01,Closed Lost,20000,SMB,Missing Feature,Paid Search,,
DL00159,AC0020,A053,2026-02-17,2026-03-25,Closed Won,24000,SMB,,Referral,True,
DL00160,AC0143,A042,2026-03-12,2026-04-05,Closed Won,79000,Enterprise,,Paid Search,True,
DL00161,AC0080,A050,2026-01-30,,Proposal,24000,SMB,,Outbound,,
DL00162,AC0067,A049,2026-02-18,2026-04-11,Closed Lost,112000,Enterprise,No Decision,Paid Search,,
DL00163,AC0122,A042,2026-01-29,2026-03-11,Closed Won,120000,Enterprise,,Outbound,True,
DL00164,AC0086,A054,2025-12-15,2026-02-21,Closed Lost,20000,SMB,Price,Outbound,,
DL00165,AC0057,A052,2026-05-27,,Discovery,8000,SMB,,Referral,,
DL00166,AC0150,A042,2025-10-17,,Qualified,108000,Enterprise,,Partner,,
DL00167,AC0078,A053,2026-04-01,2026-06-09,Closed Won,33000,Mid-Market,,Referral,True,
DL00168,AC0146,A044,2025-11-28,2026-02-06,Closed Won,17000,SMB,,Referral,True,
DL00169,AC0006,A056,2026-04-17,2026-05-18,Closed Won,17000,SMB,,Inbound,True,
DL00170,AC0097,A054,2026-03-15,2026-05-25,Closed Won,100000,Enterprise,,Outbound,True,Integration mapping error
DL00171,AC0041,A053,2026-06-03,2026-07-22,Closed Won,46000,Mid-Market,,Inbound,True,
DL00172,AC0083,A044,2026-06-27,,Negotiation,57000,Mid-Market,,Referral,,
DL00173,AC0134,A054,2025-12-09,2026-02-01,Closed Won,39000,Mid-Market,,Inbound,True,
DL00174,AC0101,A047,2025-10-22,,Qualified,183000,Enterprise,,Paid Search,,
DL00175,AC0020,A053,2026-03-02,2026-03-29,Closed Won,25000,SMB,,Inbound,False,Free-text / field quality issue
DL00176,AC0100,A052,2026-04-17,,Qualified,81000,Enterprise,,Outbound,,
DL00177,AC0145,A046,2025-09-23,2025-10-16,Closed Lost,12000,SMB,Price,Partner,,
DL00178,AC0083,A045,2025-10-17,2025-11-08,Closed Lost,23000,SMB,Timing,Inbound,,
DL00179,AC0072,A043,2026-04-22,,Negotiation,169000,Enterprise,,Outbound,,
DL00180,AC0011,A047,2026-03-22,2026-05-26,Closed Won,9000,SMB,,Inbound,True,
DL00181,AC0090,A039,2026-06-06,2026-08-04,Closed Lost,21000,SMB,Price,Partner,,
DL00182,AC0048,A054,2026-06-14,2026-08-22,Closed Won,108000,Enterprise,,Referral,True,
DL00183,AC0027,A052,2025-12-27,,Proposal,38000,Mid-Market,,Outbound,,
DL00184,AC0033,A053,2026-07-27,2026-08-18,Closed Won,10000,SMB,,Referral,True,
DL00185,AC0020,A047,2025-12-15,2026-01-02,Closed Won,20000,SMB,,Referral,True,
DL00186,AC0060,A050,2025-12-24,2026-03-07,Closed Lost,38000,Mid-Market,Procurement,Partner,,
DL00187,AC0056,A053,2026-07-01,2026-08-23,Closed Lost,38000,Mid-Market,Unqualified,Referral,,
DL00188,AC0098,A048,2026-05-31,,Discovery,44000,Mid-Market,,Outbound,,
DL00189,AC0144,A042,2026-06-27,2026-09-10,Closed Lost,11000,SMB,Price,Partner,,
DL00190,AC0146,A054,2026-04-08,2026-05-14,Closed Lost,109000,Enterprise,Missing Feature,Paid Search,,
DL00191,AC0023,A047,2026-01-02,2026-01-30,Closed Won,9000,SMB,,Outbound,True,
DL00192,AC0131,A050,2026-07-11,2026-08-15,Closed Won,47000,Mid-Market,,Inbound,True,
DL00193,AC0037,A054,2026-06-25,,Qualified,162000,Enterprise,,Partner,,
DL00194,AC0014,A056,2026-02-28,,Qualified,96000,Enterprise,,Inbound,,
DL00195,AC0100,A042,2025-11-16,2025-12-13,Closed Won,19000,SMB,,Outbound,True,
DL00196,AC0112,A054,2025-11-19,2026-01-08,Closed Lost,24000,SMB,Timing,Referral,,
DL00197,AC0150,A052,2026-02-10,2026-03-19,Closed Won,11000,SMB,,Inbound,True,
DL00198,AC0032,A044,2026-06-05,2026-06-27,Closed Lost,26000,Mid-Market,Procurement,Paid Search,,
DL00199,AC0045,A041,2026-01-13,,Discovery,111000,Enterprise,,Outbound,,
DL00200,AC0043,A052,2026-06-01,,Discovery,53000,Mid-Market,,Inbound,,
DL00201,AC0150,A047,2026-06-27,2026-08-23,Closed Lost,13000,SMB,No Decision,Inbound,,
DL00202,AC0035,A043,2026-07-16,2026-08-19,Closed Lost,16000,SMB,Missing Feature,Outbound,,
DL00203,AC0140,A054,2026-01-06,2026-02-01,Closed Lost,46000,Mid-Market,Unqualified,Paid Search,,
DL00204,AC0122,A045,2026-06-03,,Negotiation,40000,Mid-Market,,Outbound,,
DL00205,AC0046,A052,2025-12-28,,Discovery,151000,Enterprise,,Referral,,
DL00206,AC0019,A044,2026-06-05,,Qualified,15000,SMB,,Paid Search,,
DL00207,AC0120,A041,2025-11-19,,Qualified,20000,SMB,,Inbound,,
DL00208,AC0061,A046,2026-08-14,2026-10-28,Closed Lost,26000,Mid-Market,Price,Paid Search,,
DL00209,AC0145,A054,2026-08-20,2026-10-27,Closed Won,21000,SMB,,Partner,False,Formatting mismatch
DL00210,AC0008,A040,2026-05-25,,Discovery,113000,Enterprise,,Partner,,
DL00211,AC0109,A052,2025-09-08,2025-10-22,Closed Won,57000,Mid-Market,,Referral,True,
DL00212,AC0131,A049,2026-01-08,2026-03-31,Closed Lost,20000,SMB,Price,Referral,,
DL00213,AC0051,A046,2025-10-30,,Discovery,9000,SMB,,Paid Search,,
DL00214,AC0083,A054,2025-09-01,2025-09-21,Closed Won,42000,Mid-Market,,Referral,True,
DL00215,AC0076,A046,2026-07-19,2026-09-28,Closed Won,25000,SMB,,Paid Search,True,Integration mapping error
DL00216,AC0150,A050,2026-01-26,,Negotiation,45000,Mid-Market,,Referral,,
DL00217,AC0046,A052,2025-11-13,,Negotiation,58000,Mid-Market,,Inbound,,
DL00218,AC0142,A047,2025-12-22,2026-01-28,Closed Lost,59000,Mid-Market,No Decision,Partner,,
DL00219,AC0121,A052,2026-06-10,2026-09-03,Closed Lost,99000,Enterprise,Competitor,Referral,,
DL00220,AC0082,A054,2026-01-07,,Negotiation,17000,SMB,,Partner,,
DL00221,AC0055,A051,2026-06-21,,Qualified,83000,Enterprise,,Inbound,,
DL00222,AC0096,A039,2026-08-26,2026-10-04,Closed Won,49000,Mid-Market,,Partner,True,Integration mapping error
DL00223,AC0049,A042,2026-06-02,2026-06-26,Closed Won,40000,Mid-Market,,Outbound,True,
DL00224,AC0011,A055,2025-12-22,2026-02-07,Closed Lost,131000,Enterprise,No Decision,Paid Search,,
DL00225,AC0128,A040,2025-09-23,2025-12-05,Closed Won,62000,Mid-Market,,Paid Search,True,
DL00226,AC0067,A045,2026-04-03,2026-04-30,Closed Lost,25000,SMB,Unqualified,Inbound,,
DL00227,AC0016,A042,2026-03-03,2026-04-18,Closed Lost,12000,SMB,Price,Referral,,
DL00228,AC0086,A048,2025-12-19,,Proposal,175000,Enterprise,,Referral,,
DL00229,AC0003,A049,2025-11-18,2025-12-10,Closed Won,19000,SMB,,Inbound,True,
DL00230,AC0137,A054,2025-09-24,2025-12-02,Closed Lost,40000,Mid-Market,Competitor,Partner,,
DL00231,AC0084,A050,2026-05-12,2026-07-01,Closed Lost,12000,SMB,Procurement,Partner,,
DL00232,AC0141,A052,2026-01-29,2026-04-15,Closed Lost,29000,Mid-Market,Timing,Partner,,
DL00233,AC0010,A046,2025-11-22,,Negotiation,177000,Enterprise,,Paid Search,,
DL00234,AC0109,A053,2026-05-19,,Negotiation,75000,Enterprise,,Referral,,
DL00235,AC0023,A044,2026-04-24,,Proposal,24000,SMB,,Outbound,,
DL00236,AC0076,A040,2026-01-02,2026-02-10,Closed Won,143000,Enterprise,,Referral,True,
DL00237,AC0110,A040,2026-01-26,,Proposal,15000,SMB,,Outbound,,
DL00238,AC0095,A045,2026-02-01,2026-04-29,Closed Lost,158000,Enterprise,Missing Feature,Referral,,
DL00239,AC0149,A052,2025-11-07,,Negotiation,55000,Mid-Market,,Partner,,
DL00240,AC0139,A050,2026-05-17,,Negotiation,9000,SMB,,Partner,,
DL00241,AC0010,A054,2025-11-14,2026-01-23,Closed Won,20000,SMB,,Paid Search,True,
DL00242,AC0083,A054,2025-11-28,2026-01-26,Closed Lost,20000,SMB,Unqualified,Referral,,
DL00243,AC0091,A044,2025-09-11,2025-10-21,Closed Won,170000,Enterprise,,Referral,True,
DL00244,AC0145,A052,2026-07-27,2026-08-14,Closed Lost,25000,SMB,No Decision,Partner,,
DL00245,AC0102,A050,2026-03-08,,Discovery,183000,Enterprise,,Inbound,,
DL00246,AC0010,A045,2026-05-21,,Negotiation,155000,Enterprise,,Outbound,,
DL00247,AC0047,A044,2026-06-03,2026-07-11,Closed Lost,36000,Mid-Market,Price,Paid Search,,
DL00248,AC0036,A056,2026-06-19,2026-08-07,Closed Won,23000,SMB,,Partner,False,Free-text / field quality issue
DL00249,AC0083,A040,2025-10-16,2025-12-18,Closed Lost,12000,SMB,Procurement,Partner,,
DL00250,AC0136,A051,2025-10-12,2026-01-06,Closed Lost,15000,SMB,Price,Referral,,
DL00251,AC0139,A055,2025-11-05,2025-12-11,Closed Won,19000,SMB,,Outbound,True,
DL00252,AC0114,A049,2026-08-23,,Negotiation,17000,SMB,,Partner,,
DL00253,AC0113,A040,2025-09-24,,Qualified,11000,SMB,,Outbound,,
DL00254,AC0141,A052,2026-03-21,2026-04-20,Closed Won,78000,Enterprise,,Referral,True,
DL00255,AC0061,A041,2026-03-02,2026-05-04,Closed Lost,12000,SMB,No Decision,Partner,,
DL00256,AC0101,A039,2026-05-24,,Negotiation,138000,Enterprise,,Paid Search,,
DL00257,AC0042,A045,2026-01-26,,Proposal,16000,SMB,,Outbound,,
DL00258,AC0041,A046,2026-05-30,2026-07-09,Closed Lost,83000,Enterprise,Price,Outbound,,
DL00259,AC0049,A041,2025-12-16,,Proposal,8000,SMB,,Paid Search,,
DL00260,AC0111,A041,2025-11-28,2026-02-07,Closed Lost,28000,Mid-Market,Price,Paid Search,,
DL00261,AC0118,A053,2026-07-10,2026-08-12,Closed Won,16000,SMB,,Partner,True,
DL00262,AC0082,A044,2026-03-16,,Discovery,59000,Mid-Market,,Inbound,,
DL00263,AC0046,A041,2025-12-18,2026-01-18,Closed Lost,9000,SMB,Price,Referral,,
DL00264,AC0082,A055,2026-02-16,,Qualified,56000,Mid-Market,,Partner,,
DL00265,AC0085,A049,2026-06-07,2026-07-17,Closed Won,21000,SMB,,Partner,True,
DL00266,AC0035,A048,2025-12-28,,Negotiation,115000,Enterprise,,Inbound,,
DL00267,AC0020,A049,2026-08-07,2026-09-15,Closed Lost,50000,Mid-Market,No Decision,Referral,,
DL00268,AC0108,A040,2025-09-03,,Discovery,40000,Mid-Market,,Inbound,,
DL00269,AC0067,A043,2026-05-11,2026-06-25,Closed Lost,53000,Mid-Market,Missing Feature,Outbound,,
DL00270,AC0099,A046,2026-03-18,2026-04-10,Closed Lost,17000,SMB,Price,Inbound,,
DL00271,AC0007,A040,2026-07-23,2026-08-30,Closed Lost,41000,Mid-Market,Unqualified,Paid Search,,
DL00272,AC0121,A043,2026-02-25,2026-03-17,Closed Won,131000,Enterprise,,Partner,True,
DL00273,AC0089,A043,2026-06-22,2026-07-22,Closed Lost,25000,SMB,Missing Feature,Outbound,,
DL00274,AC0017,A049,2026-06-17,2026-08-02,Closed Won,15000,SMB,,Paid Search,True,
DL00275,AC0113,A050,2025-10-19,2025-11-09,Closed Lost,13000,SMB,Procurement,Referral,,
DL00276,AC0081,A040,2025-09-30,2025-12-25,Closed Lost,133000,Enterprise,Timing,Referral,,
DL00277,AC0124,A051,2025-10-31,2025-11-25,Closed Won,169000,Enterprise,,Paid Search,True,Formatting mismatch
DL00278,AC0012,A046,2025-12-02,,Negotiation,181000,Enterprise,,Referral,,
DL00279,AC0001,A044,2026-02-09,2026-03-26,Closed Lost,108000,Enterprise,Missing Feature,Paid Search,,
DL00280,AC0132,A048,2025-09-04,2025-09-24,Closed Lost,11000,SMB,No Decision,Inbound,,
DL00281,AC0150,A049,2026-08-15,2026-10-01,Closed Won,24000,SMB,,Inbound,True,
DL00282,AC0044,A043,2026-02-16,,Negotiation,189000,Enterprise,,Paid Search,,
DL00283,AC0131,A039,2025-12-06,2026-02-07,Closed Won,40000,Mid-Market,,Partner,True,
DL00284,AC0008,A046,2026-08-02,2026-10-15,Closed Lost,42000,Mid-Market,Procurement,Outbound,,
DL00285,AC0109,A055,2026-02-08,2026-04-11,Closed Lost,20000,SMB,Price,Inbound,,
DL00286,AC0078,A049,2026-07-12,,Proposal,24000,SMB,,Partner,,
DL00287,AC0038,A047,2025-11-16,2026-01-14,Closed Won,54000,Mid-Market,,Partner,True,Formatting mismatch
DL00288,AC0036,A046,2026-07-04,2026-08-31,Closed Lost,163000,Enterprise,Unqualified,Outbound,,
DL00289,AC0023,A052,2026-06-17,2026-07-12,Closed Won,50000,Mid-Market,,Referral,True,
DL00290,AC0027,A056,2026-03-16,2026-05-03,Closed Lost,105000,Enterprise,Unqualified,Paid Search,,
DL00291,AC0036,A051,2025-10-21,,Discovery,14000,SMB,,Outbound,,
DL00292,AC0042,A056,2026-03-13,2026-06-05,Closed Lost,9000,SMB,Price,Inbound,,
DL00293,AC0076,A045,2025-10-20,2025-12-02,Closed Lost,31000,Mid-Market,Missing Feature,Paid Search,,
DL00294,AC0036,A049,2026-07-02,2026-09-19,Closed Lost,44000,Mid-Market,Missing Feature,Inbound,,
DL00295,AC0116,A056,2026-06-01,,Negotiation,8000,SMB,,Inbound,,
DL00296,AC0057,A056,2026-02-16,2026-03-30,Closed Won,23000,SMB,,Referral,True,Missing structured value
DL00297,AC0024,A045,2026-07-08,2026-10-01,Closed Lost,46000,Mid-Market,No Decision,Outbound,,
DL00298,AC0096,A050,2026-07-09,,Discovery,13000,SMB,,Referral,,
DL00299,AC0093,A043,2025-11-07,2025-11-28,Closed Lost,41000,Mid-Market,Unqualified,Partner,,
DL00300,AC0041,A053,2026-03-05,2026-04-16,Closed Won,15000,SMB,,Partner,True,
DL00301,AC0145,A043,2026-02-09,2026-04-24,Closed Lost,64000,Mid-Market,No Decision,Referral,,
DL00302,AC0036,A046,2025-12-20,2026-01-13,Closed Lost,19000,SMB,Timing,Outbound,,
DL00303,AC0142,A040,2026-01-28,2026-03-14,Closed Lost,180000,Enterprise,Unqualified,Partner,,
DL00304,AC0026,A041,2026-08-19,2026-09-14,Closed Won,24000,SMB,,Paid Search,True,
DL00305,AC0074,A055,2025-10-03,2025-11-29,Closed Won,13000,SMB,,Inbound,True,
DL00306,AC0021,A042,2026-04-20,,Negotiation,11000,SMB,,Inbound,,
DL00307,AC0036,A052,2025-09-05,2025-10-16,Closed Lost,16000,SMB,No Decision,Inbound,,
DL00308,AC0013,A052,2026-05-08,2026-07-13,Closed Lost,41000,Mid-Market,Timing,Partner,,
DL00309,AC0002,A047,2025-09-16,,Qualified,42000,Mid-Market,,Outbound,,
DL00310,AC0040,A055,2025-11-11,2025-12-31,Closed Lost,26000,Mid-Market,Missing Feature,Partner,,
DL00311,AC0131,A049,2025-11-07,2025-11-27,Closed Won,37000,Mid-Market,,Inbound,True,
DL00312,AC0082,A053,2025-11-01,2025-12-31,Closed Lost,172000,Enterprise,No Decision,Paid Search,,
DL00313,AC0088,A056,2026-07-09,,Negotiation,101000,Enterprise,,Outbound,,
DL00314,AC0131,A055,2026-08-12,2026-10-02,Closed Won,10000,SMB,,Inbound,False,Missing structured value
DL00315,AC0064,A046,2025-12-10,2026-02-06,Closed Won,15000,SMB,,Referral,True,
DL00316,AC0014,A050,2026-03-07,2026-05-23,Closed Lost,27000,Mid-Market,Timing,Paid Search,,
DL00317,AC0114,A040,2025-10-27,2025-12-07,Closed Won,89000,Enterprise,,Paid Search,False,Free-text / field quality issue
DL00318,AC0128,A039,2025-11-24,,Proposal,10000,SMB,,Inbound,,
DL00319,AC0064,A052,2025-11-16,,Qualified,58000,Mid-Market,,Referral,,
DL00320,AC0042,A045,2026-02-04,2026-03-25,Closed Lost,175000,Enterprise,Timing,Partner,,
DL00321,AC0128,A042,2026-06-06,2026-07-16,Closed Won,17000,SMB,,Outbound,True,
DL00322,AC0078,A039,2025-09-11,2025-11-24,Closed Won,23000,SMB,,Referral,True,
DL00323,AC0113,A045,2026-01-31,2026-03-08,Closed Lost,10000,SMB,Competitor,Partner,,
DL00324,AC0072,A048,2025-12-09,2026-01-25,Closed Won,14000,SMB,,Referral,True,
DL00325,AC0128,A049,2025-10-07,2025-11-03,Closed Won,37000,Mid-Market,,Referral,True,
DL00326,AC0035,A051,2026-04-16,2026-06-15,Closed Won,8000,SMB,,Inbound,True,
DL00327,AC0094,A054,2026-07-02,2026-08-08,Closed Won,141000,Enterprise,,Referral,True,
DL00328,AC0055,A048,2025-10-12,,Proposal,60000,Mid-Market,,Partner,,
DL00329,AC0110,A048,2025-12-16,,Proposal,51000,Mid-Market,,Partner,,
DL00330,AC0125,A047,2026-04-05,,Proposal,133000,Enterprise,,Outbound,,
DL00331,AC0112,A056,2026-08-12,,Discovery,44000,Mid-Market,,Paid Search,,
DL00332,AC0149,A055,2026-01-15,,Proposal,142000,Enterprise,,Paid Search,,
DL00333,AC0085,A045,2026-04-13,,Negotiation,14000,SMB,,Referral,,
DL00334,AC0009,A050,2026-08-03,2026-08-20,Closed Lost,11000,SMB,Unqualified,Referral,,
DL00335,AC0047,A051,2025-12-05,,Proposal,17000,SMB,,Partner,,
DL00336,AC0038,A040,2025-09-20,,Qualified,63000,Mid-Market,,Partner,,
DL00337,AC0047,A048,2026-05-15,2026-07-27,Closed Won,81000,Enterprise,,Partner,True,
DL00338,AC0070,A054,2026-03-19,2026-05-08,Closed Lost,80000,Enterprise,Procurement,Outbound,,
DL00339,AC0071,A055,2026-06-19,,Negotiation,56000,Mid-Market,,Referral,,
DL00340,AC0082,A054,2026-07-02,2026-09-23,Closed Lost,102000,Enterprise,Price,Referral,,
DL00341,AC0087,A055,2026-04-22,2026-05-19,Closed Lost,64000,Mid-Market,Missing Feature,Referral,,
DL00342,AC0143,A055,2026-08-21,,Qualified,34000,Mid-Market,,Partner,,
DL00343,AC0033,A046,2026-02-08,2026-04-21,Closed Lost,58000,Mid-Market,Price,Outbound,,
DL00344,AC0063,A048,2025-10-30,2025-12-05,Closed Lost,11000,SMB,Competitor,Paid Search,,
DL00345,AC0062,A048,2026-08-14,2026-10-17,Closed Won,45000,Mid-Market,,Paid Search,True,
DL00346,AC0081,A048,2025-12-18,2026-02-04,Closed Won,43000,Mid-Market,,Outbound,True,
DL00347,AC0125,A055,2025-12-01,2026-01-27,Closed Lost,47000,Mid-Market,Procurement,Partner,,
DL00348,AC0023,A046,2026-03-14,,Negotiation,17000,SMB,,Paid Search,,
DL00349,AC0056,A042,2025-10-18,,Negotiation,113000,Enterprise,,Outbound,,
DL00350,AC0066,A045,2026-08-04,2026-10-05,Closed Won,94000,Enterprise,,Referral,,
DL00351,AC0131,A054,2026-05-22,2026-06-10,Closed Lost,16000,SMB,Missing Feature,Inbound,,
DL00352,AC0147,A044,2026-06-02,2026-08-11,Closed Won,15000,SMB,,Referral,True,Missing structured value
DL00353,AC0094,A044,2025-10-26,,Negotiation,113000,Enterprise,,Paid Search,,
DL00354,AC0030,A041,2026-08-09,2026-09-06,Closed Lost,45000,Mid-Market,Price,Outbound,,
DL00355,AC0106,A045,2026-07-04,2026-08-14,Closed Won,59000,Mid-Market,,Partner,True,
DL00356,AC0004,A041,2025-11-09,,Negotiation,136000,Enterprise,,Paid Search,,
DL00357,AC0099,A039,2025-10-07,,Negotiation,8000,SMB,,Referral,,
DL00358,AC0109,A045,2026-06-01,,Discovery,58000,Mid-Market,,Inbound,,
DL00359,AC0020,A043,2025-11-29,,Discovery,13000,SMB,,Referral,,
DL00360,AC0001,A042,2025-12-29,2026-01-19,Closed Lost,52000,Mid-Market,Price,Referral,,
DL00361,AC0058,A055,2026-02-06,2026-03-19,Closed Lost,14000,SMB,Competitor,Outbound,,
DL00362,AC0097,A053,2026-02-11,2026-03-23,Closed Lost,60000,Mid-Market,Price,Paid Search,,
DL00363,AC0007,A050,2026-01-01,2026-03-14,Closed Won,10000,SMB,,Outbound,True,
DL00364,AC0012,A040,2026-01-29,,Proposal,9000,SMB,,Inbound,,
DL00365,AC0093,A054,2026-07-13,2026-10-08,Closed Lost,45000,Mid-Market,Unqualified,Outbound,,
DL00366,AC0094,A048,2026-07-18,2026-09-22,Closed Lost,25000,SMB,Unqualified,Inbound,,
DL00367,AC0004,A045,2025-12-21,,Negotiation,14000,SMB,,Outbound,,
DL00368,AC0018,A041,2026-06-23,2026-08-20,Closed Won,31000,Mid-Market,,Referral,True,
DL00369,AC0055,A040,2025-10-23,,Discovery,18000,SMB,,Outbound,,
DL00370,AC0136,A052,2026-03-24,2026-05-25,Closed Lost,38000,Mid-Market,No Decision,Outbound,,
DL00371,AC0035,A050,2025-10-21,2026-01-05,Closed Lost,10000,SMB,Timing,Partner,,
DL00372,AC0014,A049,2025-09-24,,Negotiation,18000,SMB,,Referral,,
DL00373,AC0081,A040,2025-12-07,2025-12-25,Closed Lost,60000,Mid-Market,No Decision,Referral,,
DL00374,AC0117,A047,2025-12-27,2026-02-10,Closed Lost,129000,Enterprise,Competitor,Referral,,
DL00375,AC0010,A041,2025-09-15,,Discovery,9000,SMB,,Paid Search,,
DL00376,AC0074,A056,2026-02-08,2026-04-06,Closed Won,8000,SMB,,Outbound,True,
DL00377,AC0021,A047,2025-11-27,2026-01-24,Closed Won,18000,SMB,,Outbound,True,
DL00378,AC0001,A051,2026-06-05,2026-07-11,Closed Lost,16000,SMB,Price,Partner,,
DL00379,AC0130,A042,2025-12-17,,Qualified,63000,Mid-Market,,Outbound,,
DL00380,AC0096,A043,2026-05-06,2026-05-31,Closed Lost,16000,SMB,Missing Feature,Outbound,,
DL00381,AC0084,A044,2026-01-21,2026-02-18,Closed Lost,16000,SMB,Price,Inbound,,
DL00382,AC0016,A043,2026-05-12,2026-06-14,Closed Won,57000,Mid-Market,,Inbound,True,
DL00383,AC0093,A052,2025-11-30,2026-01-28,Closed Won,34000,Mid-Market,,Paid Search,False,Free-text / field quality issue
DL00384,AC0060,A055,2026-07-30,,Qualified,65000,Enterprise,,Outbound,,
DL00385,AC0036,A055,2026-08-22,,Negotiation,60000,Mid-Market,,Referral,,
DL00386,AC0122,A056,2025-11-07,2025-12-29,Closed Lost,13000,SMB,Missing Feature,Paid Search,,
DL00387,AC0119,A042,2026-04-25,,Proposal,35000,Mid-Market,,Partner,,
DL00388,AC0026,A051,2026-07-15,,Discovery,8000,SMB,,Inbound,,
DL00389,AC0104,A054,2026-06-24,2026-08-26,Closed Lost,58000,Mid-Market,Unqualified,Paid Search,,
DL00390,AC0113,A044,2025-09-21,2025-11-09,Closed Won,49000,Mid-Market,,Paid Search,True,
DL00391,AC0036,A046,2025-09-03,2025-09-22,Closed Lost,53000,Mid-Market,Procurement,Inbound,,
DL00392,AC0017,A039,2025-12-23,2026-01-23,Closed Won,54000,Mid-Market,,Paid Search,True,
DL00393,AC0042,A048,2025-09-11,2025-11-30,Closed Lost,188000,Enterprise,Competitor,Inbound,,
DL00394,AC0131,A056,2026-04-01,2026-06-28,Closed Lost,33000,Mid-Market,Competitor,Paid Search,,
DL00395,AC0098,A042,2025-09-30,2025-11-06,Closed Won,28000,Mid-Market,,Outbound,True,
DL00396,AC0010,A049,2026-04-12,2026-06-09,Closed Won,45000,Mid-Market,,Inbound,True,
DL00397,AC0104,A045,2026-05-27,2026-06-20,Closed Won,166000,Enterprise,,Partner,True,
DL00398,AC0113,A056,2026-05-02,,Qualified,43000,Mid-Market,,Inbound,,
DL00399,AC0108,A045,2026-05-02,2026-07-22,Closed Lost,15000,SMB,Price,Inbound,,
DL00400,AC0080,A055,2025-12-03,2026-01-18,Closed Won,117000,Enterprise,,Paid Search,True,
DL00401,AC0141,A041,2026-05-31,,Discovery,16000,SMB,,Partner,,
DL00402,AC0102,A053,2026-07-26,2026-09-02,Closed Won,188000,Enterprise,,Partner,,
DL00403,AC0007,A045,2026-04-22,,Proposal,20000,SMB,,Outbound,,
DL00404,AC0019,A042,2026-05-07,2026-08-03,Closed Lost,38000,Mid-Market,Missing Feature,Referral,,
DL00405,AC0094,A053,2026-04-09,,Negotiation,19000,SMB,,Referral,,
DL00406,AC0140,A041,2026-02-11,,Qualified,19000,SMB,,Inbound,,
DL00407,AC0071,A056,2026-01-01,,Negotiation,131000,Enterprise,,Referral,,
DL00408,AC0148,A055,2026-01-29,2026-03-30,Closed Lost,19000,SMB,Competitor,Paid Search,,
DL00409,AC0130,A054,2026-07-23,2026-08-24,Closed Won,33000,Mid-Market,,Partner,True,
DL00410,AC0116,A040,2026-01-20,2026-02-21,Closed Won,17000,SMB,,Outbound,True,
DL00411,AC0140,A049,2026-02-18,,Negotiation,135000,Enterprise,,Inbound,,
DL00412,AC0128,A056,2026-08-27,,Discovery,55000,Mid-Market,,Inbound,,
DL00413,AC0025,A047,2025-11-22,2026-02-02,Closed Lost,51000,Mid-Market,No Decision,Referral,,
DL00414,AC0069,A056,2025-10-20,2025-11-19,Closed Lost,36000,Mid-Market,Timing,Outbound,,
DL00415,AC0044,A040,2025-12-23,2026-02-13,Closed Lost,38000,Mid-Market,No Decision,Partner,,
DL00416,AC0095,A051,2025-11-13,2026-02-03,Closed Lost,42000,Mid-Market,Timing,Paid Search,,
DL00417,AC0027,A048,2025-11-20,2025-12-12,Closed Lost,55000,Mid-Market,Price,Referral,,
DL00418,AC0102,A043,2026-02-23,,Qualified,31000,Mid-Market,,Referral,,
DL00419,AC0148,A044,2026-04-17,2026-05-28,Closed Lost,27000,Mid-Market,No Decision,Partner,,
DL00420,AC0014,A054,2025-10-31,2025-12-13,Closed Won,9000,SMB,,Outbound,True,
DL00421,AC0044,A049,2025-10-13,2025-12-13,Closed Won,61000,Mid-Market,,Outbound,True,
DL00422,AC0038,A043,2026-07-17,2026-09-02,Closed Lost,11000,SMB,Unqualified,Outbound,,
DL00423,AC0111,A040,2025-10-10,2025-11-01,Closed Won,38000,Mid-Market,,Inbound,True,
DL00424,AC0013,A049,2025-12-08,2026-02-10,Closed Lost,19000,SMB,Unqualified,Partner,,
DL00425,AC0019,A050,2026-04-09,2026-04-26,Closed Lost,17000,SMB,Price,Partner,,
DL00426,AC0036,A043,2025-09-07,,Proposal,46000,Mid-Market,,Referral,,
DL00427,AC0092,A049,2025-10-29,,Proposal,36000,Mid-Market,,Inbound,,
DL00428,AC0064,A039,2026-03-20,2026-05-19,Closed Won,62000,Mid-Market,,Referral,True,
DL00429,AC0006,A044,2026-05-13,2026-07-07,Closed Lost,41000,Mid-Market,Unqualified,Outbound,,
DL00430,AC0017,A040,2025-10-11,2025-11-25,Closed Won,13000,SMB,,Referral,True,
DL00431,AC0078,A042,2025-12-04,2025-12-30,Closed Won,40000,Mid-Market,,Inbound,True,
DL00432,AC0060,A041,2025-12-31,2026-03-15,Closed Won,14000,SMB,,Outbound,True,
DL00433,AC0088,A054,2026-06-03,2026-08-12,Closed Won,18000,SMB,,Paid Search,True,
DL00434,AC0109,A051,2025-09-20,,Qualified,11000,SMB,,Outbound,,
DL00435,AC0009,A042,2025-12-22,,Proposal,77000,Enterprise,,Inbound,,
DL00436,AC0132,A054,2025-11-23,,Negotiation,153000,Enterprise,,Inbound,,
DL00437,AC0051,A049,2026-05-28,,Qualified,8000,SMB,,Paid Search,,
DL00438,AC0149,A042,2026-02-20,2026-04-20,Closed Lost,136000,Enterprise,Missing Feature,Outbound,,
DL00439,AC0038,A043,2026-03-30,2026-05-20,Closed Lost,57000,Mid-Market,No Decision,Referral,,
DL00440,AC0081,A052,2026-06-28,,Qualified,68000,Enterprise,,Outbound,,
DL00441,AC0005,A046,2025-12-22,,Proposal,9000,SMB,,Outbound,,
DL00442,AC0132,A040,2026-03-13,,Discovery,10000,SMB,,Paid Search,,
DL00443,AC0039,A043,2025-12-20,2026-01-05,Closed Lost,63000,Mid-Market,No Decision,Paid Search,,
DL00444,AC0056,A049,2026-03-17,2026-05-29,Closed Lost,135000,Enterprise,Price,Referral,,
DL00445,AC0094,A051,2026-05-26,2026-07-24,Closed Lost,176000,Enterprise,Competitor,Paid Search,,
DL00446,AC0148,A056,2025-10-05,2025-11-12,Closed Won,13000,SMB,,Inbound,False,Free-text / field quality issue
DL00447,AC0103,A052,2026-01-26,2026-04-02,Closed Lost,171000,Enterprise,Timing,Outbound,,
DL00448,AC0061,A054,2026-01-09,,Qualified,147000,Enterprise,,Paid Search,,
DL00449,AC0053,A054,2026-02-12,2026-03-29,Closed Won,35000,Mid-Market,,Inbound,True,
DL00450,AC0123,A051,2026-01-22,2026-03-26,Closed Lost,46000,Mid-Market,No Decision,Paid Search,,
DL00451,AC0108,A049,2026-04-04,2026-06-24,Closed Lost,13000,SMB,Unqualified,Outbound,,
DL00452,AC0150,A049,2025-09-06,2025-10-22,Closed Won,176000,Enterprise,,Paid Search,True,
DL00453,AC0006,A053,2026-05-09,2026-06-07,Closed Lost,25000,Mid-Market,Unqualified,Partner,,
DL00454,AC0020,A050,2026-07-17,2026-09-10,Closed Won,52000,Mid-Market,,Partner,True,
DL00455,AC0075,A041,2026-05-09,2026-06-01,Closed Won,111000,Enterprise,,Partner,True,
DL00456,AC0114,A047,2025-12-11,2026-01-30,Closed Lost,51000,Mid-Market,Competitor,Partner,,
DL00457,AC0042,A052,2026-03-16,,Proposal,26000,Mid-Market,,Outbound,,
DL00458,AC0068,A043,2026-04-14,2026-06-09,Closed Lost,11000,SMB,Timing,Paid Search,,
DL00459,AC0048,A052,2025-11-28,2026-01-26,Closed Lost,10000,SMB,Missing Feature,Inbound,,
DL00460,AC0049,A056,2026-07-17,2026-08-08,Closed Lost,55000,Mid-Market,Unqualified,Outbound,,
DL00461,AC0025,A053,2026-05-27,2026-06-29,Closed Lost,39000,Mid-Market,Missing Feature,Paid Search,,
DL00462,AC0033,A043,2025-10-09,2025-11-22,Closed Won,13000,SMB,,Paid Search,True,
DL00463,AC0075,A047,2026-07-18,,Discovery,135000,Enterprise,,Partner,,
DL00464,AC0044,A047,2026-02-03,2026-04-10,Closed Won,15000,SMB,,Partner,True,Formatting mismatch
DL00465,AC0047,A055,2026-05-18,2026-07-10,Closed Lost,21000,SMB,Unqualified,Paid Search,,
DL00466,AC0016,A055,2026-04-04,2026-05-19,Closed Won,9000,SMB,,Inbound,True,
DL00467,AC0081,A054,2025-12-30,2026-02-11,Closed Lost,19000,SMB,Price,Partner,,
DL00468,AC0040,A052,2025-12-31,2026-02-02,Closed Won,24000,SMB,,Partner,True,
DL00469,AC0041,A039,2025-11-05,,Negotiation,60000,Mid-Market,,Partner,,
DL00470,AC0072,A048,2026-05-16,,Negotiation,170000,Enterprise,,Referral,,
DL00471,AC0142,A056,2026-01-11,2026-02-01,Closed Lost,184000,Enterprise,Unqualified,Paid Search,,
DL00472,AC0114,A039,2025-09-05,2025-11-27,Closed Lost,53000,Mid-Market,Price,Paid Search,,
DL00473,AC0039,A056,2026-04-09,2026-06-16,Closed Lost,8000,SMB,Price,Paid Search,,
DL00474,AC0023,A046,2026-02-09,,Discovery,38000,Mid-Market,,Referral,,
DL00475,AC0093,A045,2026-06-29,2026-07-24,Closed Won,62000,Mid-Market,,Referral,True,
DL00476,AC0032,A056,2026-06-24,2026-08-27,Closed Lost,26000,Mid-Market,Unqualified,Referral,,
DL00477,AC0044,A056,2026-03-04,2026-05-03,Closed Lost,19000,SMB,Timing,Outbound,,
DL00478,AC0069,A047,2026-05-24,2026-06-22,Closed Won,116000,Enterprise,,Inbound,True,
DL00479,AC0117,A053,2025-11-05,,Negotiation,61000,Mid-Market,,Inbound,,
DL00480,AC0066,A055,2025-12-29,,Qualified,21000,SMB,,Inbound,,
DL00481,AC0078,A055,2026-07-27,2026-10-05,Closed Lost,45000,Mid-Market,Timing,Partner,,
DL00482,AC0136,A052,2025-09-21,2025-10-22,Closed Won,52000,Mid-Market,,Partner,True,
DL00483,AC0129,A045,2026-07-29,2026-08-26,Closed Lost,85000,Enterprise,Price,Referral,True,
DL00484,AC0006,A051,2026-07-24,,Discovery,30000,Mid-Market,,Paid Search,,
DL00485,AC0042,A054,2026-07-03,2026-07-23,Closed Lost,19000,SMB,No Decision,Inbound,,
DL00486,AC0015,A044,2026-08-07,2026-10-18,Closed Won,39000,Mid-Market,,Referral,False,Integration mapping error
DL00487,AC0104,A052,2025-09-27,,Qualified,17000,SMB,,Inbound,,
DL00488,AC0116,A047,2026-06-25,2026-08-08,Closed Won,21000,SMB,,Paid Search,True,
DL00489,AC0056,A047,2026-01-19,,Proposal,145000,Enterprise,,Paid Search,,
DL00490,AC0102,A055,2026-07-15,2026-10-05,Closed Lost,45000,Mid-Market,Missing Feature,Paid Search,,
DL00491,AC0043,A040,2026-05-10,2026-05-26,Closed Lost,57000,Mid-Market,Timing,Outbound,,
DL00492,AC0081,A043,2026-03-29,2026-05-06,Closed Won,80000,Enterprise,,Outbound,True,
DL00493,AC0031,A055,2026-08-08,,Proposal,10000,SMB,,Paid Search,,
DL00494,AC0018,A042,2026-03-18,2026-05-24,Closed Lost,100000,Enterprise,Price,Partner,,
DL00495,AC0020,A042,2026-04-22,2026-05-30,Closed Lost,64000,Mid-Market,Price,Partner,,
DL00496,AC0134,A046,2026-01-13,,Negotiation,20000,SMB,,Outbound,,
DL00497,AC0010,A054,2026-07-27,2026-08-31,Closed Lost,39000,Mid-Market,Unqualified,Partner,,
DL00498,AC0124,A052,2026-07-21,2026-09-23,Closed Lost,145000,Enterprise,No Decision,Partner,,
DL00499,AC0024,A049,2026-01-27,,Negotiation,27000,Mid-Market,,Referral,,
DL00500,AC0017,A053,2025-09-28,2025-12-12,Closed Lost,40000,Mid-Market,Timing,Inbound,,
DL00501,AC0033,A043,2026-02-18,2026-03-30,Closed Won,12000,SMB,,Outbound,True,
DL00502,AC0079,A049,2026-08-19,2026-10-16,Closed Lost,16000,SMB,Price,Inbound,,
DL00503,AC0009,A054,2025-10-21,2025-12-05,Closed Won,8000,SMB,,Partner,True,
DL00504,AC0140,A041,2025-09-21,,Negotiation,179000,Enterprise,,Paid Search,,
DL00505,AC0011,A053,2026-01-13,2026-02-03,Closed Won,10000,SMB,,Inbound,True,
DL00506,AC0049,A047,2025-12-25,2026-02-25,Closed Won,25000,SMB,,Partner,False,Free-text / field quality issue
DL00507,AC0112,A040,2026-03-27,,Negotiation,47000,Mid-Market,,Outbound,,
DL00508,AC0058,A052,2026-05-03,2026-06-12,Closed Lost,136000,Enterprise,No Decision,Partner,,
DL00509,AC0081,A041,2026-01-22,2026-03-09,Closed Lost,16000,SMB,Procurement,Outbound,,
DL00510,AC0060,A056,2026-02-19,,Negotiation,24000,SMB,,Paid Search,,
DL00511,AC0088,A053,2026-08-18,,Proposal,42000,Mid-Market,,Referral,,
DL00512,AC0058,A039,2025-12-14,,Negotiation,60000,Mid-Market,,Paid Search,,
DL00513,AC0010,A054,2025-09-24,2025-10-11,Closed Lost,48000,Mid-Market,Price,Partner,,
DL00514,AC0124,A056,2026-05-16,2026-07-16,Closed Lost,13000,SMB,Price,Inbound,,
DL00515,AC0077,A049,2025-12-10,2026-01-22,Closed Lost,15000,SMB,Price,Referral,,
DL00516,AC0058,A042,2026-05-09,,Proposal,88000,Enterprise,,Inbound,,
DL00517,AC0037,A047,2026-01-20,2026-02-28,Closed Won,76000,Enterprise,,Outbound,True,
DL00518,AC0004,A040,2026-02-05,,Qualified,14000,SMB,,Outbound,,
DL00519,AC0150,A040,2026-01-19,2026-03-02,Closed Won,60000,Mid-Market,,Inbound,True,
DL00520,AC0027,A051,2025-12-01,,Discovery,24000,SMB,,Partner,,
DL00521,AC0081,A042,2026-04-23,,Discovery,23000,SMB,,Partner,,
DL00522,AC0090,A043,2025-09-19,,Negotiation,14000,SMB,,Referral,,
DL00523,AC0084,A040,2026-05-09,2026-07-26,Closed Lost,28000,Mid-Market,No Decision,Partner,,
DL00524,AC0071,A050,2026-08-26,2026-10-09,Closed Lost,20000,SMB,Competitor,Referral,,
DL00525,AC0125,A049,2026-07-31,,Discovery,8000,SMB,,Outbound,,
DL00526,AC0088,A054,2026-06-24,,Discovery,55000,Mid-Market,,Inbound,,
DL00527,AC0030,A053,2026-06-11,2026-07-30,Closed Lost,22000,SMB,Price,Partner,,
DL00528,AC0093,A050,2025-12-15,2026-01-21,Closed Lost,112000,Enterprise,Timing,Referral,,
DL00529,AC0023,A056,2025-11-16,2026-01-19,Closed Lost,27000,Mid-Market,No Decision,Paid Search,,
DL00530,AC0088,A049,2026-04-30,2026-06-08,Closed Lost,25000,SMB,Timing,Partner,,
DL00531,AC0018,A049,2025-09-03,2025-10-15,Closed Lost,18000,SMB,No Decision,Referral,,
DL00532,AC0067,A049,2026-05-07,2026-07-17,Closed Lost,17000,SMB,Timing,Outbound,,
DL00533,AC0039,A041,2026-08-26,,Negotiation,24000,SMB,,Paid Search,,
DL00534,AC0132,A043,2025-10-08,2025-12-28,Closed Lost,20000,SMB,Missing Feature,Referral,,
DL00535,AC0001,A039,2025-10-03,2025-10-27,Closed Won,96000,Enterprise,,Inbound,True,
DL00536,AC0122,A040,2026-01-05,2026-02-28,Closed Lost,83000,Enterprise,Procurement,Inbound,,
DL00537,AC0007,A047,2025-11-14,2025-12-04,Closed Won,162000,Enterprise,,Inbound,True,
DL00538,AC0069,A053,2026-07-09,,Discovery,25000,Mid-Market,,Outbound,,
DL00539,AC0007,A051,2026-02-19,,Qualified,171000,Enterprise,,Partner,,
DL00540,AC0150,A054,2026-01-06,2026-02-20,Closed Won,16000,SMB,,Inbound,True,
DL00541,AC0114,A042,2026-03-03,2026-04-14,Closed Won,57000,Mid-Market,,Partner,True,
DL00542,AC0065,A042,2026-08-04,,Qualified,18000,SMB,,Inbound,,
DL00543,AC0150,A040,2025-09-20,,Negotiation,145000,Enterprise,,Partner,,
DL00544,AC0147,A050,2026-03-04,2026-04-02,Closed Won,15000,SMB,,Paid Search,True,
DL00545,AC0018,A044,2025-11-30,,Discovery,25000,SMB,,Outbound,,
DL00546,AC0012,A049,2025-10-15,2025-12-03,Closed Lost,45000,Mid-Market,Timing,Paid Search,,
DL00547,AC0137,A056,2025-12-30,2026-02-21,Closed Won,25000,SMB,,Inbound,True,
DL00548,AC0070,A041,2026-01-25,2026-02-22,Closed Lost,89000,Enterprise,Timing,Partner,,
DL00549,AC0025,A047,2026-02-19,2026-03-24,Closed Won,24000,SMB,,Referral,True,
DL00550,AC0130,A039,2026-02-04,2026-03-05,Closed Lost,41000,Mid-Market,Competitor,Inbound,,
DL00551,AC0141,A048,2026-08-18,2026-09-18,Closed Won,14000,SMB,,Inbound,True,
DL00552,AC0081,A048,2025-10-22,2025-11-15,Closed Won,83000,Enterprise,,Paid Search,True,
DL00553,AC0122,A044,2026-02-26,2026-05-22,Closed Lost,77000,Enterprise,Unqualified,Paid Search,,
DL00554,AC0031,A051,2026-01-06,,Proposal,53000,Mid-Market,,Referral,,
DL00555,AC0139,A048,2025-11-08,,Negotiation,20000,SMB,,Referral,,
DL00556,AC0062,A044,2026-03-02,,Discovery,59000,Mid-Market,,Outbound,,
DL00557,AC0080,A055,2026-02-17,,Discovery,25000,Mid-Market,,Inbound,,
DL00558,AC0119,A041,2025-12-02,2026-01-04,Closed Lost,21000,SMB,Competitor,Inbound,,
DL00559,AC0016,A052,2026-01-08,,Proposal,39000,Mid-Market,,Referral,,
DL00560,AC0010,A050,2026-07-02,,Discovery,18000,SMB,,Inbound,,
DL00561,AC0088,A049,2026-06-28,2026-07-16,Closed Lost,107000,Enterprise,Unqualified,Outbound,,
DL00562,AC0013,A041,2025-12-07,2026-01-04,Closed Won,56000,Mid-Market,,Partner,True,
DL00563,AC0087,A052,2026-06-26,2026-09-05,Closed Lost,32000,Mid-Market,Missing Feature,Paid Search,,
DL00564,AC0069,A042,2025-12-31,,Discovery,182000,Enterprise,,Outbound,,
DL00565,AC0072,A046,2026-04-25,,Negotiation,23000,SMB,,Partner,,
DL00566,AC0062,A042,2026-06-29,2026-08-29,Closed Lost,28000,Mid-Market,No Decision,Partner,,
DL00567,AC0008,A053,2026-01-22,2026-03-18,Closed Lost,34000,Mid-Market,Price,Inbound,,
DL00568,AC0067,A049,2026-07-11,2026-08-17,Closed Lost,15000,SMB,Price,Referral,,
DL00569,AC0118,A039,2026-07-10,2026-09-01,Closed Lost,28000,Mid-Market,Timing,Paid Search,,
DL00570,AC0020,A055,2026-02-12,2026-04-30,Closed Lost,160000,Enterprise,Competitor,Referral,,
DL00571,AC0075,A056,2026-06-14,2026-07-16,Closed Won,62000,Mid-Market,,Referral,True,
DL00572,AC0132,A052,2026-05-27,2026-07-20,Closed Lost,170000,Enterprise,Unqualified,Paid Search,,
DL00573,AC0040,A054,2025-12-19,2026-01-29,Closed Lost,38000,Mid-Market,Procurement,Referral,,
DL00574,AC0116,A048,2025-12-17,2026-03-01,Closed Won,107000,Enterprise,,Paid Search,True,
DL00575,AC0029,A044,2026-06-23,2026-08-01,Closed Won,40000,Mid-Market,,Inbound,True,
DL00576,AC0051,A042,2026-02-09,2026-04-05,Closed Won,12000,SMB,,Inbound,True,
DL00577,AC0021,A052,2026-07-08,2026-07-30,Closed Won,13000,SMB,,Outbound,False,Free-text / field quality issue
DL00578,AC0039,A049,2026-05-08,,Negotiation,12000,SMB,,Outbound,,
DL00579,AC0143,A044,2025-09-06,2025-10-30,Closed Won,10000,SMB,,Referral,True,
DL00580,AC0069,A041,2025-09-27,2025-12-10,Closed Won,66000,Enterprise,,Partner,True,
DL00581,AC0116,A045,2025-09-24,2025-11-18,Closed Won,142000,Enterprise,,Partner,True,
DL00582,AC0067,A041,2026-05-28,2026-08-08,Closed Lost,22000,SMB,Competitor,Partner,,
DL00583,AC0113,A047,2026-01-03,2026-03-03,Closed Lost,56000,Mid-Market,Price,Outbound,,
DL00584,AC0036,A054,2026-08-16,2026-10-17,Closed Lost,54000,Mid-Market,Missing Feature,Inbound,,
DL00585,AC0053,A054,2025-09-22,,Negotiation,17000,SMB,,Paid Search,,
DL00586,AC0135,A044,2026-07-12,,Proposal,9000,SMB,,Partner,,
DL00587,AC0097,A039,2025-12-19,,Discovery,50000,Mid-Market,,Outbound,,
DL00588,AC0037,A054,2026-06-12,,Qualified,12000,SMB,,Paid Search,,
DL00589,AC0088,A053,2026-03-01,,Negotiation,64000,Mid-Market,,Outbound,,
DL00590,AC0131,A047,2025-12-18,2026-02-13,Closed Won,108000,Enterprise,,Inbound,True,
DL00591,AC0047,A052,2026-02-09,,Proposal,13000,SMB,,Paid Search,,
DL00592,AC0116,A054,2026-03-16,2026-04-15,Closed Won,11000,SMB,,Partner,True,
DL00593,AC0131,A051,2026-07-01,,Qualified,13000,SMB,,Partner,,
DL00594,AC0083,A040,2025-10-14,2025-11-02,Closed Won,48000,Mid-Market,,Outbound,True,
DL00595,AC0059,A051,2026-05-21,2026-06-16,Closed Lost,22000,SMB,Price,Referral,,
DL00596,AC0010,A045,2026-04-12,2026-06-15,Closed Won,8000,SMB,,Partner,True,
DL00597,AC0148,A050,2026-05-29,,Negotiation,18000,SMB,,Referral,,
DL00598,AC0052,A050,2026-02-25,2026-04-19,Closed Won,18000,SMB,,Partner,True,
DL00599,AC0030,A055,2025-12-29,2026-02-26,Closed Lost,31000,Mid-Market,No Decision,Referral,,
DL00600,AC0105,A046,2025-11-04,2025-12-26,Closed Lost,141000,Enterprise,Procurement,Outbound,,
DL00601,AC0058,A053,2025-12-02,,Qualified,39000,Mid-Market,,Inbound,,
DL00602,AC0073,A046,2025-12-30,2026-01-15,Closed Lost,161000,Enterprise,Missing Feature,Referral,,
DL00603,AC0115,A055,2026-02-16,2026-05-14,Closed Lost,59000,Mid-Market,Timing,Outbound,,
DL00604,AC0026,A049,2026-05-11,2026-08-01,Closed Lost,49000,Mid-Market,Timing,Partner,,
DL00605,AC0034,A042,2026-06-30,2026-09-11,Closed Won,109000,Enterprise,,Outbound,True,
DL00606,AC0024,A042,2026-05-16,,Qualified,38000,Mid-Market,,Outbound,,
DL00607,AC0139,A039,2025-10-21,2025-12-07,Closed Won,53000,Mid-Market,,Outbound,True,
DL00608,AC0139,A054,2026-02-23,2026-04-21,Closed Won,35000,Mid-Market,,Inbound,True,
DL00609,AC0041,A041,2026-07-01,,Proposal,22000,SMB,,Partner,,
DL00610,AC0084,A048,2026-01-12,2026-02-02,Closed Won,33000,Mid-Market,,Referral,True,
DL00611,AC0146,A056,2026-03-13,2026-04-02,Closed Lost,24000,SMB,Price,Inbound,,
DL00612,AC0067,A040,2026-03-03,,Qualified,18000,SMB,,Paid Search,,
DL00613,AC0025,A048,2026-04-03,,Negotiation,60000,Mid-Market,,Outbound,,
DL00614,AC0140,A052,2026-04-25,2026-06-22,Closed Won,18000,SMB,,Referral,True,
DL00615,AC0001,A040,2026-03-18,,Discovery,54000,Mid-Market,,Outbound,,
DL00616,AC0104,A055,2025-12-13,2026-01-20,Closed Won,115000,Enterprise,,Paid Search,True,
DL00617,AC0039,A041,2026-06-20,2026-07-19,Closed Lost,25000,Mid-Market,Missing Feature,Outbound,,
DL00618,AC0094,A051,2025-11-27,2026-01-10,Closed Lost,141000,Enterprise,Competitor,Outbound,,
DL00619,AC0094,A044,2026-05-28,,Negotiation,17000,SMB,,Inbound,,
DL00620,AC0132,A040,2026-07-04,,Qualified,41000,Mid-Market,,Partner,,
DL00621,AC0053,A043,2026-08-18,2026-10-25,Closed Won,20000,SMB,,Outbound,True,
DL00622,AC0138,A047,2025-11-03,2026-01-13,Closed Lost,57000,Mid-Market,Procurement,Outbound,,
DL00623,AC0081,A053,2025-11-16,2026-01-11,Closed Won,10000,SMB,,Outbound,True,
DL00624,AC0057,A053,2026-07-06,2026-08-14,Closed Won,80000,Enterprise,,Referral,False,Free-text / field quality issue
DL00625,AC0089,A047,2026-01-25,,Discovery,92000,Enterprise,,Partner,,
DL00626,AC0111,A050,2026-08-15,2026-10-13,Closed Lost,109000,Enterprise,No Decision,Inbound,,
DL00627,AC0108,A055,2026-03-17,2026-05-15,Closed Won,43000,Mid-Market,,Partner,True,
DL00628,AC0092,A056,2026-03-30,2026-05-01,Closed Won,14000,SMB,,Paid Search,True,
DL00629,AC0110,A040,2025-12-30,2026-02-01,Closed Won,48000,Mid-Market,,Partner,True,
DL00630,AC0100,A050,2026-04-23,2026-07-11,Closed Lost,20000,SMB,Price,Outbound,,
DL00631,AC0114,A052,2026-04-24,,Qualified,14000,SMB,,Referral,,
DL00632,AC0018,A052,2025-12-21,,Negotiation,40000,Mid-Market,,Outbound,,
DL00633,AC0140,A052,2026-04-03,,Proposal,60000,Mid-Market,,Paid Search,,
DL00634,AC0095,A039,2025-09-17,2025-10-09,Closed Won,40000,Mid-Market,,Paid Search,True,
DL00635,AC0105,A054,2025-12-01,2026-01-22,Closed Won,49000,Mid-Market,,Paid Search,True,
DL00636,AC0049,A054,2026-03-31,,Proposal,56000,Mid-Market,,Referral,,
DL00637,AC0066,A042,2026-07-09,,Proposal,8000,SMB,,Referral,,
DL00638,AC0079,A041,2026-02-03,,Discovery,38000,Mid-Market,,Outbound,,
DL00639,AC0105,A046,2026-02-10,,Negotiation,38000,Mid-Market,,Paid Search,,
DL00640,AC0046,A044,2026-03-02,2026-04-04,Closed Lost,49000,Mid-Market,Missing Feature,Outbound,,
DL00641,AC0039,A040,2025-09-12,2025-10-03,Closed Lost,61000,Mid-Market,Unqualified,Referral,,
DL00642,AC0057,A047,2026-01-11,2026-02-20,Closed Lost,73000,Enterprise,Missing Feature,Referral,,
DL00643,AC0022,A045,2025-09-02,2025-09-23,Closed Won,58000,Mid-Market,,Outbound,True,
DL00644,AC0117,A056,2026-02-05,2026-04-12,Closed Won,10000,SMB,,Inbound,True,
DL00645,AC0051,A055,2026-05-20,,Negotiation,24000,SMB,,Referral,,
DL00646,AC0149,A047,2026-03-02,2026-03-20,Closed Lost,26000,Mid-Market,Price,Outbound,,
DL00647,AC0021,A056,2026-03-01,2026-04-28,Closed Won,53000,Mid-Market,,Referral,True,
DL00648,AC0061,A056,2026-06-12,2026-06-29,Closed Lost,13000,SMB,Unqualified,Referral,,
DL00649,AC0064,A040,2026-01-26,2026-02-23,Closed Lost,59000,Mid-Market,Price,Paid Search,,
DL00650,AC0069,A056,2026-04-08,,Proposal,22000,SMB,,Inbound,,
DL00651,AC0058,A048,2025-10-07,2025-11-23,Closed Lost,8000,SMB,No Decision,Referral,,
DL00652,AC0052,A056,2025-10-29,2025-12-11,Closed Won,89000,Enterprise,,Inbound,True,
DL00653,AC0015,A039,2026-01-23,2026-02-17,Closed Lost,20000,SMB,Procurement,Referral,,
DL00654,AC0145,A041,2026-04-19,2026-06-29,Closed Won,46000,Mid-Market,,Inbound,True,
DL00655,AC0148,A055,2025-09-04,,Discovery,42000,Mid-Market,,Partner,,
DL00656,AC0128,A050,2026-03-05,,Negotiation,11000,SMB,,Partner,,
DL00657,AC0030,A051,2026-08-18,2026-10-23,Closed Lost,87000,Enterprise,Missing Feature,Partner,True,
DL00658,AC0055,A045,2025-09-09,,Discovery,44000,Mid-Market,,Inbound,,
DL00659,AC0005,A039,2025-11-28,2026-02-17,Closed Lost,37000,Mid-Market,Procurement,Referral,,
DL00660,AC0071,A041,2026-05-01,,Proposal,18000,SMB,,Partner,,
DL00661,AC0050,A045,2026-06-11,,Negotiation,49000,Mid-Market,,Partner,,
DL00662,AC0096,A051,2025-10-31,,Negotiation,15000,SMB,,Paid Search,,
DL00663,AC0056,A052,2026-01-10,2026-02-10,Closed Won,18000,SMB,,Outbound,True,
DL00664,AC0081,A053,2025-09-07,2025-09-28,Closed Won,24000,SMB,,Partner,True,
DL00665,AC0035,A040,2026-02-26,2026-05-21,Closed Lost,17000,SMB,Procurement,Paid Search,,
DL00666,AC0036,A049,2025-10-01,2025-12-07,Closed Lost,110000,Enterprise,Missing Feature,Outbound,,
DL00667,AC0121,A043,2026-08-17,2026-11-06,Closed Lost,25000,Mid-Market,Procurement,Referral,,
DL00668,AC0044,A048,2026-08-06,,Discovery,13000,SMB,,Outbound,,
DL00669,AC0007,A039,2026-06-27,2026-08-17,Closed Lost,106000,Enterprise,Missing Feature,Inbound,,
DL00670,AC0067,A049,2026-04-21,,Proposal,45000,Mid-Market,,Paid Search,,
DL00671,AC0073,A039,2026-06-21,2026-08-12,Closed Won,45000,Mid-Market,,Inbound,True,
DL00672,AC0134,A047,2026-05-07,2026-07-15,Closed Won,45000,Mid-Market,,Referral,True,
DL00673,AC0080,A055,2026-05-02,,Discovery,70000,Enterprise,,Referral,,
DL00674,AC0129,A046,2025-12-20,2026-01-28,Closed Won,12000,SMB,,Partner,True,
DL00675,AC0084,A051,2025-09-26,,Discovery,48000,Mid-Market,,Outbound,,
DL00676,AC0001,A043,2026-03-22,,Proposal,11000,SMB,,Referral,,
DL00677,AC0092,A047,2026-01-05,2026-02-14,Closed Lost,33000,Mid-Market,Procurement,Paid Search,,
DL00678,AC0149,A043,2026-08-17,,Discovery,51000,Mid-Market,,Referral,,
DL00679,AC0025,A049,2026-03-01,,Negotiation,41000,Mid-Market,,Referral,,
DL00680,AC0012,A050,2026-01-31,,Discovery,54000,Mid-Market,,Referral,,
DL00681,AC0141,A041,2026-05-08,,Proposal,73000,Enterprise,,Partner,,
DL00682,AC0026,A040,2026-03-07,2026-04-26,Closed Lost,13000,SMB,Competitor,Inbound,,
DL00683,AC0004,A054,2026-07-17,,Discovery,187000,Enterprise,,Inbound,,
DL00684,AC0132,A048,2025-12-18,2026-02-18,Closed Won,78000,Enterprise,,Referral,False,Free-text / field quality issue
DL00685,AC0088,A055,2025-09-09,,Negotiation,39000,Mid-Market,,Inbound,,
DL00686,AC0024,A045,2025-11-13,2025-11-29,Closed Lost,41000,Mid-Market,Price,Partner,,
DL00687,AC0013,A041,2026-03-09,,Qualified,11000,SMB,,Outbound,,
DL00688,AC0090,A042,2025-12-03,,Qualified,19000,SMB,,Partner,,
DL00689,AC0037,A045,2025-11-11,,Qualified,17000,SMB,,Partner,,
DL00690,AC0048,A042,2026-06-22,2026-08-12,Closed Won,93000,Enterprise,,Partner,True,
DL00691,AC0059,A043,2026-04-06,,Proposal,9000,SMB,,Referral,,
DL00692,AC0141,A048,2026-03-24,2026-05-22,Closed Won,20000,SMB,,Referral,True,
DL00693,AC0039,A050,2026-06-21,2026-08-10,Closed Lost,58000,Mid-Market,Timing,Paid Search,,
DL00694,AC0062,A041,2026-07-29,,Proposal,29000,Mid-Market,,Outbound,,
DL00695,AC0132,A045,2025-09-01,2025-10-23,Closed Lost,151000,Enterprise,Timing,Outbound,,
DL00696,AC0113,A049,2026-05-30,2026-08-02,Closed Lost,18000,SMB,No Decision,Referral,,
DL00697,AC0104,A048,2026-07-31,2026-08-21,Closed Lost,13000,SMB,No Decision,Referral,,
DL00698,AC0102,A047,2026-06-26,2026-09-14,Closed Lost,130000,Enterprise,Price,Outbound,,
DL00699,AC0044,A043,2025-09-09,,Qualified,22000,SMB,,Inbound,,
DL00700,AC0126,A056,2026-08-27,,Proposal,54000,Mid-Market,,Paid Search,,
DL00701,AC0113,A051,2026-06-28,,Discovery,161000,Enterprise,,Inbound,,
DL00702,AC0109,A056,2025-09-19,2025-10-20,Closed Won,61000,Mid-Market,,Referral,True,
DL00703,AC0049,A055,2025-10-15,2025-11-13,Closed Lost,42000,Mid-Market,Price,Paid Search,,
DL00704,AC0054,A054,2025-11-11,2025-12-02,Closed Lost,46000,Mid-Market,Price,Inbound,,
DL00705,AC0026,A049,2026-05-15,,Qualified,11000,SMB,,Referral,,
DL00706,AC0032,A044,2026-01-05,2026-03-17,Closed Lost,44000,Mid-Market,Timing,Inbound,,
DL00707,AC0114,A047,2026-04-16,2026-05-19,Closed Won,186000,Enterprise,,Outbound,True,
DL00708,AC0018,A052,2026-03-26,2026-05-20,Closed Won,30000,Mid-Market,,Paid Search,True,Formatting mismatch
DL00709,AC0140,A050,2025-10-26,2025-12-06,Closed Won,15000,SMB,,Inbound,True,
DL00710,AC0053,A048,2026-03-16,,Proposal,11000,SMB,,Outbound,,
DL00711,AC0133,A050,2026-05-02,,Negotiation,11000,SMB,,Inbound,,
DL00712,AC0130,A040,2025-10-30,,Negotiation,11000,SMB,,Inbound,,
DL00713,AC0101,A049,2025-10-05,2025-12-12,Closed Lost,22000,SMB,Price,Paid Search,,
DL00714,AC0137,A044,2025-11-08,2026-01-07,Closed Won,19000,SMB,,Referral,True,
DL00715,AC0105,A045,2026-05-31,2026-07-25,Closed Lost,19000,SMB,Missing Feature,Paid Search,,
DL00716,AC0086,A039,2026-03-13,,Proposal,10000,SMB,,Partner,,
DL00717,AC0118,A040,2026-07-17,,Negotiation,9000,SMB,,Referral,,
DL00718,AC0135,A043,2026-01-12,2026-02-24,Closed Lost,38000,Mid-Market,Price,Inbound,,
DL00719,AC0044,A042,2026-03-08,,Negotiation,59000,Mid-Market,,Outbound,,
DL00720,AC0093,A054,2025-10-29,,Discovery,185000,Enterprise,,Referral,,
DL00721,AC0079,A051,2026-07-04,2026-07-29,Closed Won,40000,Mid-Market,,Referral,True,
DL00722,AC0104,A039,2026-01-05,2026-02-03,Closed Lost,70000,Enterprise,Competitor,Outbound,,
DL00723,AC0011,A051,2026-02-11,,Discovery,41000,Mid-Market,,Outbound,,
DL00724,AC0130,A051,2026-07-31,,Proposal,27000,Mid-Market,,Referral,,
DL00725,AC0008,A050,2026-06-01,2026-07-25,Closed Won,14000,SMB,,Outbound,True,
DL00726,AC0089,A049,2026-06-30,2026-08-08,Closed Won,10000,SMB,,Outbound,True,
DL00727,AC0073,A047,2026-02-11,2026-04-06,Closed Won,77000,Enterprise,,Inbound,True,
DL00728,AC0025,A046,2025-10-25,2025-11-17,Closed Won,66000,Enterprise,,Referral,True,
DL00729,AC0086,A051,2026-04-30,2026-06-09,Closed Won,13000,SMB,,Referral,True,
DL00730,AC0106,A055,2025-11-04,,Proposal,11000,SMB,,Inbound,,
DL00731,AC0134,A051,2025-11-23,2026-02-04,Closed Won,59000,Mid-Market,,Outbound,True,Integration mapping error
DL00732,AC0099,A050,2026-07-30,2026-09-21,Closed Won,34000,Mid-Market,,Referral,True,
DL00733,AC0109,A056,2026-05-03,2026-05-24,Closed Lost,64000,Mid-Market,Missing Feature,Partner,,
DL00734,AC0132,A052,2026-02-04,,Qualified,45000,Mid-Market,,Partner,,
DL00735,AC0047,A055,2025-11-27,,Discovery,9000,SMB,,Paid Search,,
DL00736,AC0061,A041,2026-04-25,2026-06-11,Closed Lost,166000,Enterprise,No Decision,Inbound,,
DL00737,AC0119,A045,2026-06-25,,Proposal,170000,Enterprise,,Outbound,,
DL00738,AC0126,A040,2025-11-02,2025-12-09,Closed Won,10000,SMB,,Inbound,True,
DL00739,AC0146,A045,2025-10-05,,Negotiation,87000,Enterprise,,Inbound,,
DL00740,AC0117,A040,2026-06-22,2026-09-02,Closed Lost,130000,Enterprise,Competitor,Partner,,
DL00741,AC0078,A053,2026-05-15,2026-07-13,Closed Lost,152000,Enterprise,Missing Feature,Inbound,,
DL00742,AC0064,A054,2025-09-30,2025-12-01,Closed Won,45000,Mid-Market,,Inbound,False,Free-text / field quality issue
DL00743,AC0012,A046,2026-02-22,2026-05-06,Closed Lost,60000,Mid-Market,Competitor,Inbound,,
DL00744,AC0054,A052,2026-07-20,2026-10-02,Closed Lost,14000,SMB,Unqualified,Outbound,,
DL00745,AC0118,A046,2026-03-17,2026-05-15,Closed Won,16000,SMB,,Referral,True,
DL00746,AC0136,A047,2026-04-29,2026-06-29,Closed Lost,30000,Mid-Market,No Decision,Paid Search,,
DL00747,AC0117,A041,2026-06-02,2026-08-02,Closed Won,22000,SMB,,Inbound,True,
DL00748,AC0073,A048,2025-10-18,2025-11-30,Closed Lost,24000,SMB,Missing Feature,Referral,,
DL00749,AC0087,A050,2026-03-27,,Negotiation,55000,Mid-Market,,Paid Search,,
DL00750,AC0111,A048,2026-04-10,2026-06-15,Closed Won,93000,Enterprise,,Partner,True,Missing structured value
DL00751,AC0144,A041,2026-08-15,2026-09-24,Closed Lost,137000,Enterprise,Timing,Outbound,,
DL00752,AC0077,A049,2025-10-29,,Negotiation,15000,SMB,,Paid Search,,
DL00753,AC0058,A047,2025-11-24,,Negotiation,47000,Mid-Market,,Referral,,
DL00754,AC0118,A041,2026-05-16,2026-07-03,Closed Won,184000,Enterprise,,Partner,True,
DL00755,AC0051,A056,2026-07-23,2026-09-01,Closed Lost,114000,Enterprise,Price,Paid Search,,
DL00756,AC0057,A041,2025-09-06,2025-11-30,Closed Lost,92000,Enterprise,Missing Feature,Partner,,
DL00757,AC0120,A054,2025-10-17,2025-12-30,Closed Lost,39000,Mid-Market,No Decision,Referral,,
DL00758,AC0008,A048,2025-11-17,2025-12-14,Closed Lost,133000,Enterprise,No Decision,Outbound,,
DL00759,AC0048,A044,2025-10-28,2025-11-18,Closed Won,25000,SMB,,Outbound,True,
DL00760,AC0078,A050,2026-08-21,,Negotiation,36000,Mid-Market,,Outbound,,
DL00761,AC0052,A046,2025-12-19,,Discovery,64000,Mid-Market,,Partner,,
DL00762,AC0099,A056,2026-04-28,2026-06-10,Closed Won,137000,Enterprise,,Partner,True,
DL00763,AC0114,A046,2026-06-15,2026-09-03,Closed Lost,25000,SMB,Price,Paid Search,,
DL00764,AC0053,A039,2026-08-01,,Qualified,132000,Enterprise,,Outbound,,
DL00765,AC0051,A042,2026-02-06,2026-03-01,Closed Won,53000,Mid-Market,,Paid Search,True,
DL00766,AC0148,A045,2026-06-03,2026-08-12,Closed Won,64000,Mid-Market,,Referral,True,
DL00767,AC0003,A046,2026-01-14,2026-02-23,Closed Won,21000,SMB,,Referral,True,
DL00768,AC0116,A055,2025-12-17,2026-03-02,Closed Lost,11000,SMB,Competitor,Outbound,,
DL00769,AC0085,A044,2026-01-28,2026-02-16,Closed Won,189000,Enterprise,,Outbound,True,
DL00770,AC0078,A043,2026-08-16,2026-09-11,Closed Won,27000,Mid-Market,,Partner,False,Free-text vague
DL00771,AC0138,A053,2026-06-13,2026-07-29,Closed Won,55000,Mid-Market,,Partner,True,
DL00772,AC0102,A041,2025-10-25,2025-11-27,Closed Lost,101000,Enterprise,No Decision,Partner,,
DL00773,AC0052,A056,2025-12-06,2026-02-15,Closed Won,21000,SMB,,Partner,True,
DL00774,AC0066,A050,2025-12-26,2026-02-09,Closed Lost,44000,Mid-Market,Missing Feature,Referral,,
DL00775,AC0066,A049,2026-01-24,2026-03-31,Closed Lost,31000,Mid-Market,Missing Feature,Paid Search,,
DL00776,AC0050,A041,2026-04-26,,Proposal,8000,SMB,,Partner,,
DL00777,AC0066,A040,2026-03-27,2026-04-15,Closed Lost,43000,Mid-Market,No Decision,Paid Search,,
DL00778,AC0050,A051,2025-11-09,,Discovery,54000,Mid-Market,,Referral,,
DL00779,AC0132,A050,2025-10-20,2025-12-23,Closed Lost,19000,SMB,No Decision,Paid Search,,
DL00780,AC0031,A051,2025-09-18,,Negotiation,43000,Mid-Market,,Partner,,
DL00781,AC0032,A052,2025-10-05,,Negotiation,24000,SMB,,Inbound,,
DL00782,AC0128,A040,2026-07-04,2026-08-22,Closed Lost,12000,SMB,Price,Referral,,
DL00783,AC0038,A040,2025-11-07,2025-12-27,Closed Won,11000,SMB,,Inbound,True,
DL00784,AC0104,A049,2025-12-27,,Proposal,64000,Mid-Market,,Referral,,
DL00785,AC0090,A039,2026-08-25,,Negotiation,96000,Enterprise,,Referral,,
DL00786,AC0107,A045,2026-06-03,2026-08-15,Closed Won,8000,SMB,,Outbound,True,
DL00787,AC0145,A041,2025-12-27,,Qualified,43000,Mid-Market,,Referral,,
DL00788,AC0073,A042,2026-04-10,2026-05-06,Closed Lost,34000,Mid-Market,Timing,Inbound,,
DL00789,AC0042,A054,2026-02-07,2026-03-04,Closed Lost,10000,SMB,Competitor,Partner,,
DL00790,AC0146,A048,2026-04-14,2026-05-16,Closed Lost,136000,Enterprise,Timing,Inbound,,
DL00791,AC0052,A041,2025-12-01,2025-12-30,Closed Won,26000,Mid-Market,,Inbound,True,
DL00792,AC0115,A045,2025-10-16,2025-11-16,Closed Won,31000,Mid-Market,,Outbound,False,Free-text / field quality issue
DL00793,AC0110,A040,2026-01-11,2026-02-04,Closed Won,31000,Mid-Market,,Partner,True,
DL00794,AC0089,A049,2026-07-13,,Negotiation,14000,SMB,,Paid Search,,
DL00795,AC0079,A045,2026-04-23,2026-06-23,Closed Won,175000,Enterprise,,Outbound,True,
DL00796,AC0036,A041,2025-11-04,2026-01-17,Closed Lost,145000,Enterprise,Unqualified,Partner,,
DL00797,AC0030,A050,2025-12-20,2026-02-26,Closed Lost,186000,Enterprise,Price,Outbound,,
DL00798,AC0047,A039,2026-08-19,2026-10-24,Closed Lost,9000,SMB,No Decision,Inbound,,
DL00799,AC0138,A044,2025-10-25,2025-12-15,Closed Won,63000,Mid-Market,,Partner,True,
DL00800,AC0113,A050,2025-12-27,2026-02-27,Closed Lost,54000,Mid-Market,Timing,Paid Search,,
DL00801,AC0042,A055,2026-03-03,,Qualified,20000,SMB,,Partner,,
DL00802,AC0077,A052,2026-08-25,2026-10-23,Closed Lost,140000,Enterprise,No Decision,Outbound,True,
DL00803,AC0107,A050,2026-05-30,2026-08-27,Closed Lost,64000,Mid-Market,Competitor,Partner,,
DL00804,AC0042,A051,2026-05-31,2026-08-12,Closed Won,22000,SMB,,Outbound,True,
DL00805,AC0095,A055,2026-01-19,,Proposal,10000,SMB,,Paid Search,,
DL00806,AC0075,A040,2025-09-18,,Proposal,19000,SMB,,Partner,,
DL00807,AC0046,A046,2025-12-19,,Discovery,33000,Mid-Market,,Inbound,,
DL00808,AC0149,A051,2026-02-18,,Negotiation,25000,SMB,,Partner,,
DL00809,AC0142,A040,2026-05-03,2026-06-22,Closed Won,29000,Mid-Market,,Partner,True,
DL00810,AC0014,A049,2026-04-30,,Discovery,39000,Mid-Market,,Inbound,,
DL00811,AC0097,A045,2025-11-10,2026-01-27,Closed Lost,12000,SMB,Procurement,Outbound,,
DL00812,AC0128,A052,2026-02-11,2026-03-24,Closed Lost,14000,SMB,Competitor,Referral,,
DL00813,AC0049,A055,2026-07-01,2026-09-14,Closed Lost,133000,Enterprise,Unqualified,Inbound,,
DL00814,AC0094,A040,2025-10-11,,Discovery,34000,Mid-Market,,Inbound,,
DL00815,AC0007,A051,2026-04-21,,Proposal,11000,SMB,,Referral,,
DL00816,AC0019,A042,2025-09-26,,Proposal,24000,SMB,,Partner,,
DL00817,AC0113,A045,2026-07-03,,Qualified,105000,Enterprise,,Inbound,,
DL00818,AC0074,A054,2025-09-13,,Proposal,64000,Mid-Market,,Paid Search,,
DL00819,AC0087,A053,2026-03-11,2026-05-12,Closed Won,31000,Mid-Market,,Inbound,True,
DL00820,AC0144,A055,2026-07-23,,Qualified,132000,Enterprise,,Partner,,
DL00821,AC0040,A042,2025-10-25,2025-11-15,Closed Won,58000,Mid-Market,,Inbound,True,Free-text vague
DL00822,AC0102,A041,2025-11-05,2025-12-04,Closed Won,54000,Mid-Market,,Referral,True,
DL00823,AC0022,A048,2026-05-10,2026-06-20,Closed Lost,84000,Enterprise,Competitor,Referral,,
DL00824,AC0098,A047,2026-07-18,,Discovery,53000,Mid-Market,,Referral,,
DL00825,AC0092,A056,2026-01-03,2026-02-21,Closed Won,21000,SMB,,Paid Search,True,Missing structured value
DL00826,AC0003,A046,2025-10-15,2025-11-08,Closed Won,13000,SMB,,Paid Search,True,
DL00827,AC0125,A040,2025-11-14,,Qualified,23000,SMB,,Outbound,,
DL00828,AC0033,A056,2026-05-24,,Qualified,40000,Mid-Market,,Partner,,
DL00829,AC0044,A056,2025-11-05,2025-11-28,Closed Won,14000,SMB,,Partner,True,
DL00830,AC0041,A041,2026-06-17,2026-09-14,Closed Lost,90000,Enterprise,Procurement,Inbound,,
DL00831,AC0030,A039,2026-04-05,2026-05-30,Closed Won,21000,SMB,,Outbound,True,
DL00832,AC0012,A045,2026-05-22,2026-07-17,Closed Won,82000,Enterprise,,Outbound,True,
DL00833,AC0076,A046,2025-10-07,2025-12-29,Closed Lost,172000,Enterprise,Missing Feature,Outbound,,
DL00834,AC0039,A047,2025-09-08,,Discovery,16000,SMB,,Paid Search,,
DL00835,AC0059,A052,2025-12-29,,Qualified,30000,Mid-Market,,Partner,,
DL00836,AC0067,A044,2026-07-03,,Negotiation,161000,Enterprise,,Inbound,,
DL00837,AC0026,A050,2026-08-14,2026-10-27,Closed Lost,72000,Enterprise,No Decision,Outbound,,
DL00838,AC0116,A040,2026-02-11,2026-04-07,Closed Lost,43000,Mid-Market,No Decision,Paid Search,,
DL00839,AC0029,A041,2026-07-01,,Negotiation,64000,Mid-Market,,Paid Search,,
DL00840,AC0076,A042,2026-07-02,2026-07-30,Closed Won,49000,Mid-Market,,Partner,True,
DL00841,AC0093,A052,2026-08-05,2026-10-27,Closed Lost,18000,SMB,Unqualified,Partner,,
DL00842,AC0053,A049,2026-07-08,,Proposal,14000,SMB,,Referral,,
DL00843,AC0117,A042,2026-05-12,,Qualified,31000,Mid-Market,,Partner,,
DL00844,AC0079,A049,2026-07-14,,Proposal,27000,Mid-Market,,Partner,,
DL00845,AC0026,A052,2026-06-06,,Discovery,12000,SMB,,Referral,,
DL00846,AC0092,A054,2026-01-20,2026-04-04,Closed Won,8000,SMB,,Inbound,True,
DL00847,AC0033,A046,2026-04-01,2026-04-22,Closed Won,21000,SMB,,Paid Search,False,Free-text / field quality issue
DL00848,AC0101,A055,2026-04-13,,Proposal,39000,Mid-Market,,Inbound,,
DL00849,AC0129,A039,2026-08-23,2026-10-24,Closed Won,58000,Mid-Market,,Paid Search,True,
DL00850,AC0051,A053,2026-06-25,,Qualified,44000,Mid-Market,,Inbound,,
DL00851,AC0112,A040,2026-07-16,,Qualified,129000,Enterprise,,Referral,,
DL00852,AC0053,A041,2026-07-08,2026-09-19,Closed Won,24000,SMB,,Referral,True,
DL00853,AC0050,A039,2025-11-10,2025-12-19,Closed Lost,54000,Mid-Market,Timing,Inbound,,
DL00854,AC0035,A053,2026-06-22,2026-08-22,Closed Lost,54000,Mid-Market,Missing Feature,Partner,,
DL00855,AC0112,A045,2025-12-19,2026-02-17,Closed Lost,49000,Mid-Market,No Decision,Partner,,
DL00856,AC0112,A050,2025-11-09,,Negotiation,11000,SMB,,Inbound,,
DL00857,AC0038,A053,2026-08-08,,Qualified,27000,Mid-Market,,Paid Search,,
DL00858,AC0129,A048,2026-03-07,,Proposal,33000,Mid-Market,,Paid Search,,
DL00859,AC0017,A044,2025-09-15,2025-11-24,Closed Lost,21000,SMB,Unqualified,Paid Search,,
DL00860,AC0129,A049,2026-07-06,,Qualified,34000,Mid-Market,,Outbound,,
DL00861,AC0055,A055,2026-05-16,2026-08-08,Closed Lost,60000,Mid-Market,No Decision,Outbound,,
DL00862,AC0035,A052,2026-05-17,2026-06-14,Closed Lost,52000,Mid-Market,Competitor,Referral,,
DL00863,AC0054,A044,2026-07-10,2026-09-21,Closed Lost,11000,SMB,Price,Outbound,,
DL00864,AC0074,A051,2025-09-17,2025-10-05,Closed Lost,11000,SMB,Competitor,Outbound,,
DL00865,AC0096,A048,2025-11-01,2025-12-17,Closed Won,150000,Enterprise,,Inbound,True,
DL00866,AC0098,A053,2026-05-02,2026-07-12,Closed Won,67000,Enterprise,,Partner,True,
DL00867,AC0137,A050,2025-09-18,2025-11-21,Closed Won,27000,Mid-Market,,Referral,True,
DL00868,AC0034,A053,2026-06-15,2026-07-23,Closed Lost,18000,SMB,No Decision,Partner,,
DL00869,AC0013,A040,2026-06-26,2026-07-21,Closed Lost,55000,Mid-Market,Price,Partner,,
DL00870,AC0087,A051,2025-10-31,2026-01-06,Closed Won,24000,SMB,,Paid Search,True,
DL00871,AC0100,A052,2026-06-22,,Qualified,53000,Mid-Market,,Referral,,
DL00872,AC0085,A043,2026-05-16,2026-07-28,Closed Lost,19000,SMB,Unqualified,Referral,,
DL00873,AC0053,A043,2026-04-19,2026-06-02,Closed Won,20000,SMB,,Partner,True,
DL00874,AC0136,A041,2026-04-02,2026-05-15,Closed Lost,16000,SMB,Competitor,Paid Search,,
DL00875,AC0064,A046,2026-06-04,2026-06-22,Closed Lost,147000,Enterprise,No Decision,Referral,,
DL00876,AC0056,A043,2025-10-14,,Discovery,15000,SMB,,Inbound,,
DL00877,AC0007,A039,2025-09-13,2025-10-31,Closed Lost,80000,Enterprise,Missing Feature,Outbound,,
DL00878,AC0079,A050,2026-03-01,,Qualified,34000,Mid-Market,,Inbound,,
DL00879,AC0016,A048,2025-10-14,2025-11-25,Closed Lost,23000,SMB,Price,Paid Search,,
DL00880,AC0088,A042,2026-04-06,2026-06-11,Closed Lost,23000,SMB,Missing Feature,Partner,,
DL00881,AC0120,A051,2026-07-25,,Proposal,31000,Mid-Market,,Paid Search,,
DL00882,AC0036,A041,2026-05-17,2026-06-17,Closed Won,47000,Mid-Market,,Paid Search,True,
DL00883,AC0096,A046,2025-11-16,2025-12-16,Closed Won,22000,SMB,,Paid Search,True,
DL00884,AC0086,A052,2026-01-13,2026-02-05,Closed Won,21000,SMB,,Inbound,True,
DL00885,AC0120,A039,2025-09-19,2025-10-30,Closed Lost,20000,SMB,Timing,Partner,,
DL00886,AC0094,A054,2026-05-05,2026-06-23,Closed Won,167000,Enterprise,,Inbound,True,
DL00887,AC0139,A052,2026-02-21,,Discovery,151000,Enterprise,,Inbound,,
DL00888,AC0126,A042,2025-11-06,2026-01-17,Closed Won,83000,Enterprise,,Partner,True,
DL00889,AC0115,A042,2026-08-20,,Negotiation,13000,SMB,,Partner,,
DL00890,AC0102,A048,2025-12-13,2026-01-23,Closed Lost,8000,SMB,Unqualified,Referral,,
DL00891,AC0048,A039,2025-12-13,2026-01-27,Closed Lost,53000,Mid-Market,Timing,Referral,,
DL00892,AC0107,A055,2026-01-26,2026-03-05,Closed Won,85000,Enterprise,,Partner,True,
DL00893,AC0031,A056,2025-09-26,,Discovery,19000,SMB,,Paid Search,,
DL00894,AC0096,A044,2025-12-18,2026-02-11,Closed Lost,14000,SMB,Unqualified,Outbound,,
DL00895,AC0050,A056,2026-01-10,2026-03-04,Closed Lost,44000,Mid-Market,Timing,Partner,,
DL00896,AC0065,A045,2026-04-13,,Discovery,48000,Mid-Market,,Paid Search,,
DL00897,AC0040,A051,2026-03-16,2026-05-13,Closed Lost,154000,Enterprise,Unqualified,Partner,,
DL00898,AC0148,A041,2026-08-01,2026-08-19,Closed Won,28000,Mid-Market,,Partner,True,
DL00899,AC0137,A051,2025-09-16,2025-10-28,Closed Won,100000,Enterprise,,Outbound,True,
DL00900,AC0026,A043,2026-05-26,2026-07-30,Closed Lost,24000,SMB,Unqualified,Referral,,
DL00901,AC0098,A042,2025-12-18,2026-03-01,Closed Won,80000,Enterprise,,Outbound,True,
DL00902,AC0053,A049,2026-03-13,2026-05-18,Closed Lost,49000,Mid-Market,Missing Feature,Inbound,,
DL00903,AC0018,A040,2026-03-12,,Negotiation,65000,Enterprise,,Partner,,
DL00904,AC0129,A044,2025-10-17,,Qualified,28000,Mid-Market,,Outbound,,
DL00905,AC0091,A045,2026-02-03,,Qualified,13000,SMB,,Inbound,,
DL00906,AC0064,A050,2025-11-16,,Proposal,19000,SMB,,Partner,,
DL00907,AC0015,A046,2025-10-19,,Proposal,19000,SMB,,Outbound,,
DL00908,AC0054,A040,2026-07-05,2026-09-29,Closed Lost,43000,Mid-Market,Procurement,Referral,,
DL00909,AC0004,A053,2026-05-22,2026-06-17,Closed Won,15000,SMB,,Partner,True,
DL00910,AC0025,A053,2026-04-26,2026-07-15,Closed Lost,52000,Mid-Market,Timing,Inbound,,
DL00911,AC0115,A044,2026-02-02,2026-04-04,Closed Lost,8000,SMB,Price,Inbound,,
DL00912,AC0059,A040,2025-10-09,2025-11-29,Closed Won,13000,SMB,,Inbound,False,Free-text / field quality issue
DL00913,AC0070,A041,2026-04-16,,Proposal,45000,Mid-Market,,Outbound,,
DL00914,AC0087,A053,2026-01-26,2026-02-24,Closed Lost,39000,Mid-Market,Price,Outbound,,
DL00915,AC0060,A046,2026-08-09,2026-09-11,Closed Lost,32000,Mid-Market,Price,Partner,,
DL00916,AC0073,A043,2026-02-28,2026-05-07,Closed Won,137000,Enterprise,,Partner,True,
DL00917,AC0117,A056,2025-11-25,2025-12-23,Closed Won,52000,Mid-Market,,Partner,True,Formatting mismatch
DL00918,AC0079,A055,2026-01-28,2026-04-22,Closed Lost,21000,SMB,Price,Outbound,,
DL00919,AC0118,A045,2026-05-27,,Proposal,19000,SMB,,Partner,,
DL00920,AC0028,A042,2026-03-28,,Negotiation,21000,SMB,,Outbound,,
DL00921,AC0054,A054,2026-05-27,2026-07-27,Closed Lost,180000,Enterprise,No Decision,Partner,,
DL00922,AC0087,A053,2025-10-15,2025-12-02,Closed Lost,13000,SMB,No Decision,Referral,,
DL00923,AC0007,A042,2026-02-18,,Proposal,92000,Enterprise,,Outbound,,
DL00924,AC0054,A039,2026-04-14,,Discovery,24000,SMB,,Inbound,,
DL00925,AC0084,A046,2025-10-01,2025-12-06,Closed Lost,32000,Mid-Market,Procurement,Outbound,,
DL00926,AC0079,A046,2025-11-02,,Proposal,62000,Mid-Market,,Paid Search,,
DL00927,AC0148,A045,2026-08-17,,Discovery,27000,Mid-Market,,Partner,,
DL00928,AC0076,A044,2026-05-23,,Proposal,21000,SMB,,Referral,,
DL00929,AC0041,A047,2025-12-24,,Negotiation,63000,Mid-Market,,Inbound,,
DL00930,AC0142,A055,2025-10-13,,Qualified,27000,Mid-Market,,Referral,,
DL00931,AC0055,A040,2026-06-29,2026-09-03,Closed Lost,18000,SMB,Missing Feature,Referral,,
DL00932,AC0080,A054,2026-07-27,2026-08-14,Closed Won,55000,Mid-Market,,Partner,True,
DL00933,AC0039,A045,2026-04-05,,Proposal,174000,Enterprise,,Paid Search,,
DL00934,AC0049,A051,2026-03-13,,Discovery,64000,Mid-Market,,Referral,,
DL00935,AC0111,A044,2025-11-23,2026-01-09,Closed Lost,164000,Enterprise,Timing,Outbound,,
DL00936,AC0056,A050,2026-03-12,2026-04-23,Closed Lost,51000,Mid-Market,Missing Feature,Paid Search,,
DL00937,AC0117,A045,2025-09-01,2025-10-27,Closed Won,34000,Mid-Market,,Outbound,True,
DL00938,AC0142,A043,2026-08-17,2026-09-10,Closed Won,64000,Mid-Market,,Paid Search,False,Formatting mismatch
DL00939,AC0030,A045,2026-05-23,2026-07-23,Closed Won,20000,SMB,,Inbound,True,
DL00940,AC0124,A046,2026-05-12,,Negotiation,21000,SMB,,Referral,,
DL00941,AC0060,A056,2025-11-27,2025-12-12,Closed Lost,16000,SMB,Missing Feature,Outbound,,
DL00942,AC0120,A044,2025-09-11,2025-11-23,Closed Lost,22000,SMB,Unqualified,Partner,,
DL00943,AC0016,A048,2025-12-18,,Proposal,22000,SMB,,Outbound,,
DL00944,AC0002,A044,2026-08-14,2026-11-09,Closed Lost,8000,SMB,Price,Outbound,,
DL00945,AC0024,A039,2025-10-22,,Proposal,35000,Mid-Market,,Inbound,,
DL00946,AC0101,A053,2026-01-05,2026-02-25,Closed Lost,81000,Enterprise,Price,Inbound,,
DL00947,AC0106,A044,2026-08-21,,Proposal,102000,Enterprise,,Outbound,,
DL00948,AC0027,A050,2025-09-28,,Discovery,12000,SMB,,Outbound,,
DL00949,AC0121,A054,2026-03-07,,Discovery,24000,SMB,,Partner,,
DL00950,AC0083,A039,2026-01-11,2026-02-25,Closed Lost,23000,SMB,Price,Partner,,
DL00951,AC0089,A039,2026-03-08,,Discovery,53000,Mid-Market,,Paid Search,,
DL00952,AC0137,A043,2025-12-07,2026-01-12,Closed Lost,31000,Mid-Market,Price,Referral,,
DL00953,AC0095,A056,2026-02-20,,Discovery,123000,Enterprise,,Outbound,,
DL00954,AC0058,A045,2025-10-14,2026-01-03,Closed Lost,30000,Mid-Market,Price,Inbound,,
DL00955,AC0061,A048,2026-04-18,2026-06-17,Closed Lost,17000,SMB,Missing Feature,Partner,,
DL00956,AC0002,A043,2026-03-16,2026-04-18,Closed Lost,36000,Mid-Market,Price,Partner,,
DL00957,AC0081,A051,2026-07-14,2026-09-05,Closed Won,17000,SMB,,Partner,True,
DL00958,AC0031,A049,2026-02-26,,Discovery,146000,Enterprise,,Referral,,
DL00959,AC0100,A045,2026-08-03,2026-09-04,Closed Lost,18000,SMB,Procurement,Partner,,
DL00960,AC0090,A043,2026-01-15,,Qualified,154000,Enterprise,,Outbound,,
DL00961,AC0051,A042,2026-01-13,2026-03-21,Closed Lost,24000,SMB,Price,Referral,,
DL00962,AC0005,A039,2026-03-04,2026-05-01,Closed Won,40000,Mid-Market,,Outbound,True,
DL00963,AC0058,A048,2025-12-13,,Negotiation,63000,Mid-Market,,Partner,,
DL00964,AC0024,A056,2025-12-27,,Qualified,43000,Mid-Market,,Referral,,
DL00965,AC0065,A039,2026-03-11,2026-04-01,Closed Won,172000,Enterprise,,Inbound,True,
DL00966,AC0139,A052,2025-10-19,,Discovery,25000,SMB,,Paid Search,,
DL00967,AC0146,A050,2026-04-25,2026-07-08,Closed Lost,46000,Mid-Market,Price,Partner,,
DL00968,AC0137,A045,2026-04-08,2026-04-30,Closed Lost,13000,SMB,Procurement,Paid Search,,
DL00969,AC0138,A050,2026-08-08,2026-08-29,Closed Lost,132000,Enterprise,Missing Feature,Referral,True,
DL00970,AC0037,A045,2026-06-10,,Qualified,19000,SMB,,Paid Search,,
DL00971,AC0086,A041,2025-10-22,2025-12-29,Closed Lost,16000,SMB,Competitor,Inbound,,
DL00972,AC0034,A055,2026-03-09,2026-04-26,Closed Won,79000,Enterprise,,Inbound,True,
DL00973,AC0040,A042,2026-08-05,,Discovery,20000,SMB,,Outbound,,
DL00974,AC0148,A056,2025-12-17,,Negotiation,166000,Enterprise,,Inbound,,
DL00975,AC0127,A040,2025-09-01,,Proposal,28000,Mid-Market,,Outbound,,
DL00976,AC0124,A051,2026-01-12,,Discovery,177000,Enterprise,,Partner,,
DL00977,AC0082,A045,2026-03-20,2026-05-10,Closed Won,43000,Mid-Market,,Outbound,True,
DL00978,AC0149,A041,2026-06-04,,Proposal,15000,SMB,,Inbound,,
DL00979,AC0045,A054,2025-10-03,2025-11-20,Closed Lost,51000,Mid-Market,Unqualified,Referral,,
DL00980,AC0061,A056,2026-02-12,2026-03-20,Closed Won,34000,Mid-Market,,Referral,True,
DL00981,AC0083,A054,2025-11-01,2026-01-27,Closed Lost,17000,SMB,Missing Feature,Outbound,,
DL00982,AC0085,A055,2026-07-13,,Proposal,14000,SMB,,Paid Search,,
DL00983,AC0021,A039,2025-10-07,,Proposal,34000,Mid-Market,,Partner,,
DL00984,AC0124,A054,2026-04-26,2026-05-29,Closed Lost,38000,Mid-Market,Procurement,Outbound,,
DL00985,AC0007,A053,2026-03-13,,Proposal,19000,SMB,,Partner,,
DL00986,AC0121,A041,2026-01-16,,Proposal,184000,Enterprise,,Paid Search,,
DL00987,AC0062,A054,2026-06-29,2026-07-30,Closed Lost,176000,Enterprise,Missing Feature,Partner,,
DL00988,AC0095,A039,2025-11-10,2025-11-30,Closed Lost,9000,SMB,Unqualified,Outbound,,
DL00989,AC0096,A052,2025-09-26,2025-11-06,Closed Lost,58000,Mid-Market,No Decision,Referral,,
DL00990,AC0145,A045,2025-11-21,2026-02-02,Closed Lost,46000,Mid-Market,Price,Partner,,
DL00991,AC0035,A040,2026-06-02,2026-07-15,Closed Won,17000,SMB,,Partner,True,Formatting mismatch
DL00992,AC0020,A049,2026-07-26,,Qualified,12000,SMB,,Paid Search,,
DL00993,AC0147,A052,2026-03-06,2026-05-11,Closed Lost,64000,Mid-Market,Competitor,Inbound,,
DL00994,AC0130,A040,2025-12-18,,Proposal,17000,SMB,,Referral,,
DL00995,AC0012,A046,2025-11-20,2026-01-08,Closed Lost,63000,Mid-Market,No Decision,Outbound,,
DL00996,AC0052,A041,2026-04-06,,Proposal,36000,Mid-Market,,Outbound,,
DL00997,AC0141,A054,2026-07-20,2026-09-14,Closed Lost,176000,Enterprise,Timing,Inbound,,
DL00998,AC0117,A040,2025-11-13,2026-01-08,Closed Won,35000,Mid-Market,,Inbound,True,
DL00999,AC0117,A053,2026-03-04,,Proposal,130000,Enterprise,,Inbound,,
DL01000,AC0109,A042,2025-10-26,,Negotiation,17000,SMB,,Partner,,
DL01001,AC0144,A055,2025-12-05,2026-02-11,Closed Lost,56000,Mid-Market,Competitor,Referral,,
DL01002,AC0013,A039,2026-07-08,2026-09-04,Closed Won,29000,Mid-Market,,Paid Search,True,
DL01003,AC0113,A041,2026-08-05,,Negotiation,130000,Enterprise,,Partner,,
DL01004,AC0048,A051,2026-05-27,,Proposal,130000,Enterprise,,Outbound,,
DL01005,AC0111,A046,2026-02-22,2026-05-20,Closed Lost,61000,Mid-Market,Missing Feature,Inbound,,
DL01006,AC0091,A050,2026-03-24,2026-06-13,Closed Lost,22000,SMB,Price,Outbound,,
DL01007,AC0116,A045,2025-09-02,,Discovery,46000,Mid-Market,,Paid Search,,
DL01008,AC0006,A041,2025-09-11,2025-11-05,Closed Lost,29000,Mid-Market,Missing Feature,Partner,,
DL01009,AC0076,A055,2025-10-08,,Discovery,11000,SMB,,Inbound,,
DL01010,AC0121,A041,2026-05-14,2026-06-11,Closed Won,18000,SMB,,Partner,True,
DL01011,AC0006,A052,2026-07-16,2026-07-31,Closed Lost,93000,Enterprise,Price,Outbound,,
DL01012,AC0058,A046,2026-02-14,,Negotiation,23000,SMB,,Outbound,,
DL01013,AC0143,A039,2025-10-21,2025-12-15,Closed Won,176000,Enterprise,,Paid Search,True,
DL01014,AC0064,A052,2026-02-24,2026-04-27,Closed Won,33000,Mid-Market,,Outbound,False,Free-text / field quality issue
DL01015,AC0074,A050,2025-10-30,2025-12-09,Closed Lost,18000,SMB,Price,Referral,,
DL01016,AC0146,A048,2025-09-09,2025-11-22,Closed Won,12000,SMB,,Paid Search,True,
DL01017,AC0115,A056,2026-06-01,,Discovery,45000,Mid-Market,,Partner,,
DL01018,AC0044,A053,2026-05-19,,Negotiation,57000,Mid-Market,,Outbound,,
DL01019,AC0009,A055,2025-10-25,2026-01-14,Closed Lost,37000,Mid-Market,No Decision,Outbound,,
DL01020,AC0022,A047,2026-01-25,2026-03-23,Closed Won,53000,Mid-Market,,Referral,True,
DL01021,AC0140,A056,2026-03-15,2026-04-07,Closed Won,38000,Mid-Market,,Referral,True,
DL01022,AC0068,A050,2026-07-27,,Proposal,8000,SMB,,Inbound,,
DL01023,AC0036,A045,2026-02-14,2026-04-01,Closed Won,21000,SMB,,Outbound,True,
DL01024,AC0148,A046,2026-06-01,2026-07-24,Closed Lost,29000,Mid-Market,Unqualified,Paid Search,,
DL01025,AC0020,A054,2026-05-26,,Qualified,20000,SMB,,Partner,,
DL01026,AC0094,A055,2026-01-02,2026-02-27,Closed Won,24000,SMB,,Paid Search,True,
DL01027,AC0125,A051,2025-11-28,,Proposal,56000,Mid-Market,,Referral,,
DL01028,AC0052,A053,2026-08-16,2026-11-10,Closed Lost,17000,SMB,Missing Feature,Inbound,,
DL01029,AC0016,A049,2026-04-26,,Proposal,12000,SMB,,Inbound,,
DL01030,AC0060,A049,2026-03-19,2026-05-03,Closed Won,60000,Mid-Market,,Paid Search,True,
DL01031,AC0059,A046,2026-06-01,2026-07-16,Closed Lost,21000,SMB,Missing Feature,Partner,,
DL01032,AC0072,A051,2026-03-10,2026-04-15,Closed Won,14000,SMB,,Inbound,True,
DL01033,AC0010,A049,2026-06-08,,Negotiation,12000,SMB,,Inbound,,
DL01034,AC0044,A046,2025-09-01,,Negotiation,97000,Enterprise,,Paid Search,,
DL01035,AC0042,A044,2026-02-05,2026-04-23,Closed Lost,20000,SMB,Competitor,Referral,,
DL01036,AC0124,A052,2026-04-26,,Negotiation,48000,Mid-Market,,Referral,,
DL01037,AC0033,A055,2026-02-08,2026-03-16,Closed Lost,76000,Enterprise,Missing Feature,Partner,,
DL01038,AC0022,A053,2026-01-21,2026-03-31,Closed Won,21000,SMB,,Paid Search,True,
DL01039,AC0134,A045,2026-07-30,2026-08-20,Closed Won,14000,SMB,,Partner,True,
DL01040,AC0063,A053,2026-04-13,,Qualified,24000,SMB,,Outbound,,
DL01041,AC0049,A047,2025-09-11,2025-09-29,Closed Won,21000,SMB,,Partner,True,
DL01042,AC0048,A052,2025-11-02,2025-12-04,Closed Won,158000,Enterprise,,Inbound,True,
DL01043,AC0068,A047,2026-06-09,,Proposal,61000,Mid-Market,,Outbound,,
DL01044,AC0036,A047,2026-05-01,2026-07-29,Closed Lost,8000,SMB,No Decision,Referral,,
DL01045,AC0095,A046,2025-12-27,2026-01-18,Closed Won,58000,Mid-Market,,Referral,True,
DL01046,AC0093,A049,2026-01-16,2026-04-11,Closed Lost,132000,Enterprise,Timing,Outbound,,
DL01047,AC0130,A052,2025-12-18,2026-01-18,Closed Lost,17000,SMB,Timing,Paid Search,,
DL01048,AC0060,A041,2025-10-31,2025-12-25,Closed Lost,25000,SMB,Missing Feature,Inbound,,
DL01049,AC0060,A051,2025-10-28,2025-11-28,Closed Lost,47000,Mid-Market,Procurement,Partner,,
DL01050,AC0039,A053,2026-06-03,,Qualified,52000,Mid-Market,,Partner,,
DL01051,AC0070,A052,2025-10-18,,Negotiation,121000,Enterprise,,Inbound,,
DL01052,AC0139,A051,2026-01-26,2026-03-17,Closed Lost,160000,Enterprise,Missing Feature,Outbound,,
DL01053,AC0010,A039,2026-08-17,,Discovery,78000,Enterprise,,Partner,,
DL01054,AC0059,A055,2025-09-29,2025-11-13,Closed Lost,22000,SMB,Missing Feature,Paid Search,,
DL01055,AC0141,A048,2026-06-09,,Discovery,53000,Mid-Market,,Inbound,,
DL01056,AC0020,A049,2026-03-30,2026-04-22,Closed Lost,162000,Enterprise,Missing Feature,Paid Search,,
DL01057,AC0081,A047,2026-05-11,,Discovery,59000,Mid-Market,,Partner,,
DL01058,AC0076,A045,2026-05-29,2026-07-01,Closed Lost,153000,Enterprise,Timing,Referral,,
DL01059,AC0070,A040,2026-03-26,2026-04-12,Closed Lost,21000,SMB,Missing Feature,Inbound,,
DL01060,AC0018,A047,2025-09-13,2025-11-10,Closed Lost,28000,Mid-Market,Missing Feature,Outbound,,
DL01061,AC0146,A056,2025-11-30,,Negotiation,8000,SMB,,Outbound,,
DL01062,AC0048,A043,2026-08-19,,Discovery,13000,SMB,,Paid Search,,
DL01063,AC0018,A056,2025-12-18,2026-02-11,Closed Won,21000,SMB,,Inbound,True,
DL01064,AC0074,A052,2026-07-29,2026-08-17,Closed Won,17000,SMB,,Partner,True,
DL01065,AC0021,A045,2025-11-16,,Qualified,54000,Mid-Market,,Paid Search,,
DL01066,AC0058,A040,2026-04-14,2026-06-15,Closed Lost,9000,SMB,No Decision,Paid Search,,
DL01067,AC0134,A040,2026-02-25,,Proposal,12000,SMB,,Outbound,,
DL01068,AC0139,A045,2025-10-01,2025-12-07,Closed Won,66000,Enterprise,,Referral,True,
DL01069,AC0080,A048,2025-11-30,2025-12-18,Closed Won,35000,Mid-Market,,Partner,True,Missing structured value
DL01070,AC0012,A056,2025-09-26,,Qualified,8000,SMB,,Outbound,,
DL01071,AC0064,A053,2025-11-17,,Proposal,47000,Mid-Market,,Paid Search,,
DL01072,AC0106,A055,2026-06-20,,Proposal,20000,SMB,,Partner,,
DL01073,AC0079,A045,2026-05-16,,Qualified,64000,Mid-Market,,Outbound,,
DL01074,AC0018,A055,2026-08-01,2026-08-23,Closed Lost,133000,Enterprise,No Decision,Outbound,,
DL01075,AC0113,A039,2026-03-23,,Proposal,15000,SMB,,Paid Search,,
DL01076,AC0073,A043,2026-06-24,,Negotiation,8000,SMB,,Outbound,,
DL01077,AC0129,A053,2026-05-18,2026-06-12,Closed Won,143000,Enterprise,,Partner,True,
DL01078,AC0149,A051,2026-05-06,2026-07-05,Closed Lost,26000,Mid-Market,No Decision,Partner,,
DL01079,AC0025,A046,2025-11-12,2025-12-14,Closed Won,9000,SMB,,Partner,False,Free-text / field quality issue
DL01080,AC0011,A056,2026-06-17,,Discovery,22000,SMB,,Paid Search,,
DL01081,AC0133,A044,2026-06-27,2026-07-29,Closed Won,157000,Enterprise,,Outbound,True,
DL01082,AC0141,A055,2026-04-10,,Proposal,46000,Mid-Market,,Inbound,,
DL01083,AC0039,A048,2026-04-16,2026-06-08,Closed Won,15000,SMB,,Referral,True,
DL01084,AC0001,A054,2026-02-05,2026-03-23,Closed Lost,48000,Mid-Market,No Decision,Partner,,
DL01085,AC0085,A040,2025-10-27,2025-11-18,Closed Won,59000,Mid-Market,,Outbound,True,
DL01086,AC0040,A055,2026-07-17,2026-08-18,Closed Won,28000,Mid-Market,,Paid Search,True,
DL01087,AC0096,A044,2026-07-07,2026-08-29,Closed Won,35000,Mid-Market,,Partner,True,
DL01088,AC0096,A050,2025-11-21,,Proposal,13000,SMB,,Partner,,
DL01089,AC0112,A044,2026-02-11,2026-05-05,Closed Lost,14000,SMB,Price,Referral,,
DL01090,AC0063,A052,2026-08-22,,Proposal,36000,Mid-Market,,Outbound,,
DL01091,AC0039,A039,2025-12-09,2026-01-15,Closed Won,20000,SMB,,Referral,True,
DL01092,AC0097,A043,2026-06-25,2026-08-24,Closed Won,74000,Enterprise,,Inbound,True,
DL01093,AC0035,A056,2026-05-30,,Qualified,19000,SMB,,Outbound,,
DL01094,AC0122,A039,2026-04-10,,Proposal,19000,SMB,,Referral,,
DL01095,AC0009,A046,2025-12-30,2026-01-21,Closed Lost,116000,Enterprise,No Decision,Inbound,,
DL01096,AC0099,A049,2025-09-08,2025-10-21,Closed Won,159000,Enterprise,,Paid Search,True,
DL01097,AC0087,A039,2026-01-24,,Discovery,63000,Mid-Market,,Referral,,
DL01098,AC0141,A040,2026-06-12,2026-07-07,Closed Lost,184000,Enterprise,Price,Outbound,,
DL01099,AC0026,A040,2025-09-09,2025-10-22,Closed Won,139000,Enterprise,,Outbound,True,
DL01100,AC0011,A055,2026-03-29,,Negotiation,187000,Enterprise,,Partner,,
DL01101,AC0132,A056,2026-07-09,2026-08-13,Closed Lost,9000,SMB,No Decision,Outbound,,
DL01102,AC0036,A052,2025-11-03,2025-12-17,Closed Won,126000,Enterprise,,Inbound,True,
DL01103,AC0139,A052,2026-04-08,2026-05-28,Closed Won,13000,SMB,,Referral,True,
DL01104,AC0009,A054,2026-03-17,2026-05-11,Closed Lost,50000,Mid-Market,Missing Feature,Paid Search,,
DL01105,AC0119,A043,2026-03-23,2026-04-12,Closed Lost,47000,Mid-Market,Missing Feature,Outbound,,
DL01106,AC0037,A050,2026-04-18,2026-05-31,Closed Lost,74000,Enterprise,Competitor,Referral,,
DL01107,AC0077,A049,2026-05-22,2026-06-12,Closed Won,183000,Enterprise,,Outbound,True,
DL01108,AC0063,A041,2026-06-16,,Discovery,49000,Mid-Market,,Partner,,
DL01109,AC0047,A055,2025-12-09,2026-02-03,Closed Lost,93000,Enterprise,Missing Feature,Paid Search,,
DL01110,AC0025,A046,2025-09-15,,Negotiation,32000,Mid-Market,,Partner,,
DL01111,AC0108,A042,2025-09-23,2025-11-09,Closed Won,21000,SMB,,Paid Search,True,
DL01112,AC0141,A054,2026-01-09,,Negotiation,13000,SMB,,Partner,,
DL01113,AC0026,A040,2025-10-02,2025-10-31,Closed Lost,29000,Mid-Market,Competitor,Referral,,
DL01114,AC0128,A040,2025-09-21,2025-11-10,Closed Lost,25000,SMB,Timing,Referral,,
DL01115,AC0116,A049,2026-02-11,2026-04-17,Closed Lost,38000,Mid-Market,Competitor,Referral,,
DL01116,AC0043,A046,2025-09-14,2025-10-29,Closed Lost,129000,Enterprise,Price,Outbound,,
DL01117,AC0015,A053,2026-07-22,2026-10-10,Closed Lost,63000,Mid-Market,Price,Referral,,
DL01118,AC0145,A055,2026-03-08,2026-04-26,Closed Won,11000,SMB,,Partner,True,
DL01119,AC0051,A051,2026-08-03,,Negotiation,33000,Mid-Market,,Outbound,,
DL01120,AC0012,A053,2025-10-12,2025-11-13,Closed Won,14000,SMB,,Paid Search,True,Missing structured value
DL01121,AC0037,A040,2026-01-14,,Negotiation,9000,SMB,,Outbound,,
DL01122,AC0099,A054,2026-02-26,2026-03-22,Closed Won,9000,SMB,,Referral,True,
DL01123,AC0139,A039,2025-09-24,2025-10-27,Closed Won,23000,SMB,,Paid Search,False,Free-text / field quality issue
DL01124,AC0062,A054,2025-09-24,2025-11-28,Closed Won,24000,SMB,,Outbound,True,
DL01125,AC0111,A054,2026-02-17,,Qualified,82000,Enterprise,,Partner,,
DL01126,AC0069,A050,2026-04-06,2026-05-05,Closed Won,22000,SMB,,Paid Search,True,Missing structured value
DL01127,AC0083,A039,2025-10-13,2025-12-01,Closed Won,24000,SMB,,Outbound,True,
DL01128,AC0098,A047,2026-01-12,2026-02-05,Closed Won,32000,Mid-Market,,Inbound,True,
DL01129,AC0006,A049,2026-05-14,,Proposal,23000,SMB,,Paid Search,,
DL01130,AC0114,A054,2025-10-06,,Negotiation,67000,Enterprise,,Partner,,
DL01131,AC0045,A043,2025-12-21,2026-02-02,Closed Lost,9000,SMB,No Decision,Referral,,
DL01132,AC0069,A048,2025-11-29,2026-01-26,Closed Lost,36000,Mid-Market,No Decision,Partner,,
DL01133,AC0100,A048,2025-11-04,,Negotiation,165000,Enterprise,,Paid Search,,
DL01134,AC0001,A045,2026-04-21,2026-06-25,Closed Won,33000,Mid-Market,,Referral,True,
DL01135,AC0149,A047,2026-07-28,,Negotiation,37000,Mid-Market,,Paid Search,,
DL01136,AC0052,A056,2026-03-29,2026-05-27,Closed Won,187000,Enterprise,,Partner,True,
DL01137,AC0058,A041,2026-02-16,,Qualified,25000,Mid-Market,,Paid Search,,
DL01138,AC0079,A054,2025-10-01,2025-11-28,Closed Lost,36000,Mid-Market,Competitor,Inbound,,
DL01139,AC0092,A045,2025-11-17,,Discovery,25000,SMB,,Inbound,,
DL01140,AC0118,A044,2026-03-03,2026-04-04,Closed Won,30000,Mid-Market,,Referral,True,
DL01141,AC0026,A056,2026-08-04,2026-10-13,Closed Lost,85000,Enterprise,No Decision,Partner,,
DL01142,AC0126,A043,2025-10-10,,Discovery,30000,Mid-Market,,Paid Search,,
DL01143,AC0110,A043,2026-01-30,2026-04-25,Closed Lost,14000,SMB,Competitor,Referral,,
DL01144,AC0013,A040,2026-05-11,,Negotiation,18000,SMB,,Inbound,,
DL01145,AC0140,A046,2025-12-12,2026-01-10,Closed Won,33000,Mid-Market,,Partner,True,
DL01146,AC0023,A049,2026-06-20,2026-07-27,Closed Won,38000,Mid-Market,,Referral,True,
DL01147,AC0067,A054,2026-06-09,,Negotiation,13000,SMB,,Outbound,,
DL01148,AC0015,A039,2026-04-13,2026-06-23,Closed Won,24000,SMB,,Referral,True,
DL01149,AC0141,A049,2026-03-19,,Qualified,22000,SMB,,Paid Search,,
DL01150,AC0044,A045,2026-06-20,,Discovery,42000,Mid-Market,,Inbound,,
DL01151,AC0134,A039,2026-03-05,,Negotiation,18000,SMB,,Outbound,,
DL01152,AC0048,A044,2026-02-14,,Proposal,19000,SMB,,Partner,,
DL01153,AC0095,A046,2025-12-30,2026-02-08,Closed Lost,21000,SMB,Missing Feature,Inbound,,
DL01154,AC0146,A050,2026-04-30,2026-06-24,Closed Lost,144000,Enterprise,Procurement,Partner,,
DL01155,AC0150,A053,2026-01-13,,Proposal,79000,Enterprise,,Partner,,
DL01156,AC0143,A041,2025-09-20,2025-11-13,Closed Lost,131000,Enterprise,Timing,Referral,,
DL01157,AC0143,A044,2025-12-14,2026-02-09,Closed Won,12000,SMB,,Outbound,True,
DL01158,AC0036,A045,2026-01-04,2026-03-12,Closed Lost,41000,Mid-Market,Missing Feature,Referral,,
DL01159,AC0012,A047,2026-06-21,,Proposal,23000,SMB,,Paid Search,,
DL01160,AC0073,A044,2025-12-17,,Discovery,35000,Mid-Market,,Outbound,,
DL01161,AC0108,A040,2025-10-14,,Discovery,93000,Enterprise,,Outbound,,
DL01162,AC0121,A052,2026-03-07,2026-05-13,Closed Won,10000,SMB,,Inbound,True,
DL01163,AC0035,A050,2026-04-27,,Discovery,11000,SMB,,Referral,,
DL01164,AC0125,A050,2025-09-20,2025-11-30,Closed Lost,24000,SMB,Timing,Outbound,,
DL01165,AC0048,A047,2026-01-22,2026-03-14,Closed Lost,38000,Mid-Market,Price,Paid Search,,
DL01166,AC0081,A048,2026-07-07,2026-08-04,Closed Won,14000,SMB,,Paid Search,True,
DL01167,AC0087,A043,2026-08-03,,Negotiation,92000,Enterprise,,Inbound,,
DL01168,AC0054,A049,2026-02-19,,Proposal,11000,SMB,,Referral,,
DL01169,AC0085,A041,2026-07-24,2026-08-27,Closed Lost,12000,SMB,Missing Feature,Partner,,
DL01170,AC0055,A049,2026-03-28,2026-05-24,Closed Lost,25000,SMB,No Decision,Partner,,
DL01171,AC0057,A054,2026-05-07,2026-07-23,Closed Lost,19000,SMB,No Decision,Paid Search,,
DL01172,AC0100,A040,2026-01-01,2026-02-01,Closed Won,46000,Mid-Market,,Paid Search,True,
DL01173,AC0029,A049,2025-11-20,,Proposal,96000,Enterprise,,Paid Search,,
DL01174,AC0117,A039,2025-11-23,2026-01-01,Closed Lost,47000,Mid-Market,Timing,Referral,,
DL01175,AC0018,A050,2025-09-24,,Qualified,138000,Enterprise,,Outbound,,
DL01176,AC0124,A040,2025-11-17,2026-01-23,Closed Won,13000,SMB,,Outbound,True,
DL01177,AC0121,A052,2026-06-13,,Proposal,145000,Enterprise,,Partner,,
DL01178,AC0135,A056,2026-08-09,2026-10-22,Closed Lost,22000,SMB,Unqualified,Outbound,,
DL01179,AC0014,A053,2026-02-14,2026-04-19,Closed Won,34000,Mid-Market,,Referral,False,Free-text / field quality issue
DL01180,AC0073,A053,2026-05-24,,Discovery,23000,SMB,,Outbound,,
DL01181,AC0090,A040,2025-09-30,,Proposal,39000,Mid-Market,,Outbound,,
DL01182,AC0147,A041,2026-01-27,,Proposal,10000,SMB,,Paid Search,,
DL01183,AC0114,A047,2025-11-01,2025-12-24,Closed Lost,164000,Enterprise,Price,Partner,,
DL01184,AC0123,A055,2026-07-14,,Qualified,16000,SMB,,Referral,,
DL01185,AC0107,A041,2026-03-15,2026-05-08,Closed Lost,172000,Enterprise,No Decision,Outbound,,
DL01186,AC0003,A046,2025-11-28,2026-01-20,Closed Lost,156000,Enterprise,Unqualified,Partner,,
DL01187,AC0024,A054,2026-04-20,,Negotiation,32000,Mid-Market,,Partner,,
DL01188,AC0145,A047,2026-05-29,,Negotiation,9000,SMB,,Referral,,
DL01189,AC0057,A045,2025-09-11,2025-11-14,Closed Won,8000,SMB,,Outbound,True,
DL01190,AC0062,A053,2025-12-21,2026-02-10,Closed Won,45000,Mid-Market,,Inbound,True,
DL01191,AC0094,A055,2025-11-15,2025-12-07,Closed Won,133000,Enterprise,,Inbound,True,
DL01192,AC0031,A047,2025-12-12,2026-01-07,Closed Lost,52000,Mid-Market,Competitor,Partner,,
DL01193,AC0061,A045,2026-07-02,2026-07-29,Closed Lost,59000,Mid-Market,Competitor,Outbound,,
DL01194,AC0103,A054,2026-02-18,2026-04-18,Closed Won,23000,SMB,,Paid Search,True,
DL01195,AC0017,A039,2026-03-22,,Discovery,25000,SMB,,Partner,,
DL01196,AC0116,A048,2026-05-07,,Proposal,45000,Mid-Market,,Paid Search,,
DL01197,AC0111,A052,2025-10-01,2025-12-09,Closed Won,27000,Mid-Market,,Paid Search,True,
DL01198,AC0054,A054,2026-06-15,2026-08-12,Closed Lost,22000,SMB,Missing Feature,Partner,,
DL01199,AC0138,A051,2026-02-17,,Proposal,52000,Mid-Market,,Outbound,,
DL01200,AC0052,A040,2026-01-28,2026-02-14,Closed Lost,35000,Mid-Market,Price,Partner,,
DL01201,AC0012,A049,2026-06-01,,Proposal,11000,SMB,,Paid Search,,
DL01202,AC0088,A053,2026-06-02,,Negotiation,18000,SMB,,Outbound,,
DL01203,AC0046,A041,2026-03-20,,Negotiation,19000,SMB,,Paid Search,,
DL01204,AC0084,A047,2025-11-03,2026-01-03,Closed Lost,39000,Mid-Market,Unqualified,Inbound,,
DL01205,AC0021,A042,2025-09-14,,Discovery,29000,Mid-Market,,Paid Search,,
DL01206,AC0056,A041,2025-12-07,2026-01-18,Closed Won,32000,Mid-Market,,Paid Search,True,
DL01207,AC0116,A049,2026-07-21,,Discovery,46000,Mid-Market,,Inbound,,
DL01208,AC0119,A041,2025-10-14,2025-12-10,Closed Lost,47000,Mid-Market,Unqualified,Referral,,
DL01209,AC0031,A042,2026-01-11,2026-04-05,Closed Lost,43000,Mid-Market,No Decision,Paid Search,,
DL01210,AC0103,A050,2025-10-25,2026-01-03,Closed Lost,160000,Enterprise,Unqualified,Outbound,,
DL01211,AC0010,A049,2026-05-28,2026-07-22,Closed Won,125000,Enterprise,,Outbound,True,
DL01212,AC0022,A039,2025-11-03,2025-12-30,Closed Lost,11000,SMB,Missing Feature,Outbound,,
DL01213,AC0106,A052,2026-03-07,2026-05-07,Closed Lost,11000,SMB,Timing,Paid Search,,
DL01214,AC0050,A047,2025-11-26,,Discovery,16000,SMB,,Outbound,,
DL01215,AC0039,A050,2026-03-13,2026-05-23,Closed Lost,17000,SMB,No Decision,Paid Search,,
DL01216,AC0073,A041,2025-09-25,,Qualified,28000,Mid-Market,,Outbound,,
DL01217,AC0078,A045,2025-12-24,2026-02-04,Closed Won,93000,Enterprise,,Paid Search,True,
DL01218,AC0128,A054,2026-06-06,,Qualified,17000,SMB,,Inbound,,
DL01219,AC0116,A053,2026-05-15,,Proposal,22000,SMB,,Outbound,,
DL01220,AC0139,A051,2025-09-17,,Proposal,16000,SMB,,Outbound,,
DL01221,AC0087,A042,2026-03-06,2026-05-26,Closed Lost,38000,Mid-Market,No Decision,Partner,,
DL01222,AC0074,A050,2026-06-16,2026-07-24,Closed Lost,9000,SMB,Price,Outbound,,
DL01223,AC0053,A048,2026-01-25,,Discovery,159000,Enterprise,,Paid Search,,
DL01224,AC0053,A044,2025-09-23,2025-12-04,Closed Won,42000,Mid-Market,,Inbound,True,
DL01225,AC0122,A045,2026-06-14,2026-08-01,Closed Lost,24000,SMB,Price,Paid Search,,
DL01226,AC0116,A046,2025-12-13,2025-12-29,Closed Lost,65000,Enterprise,Price,Paid Search,,
DL01227,AC0019,A040,2025-12-11,2026-01-26,Closed Won,94000,Enterprise,,Inbound,True,
DL01228,AC0055,A042,2026-01-28,2026-04-04,Closed Won,8000,SMB,,Partner,True,Integration mapping error
DL01229,AC0138,A040,2026-01-16,,Negotiation,14000,SMB,,Partner,,
DL01230,AC0141,A044,2026-06-25,,Qualified,29000,Mid-Market,,Inbound,,
DL01231,AC0110,A055,2026-04-14,2026-06-21,Closed Lost,9000,SMB,Missing Feature,Inbound,,
DL01232,AC0023,A044,2026-03-09,,Discovery,14000,SMB,,Outbound,,
DL01233,AC0114,A043,2025-10-14,2025-11-24,Closed Won,113000,Enterprise,,Referral,True,
DL01234,AC0028,A040,2026-04-04,2026-06-19,Closed Lost,54000,Mid-Market,Missing Feature,Inbound,,
DL01235,AC0111,A042,2026-02-22,2026-03-15,Closed Lost,26000,Mid-Market,Unqualified,Paid Search,,
DL01236,AC0077,A047,2025-10-01,,Proposal,8000,SMB,,Outbound,,
DL01237,AC0131,A040,2025-12-23,2026-03-01,Closed Won,140000,Enterprise,,Referral,True,
DL01238,AC0029,A053,2026-06-01,,Qualified,11000,SMB,,Inbound,,
DL01239,AC0077,A051,2025-10-17,,Discovery,62000,Mid-Market,,Inbound,,
DL01240,AC0091,A050,2025-11-27,,Negotiation,22000,SMB,,Partner,,
DL01241,AC0037,A050,2026-08-24,2026-09-16,Closed Lost,77000,Enterprise,Missing Feature,Partner,True,
DL01242,AC0020,A049,2025-11-26,,Qualified,12000,SMB,,Referral,,
DL01243,AC0125,A051,2026-04-02,,Proposal,19000,SMB,,Outbound,,
DL01244,AC0117,A051,2026-06-28,2026-08-25,Closed Lost,26000,Mid-Market,Competitor,Referral,,
DL01245,AC0067,A056,2025-10-12,2025-12-03,Closed Lost,8000,SMB,Procurement,Paid Search,,
DL01246,AC0035,A041,2025-12-05,,Proposal,16000,SMB,,Referral,,
DL01247,AC0005,A042,2025-11-21,2026-01-18,Closed Lost,49000,Mid-Market,Timing,Partner,,
DL01248,AC0145,A054,2026-07-20,2026-10-10,Closed Lost,8000,SMB,Competitor,Referral,,
DL01249,AC0038,A054,2026-08-12,2026-11-03,Closed Lost,19000,SMB,No Decision,Paid Search,,
DL01250,AC0037,A047,2026-01-21,2026-02-12,Closed Won,24000,SMB,,Outbound,True,
DL01251,AC0031,A048,2026-03-10,2026-05-15,Closed Won,25000,Mid-Market,,Paid Search,True,
DL01252,AC0105,A053,2026-01-08,2026-02-28,Closed Won,25000,SMB,,Referral,True,
DL01253,AC0132,A043,2025-11-23,2026-01-04,Closed Won,181000,Enterprise,,Outbound,True,
DL01254,AC0027,A039,2026-03-25,2026-05-25,Closed Won,17000,SMB,,Inbound,True,
DL01255,AC0094,A056,2026-03-13,,Negotiation,61000,Mid-Market,,Partner,,
DL01256,AC0111,A047,2025-10-09,,Qualified,31000,Mid-Market,,Inbound,,
DL01257,AC0079,A042,2026-02-23,,Qualified,10000,SMB,,Partner,,
DL01258,AC0119,A056,2026-02-20,,Qualified,105000,Enterprise,,Outbound,,
DL01259,AC0105,A049,2026-04-04,2026-07-01,Closed Lost,96000,Enterprise,No Decision,Outbound,,
DL01260,AC0105,A040,2026-06-26,2026-08-17,Closed Lost,54000,Mid-Market,Unqualified,Partner,,
DL01261,AC0109,A047,2026-03-08,2026-05-24,Closed Lost,26000,Mid-Market,No Decision,Outbound,,
DL01262,AC0124,A050,2025-09-22,2025-11-10,Closed Won,53000,Mid-Market,,Outbound,True,
DL01263,AC0070,A043,2026-06-20,2026-08-07,Closed Lost,46000,Mid-Market,No Decision,Referral,,
DL01264,AC0146,A044,2026-06-25,,Qualified,25000,SMB,,Referral,,
DL01265,AC0108,A056,2025-12-12,2026-02-12,Closed Won,17000,SMB,,Inbound,True,
DL01266,AC0136,A053,2025-10-19,,Discovery,172000,Enterprise,,Paid Search,,
DL01267,AC0047,A055,2025-10-12,2025-12-02,Closed Won,20000,SMB,,Partner,True,Free-text vague
DL01268,AC0089,A054,2026-04-02,2026-04-30,Closed Lost,28000,Mid-Market,Unqualified,Paid Search,,
DL01269,AC0025,A045,2026-03-24,2026-05-25,Closed Lost,94000,Enterprise,No Decision,Paid Search,,
DL01270,AC0121,A055,2026-02-10,2026-03-18,Closed Lost,29000,Mid-Market,Missing Feature,Referral,,
DL01271,AC0076,A040,2026-08-19,2026-11-02,Closed Lost,58000,Mid-Market,Missing Feature,Paid Search,,
DL01272,AC0086,A044,2026-08-16,,Proposal,19000,SMB,,Outbound,,
DL01273,AC0032,A054,2025-10-24,2026-01-12,Closed Lost,34000,Mid-Market,Missing Feature,Inbound,,
DL01274,AC0093,A049,2025-09-06,2025-11-17,Closed Won,15000,SMB,,Referral,True,
DL01275,AC0042,A056,2025-09-02,2025-10-19,Closed Lost,15000,SMB,Procurement,Inbound,,
DL01276,AC0150,A053,2025-12-21,2026-03-01,Closed Lost,64000,Mid-Market,Timing,Outbound,,
DL01277,AC0004,A050,2025-11-13,2025-12-04,Closed Won,63000,Mid-Market,,Outbound,True,
DL01278,AC0046,A049,2025-09-05,,Qualified,174000,Enterprise,,Paid Search,,
DL01279,AC0035,A043,2026-02-02,2026-03-08,Closed Lost,36000,Mid-Market,Unqualified,Referral,,
DL01280,AC0144,A054,2026-07-01,,Proposal,99000,Enterprise,,Paid Search,,
DL01281,AC0125,A050,2026-08-16,,Negotiation,39000,Mid-Market,,Outbound,,
DL01282,AC0146,A051,2026-01-09,,Proposal,20000,SMB,,Partner,,
DL01283,AC0139,A039,2025-10-27,2025-12-12,Closed Won,15000,SMB,,Partner,True,
DL01284,AC0101,A039,2026-04-09,2026-07-06,Closed Lost,15000,SMB,Price,Inbound,,
DL01285,AC0051,A048,2026-01-25,2026-03-03,Closed Lost,55000,Mid-Market,Competitor,Partner,,
DL01286,AC0095,A050,2025-10-07,2025-12-04,Closed Won,34000,Mid-Market,,Inbound,True,
DL01287,AC0104,A045,2026-07-14,2026-09-20,Closed Won,18000,SMB,,Referral,True,
DL01288,AC0131,A055,2026-02-14,,Proposal,16000,SMB,,Referral,,
DL01289,AC0122,A049,2026-08-14,2026-09-15,Closed Won,13000,SMB,,Paid Search,True,
DL01290,AC0063,A051,2026-02-19,,Qualified,33000,Mid-Market,,Inbound,,
DL01291,AC0134,A039,2025-09-20,2025-11-25,Closed Won,25000,SMB,,Paid Search,True,
DL01292,AC0043,A041,2025-09-30,2025-12-04,Closed Won,140000,Enterprise,,Partner,True,
DL01293,AC0127,A055,2025-09-10,,Negotiation,17000,SMB,,Outbound,,
DL01294,AC0021,A053,2026-08-07,,Discovery,178000,Enterprise,,Inbound,,
DL01295,AC0031,A045,2026-05-22,2026-06-10,Closed Won,29000,Mid-Market,,Partner,True,
DL01296,AC0030,A042,2025-11-09,2025-12-05,Closed Lost,11000,SMB,Missing Feature,Inbound,,
DL01297,AC0092,A050,2025-12-19,2026-03-03,Closed Won,60000,Mid-Market,,Inbound,True,
DL01298,AC0051,A048,2026-05-07,,Discovery,38000,Mid-Market,,Paid Search,,
DL01299,AC0118,A049,2025-10-10,2025-11-18,Closed Lost,73000,Enterprise,Missing Feature,Referral,,
DL01300,AC0075,A051,2025-11-11,,Proposal,25000,SMB,,Referral,,
