usage_id,account_id,week_start,weekly_logins,active_users,seat_utilization,feature_adoption
PU-AC0001-2025-09-01,AC0001,2025-09-01,22,7,0.661,0.742
PU-AC0001-2025-09-08,AC0001,2025-09-08,22,6,0.574,0.489
PU-AC0001-2025-09-15,AC0001,2025-09-15,22,7,0.612,0.481
PU-AC0001-2025-09-22,AC0001,2025-09-22,22,7,0.742,0.539
PU-AC0001-2025-09-29,AC0001,2025-09-29,22,8,0.758,0.74
PU-AC0001-2025-10-06,AC0001,2025-10-06,21,7,0.69,0.657
PU-AC0001-2025-10-13,AC0001,2025-10-13,23,7,0.777,0.488
PU-AC0001-2025-10-20,AC0001,2025-10-20,20,6,0.627,0.715
PU-AC0001-2025-10-27,AC0001,2025-10-27,24,6,0.747,0.437
PU-AC0001-2025-11-03,AC0001,2025-11-03,22,7,0.459,0.589
PU-AC0001-2025-11-10,AC0001,2025-11-10,22,7,0.981,0.692
PU-AC0001-2025-11-17,AC0001,2025-11-17,24,7,0.479,0.779
PU-AC0001-2025-11-24,AC0001,2025-11-24,23,7,0.685,0.639
PU-AC0001-2025-12-01,AC0001,2025-12-01,20,7,0.646,0.476
PU-AC0001-2025-12-08,AC0001,2025-12-08,24,6,0.715,0.744
PU-AC0001-2025-12-15,AC0001,2025-12-15,22,6,0.719,0.699
PU-AC0001-2025-12-22,AC0001,2025-12-22,23,7,0.788,0.413
PU-AC0001-2025-12-29,AC0001,2025-12-29,26,8,0.611,0.723
PU-AC0001-2026-01-05,AC0001,2026-01-05,22,7,0.925,0.612
PU-AC0001-2026-01-12,AC0001,2026-01-12,22,7,0.696,0.702
PU-AC0001-2026-01-19,AC0001,2026-01-19,20,7,0.869,0.9
PU-AC0001-2026-01-26,AC0001,2026-01-26,25,6,0.65,0.674
PU-AC0001-2026-02-02,AC0001,2026-02-02,22,7,0.597,0.612
PU-AC0001-2026-02-09,AC0001,2026-02-09,22,8,0.653,0.836
PU-AC0001-2026-02-16,AC0001,2026-02-16,21,8,0.571,0.715
PU-AC0001-2026-02-23,AC0001,2026-02-23,23,7,0.782,0.702
PU-AC0001-2026-03-02,AC0001,2026-03-02,21,7,0.638,0.604
PU-AC0001-2026-03-09,AC0001,2026-03-09,23,7,0.66,0.888
PU-AC0001-2026-03-16,AC0001,2026-03-16,23,7,0.755,0.338
PU-AC0001-2026-03-23,AC0001,2026-03-23,24,7,0.575,0.43
PU-AC0001-2026-03-30,AC0001,2026-03-30,21,6,0.727,0.342
PU-AC0001-2026-04-06,AC0001,2026-04-06,24,7,0.83,0.782
PU-AC0001-2026-04-13,AC0001,2026-04-13,24,7,0.716,0.766
PU-AC0001-2026-04-20,AC0001,2026-04-20,23,6,0.799,0.522
PU-AC0001-2026-04-27,AC0001,2026-04-27,24,6,0.715,0.348
PU-AC0001-2026-05-04,AC0001,2026-05-04,23,7,0.727,0.966
PU-AC0001-2026-05-11,AC0001,2026-05-11,21,7,1.0,0.813
PU-AC0001-2026-05-18,AC0001,2026-05-18,25,7,0.862,0.687
PU-AC0001-2026-05-25,AC0001,2026-05-25,22,6,0.759,0.422
PU-AC0001-2026-06-01,AC0001,2026-06-01,21,7,0.688,0.583
PU-AC0001-2026-06-08,AC0001,2026-06-08,23,6,0.908,0.562
PU-AC0001-2026-06-15,AC0001,2026-06-15,24,6,0.68,0.579
PU-AC0001-2026-06-22,AC0001,2026-06-22,22,8,0.669,0.479
PU-AC0001-2026-06-29,AC0001,2026-06-29,21,6,0.53,0.824
PU-AC0001-2026-07-06,AC0001,2026-07-06,21,8,0.799,0.521
PU-AC0001-2026-07-13,AC0001,2026-07-13,23,7,0.533,0.278
PU-AC0001-2026-07-20,AC0001,2026-07-20,22,6,0.813,0.615
PU-AC0001-2026-07-27,AC0001,2026-07-27,23,7,0.845,0.549
PU-AC0001-2026-08-03,AC0001,2026-08-03,21,6,0.634,0.698
PU-AC0001-2026-08-10,AC0001,2026-08-10,22,7,0.853,0.663
PU-AC0001-2026-08-17,AC0001,2026-08-17,20,6,0.738,0.527
PU-AC0001-2026-08-24,AC0001,2026-08-24,20,7,0.652,0.787
PU-AC0002-2025-09-01,AC0002,2025-09-01,26,8,0.673,0.775
PU-AC0002-2025-09-08,AC0002,2025-09-08,23,8,0.536,0.98
PU-AC0002-2025-09-15,AC0002,2025-09-15,26,7,0.718,0.566
PU-AC0002-2025-09-22,AC0002,2025-09-22,24,9,0.782,0.602
PU-AC0002-2025-09-29,AC0002,2025-09-29,26,9,0.735,0.799
PU-AC0002-2025-10-06,AC0002,2025-10-06,21,7,0.723,0.457
PU-AC0002-2025-10-13,AC0002,2025-10-13,22,8,0.841,0.659
PU-AC0002-2025-10-20,AC0002,2025-10-20,25,9,0.87,0.695
PU-AC0002-2025-10-27,AC0002,2025-10-27,24,8,0.593,0.67
PU-AC0002-2025-11-03,AC0002,2025-11-03,23,9,0.76,0.753
PU-AC0002-2025-11-10,AC0002,2025-11-10,25,8,0.751,0.771
PU-AC0002-2025-11-17,AC0002,2025-11-17,23,8,0.862,0.553
PU-AC0002-2025-11-24,AC0002,2025-11-24,25,7,0.677,0.662
PU-AC0002-2025-12-01,AC0002,2025-12-01,23,9,0.56,0.624
PU-AC0002-2025-12-08,AC0002,2025-12-08,27,9,0.386,0.537
PU-AC0002-2025-12-15,AC0002,2025-12-15,26,7,0.6,0.881
PU-AC0002-2025-12-22,AC0002,2025-12-22,26,9,0.858,0.815
PU-AC0002-2025-12-29,AC0002,2025-12-29,24,8,0.702,0.552
PU-AC0002-2026-01-05,AC0002,2026-01-05,27,7,0.717,0.585
PU-AC0002-2026-01-12,AC0002,2026-01-12,23,7,0.611,0.75
PU-AC0002-2026-01-19,AC0002,2026-01-19,24,8,0.996,0.598
PU-AC0002-2026-01-26,AC0002,2026-01-26,26,9,0.497,0.511
PU-AC0002-2026-02-02,AC0002,2026-02-02,24,7,0.693,0.611
PU-AC0002-2026-02-09,AC0002,2026-02-09,26,9,0.81,0.835
PU-AC0002-2026-02-16,AC0002,2026-02-16,24,9,0.787,0.634
PU-AC0002-2026-02-23,AC0002,2026-02-23,22,7,0.572,0.659
PU-AC0002-2026-03-02,AC0002,2026-03-02,24,9,0.748,0.689
PU-AC0002-2026-03-09,AC0002,2026-03-09,22,8,0.568,0.467
PU-AC0002-2026-03-16,AC0002,2026-03-16,26,8,0.635,0.536
PU-AC0002-2026-03-23,AC0002,2026-03-23,24,7,0.838,0.563
PU-AC0002-2026-03-30,AC0002,2026-03-30,24,7,0.954,0.807
PU-AC0002-2026-04-06,AC0002,2026-04-06,25,9,0.725,0.641
PU-AC0002-2026-04-13,AC0002,2026-04-13,24,8,0.808,0.659
PU-AC0002-2026-04-20,AC0002,2026-04-20,23,7,0.57,0.979
PU-AC0002-2026-04-27,AC0002,2026-04-27,23,9,0.677,0.615
PU-AC0002-2026-05-04,AC0002,2026-05-04,24,8,0.799,0.743
PU-AC0002-2026-05-11,AC0002,2026-05-11,24,8,0.64,0.815
PU-AC0002-2026-05-18,AC0002,2026-05-18,26,8,0.617,0.98
PU-AC0002-2026-05-25,AC0002,2026-05-25,24,8,0.842,0.828
PU-AC0002-2026-06-01,AC0002,2026-06-01,21,9,0.965,0.703
PU-AC0002-2026-06-08,AC0002,2026-06-08,24,8,0.926,0.612
PU-AC0002-2026-06-15,AC0002,2026-06-15,25,8,0.667,0.486
PU-AC0002-2026-06-22,AC0002,2026-06-22,28,7,0.642,0.535
PU-AC0002-2026-06-29,AC0002,2026-06-29,24,8,0.929,0.662
PU-AC0002-2026-07-06,AC0002,2026-07-06,24,7,0.704,0.699
PU-AC0002-2026-07-13,AC0002,2026-07-13,25,8,0.775,0.608
PU-AC0002-2026-07-20,AC0002,2026-07-20,23,9,0.687,0.556
PU-AC0002-2026-07-27,AC0002,2026-07-27,25,8,0.82,0.667
PU-AC0002-2026-08-03,AC0002,2026-08-03,24,9,0.641,0.72
PU-AC0002-2026-08-10,AC0002,2026-08-10,23,7,0.705,0.575
PU-AC0002-2026-08-17,AC0002,2026-08-17,25,8,0.781,0.653
PU-AC0002-2026-08-24,AC0002,2026-08-24,22,8,0.516,0.663
PU-AC0003-2025-09-01,AC0003,2025-09-01,62,21,0.64,0.623
PU-AC0003-2025-09-08,AC0003,2025-09-08,59,19,0.698,0.411
PU-AC0003-2025-09-15,AC0003,2025-09-15,55,22,0.697,0.522
PU-AC0003-2025-09-22,AC0003,2025-09-22,58,18,0.725,0.558
PU-AC0003-2025-09-29,AC0003,2025-09-29,58,20,0.724,0.711
PU-AC0003-2025-10-06,AC0003,2025-10-06,62,22,0.739,0.865
PU-AC0003-2025-10-13,AC0003,2025-10-13,54,17,0.786,0.58
PU-AC0003-2025-10-20,AC0003,2025-10-20,52,18,0.609,0.717
PU-AC0003-2025-10-27,AC0003,2025-10-27,58,16,0.709,0.57
PU-AC0003-2025-11-03,AC0003,2025-11-03,57,22,0.623,0.752
PU-AC0003-2025-11-10,AC0003,2025-11-10,57,17,0.493,0.611
PU-AC0003-2025-11-17,AC0003,2025-11-17,56,18,0.714,0.597
PU-AC0003-2025-11-24,AC0003,2025-11-24,54,17,0.853,0.74
PU-AC0003-2025-12-01,AC0003,2025-12-01,57,17,0.779,0.562
PU-AC0003-2025-12-08,AC0003,2025-12-08,54,17,0.942,0.903
PU-AC0003-2025-12-15,AC0003,2025-12-15,53,20,0.645,0.618
PU-AC0003-2025-12-22,AC0003,2025-12-22,54,21,0.855,0.625
PU-AC0003-2025-12-29,AC0003,2025-12-29,51,22,0.876,0.654
PU-AC0003-2026-01-05,AC0003,2026-01-05,58,21,0.661,0.577
PU-AC0003-2026-01-12,AC0003,2026-01-12,54,22,0.772,0.672
PU-AC0003-2026-01-19,AC0003,2026-01-19,54,18,0.906,0.791
PU-AC0003-2026-01-26,AC0003,2026-01-26,52,21,0.762,0.603
PU-AC0003-2026-02-02,AC0003,2026-02-02,57,19,0.926,0.482
PU-AC0003-2026-02-09,AC0003,2026-02-09,56,18,0.915,0.317
PU-AC0003-2026-02-16,AC0003,2026-02-16,57,22,0.689,0.619
PU-AC0003-2026-02-23,AC0003,2026-02-23,51,16,0.917,0.835
PU-AC0003-2026-03-02,AC0003,2026-03-02,56,18,0.53,0.698
PU-AC0003-2026-03-09,AC0003,2026-03-09,52,18,0.546,0.895
PU-AC0003-2026-03-16,AC0003,2026-03-16,62,19,0.674,0.798
PU-AC0003-2026-03-23,AC0003,2026-03-23,57,22,0.751,0.701
PU-AC0003-2026-03-30,AC0003,2026-03-30,53,17,0.772,0.598
PU-AC0003-2026-04-06,AC0003,2026-04-06,55,19,0.647,0.491
PU-AC0003-2026-04-13,AC0003,2026-04-13,55,22,0.626,0.46
PU-AC0003-2026-04-20,AC0003,2026-04-20,51,22,0.796,0.513
PU-AC0003-2026-04-27,AC0003,2026-04-27,56,17,0.736,0.667
PU-AC0003-2026-05-04,AC0003,2026-05-04,58,20,0.536,0.752
PU-AC0003-2026-05-11,AC0003,2026-05-11,59,20,0.787,0.915
PU-AC0003-2026-05-18,AC0003,2026-05-18,54,20,0.882,0.7
PU-AC0003-2026-05-25,AC0003,2026-05-25,53,17,0.717,0.859
PU-AC0003-2026-06-01,AC0003,2026-06-01,53,20,0.684,0.921
PU-AC0003-2026-06-08,AC0003,2026-06-08,50,19,0.847,0.714
PU-AC0003-2026-06-15,AC0003,2026-06-15,56,19,0.781,0.38
PU-AC0003-2026-06-22,AC0003,2026-06-22,52,19,0.718,0.586
PU-AC0003-2026-06-29,AC0003,2026-06-29,50,18,0.68,0.686
PU-AC0003-2026-07-06,AC0003,2026-07-06,55,21,0.78,0.82
PU-AC0003-2026-07-13,AC0003,2026-07-13,58,21,1.0,0.685
PU-AC0003-2026-07-20,AC0003,2026-07-20,64,17,0.769,0.844
PU-AC0003-2026-07-27,AC0003,2026-07-27,50,20,0.792,0.787
PU-AC0003-2026-08-03,AC0003,2026-08-03,51,19,0.534,0.576
PU-AC0003-2026-08-10,AC0003,2026-08-10,57,21,0.919,0.44
PU-AC0003-2026-08-17,AC0003,2026-08-17,50,19,0.893,0.549
PU-AC0003-2026-08-24,AC0003,2026-08-24,55,19,0.696,0.53
PU-AC0004-2025-09-01,AC0004,2025-09-01,96,48,0.753,0.526
PU-AC0004-2025-09-08,AC0004,2025-09-08,90,51,0.722,0.628
PU-AC0004-2025-09-15,AC0004,2025-09-15,90,43,0.906,0.696
PU-AC0004-2025-09-22,AC0004,2025-09-22,98,45,0.649,0.386
PU-AC0004-2025-09-29,AC0004,2025-09-29,94,46,0.771,0.716
PU-AC0004-2025-10-06,AC0004,2025-10-06,100,43,0.564,0.443
PU-AC0004-2025-10-13,AC0004,2025-10-13,90,47,0.865,0.732
PU-AC0004-2025-10-20,AC0004,2025-10-20,106,46,0.741,0.782
PU-AC0004-2025-10-27,AC0004,2025-10-27,97,53,0.725,0.598
PU-AC0004-2025-11-03,AC0004,2025-11-03,97,40,0.572,0.722
PU-AC0004-2025-11-10,AC0004,2025-11-10,101,49,0.613,0.577
PU-AC0004-2025-11-17,AC0004,2025-11-17,85,49,0.728,0.692
PU-AC0004-2025-11-24,AC0004,2025-11-24,101,44,0.519,0.501
PU-AC0004-2025-12-01,AC0004,2025-12-01,100,41,0.632,0.706
PU-AC0004-2025-12-08,AC0004,2025-12-08,103,41,0.623,0.745
PU-AC0004-2025-12-15,AC0004,2025-12-15,92,53,0.708,0.637
PU-AC0004-2025-12-22,AC0004,2025-12-22,104,51,0.658,0.588
PU-AC0004-2025-12-29,AC0004,2025-12-29,101,50,0.742,0.738
PU-AC0004-2026-01-05,AC0004,2026-01-05,105,44,0.938,0.685
PU-AC0004-2026-01-12,AC0004,2026-01-12,93,44,0.68,0.667
PU-AC0004-2026-01-19,AC0004,2026-01-19,96,48,0.681,0.757
PU-AC0004-2026-01-26,AC0004,2026-01-26,99,52,0.815,0.589
PU-AC0004-2026-02-02,AC0004,2026-02-02,91,48,0.612,0.784
PU-AC0004-2026-02-09,AC0004,2026-02-09,91,48,0.478,0.779
PU-AC0004-2026-02-16,AC0004,2026-02-16,113,47,0.853,0.601
PU-AC0004-2026-02-23,AC0004,2026-02-23,100,48,0.774,0.504
PU-AC0004-2026-03-02,AC0004,2026-03-02,100,47,0.914,0.428
PU-AC0004-2026-03-09,AC0004,2026-03-09,101,46,0.843,0.356
PU-AC0004-2026-03-16,AC0004,2026-03-16,105,47,0.838,0.605
PU-AC0004-2026-03-23,AC0004,2026-03-23,107,52,0.578,0.839
PU-AC0004-2026-03-30,AC0004,2026-03-30,99,42,0.551,0.691
PU-AC0004-2026-04-06,AC0004,2026-04-06,93,47,0.783,0.667
PU-AC0004-2026-04-13,AC0004,2026-04-13,115,41,0.837,0.547
PU-AC0004-2026-04-20,AC0004,2026-04-20,109,53,0.731,0.811
PU-AC0004-2026-04-27,AC0004,2026-04-27,97,43,0.782,0.566
PU-AC0004-2026-05-04,AC0004,2026-05-04,103,52,0.621,0.62
PU-AC0004-2026-05-11,AC0004,2026-05-11,97,47,0.858,0.672
PU-AC0004-2026-05-18,AC0004,2026-05-18,113,48,0.79,0.791
PU-AC0004-2026-05-25,AC0004,2026-05-25,97,52,0.59,0.681
PU-AC0004-2026-06-01,AC0004,2026-06-01,109,43,0.848,0.521
PU-AC0004-2026-06-08,AC0004,2026-06-08,102,51,0.827,0.566
PU-AC0004-2026-06-15,AC0004,2026-06-15,102,45,0.666,0.564
PU-AC0004-2026-06-22,AC0004,2026-06-22,99,47,0.851,0.569
PU-AC0004-2026-06-29,AC0004,2026-06-29,94,43,0.787,0.485
PU-AC0004-2026-07-06,AC0004,2026-07-06,104,40,0.558,0.583
PU-AC0004-2026-07-13,AC0004,2026-07-13,96,48,0.646,0.887
PU-AC0004-2026-07-20,AC0004,2026-07-20,110,39,0.67,0.776
PU-AC0004-2026-07-27,AC0004,2026-07-27,97,48,0.802,0.604
PU-AC0004-2026-08-03,AC0004,2026-08-03,95,48,0.824,0.428
PU-AC0004-2026-08-10,AC0004,2026-08-10,109,44,0.859,0.438
PU-AC0004-2026-08-17,AC0004,2026-08-17,107,49,0.694,0.666
PU-AC0004-2026-08-24,AC0004,2026-08-24,96,43,0.923,0.753
PU-AC0005-2025-09-01,AC0005,2025-09-01,19,8,0.56,0.386
PU-AC0005-2025-09-08,AC0005,2025-09-08,20,8,0.877,0.73
PU-AC0005-2025-09-15,AC0005,2025-09-15,20,7,0.577,0.336
PU-AC0005-2025-09-22,AC0005,2025-09-22,20,6,0.824,0.739
PU-AC0005-2025-09-29,AC0005,2025-09-29,21,6,0.581,0.746
PU-AC0005-2025-10-06,AC0005,2025-10-06,20,8,0.739,0.961
PU-AC0005-2025-10-13,AC0005,2025-10-13,20,7,0.671,0.44
PU-AC0005-2025-10-20,AC0005,2025-10-20,19,7,0.877,0.645
PU-AC0005-2025-10-27,AC0005,2025-10-27,21,8,0.708,0.698
PU-AC0005-2025-11-03,AC0005,2025-11-03,20,8,0.481,0.798
PU-AC0005-2025-11-10,AC0005,2025-11-10,17,7,0.723,0.832
PU-AC0005-2025-11-17,AC0005,2025-11-17,22,7,0.636,0.696
PU-AC0005-2025-11-24,AC0005,2025-11-24,21,7,0.657,0.733
PU-AC0005-2025-12-01,AC0005,2025-12-01,21,8,0.484,0.612
PU-AC0005-2025-12-08,AC0005,2025-12-08,19,8,0.756,0.573
PU-AC0005-2025-12-15,AC0005,2025-12-15,22,8,0.781,0.77
PU-AC0005-2025-12-22,AC0005,2025-12-22,20,7,0.594,0.626
PU-AC0005-2025-12-29,AC0005,2025-12-29,20,8,0.749,0.514
PU-AC0005-2026-01-05,AC0005,2026-01-05,21,6,0.665,0.646
PU-AC0005-2026-01-12,AC0005,2026-01-12,20,7,0.857,0.378
PU-AC0005-2026-01-19,AC0005,2026-01-19,20,7,0.648,0.724
PU-AC0005-2026-01-26,AC0005,2026-01-26,22,7,0.572,0.606
PU-AC0005-2026-02-02,AC0005,2026-02-02,19,8,0.653,0.838
PU-AC0005-2026-02-09,AC0005,2026-02-09,22,7,0.632,0.549
PU-AC0005-2026-02-16,AC0005,2026-02-16,21,8,0.597,0.754
PU-AC0005-2026-02-23,AC0005,2026-02-23,21,7,0.567,0.815
PU-AC0005-2026-03-02,AC0005,2026-03-02,18,7,1.0,0.694
PU-AC0005-2026-03-09,AC0005,2026-03-09,20,7,0.692,0.504
PU-AC0005-2026-03-16,AC0005,2026-03-16,21,8,0.884,0.699
PU-AC0005-2026-03-23,AC0005,2026-03-23,19,7,0.77,0.78
PU-AC0005-2026-03-30,AC0005,2026-03-30,20,7,0.668,0.639
PU-AC0005-2026-04-06,AC0005,2026-04-06,23,7,0.673,0.712
PU-AC0005-2026-04-13,AC0005,2026-04-13,22,8,0.784,0.6
PU-AC0005-2026-04-20,AC0005,2026-04-20,22,8,0.776,0.662
PU-AC0005-2026-04-27,AC0005,2026-04-27,21,7,0.7,0.716
PU-AC0005-2026-05-04,AC0005,2026-05-04,21,7,0.606,0.359
PU-AC0005-2026-05-11,AC0005,2026-05-11,21,7,0.689,0.636
PU-AC0005-2026-05-18,AC0005,2026-05-18,21,6,0.851,0.715
PU-AC0005-2026-05-25,AC0005,2026-05-25,17,7,0.742,0.5
PU-AC0005-2026-06-01,AC0005,2026-06-01,18,7,0.624,0.621
PU-AC0005-2026-06-08,AC0005,2026-06-08,22,8,0.724,0.528
PU-AC0005-2026-06-15,AC0005,2026-06-15,19,6,0.717,0.715
PU-AC0005-2026-06-22,AC0005,2026-06-22,20,6,0.802,0.509
PU-AC0005-2026-06-29,AC0005,2026-06-29,20,7,0.725,0.748
PU-AC0005-2026-07-06,AC0005,2026-07-06,19,6,0.764,0.67
PU-AC0005-2026-07-13,AC0005,2026-07-13,19,6,0.823,0.363
PU-AC0005-2026-07-20,AC0005,2026-07-20,19,7,0.676,0.667
PU-AC0005-2026-07-27,AC0005,2026-07-27,21,7,0.575,0.788
PU-AC0005-2026-08-03,AC0005,2026-08-03,20,7,0.786,0.479
PU-AC0005-2026-08-10,AC0005,2026-08-10,21,8,0.765,0.848
PU-AC0005-2026-08-17,AC0005,2026-08-17,22,7,0.624,0.865
PU-AC0005-2026-08-24,AC0005,2026-08-24,21,6,0.648,0.676
PU-AC0006-2025-09-01,AC0006,2025-09-01,68,19,0.607,0.744
PU-AC0006-2025-09-08,AC0006,2025-09-08,73,20,0.74,0.529
PU-AC0006-2025-09-15,AC0006,2025-09-15,69,17,0.842,0.812
PU-AC0006-2025-09-22,AC0006,2025-09-22,71,21,0.677,0.719
PU-AC0006-2025-09-29,AC0006,2025-09-29,71,20,0.696,0.783
PU-AC0006-2025-10-06,AC0006,2025-10-06,66,21,0.905,0.763
PU-AC0006-2025-10-13,AC0006,2025-10-13,73,20,0.454,0.67
PU-AC0006-2025-10-20,AC0006,2025-10-20,71,21,0.813,0.786
PU-AC0006-2025-10-27,AC0006,2025-10-27,73,19,0.777,0.501
PU-AC0006-2025-11-03,AC0006,2025-11-03,70,19,0.865,0.72
PU-AC0006-2025-11-10,AC0006,2025-11-10,68,20,0.677,0.586
PU-AC0006-2025-11-17,AC0006,2025-11-17,65,19,0.723,0.78
PU-AC0006-2025-11-24,AC0006,2025-11-24,68,18,0.756,0.608
PU-AC0006-2025-12-01,AC0006,2025-12-01,70,19,0.913,0.843
PU-AC0006-2025-12-08,AC0006,2025-12-08,66,21,0.766,0.712
PU-AC0006-2025-12-15,AC0006,2025-12-15,68,20,0.611,0.601
PU-AC0006-2025-12-22,AC0006,2025-12-22,66,19,0.814,0.741
PU-AC0006-2025-12-29,AC0006,2025-12-29,74,18,0.775,0.499
PU-AC0006-2026-01-05,AC0006,2026-01-05,64,20,0.718,0.679
PU-AC0006-2026-01-12,AC0006,2026-01-12,64,22,0.781,0.529
PU-AC0006-2026-01-19,AC0006,2026-01-19,77,21,0.921,0.564
PU-AC0006-2026-01-26,AC0006,2026-01-26,64,19,0.394,0.536
PU-AC0006-2026-02-02,AC0006,2026-02-02,71,20,0.76,0.653
PU-AC0006-2026-02-09,AC0006,2026-02-09,70,16,0.687,0.51
PU-AC0006-2026-02-16,AC0006,2026-02-16,70,16,0.818,0.755
PU-AC0006-2026-02-23,AC0006,2026-02-23,67,22,0.592,0.388
PU-AC0006-2026-03-02,AC0006,2026-03-02,68,17,0.806,0.777
PU-AC0006-2026-03-09,AC0006,2026-03-09,78,18,0.849,0.545
PU-AC0006-2026-03-16,AC0006,2026-03-16,69,21,0.692,0.502
PU-AC0006-2026-03-23,AC0006,2026-03-23,70,22,0.859,0.591
PU-AC0006-2026-03-30,AC0006,2026-03-30,72,19,0.871,0.531
PU-AC0006-2026-04-06,AC0006,2026-04-06,72,18,0.757,0.623
PU-AC0006-2026-04-13,AC0006,2026-04-13,66,20,0.7,0.689
PU-AC0006-2026-04-20,AC0006,2026-04-20,70,18,0.841,0.343
PU-AC0006-2026-04-27,AC0006,2026-04-27,71,20,0.892,0.712
PU-AC0006-2026-05-04,AC0006,2026-05-04,68,19,0.769,0.525
PU-AC0006-2026-05-11,AC0006,2026-05-11,69,22,0.703,0.852
PU-AC0006-2026-05-18,AC0006,2026-05-18,69,18,0.684,0.669
PU-AC0006-2026-05-25,AC0006,2026-05-25,70,21,0.717,0.363
PU-AC0006-2026-06-01,AC0006,2026-06-01,70,22,0.91,0.676
PU-AC0006-2026-06-08,AC0006,2026-06-08,71,17,0.62,0.846
PU-AC0006-2026-06-15,AC0006,2026-06-15,71,20,0.613,0.655
PU-AC0006-2026-06-22,AC0006,2026-06-22,64,19,0.609,0.573
PU-AC0006-2026-06-29,AC0006,2026-06-29,75,19,0.622,0.613
PU-AC0006-2026-07-06,AC0006,2026-07-06,64,18,0.688,0.607
PU-AC0006-2026-07-13,AC0006,2026-07-13,67,21,0.607,0.494
PU-AC0006-2026-07-20,AC0006,2026-07-20,65,22,0.784,0.281
PU-AC0006-2026-07-27,AC0006,2026-07-27,74,20,0.766,0.495
PU-AC0006-2026-08-03,AC0006,2026-08-03,73,17,0.687,0.971
PU-AC0006-2026-08-10,AC0006,2026-08-10,71,17,0.883,0.537
PU-AC0006-2026-08-17,AC0006,2026-08-17,68,21,0.833,0.684
PU-AC0006-2026-08-24,AC0006,2026-08-24,68,18,0.719,0.679
PU-AC0007-2025-09-01,AC0007,2025-09-01,19,7,0.627,0.572
PU-AC0007-2025-09-08,AC0007,2025-09-08,17,10,0.569,0.509
PU-AC0007-2025-09-15,AC0007,2025-09-15,19,8,0.808,0.736
PU-AC0007-2025-09-22,AC0007,2025-09-22,18,9,0.525,0.661
PU-AC0007-2025-09-29,AC0007,2025-09-29,18,9,0.917,0.538
PU-AC0007-2025-10-06,AC0007,2025-10-06,20,9,0.953,0.429
PU-AC0007-2025-10-13,AC0007,2025-10-13,20,9,0.794,0.576
PU-AC0007-2025-10-20,AC0007,2025-10-20,19,8,0.776,0.509
PU-AC0007-2025-10-27,AC0007,2025-10-27,19,9,0.649,0.563
PU-AC0007-2025-11-03,AC0007,2025-11-03,17,7,0.66,0.828
PU-AC0007-2025-11-10,AC0007,2025-11-10,19,8,0.746,0.677
PU-AC0007-2025-11-17,AC0007,2025-11-17,20,9,0.533,0.454
PU-AC0007-2025-11-24,AC0007,2025-11-24,18,7,0.561,0.81
PU-AC0007-2025-12-01,AC0007,2025-12-01,18,8,0.714,0.601
PU-AC0007-2025-12-08,AC0007,2025-12-08,19,10,0.636,0.71
PU-AC0007-2025-12-15,AC0007,2025-12-15,20,9,0.725,0.66
PU-AC0007-2025-12-22,AC0007,2025-12-22,21,8,0.833,0.539
PU-AC0007-2025-12-29,AC0007,2025-12-29,21,8,0.516,0.709
PU-AC0007-2026-01-05,AC0007,2026-01-05,20,9,0.614,0.594
PU-AC0007-2026-01-12,AC0007,2026-01-12,20,8,0.869,0.655
PU-AC0007-2026-01-19,AC0007,2026-01-19,18,8,0.517,0.686
PU-AC0007-2026-01-26,AC0007,2026-01-26,20,9,0.623,0.547
PU-AC0007-2026-02-02,AC0007,2026-02-02,21,8,0.71,0.494
PU-AC0007-2026-02-09,AC0007,2026-02-09,19,8,0.678,0.594
PU-AC0007-2026-02-16,AC0007,2026-02-16,19,9,0.796,0.822
PU-AC0007-2026-02-23,AC0007,2026-02-23,20,7,0.807,0.552
PU-AC0007-2026-03-02,AC0007,2026-03-02,19,10,0.51,0.559
PU-AC0007-2026-03-09,AC0007,2026-03-09,17,9,0.817,0.667
PU-AC0007-2026-03-16,AC0007,2026-03-16,19,8,0.529,0.939
PU-AC0007-2026-03-23,AC0007,2026-03-23,18,8,0.565,0.298
PU-AC0007-2026-03-30,AC0007,2026-03-30,20,9,1.0,0.577
PU-AC0007-2026-04-06,AC0007,2026-04-06,20,8,0.546,0.599
PU-AC0007-2026-04-13,AC0007,2026-04-13,18,8,0.706,0.564
PU-AC0007-2026-04-20,AC0007,2026-04-20,20,9,0.845,0.651
PU-AC0007-2026-04-27,AC0007,2026-04-27,18,9,0.728,0.632
PU-AC0007-2026-05-04,AC0007,2026-05-04,18,10,0.676,0.494
PU-AC0007-2026-05-11,AC0007,2026-05-11,20,9,0.762,0.749
PU-AC0007-2026-05-18,AC0007,2026-05-18,17,8,0.803,0.695
PU-AC0007-2026-05-25,AC0007,2026-05-25,18,9,0.789,0.716
PU-AC0007-2026-06-01,AC0007,2026-06-01,20,7,0.856,0.926
PU-AC0007-2026-06-08,AC0007,2026-06-08,19,8,0.823,0.572
PU-AC0007-2026-06-15,AC0007,2026-06-15,21,9,0.817,0.68
PU-AC0007-2026-06-22,AC0007,2026-06-22,19,7,1.0,0.699
PU-AC0007-2026-06-29,AC0007,2026-06-29,18,9,0.874,0.655
PU-AC0007-2026-07-06,AC0007,2026-07-06,19,8,0.948,0.616
PU-AC0007-2026-07-13,AC0007,2026-07-13,18,9,0.652,0.72
PU-AC0007-2026-07-20,AC0007,2026-07-20,20,7,0.703,0.776
PU-AC0007-2026-07-27,AC0007,2026-07-27,18,8,0.73,0.535
PU-AC0007-2026-08-03,AC0007,2026-08-03,19,8,0.846,0.519
PU-AC0007-2026-08-10,AC0007,2026-08-10,16,9,0.677,0.67
PU-AC0007-2026-08-17,AC0007,2026-08-17,19,8,0.711,0.822
PU-AC0007-2026-08-24,AC0007,2026-08-24,22,8,0.671,0.657
PU-AC0008-2025-09-01,AC0008,2025-09-01,111,53,0.466,0.697
PU-AC0008-2025-09-08,AC0008,2025-09-08,118,48,0.733,0.796
PU-AC0008-2025-09-15,AC0008,2025-09-15,111,56,0.859,0.644
PU-AC0008-2025-09-22,AC0008,2025-09-22,112,49,0.706,0.62
PU-AC0008-2025-09-29,AC0008,2025-09-29,108,53,0.808,0.531
PU-AC0008-2025-10-06,AC0008,2025-10-06,107,54,0.726,0.633
PU-AC0008-2025-10-13,AC0008,2025-10-13,100,54,0.546,0.656
PU-AC0008-2025-10-20,AC0008,2025-10-20,109,55,0.744,0.539
PU-AC0008-2025-10-27,AC0008,2025-10-27,109,55,0.768,0.573
PU-AC0008-2025-11-03,AC0008,2025-11-03,105,60,0.847,0.579
PU-AC0008-2025-11-10,AC0008,2025-11-10,104,55,0.787,0.495
PU-AC0008-2025-11-17,AC0008,2025-11-17,114,60,0.571,0.662
PU-AC0008-2025-11-24,AC0008,2025-11-24,112,50,0.677,0.732
PU-AC0008-2025-12-01,AC0008,2025-12-01,115,51,0.848,0.558
PU-AC0008-2025-12-08,AC0008,2025-12-08,121,49,0.686,0.699
PU-AC0008-2025-12-15,AC0008,2025-12-15,114,61,0.751,0.507
PU-AC0008-2025-12-22,AC0008,2025-12-22,98,54,0.857,0.552
PU-AC0008-2025-12-29,AC0008,2025-12-29,110,58,0.657,0.635
PU-AC0008-2026-01-05,AC0008,2026-01-05,103,59,0.723,0.39
PU-AC0008-2026-01-12,AC0008,2026-01-12,109,54,1.0,0.764
PU-AC0008-2026-01-19,AC0008,2026-01-19,123,61,0.581,0.817
PU-AC0008-2026-01-26,AC0008,2026-01-26,104,61,0.456,0.417
PU-AC0008-2026-02-02,AC0008,2026-02-02,119,60,0.923,0.661
PU-AC0008-2026-02-09,AC0008,2026-02-09,109,47,0.597,0.537
PU-AC0008-2026-02-16,AC0008,2026-02-16,102,47,0.618,0.755
PU-AC0008-2026-02-23,AC0008,2026-02-23,115,62,0.989,0.7
PU-AC0008-2026-03-02,AC0008,2026-03-02,117,52,0.779,0.668
PU-AC0008-2026-03-09,AC0008,2026-03-09,121,59,0.865,0.453
PU-AC0008-2026-03-16,AC0008,2026-03-16,111,58,0.737,0.611
PU-AC0008-2026-03-23,AC0008,2026-03-23,104,58,0.835,0.493
PU-AC0008-2026-03-30,AC0008,2026-03-30,123,56,0.814,0.547
PU-AC0008-2026-04-06,AC0008,2026-04-06,112,60,0.704,0.43
PU-AC0008-2026-04-13,AC0008,2026-04-13,112,57,0.629,0.695
PU-AC0008-2026-04-20,AC0008,2026-04-20,107,53,0.625,0.579
PU-AC0008-2026-04-27,AC0008,2026-04-27,117,55,0.754,0.587
PU-AC0008-2026-05-04,AC0008,2026-05-04,100,59,0.792,0.53
PU-AC0008-2026-05-11,AC0008,2026-05-11,109,60,0.851,0.907
PU-AC0008-2026-05-18,AC0008,2026-05-18,115,55,0.532,0.612
PU-AC0008-2026-05-25,AC0008,2026-05-25,102,56,0.598,0.55
PU-AC0008-2026-06-01,AC0008,2026-06-01,120,49,0.604,0.762
PU-AC0008-2026-06-08,AC0008,2026-06-08,104,49,0.694,0.732
PU-AC0008-2026-06-15,AC0008,2026-06-15,116,56,0.743,0.757
PU-AC0008-2026-06-22,AC0008,2026-06-22,96,62,0.669,0.618
PU-AC0008-2026-06-29,AC0008,2026-06-29,110,56,0.745,0.778
PU-AC0008-2026-07-06,AC0008,2026-07-06,97,62,0.577,0.543
PU-AC0008-2026-07-13,AC0008,2026-07-13,112,47,0.809,0.654
PU-AC0008-2026-07-20,AC0008,2026-07-20,112,49,0.828,0.712
PU-AC0008-2026-07-27,AC0008,2026-07-27,107,49,0.641,0.589
PU-AC0008-2026-08-03,AC0008,2026-08-03,112,51,0.739,0.931
PU-AC0008-2026-08-10,AC0008,2026-08-10,107,63,0.72,0.514
PU-AC0008-2026-08-17,AC0008,2026-08-17,116,54,0.683,0.677
PU-AC0008-2026-08-24,AC0008,2026-08-24,104,59,0.746,0.468
PU-AC0009-2025-09-01,AC0009,2025-09-01,25,9,0.681,0.789
PU-AC0009-2025-09-08,AC0009,2025-09-08,24,9,0.708,0.584
PU-AC0009-2025-09-15,AC0009,2025-09-15,23,8,0.679,0.535
PU-AC0009-2025-09-22,AC0009,2025-09-22,23,7,0.84,0.707
PU-AC0009-2025-09-29,AC0009,2025-09-29,24,7,0.898,0.499
PU-AC0009-2025-10-06,AC0009,2025-10-06,24,9,0.78,0.746
PU-AC0009-2025-10-13,AC0009,2025-10-13,22,9,0.863,0.759
PU-AC0009-2025-10-20,AC0009,2025-10-20,22,9,0.707,0.576
PU-AC0009-2025-10-27,AC0009,2025-10-27,23,8,0.908,0.583
PU-AC0009-2025-11-03,AC0009,2025-11-03,23,9,0.628,0.658
PU-AC0009-2025-11-10,AC0009,2025-11-10,21,8,0.558,0.395
PU-AC0009-2025-11-17,AC0009,2025-11-17,22,8,0.618,0.735
PU-AC0009-2025-11-24,AC0009,2025-11-24,25,9,0.95,0.717
PU-AC0009-2025-12-01,AC0009,2025-12-01,26,9,0.782,0.893
PU-AC0009-2025-12-08,AC0009,2025-12-08,24,8,0.858,0.579
PU-AC0009-2025-12-15,AC0009,2025-12-15,23,9,0.757,0.659
PU-AC0009-2025-12-22,AC0009,2025-12-22,22,7,1.0,0.75
PU-AC0009-2025-12-29,AC0009,2025-12-29,26,10,0.743,0.433
PU-AC0009-2026-01-05,AC0009,2026-01-05,25,9,0.882,0.553
PU-AC0009-2026-01-12,AC0009,2026-01-12,24,9,0.82,0.673
PU-AC0009-2026-01-19,AC0009,2026-01-19,23,8,0.824,0.643
PU-AC0009-2026-01-26,AC0009,2026-01-26,24,9,0.773,0.506
PU-AC0009-2026-02-02,AC0009,2026-02-02,25,8,0.612,0.662
PU-AC0009-2026-02-09,AC0009,2026-02-09,23,9,0.719,0.74
PU-AC0009-2026-02-16,AC0009,2026-02-16,21,9,0.634,0.699
PU-AC0009-2026-02-23,AC0009,2026-02-23,23,10,0.799,0.664
PU-AC0009-2026-03-02,AC0009,2026-03-02,24,8,0.908,0.938
PU-AC0009-2026-03-09,AC0009,2026-03-09,21,9,0.834,0.634
PU-AC0009-2026-03-16,AC0009,2026-03-16,22,10,0.768,0.331
PU-AC0009-2026-03-23,AC0009,2026-03-23,24,9,0.754,0.534
PU-AC0009-2026-03-30,AC0009,2026-03-30,20,10,0.714,0.444
PU-AC0009-2026-04-06,AC0009,2026-04-06,23,8,0.621,0.811
PU-AC0009-2026-04-13,AC0009,2026-04-13,22,10,0.91,0.628
PU-AC0009-2026-04-20,AC0009,2026-04-20,24,9,0.633,0.776
PU-AC0009-2026-04-27,AC0009,2026-04-27,23,9,0.535,0.68
PU-AC0009-2026-05-04,AC0009,2026-05-04,25,9,0.654,0.805
PU-AC0009-2026-05-11,AC0009,2026-05-11,25,7,0.748,0.576
PU-AC0009-2026-05-18,AC0009,2026-05-18,24,8,0.647,0.739
PU-AC0009-2026-05-25,AC0009,2026-05-25,22,9,0.545,0.639
PU-AC0009-2026-06-01,AC0009,2026-06-01,24,8,0.991,0.6
PU-AC0009-2026-06-08,AC0009,2026-06-08,23,8,0.639,0.802
PU-AC0009-2026-06-15,AC0009,2026-06-15,21,8,0.624,0.737
PU-AC0009-2026-06-22,AC0009,2026-06-22,22,8,0.805,0.704
PU-AC0009-2026-06-29,AC0009,2026-06-29,26,8,0.831,0.578
PU-AC0009-2026-07-06,AC0009,2026-07-06,23,9,0.587,0.599
PU-AC0009-2026-07-13,AC0009,2026-07-13,25,9,0.55,0.668
PU-AC0009-2026-07-20,AC0009,2026-07-20,22,9,0.596,0.652
PU-AC0009-2026-07-27,AC0009,2026-07-27,23,8,0.801,0.593
PU-AC0009-2026-08-03,AC0009,2026-08-03,22,9,0.709,0.555
PU-AC0009-2026-08-10,AC0009,2026-08-10,25,9,0.369,0.802
PU-AC0009-2026-08-17,AC0009,2026-08-17,23,9,0.8,0.955
PU-AC0009-2026-08-24,AC0009,2026-08-24,24,7,0.884,0.53
PU-AC0010-2025-09-01,AC0010,2025-09-01,45,18,0.694,0.784
PU-AC0010-2025-09-08,AC0010,2025-09-08,42,17,0.898,0.577
PU-AC0010-2025-09-15,AC0010,2025-09-15,47,18,0.748,0.529
PU-AC0010-2025-09-22,AC0010,2025-09-22,42,15,0.555,0.58
PU-AC0010-2025-09-29,AC0010,2025-09-29,45,15,0.908,0.472
PU-AC0010-2025-10-06,AC0010,2025-10-06,40,18,0.51,0.657
PU-AC0010-2025-10-13,AC0010,2025-10-13,44,16,0.996,0.659
PU-AC0010-2025-10-20,AC0010,2025-10-20,46,15,0.895,0.681
PU-AC0010-2025-10-27,AC0010,2025-10-27,42,19,0.785,0.483
PU-AC0010-2025-11-03,AC0010,2025-11-03,44,15,0.67,0.762
PU-AC0010-2025-11-10,AC0010,2025-11-10,44,17,0.665,0.736
PU-AC0010-2025-11-17,AC0010,2025-11-17,48,16,0.494,0.704
PU-AC0010-2025-11-24,AC0010,2025-11-24,48,16,0.314,0.588
PU-AC0010-2025-12-01,AC0010,2025-12-01,45,18,0.849,0.687
PU-AC0010-2025-12-08,AC0010,2025-12-08,45,17,0.612,0.68
PU-AC0010-2025-12-15,AC0010,2025-12-15,50,17,0.507,0.555
PU-AC0010-2025-12-22,AC0010,2025-12-22,42,19,0.714,0.695
PU-AC0010-2025-12-29,AC0010,2025-12-29,44,18,0.846,0.834
PU-AC0010-2026-01-05,AC0010,2026-01-05,47,17,0.653,0.613
PU-AC0010-2026-01-12,AC0010,2026-01-12,43,19,0.559,0.729
PU-AC0010-2026-01-19,AC0010,2026-01-19,44,14,0.669,0.481
PU-AC0010-2026-01-26,AC0010,2026-01-26,43,16,0.707,0.731
PU-AC0010-2026-02-02,AC0010,2026-02-02,45,15,0.834,0.552
PU-AC0010-2026-02-09,AC0010,2026-02-09,44,16,0.659,0.668
PU-AC0010-2026-02-16,AC0010,2026-02-16,43,19,0.57,0.731
PU-AC0010-2026-02-23,AC0010,2026-02-23,47,15,0.801,0.726
PU-AC0010-2026-03-02,AC0010,2026-03-02,46,19,0.7,0.636
PU-AC0010-2026-03-09,AC0010,2026-03-09,44,19,0.734,0.518
PU-AC0010-2026-03-16,AC0010,2026-03-16,45,15,0.765,0.465
PU-AC0010-2026-03-23,AC0010,2026-03-23,46,17,0.741,0.549
PU-AC0010-2026-03-30,AC0010,2026-03-30,49,17,0.734,0.883
PU-AC0010-2026-04-06,AC0010,2026-04-06,46,15,0.578,0.685
PU-AC0010-2026-04-13,AC0010,2026-04-13,49,16,0.645,0.655
PU-AC0010-2026-04-20,AC0010,2026-04-20,42,17,0.611,0.829
PU-AC0010-2026-04-27,AC0010,2026-04-27,40,17,0.976,0.741
PU-AC0010-2026-05-04,AC0010,2026-05-04,51,15,0.704,0.509
PU-AC0010-2026-05-11,AC0010,2026-05-11,41,19,0.781,0.452
PU-AC0010-2026-05-18,AC0010,2026-05-18,48,14,0.554,0.84
PU-AC0010-2026-05-25,AC0010,2026-05-25,45,19,0.807,0.734
PU-AC0010-2026-06-01,AC0010,2026-06-01,42,17,0.62,0.731
PU-AC0010-2026-06-08,AC0010,2026-06-08,45,18,0.973,0.735
PU-AC0010-2026-06-15,AC0010,2026-06-15,44,14,0.762,0.679
PU-AC0010-2026-06-22,AC0010,2026-06-22,45,16,0.882,0.895
PU-AC0010-2026-06-29,AC0010,2026-06-29,46,18,0.79,0.493
PU-AC0010-2026-07-06,AC0010,2026-07-06,42,15,0.495,0.847
PU-AC0010-2026-07-13,AC0010,2026-07-13,49,16,0.812,0.597
PU-AC0010-2026-07-20,AC0010,2026-07-20,44,15,0.431,0.578
PU-AC0010-2026-07-27,AC0010,2026-07-27,48,17,0.837,0.542
PU-AC0010-2026-08-03,AC0010,2026-08-03,41,18,0.679,0.751
PU-AC0010-2026-08-10,AC0010,2026-08-10,44,19,0.67,0.817
PU-AC0010-2026-08-17,AC0010,2026-08-17,46,18,0.827,0.98
PU-AC0010-2026-08-24,AC0010,2026-08-24,44,15,0.672,0.822
PU-AC0011-2025-09-01,AC0011,2025-09-01,50,23,0.771,0.536
PU-AC0011-2025-09-08,AC0011,2025-09-08,46,19,0.638,0.523
PU-AC0011-2025-09-15,AC0011,2025-09-15,57,20,0.701,0.833
PU-AC0011-2025-09-22,AC0011,2025-09-22,55,25,0.823,0.765
PU-AC0011-2025-09-29,AC0011,2025-09-29,54,24,0.872,0.883
PU-AC0011-2025-10-06,AC0011,2025-10-06,48,21,0.687,0.66
PU-AC0011-2025-10-13,AC0011,2025-10-13,55,20,0.735,0.713
PU-AC0011-2025-10-20,AC0011,2025-10-20,57,23,0.551,0.539
PU-AC0011-2025-10-27,AC0011,2025-10-27,52,25,0.589,0.68
PU-AC0011-2025-11-03,AC0011,2025-11-03,47,24,0.681,0.744
PU-AC0011-2025-11-10,AC0011,2025-11-10,47,19,0.593,0.592
PU-AC0011-2025-11-17,AC0011,2025-11-17,48,22,0.628,0.832
PU-AC0011-2025-11-24,AC0011,2025-11-24,45,24,0.67,0.653
PU-AC0011-2025-12-01,AC0011,2025-12-01,58,24,0.765,0.401
PU-AC0011-2025-12-08,AC0011,2025-12-08,51,24,0.506,0.785
PU-AC0011-2025-12-15,AC0011,2025-12-15,61,20,0.64,0.507
PU-AC0011-2025-12-22,AC0011,2025-12-22,53,21,0.641,0.796
PU-AC0011-2025-12-29,AC0011,2025-12-29,52,23,0.715,0.669
PU-AC0011-2026-01-05,AC0011,2026-01-05,56,24,0.764,0.834
PU-AC0011-2026-01-12,AC0011,2026-01-12,53,20,0.784,0.385
PU-AC0011-2026-01-19,AC0011,2026-01-19,53,25,0.727,0.635
PU-AC0011-2026-01-26,AC0011,2026-01-26,61,25,0.763,0.634
PU-AC0011-2026-02-02,AC0011,2026-02-02,51,24,0.724,0.782
PU-AC0011-2026-02-09,AC0011,2026-02-09,57,25,0.784,0.813
PU-AC0011-2026-02-16,AC0011,2026-02-16,56,22,0.824,0.606
PU-AC0011-2026-02-23,AC0011,2026-02-23,56,24,0.762,0.715
PU-AC0011-2026-03-02,AC0011,2026-03-02,58,22,0.818,0.605
PU-AC0011-2026-03-09,AC0011,2026-03-09,56,20,0.752,0.405
PU-AC0011-2026-03-16,AC0011,2026-03-16,59,22,0.725,0.598
PU-AC0011-2026-03-23,AC0011,2026-03-23,54,22,0.612,0.553
PU-AC0011-2026-03-30,AC0011,2026-03-30,54,20,0.649,0.726
PU-AC0011-2026-04-06,AC0011,2026-04-06,56,23,0.716,0.686
PU-AC0011-2026-04-13,AC0011,2026-04-13,55,21,0.721,0.542
PU-AC0011-2026-04-20,AC0011,2026-04-20,54,24,0.906,0.745
PU-AC0011-2026-04-27,AC0011,2026-04-27,50,19,0.552,0.716
PU-AC0011-2026-05-04,AC0011,2026-05-04,54,22,0.758,0.68
PU-AC0011-2026-05-11,AC0011,2026-05-11,59,20,0.553,0.424
PU-AC0011-2026-05-18,AC0011,2026-05-18,61,23,0.46,0.68
PU-AC0011-2026-05-25,AC0011,2026-05-25,58,19,0.813,0.727
PU-AC0011-2026-06-01,AC0011,2026-06-01,51,22,0.572,0.81
PU-AC0011-2026-06-08,AC0011,2026-06-08,51,21,0.678,0.476
PU-AC0011-2026-06-15,AC0011,2026-06-15,61,24,0.736,0.791
PU-AC0011-2026-06-22,AC0011,2026-06-22,52,22,0.847,0.535
PU-AC0011-2026-06-29,AC0011,2026-06-29,59,23,0.767,0.48
PU-AC0011-2026-07-06,AC0011,2026-07-06,58,23,0.823,0.505
PU-AC0011-2026-07-13,AC0011,2026-07-13,55,22,0.788,0.632
PU-AC0011-2026-07-20,AC0011,2026-07-20,60,23,0.46,0.812
PU-AC0011-2026-07-27,AC0011,2026-07-27,57,20,0.876,0.655
PU-AC0011-2026-08-03,AC0011,2026-08-03,49,23,0.685,0.72
PU-AC0011-2026-08-10,AC0011,2026-08-10,56,22,0.809,0.746
PU-AC0011-2026-08-17,AC0011,2026-08-17,53,22,0.659,0.567
PU-AC0011-2026-08-24,AC0011,2026-08-24,49,25,0.773,0.784
PU-AC0012-2025-09-01,AC0012,2025-09-01,27,9,0.681,0.583
PU-AC0012-2025-09-08,AC0012,2025-09-08,33,9,0.748,0.59
PU-AC0012-2025-09-15,AC0012,2025-09-15,31,10,0.827,0.958
PU-AC0012-2025-09-22,AC0012,2025-09-22,28,8,0.741,0.631
PU-AC0012-2025-09-29,AC0012,2025-09-29,30,7,0.716,0.506
PU-AC0012-2025-10-06,AC0012,2025-10-06,32,8,0.695,0.641
PU-AC0012-2025-10-13,AC0012,2025-10-13,30,8,0.799,0.553
PU-AC0012-2025-10-20,AC0012,2025-10-20,30,9,0.826,0.792
PU-AC0012-2025-10-27,AC0012,2025-10-27,30,9,0.591,0.599
PU-AC0012-2025-11-03,AC0012,2025-11-03,32,8,0.902,0.816
PU-AC0012-2025-11-10,AC0012,2025-11-10,25,9,0.557,0.624
PU-AC0012-2025-11-17,AC0012,2025-11-17,32,10,0.799,0.641
PU-AC0012-2025-11-24,AC0012,2025-11-24,29,10,0.847,0.572
PU-AC0012-2025-12-01,AC0012,2025-12-01,30,9,0.913,0.686
PU-AC0012-2025-12-08,AC0012,2025-12-08,29,8,0.873,0.652
PU-AC0012-2025-12-15,AC0012,2025-12-15,29,9,0.699,0.475
PU-AC0012-2025-12-22,AC0012,2025-12-22,33,10,0.664,0.697
PU-AC0012-2025-12-29,AC0012,2025-12-29,30,10,0.862,0.679
PU-AC0012-2026-01-05,AC0012,2026-01-05,29,9,0.746,0.665
PU-AC0012-2026-01-12,AC0012,2026-01-12,28,9,0.745,0.736
PU-AC0012-2026-01-19,AC0012,2026-01-19,31,9,0.591,0.697
PU-AC0012-2026-01-26,AC0012,2026-01-26,30,9,0.866,0.575
PU-AC0012-2026-02-02,AC0012,2026-02-02,29,9,0.644,0.851
PU-AC0012-2026-02-09,AC0012,2026-02-09,32,10,0.667,0.683
PU-AC0012-2026-02-16,AC0012,2026-02-16,28,8,0.488,0.735
PU-AC0012-2026-02-23,AC0012,2026-02-23,30,8,0.892,0.673
PU-AC0012-2026-03-02,AC0012,2026-03-02,28,9,0.684,0.625
PU-AC0012-2026-03-09,AC0012,2026-03-09,28,9,0.671,0.577
PU-AC0012-2026-03-16,AC0012,2026-03-16,28,7,0.79,0.582
PU-AC0012-2026-03-23,AC0012,2026-03-23,32,8,0.822,0.835
PU-AC0012-2026-03-30,AC0012,2026-03-30,30,9,0.574,0.5
PU-AC0012-2026-04-06,AC0012,2026-04-06,28,7,0.734,0.627
PU-AC0012-2026-04-13,AC0012,2026-04-13,30,8,0.715,0.51
PU-AC0012-2026-04-20,AC0012,2026-04-20,32,8,0.655,0.498
PU-AC0012-2026-04-27,AC0012,2026-04-27,30,9,0.723,0.663
PU-AC0012-2026-05-04,AC0012,2026-05-04,28,9,0.415,0.898
PU-AC0012-2026-05-11,AC0012,2026-05-11,31,9,0.955,0.536
PU-AC0012-2026-05-18,AC0012,2026-05-18,30,9,0.765,0.548
PU-AC0012-2026-05-25,AC0012,2026-05-25,31,10,0.405,0.865
PU-AC0012-2026-06-01,AC0012,2026-06-01,30,9,0.688,0.77
PU-AC0012-2026-06-08,AC0012,2026-06-08,28,8,0.835,0.612
PU-AC0012-2026-06-15,AC0012,2026-06-15,30,10,0.411,0.607
PU-AC0012-2026-06-22,AC0012,2026-06-22,30,9,0.819,0.374
PU-AC0012-2026-06-29,AC0012,2026-06-29,32,9,0.683,0.736
PU-AC0012-2026-07-06,AC0012,2026-07-06,31,8,0.915,0.658
PU-AC0012-2026-07-13,AC0012,2026-07-13,27,9,0.899,0.709
PU-AC0012-2026-07-20,AC0012,2026-07-20,32,7,0.919,0.468
PU-AC0012-2026-07-27,AC0012,2026-07-27,29,8,0.554,0.672
PU-AC0012-2026-08-03,AC0012,2026-08-03,28,10,0.626,0.658
PU-AC0012-2026-08-10,AC0012,2026-08-10,31,10,0.772,0.817
PU-AC0012-2026-08-17,AC0012,2026-08-17,31,9,0.902,0.885
PU-AC0012-2026-08-24,AC0012,2026-08-24,30,10,0.895,0.527
PU-AC0013-2025-09-01,AC0013,2025-09-01,50,22,0.798,0.839
PU-AC0013-2025-09-08,AC0013,2025-09-08,53,19,0.549,0.746
PU-AC0013-2025-09-15,AC0013,2025-09-15,51,20,0.803,0.839
PU-AC0013-2025-09-22,AC0013,2025-09-22,53,24,0.826,0.842
PU-AC0013-2025-09-29,AC0013,2025-09-29,60,19,0.824,0.787
PU-AC0013-2025-10-06,AC0013,2025-10-06,54,23,0.696,0.722
PU-AC0013-2025-10-13,AC0013,2025-10-13,57,21,0.622,0.608
PU-AC0013-2025-10-20,AC0013,2025-10-20,52,21,0.6,0.48
PU-AC0013-2025-10-27,AC0013,2025-10-27,58,22,0.924,0.561
PU-AC0013-2025-11-03,AC0013,2025-11-03,51,22,0.739,0.969
PU-AC0013-2025-11-10,AC0013,2025-11-10,56,20,0.691,0.893
PU-AC0013-2025-11-17,AC0013,2025-11-17,52,22,0.622,0.388
PU-AC0013-2025-11-24,AC0013,2025-11-24,52,19,0.826,0.751
PU-AC0013-2025-12-01,AC0013,2025-12-01,52,19,0.722,0.67
PU-AC0013-2025-12-08,AC0013,2025-12-08,49,19,0.694,0.744
PU-AC0013-2025-12-15,AC0013,2025-12-15,50,20,0.643,0.381
PU-AC0013-2025-12-22,AC0013,2025-12-22,55,20,0.807,0.568
PU-AC0013-2025-12-29,AC0013,2025-12-29,51,19,0.853,0.625
PU-AC0013-2026-01-05,AC0013,2026-01-05,56,24,0.604,0.805
PU-AC0013-2026-01-12,AC0013,2026-01-12,51,20,0.645,0.598
PU-AC0013-2026-01-19,AC0013,2026-01-19,59,24,0.668,0.772
PU-AC0013-2026-01-26,AC0013,2026-01-26,55,23,0.713,0.471
PU-AC0013-2026-02-02,AC0013,2026-02-02,55,24,0.632,0.694
PU-AC0013-2026-02-09,AC0013,2026-02-09,52,22,0.503,0.819
PU-AC0013-2026-02-16,AC0013,2026-02-16,52,19,0.704,0.646
PU-AC0013-2026-02-23,AC0013,2026-02-23,53,19,0.728,0.78
PU-AC0013-2026-03-02,AC0013,2026-03-02,51,22,0.919,0.746
PU-AC0013-2026-03-09,AC0013,2026-03-09,51,19,0.695,0.557
PU-AC0013-2026-03-16,AC0013,2026-03-16,54,19,0.62,0.665
PU-AC0013-2026-03-23,AC0013,2026-03-23,55,23,0.839,0.681
PU-AC0013-2026-03-30,AC0013,2026-03-30,55,23,0.681,0.691
PU-AC0013-2026-04-06,AC0013,2026-04-06,59,20,0.884,0.594
PU-AC0013-2026-04-13,AC0013,2026-04-13,52,19,0.67,0.643
PU-AC0013-2026-04-20,AC0013,2026-04-20,52,19,0.724,0.666
PU-AC0013-2026-04-27,AC0013,2026-04-27,55,24,0.624,0.607
PU-AC0013-2026-05-04,AC0013,2026-05-04,54,24,0.661,0.695
PU-AC0013-2026-05-11,AC0013,2026-05-11,54,19,0.644,0.583
PU-AC0013-2026-05-18,AC0013,2026-05-18,57,24,0.565,0.675
PU-AC0013-2026-05-25,AC0013,2026-05-25,54,23,0.59,0.547
PU-AC0013-2026-06-01,AC0013,2026-06-01,57,19,0.703,0.541
PU-AC0013-2026-06-08,AC0013,2026-06-08,56,20,0.738,0.739
PU-AC0013-2026-06-15,AC0013,2026-06-15,50,22,0.785,0.613
PU-AC0013-2026-06-22,AC0013,2026-06-22,52,20,0.786,0.842
PU-AC0013-2026-06-29,AC0013,2026-06-29,54,18,0.844,0.815
PU-AC0013-2026-07-06,AC0013,2026-07-06,56,24,0.589,0.625
PU-AC0013-2026-07-13,AC0013,2026-07-13,53,21,0.912,0.594
PU-AC0013-2026-07-20,AC0013,2026-07-20,61,20,0.955,0.548
PU-AC0013-2026-07-27,AC0013,2026-07-27,51,22,0.667,0.57
PU-AC0013-2026-08-03,AC0013,2026-08-03,60,19,0.739,0.526
PU-AC0013-2026-08-10,AC0013,2026-08-10,50,23,0.714,0.557
PU-AC0013-2026-08-17,AC0013,2026-08-17,49,20,0.6,0.605
PU-AC0013-2026-08-24,AC0013,2026-08-24,52,18,0.661,0.815
PU-AC0014-2025-09-01,AC0014,2025-09-01,24,9,0.675,0.436
PU-AC0014-2025-09-08,AC0014,2025-09-08,23,9,0.78,0.604
PU-AC0014-2025-09-15,AC0014,2025-09-15,24,9,0.69,0.71
PU-AC0014-2025-09-22,AC0014,2025-09-22,25,10,0.586,0.544
PU-AC0014-2025-09-29,AC0014,2025-09-29,24,10,0.676,0.501
PU-AC0014-2025-10-06,AC0014,2025-10-06,23,9,0.62,0.924
PU-AC0014-2025-10-13,AC0014,2025-10-13,23,9,0.556,0.515
PU-AC0014-2025-10-20,AC0014,2025-10-20,23,8,0.696,0.763
PU-AC0014-2025-10-27,AC0014,2025-10-27,25,10,0.719,0.664
PU-AC0014-2025-11-03,AC0014,2025-11-03,22,9,0.798,0.753
PU-AC0014-2025-11-10,AC0014,2025-11-10,22,10,0.874,0.565
PU-AC0014-2025-11-17,AC0014,2025-11-17,23,8,0.591,0.524
PU-AC0014-2025-11-24,AC0014,2025-11-24,22,8,0.604,0.619
PU-AC0014-2025-12-01,AC0014,2025-12-01,24,10,0.637,0.776
PU-AC0014-2025-12-08,AC0014,2025-12-08,25,9,0.594,0.624
PU-AC0014-2025-12-15,AC0014,2025-12-15,24,8,1.0,0.809
PU-AC0014-2025-12-22,AC0014,2025-12-22,23,9,0.766,0.489
PU-AC0014-2025-12-29,AC0014,2025-12-29,23,8,0.584,0.528
PU-AC0014-2026-01-05,AC0014,2026-01-05,22,8,0.823,0.798
PU-AC0014-2026-01-12,AC0014,2026-01-12,22,10,0.817,0.759
PU-AC0014-2026-01-19,AC0014,2026-01-19,26,9,0.701,0.555
PU-AC0014-2026-01-26,AC0014,2026-01-26,23,8,0.732,0.753
PU-AC0014-2026-02-02,AC0014,2026-02-02,22,9,0.873,0.63
PU-AC0014-2026-02-09,AC0014,2026-02-09,24,10,0.507,0.761
PU-AC0014-2026-02-16,AC0014,2026-02-16,23,10,0.809,0.472
PU-AC0014-2026-02-23,AC0014,2026-02-23,22,9,0.823,0.684
PU-AC0014-2026-03-02,AC0014,2026-03-02,23,9,0.763,0.701
PU-AC0014-2026-03-09,AC0014,2026-03-09,27,8,0.713,0.579
PU-AC0014-2026-03-16,AC0014,2026-03-16,22,8,0.721,0.801
PU-AC0014-2026-03-23,AC0014,2026-03-23,23,9,0.676,0.835
PU-AC0014-2026-03-30,AC0014,2026-03-30,27,10,0.606,0.929
PU-AC0014-2026-04-06,AC0014,2026-04-06,24,8,0.52,0.571
PU-AC0014-2026-04-13,AC0014,2026-04-13,24,8,1.0,0.527
PU-AC0014-2026-04-20,AC0014,2026-04-20,19,8,0.861,0.723
PU-AC0014-2026-04-27,AC0014,2026-04-27,24,9,0.877,0.622
PU-AC0014-2026-05-04,AC0014,2026-05-04,23,8,0.599,0.595
PU-AC0014-2026-05-11,AC0014,2026-05-11,24,10,0.675,0.791
PU-AC0014-2026-05-18,AC0014,2026-05-18,22,10,0.811,0.476
PU-AC0014-2026-05-25,AC0014,2026-05-25,23,10,0.687,0.688
PU-AC0014-2026-06-01,AC0014,2026-06-01,22,9,0.863,0.702
PU-AC0014-2026-06-08,AC0014,2026-06-08,24,10,0.867,0.795
PU-AC0014-2026-06-15,AC0014,2026-06-15,25,9,0.86,0.706
PU-AC0014-2026-06-22,AC0014,2026-06-22,25,9,0.67,0.733
PU-AC0014-2026-06-29,AC0014,2026-06-29,21,10,0.752,0.597
PU-AC0014-2026-07-06,AC0014,2026-07-06,25,10,0.804,0.433
PU-AC0014-2026-07-13,AC0014,2026-07-13,25,10,0.876,0.879
PU-AC0014-2026-07-20,AC0014,2026-07-20,25,8,0.623,0.611
PU-AC0014-2026-07-27,AC0014,2026-07-27,24,8,0.652,0.631
PU-AC0014-2026-08-03,AC0014,2026-08-03,25,10,0.755,0.629
PU-AC0014-2026-08-10,AC0014,2026-08-10,19,9,0.755,0.742
PU-AC0014-2026-08-17,AC0014,2026-08-17,22,10,0.592,0.49
PU-AC0014-2026-08-24,AC0014,2026-08-24,24,8,0.88,0.669
PU-AC0015-2025-09-01,AC0015,2025-09-01,86,43,0.431,0.631
PU-AC0015-2025-09-08,AC0015,2025-09-08,90,42,0.484,0.589
PU-AC0015-2025-09-15,AC0015,2025-09-15,77,48,0.689,0.675
PU-AC0015-2025-09-22,AC0015,2025-09-22,93,51,0.882,0.541
PU-AC0015-2025-09-29,AC0015,2025-09-29,84,49,0.761,0.742
PU-AC0015-2025-10-06,AC0015,2025-10-06,85,47,0.802,0.783
PU-AC0015-2025-10-13,AC0015,2025-10-13,84,48,0.846,0.557
PU-AC0015-2025-10-20,AC0015,2025-10-20,92,44,0.869,0.98
PU-AC0015-2025-10-27,AC0015,2025-10-27,83,45,0.593,0.727
PU-AC0015-2025-11-03,AC0015,2025-11-03,94,53,0.717,0.697
PU-AC0015-2025-11-10,AC0015,2025-11-10,90,49,0.698,0.552
PU-AC0015-2025-11-17,AC0015,2025-11-17,80,50,0.604,0.695
PU-AC0015-2025-11-24,AC0015,2025-11-24,88,43,0.769,0.771
PU-AC0015-2025-12-01,AC0015,2025-12-01,92,46,0.726,0.731
PU-AC0015-2025-12-08,AC0015,2025-12-08,90,55,0.741,0.573
PU-AC0015-2025-12-15,AC0015,2025-12-15,93,55,0.795,0.664
PU-AC0015-2025-12-22,AC0015,2025-12-22,82,46,0.85,0.826
PU-AC0015-2025-12-29,AC0015,2025-12-29,89,46,0.501,0.763
PU-AC0015-2026-01-05,AC0015,2026-01-05,87,42,0.881,0.513
PU-AC0015-2026-01-12,AC0015,2026-01-12,88,43,0.757,0.636
PU-AC0015-2026-01-19,AC0015,2026-01-19,84,47,0.986,0.344
PU-AC0015-2026-01-26,AC0015,2026-01-26,82,52,0.684,0.593
PU-AC0015-2026-02-02,AC0015,2026-02-02,85,49,0.628,0.531
PU-AC0015-2026-02-09,AC0015,2026-02-09,85,51,0.733,0.586
PU-AC0015-2026-02-16,AC0015,2026-02-16,83,42,0.803,0.54
PU-AC0015-2026-02-23,AC0015,2026-02-23,87,43,0.617,0.506
PU-AC0015-2026-03-02,AC0015,2026-03-02,98,50,0.76,0.605
PU-AC0015-2026-03-09,AC0015,2026-03-09,86,54,0.847,0.662
PU-AC0015-2026-03-16,AC0015,2026-03-16,95,49,0.535,0.597
PU-AC0015-2026-03-23,AC0015,2026-03-23,77,48,0.645,0.509
PU-AC0015-2026-03-30,AC0015,2026-03-30,81,44,0.599,0.488
PU-AC0015-2026-04-06,AC0015,2026-04-06,94,55,0.602,0.43
PU-AC0015-2026-04-13,AC0015,2026-04-13,95,48,0.772,0.692
PU-AC0015-2026-04-20,AC0015,2026-04-20,85,50,0.821,0.594
PU-AC0015-2026-04-27,AC0015,2026-04-27,78,50,0.824,0.611
PU-AC0015-2026-05-04,AC0015,2026-05-04,86,48,0.764,0.669
PU-AC0015-2026-05-11,AC0015,2026-05-11,86,47,0.777,0.557
PU-AC0015-2026-05-18,AC0015,2026-05-18,84,48,0.713,0.735
PU-AC0015-2026-05-25,AC0015,2026-05-25,86,45,0.716,0.626
PU-AC0015-2026-06-01,AC0015,2026-06-01,89,47,0.718,0.596
PU-AC0015-2026-06-08,AC0015,2026-06-08,91,45,0.788,0.66
PU-AC0015-2026-06-15,AC0015,2026-06-15,94,46,0.772,0.557
PU-AC0015-2026-06-22,AC0015,2026-06-22,91,47,0.546,0.595
PU-AC0015-2026-06-29,AC0015,2026-06-29,91,44,0.692,0.638
PU-AC0015-2026-07-06,AC0015,2026-07-06,88,49,0.668,0.573
PU-AC0015-2026-07-13,AC0015,2026-07-13,86,54,0.793,0.708
PU-AC0015-2026-07-20,AC0015,2026-07-20,88,48,0.831,0.759
PU-AC0015-2026-07-27,AC0015,2026-07-27,79,48,0.806,0.63
PU-AC0015-2026-08-03,AC0015,2026-08-03,92,43,0.854,0.661
PU-AC0015-2026-08-10,AC0015,2026-08-10,86,52,0.688,0.575
PU-AC0015-2026-08-17,AC0015,2026-08-17,83,42,0.78,0.789
PU-AC0015-2026-08-24,AC0015,2026-08-24,84,47,0.834,0.878
PU-AC0016-2025-09-01,AC0016,2025-09-01,18,8,0.727,0.473
PU-AC0016-2025-09-08,AC0016,2025-09-08,17,8,0.569,0.706
PU-AC0016-2025-09-15,AC0016,2025-09-15,16,9,0.745,0.598
PU-AC0016-2025-09-22,AC0016,2025-09-22,19,10,0.839,0.695
PU-AC0016-2025-09-29,AC0016,2025-09-29,19,11,0.586,0.63
PU-AC0016-2025-10-06,AC0016,2025-10-06,19,10,0.801,0.828
PU-AC0016-2025-10-13,AC0016,2025-10-13,17,10,0.819,0.691
PU-AC0016-2025-10-20,AC0016,2025-10-20,15,8,0.757,0.742
PU-AC0016-2025-10-27,AC0016,2025-10-27,19,10,0.666,0.553
PU-AC0016-2025-11-03,AC0016,2025-11-03,17,10,0.512,0.885
PU-AC0016-2025-11-10,AC0016,2025-11-10,17,9,0.6,0.78
PU-AC0016-2025-11-17,AC0016,2025-11-17,16,10,0.798,0.657
PU-AC0016-2025-11-24,AC0016,2025-11-24,16,10,0.632,0.56
PU-AC0016-2025-12-01,AC0016,2025-12-01,16,9,0.698,0.423
PU-AC0016-2025-12-08,AC0016,2025-12-08,17,9,0.707,0.569
PU-AC0016-2025-12-15,AC0016,2025-12-15,19,9,0.588,0.645
PU-AC0016-2025-12-22,AC0016,2025-12-22,15,11,0.647,0.661
PU-AC0016-2025-12-29,AC0016,2025-12-29,17,9,0.623,0.414
PU-AC0016-2026-01-05,AC0016,2026-01-05,17,8,0.758,0.552
PU-AC0016-2026-01-12,AC0016,2026-01-12,17,8,0.639,0.655
PU-AC0016-2026-01-19,AC0016,2026-01-19,16,9,0.681,0.465
PU-AC0016-2026-01-26,AC0016,2026-01-26,18,9,0.747,0.513
PU-AC0016-2026-02-02,AC0016,2026-02-02,18,10,0.543,0.441
PU-AC0016-2026-02-09,AC0016,2026-02-09,18,9,0.607,0.577
PU-AC0016-2026-02-16,AC0016,2026-02-16,18,9,0.652,0.902
PU-AC0016-2026-02-23,AC0016,2026-02-23,16,10,0.787,0.535
PU-AC0016-2026-03-02,AC0016,2026-03-02,18,10,0.834,0.433
PU-AC0016-2026-03-09,AC0016,2026-03-09,19,11,0.586,0.506
PU-AC0016-2026-03-16,AC0016,2026-03-16,16,10,0.575,0.769
PU-AC0016-2026-03-23,AC0016,2026-03-23,19,10,0.727,0.65
PU-AC0016-2026-03-30,AC0016,2026-03-30,17,10,0.682,0.589
PU-AC0016-2026-04-06,AC0016,2026-04-06,17,8,0.502,0.502
PU-AC0016-2026-04-13,AC0016,2026-04-13,19,11,0.736,0.798
PU-AC0016-2026-04-20,AC0016,2026-04-20,18,8,0.535,0.459
PU-AC0016-2026-04-27,AC0016,2026-04-27,17,8,0.612,0.89
PU-AC0016-2026-05-04,AC0016,2026-05-04,16,10,0.601,0.591
PU-AC0016-2026-05-11,AC0016,2026-05-11,17,10,0.598,0.747
PU-AC0016-2026-05-18,AC0016,2026-05-18,17,10,0.778,0.709
PU-AC0016-2026-05-25,AC0016,2026-05-25,19,8,0.631,0.801
PU-AC0016-2026-06-01,AC0016,2026-06-01,19,8,0.739,0.654
PU-AC0016-2026-06-08,AC0016,2026-06-08,18,8,0.648,0.593
PU-AC0016-2026-06-15,AC0016,2026-06-15,20,10,0.636,0.755
PU-AC0016-2026-06-22,AC0016,2026-06-22,17,8,0.826,0.492
PU-AC0016-2026-06-29,AC0016,2026-06-29,18,9,0.673,0.617
PU-AC0016-2026-07-06,AC0016,2026-07-06,16,10,0.707,0.589
PU-AC0016-2026-07-13,AC0016,2026-07-13,18,10,0.629,0.663
PU-AC0016-2026-07-20,AC0016,2026-07-20,19,10,0.898,0.743
PU-AC0016-2026-07-27,AC0016,2026-07-27,17,11,0.713,0.635
PU-AC0016-2026-08-03,AC0016,2026-08-03,18,10,0.662,0.481
PU-AC0016-2026-08-10,AC0016,2026-08-10,19,10,0.692,0.388
PU-AC0016-2026-08-17,AC0016,2026-08-17,17,10,0.432,0.538
PU-AC0016-2026-08-24,AC0016,2026-08-24,17,10,0.59,0.484
PU-AC0017-2025-09-01,AC0017,2025-09-01,68,44,0.783,0.765
PU-AC0017-2025-09-08,AC0017,2025-09-08,71,37,0.727,0.685
PU-AC0017-2025-09-15,AC0017,2025-09-15,71,37,0.519,0.622
PU-AC0017-2025-09-22,AC0017,2025-09-22,65,35,0.694,0.512
PU-AC0017-2025-09-29,AC0017,2025-09-29,69,41,0.643,0.78
PU-AC0017-2025-10-06,AC0017,2025-10-06,69,41,0.429,0.527
PU-AC0017-2025-10-13,AC0017,2025-10-13,72,37,0.825,0.666
PU-AC0017-2025-10-20,AC0017,2025-10-20,72,44,0.823,0.579
PU-AC0017-2025-10-27,AC0017,2025-10-27,75,41,0.487,0.73
PU-AC0017-2025-11-03,AC0017,2025-11-03,82,38,0.786,0.731
PU-AC0017-2025-11-10,AC0017,2025-11-10,73,44,0.764,0.739
PU-AC0017-2025-11-17,AC0017,2025-11-17,66,39,0.71,0.633
PU-AC0017-2025-11-24,AC0017,2025-11-24,74,38,0.84,0.677
PU-AC0017-2025-12-01,AC0017,2025-12-01,71,36,0.812,0.534
PU-AC0017-2025-12-08,AC0017,2025-12-08,73,36,0.549,0.856
PU-AC0017-2025-12-15,AC0017,2025-12-15,69,43,0.744,0.662
PU-AC0017-2025-12-22,AC0017,2025-12-22,73,35,0.855,0.569
PU-AC0017-2025-12-29,AC0017,2025-12-29,70,45,0.798,0.398
PU-AC0017-2026-01-05,AC0017,2026-01-05,74,46,0.635,0.773
PU-AC0017-2026-01-12,AC0017,2026-01-12,69,38,0.857,0.654
PU-AC0017-2026-01-19,AC0017,2026-01-19,71,36,0.706,0.466
PU-AC0017-2026-01-26,AC0017,2026-01-26,71,40,0.612,0.38
PU-AC0017-2026-02-02,AC0017,2026-02-02,71,45,0.923,0.805
PU-AC0017-2026-02-09,AC0017,2026-02-09,66,47,0.855,0.484
PU-AC0017-2026-02-16,AC0017,2026-02-16,66,39,0.839,0.862
PU-AC0017-2026-02-23,AC0017,2026-02-23,69,37,0.625,0.279
PU-AC0017-2026-03-02,AC0017,2026-03-02,69,45,0.691,0.596
PU-AC0017-2026-03-09,AC0017,2026-03-09,70,45,0.726,0.672
PU-AC0017-2026-03-16,AC0017,2026-03-16,75,47,0.721,0.596
PU-AC0017-2026-03-23,AC0017,2026-03-23,77,42,0.608,0.72
PU-AC0017-2026-03-30,AC0017,2026-03-30,75,43,0.696,0.867
PU-AC0017-2026-04-06,AC0017,2026-04-06,66,36,0.878,0.583
PU-AC0017-2026-04-13,AC0017,2026-04-13,67,47,0.654,0.552
PU-AC0017-2026-04-20,AC0017,2026-04-20,67,47,0.828,0.778
PU-AC0017-2026-04-27,AC0017,2026-04-27,70,45,0.946,0.949
PU-AC0017-2026-05-04,AC0017,2026-05-04,71,41,0.908,0.623
PU-AC0017-2026-05-11,AC0017,2026-05-11,76,40,0.886,0.856
PU-AC0017-2026-05-18,AC0017,2026-05-18,71,45,0.777,0.668
PU-AC0017-2026-05-25,AC0017,2026-05-25,71,43,0.874,0.664
PU-AC0017-2026-06-01,AC0017,2026-06-01,73,45,0.782,0.883
PU-AC0017-2026-06-08,AC0017,2026-06-08,68,47,0.538,0.742
PU-AC0017-2026-06-15,AC0017,2026-06-15,78,47,0.811,0.966
PU-AC0017-2026-06-22,AC0017,2026-06-22,73,37,0.837,0.354
PU-AC0017-2026-06-29,AC0017,2026-06-29,60,40,0.41,0.707
PU-AC0017-2026-07-06,AC0017,2026-07-06,68,36,0.562,0.785
PU-AC0017-2026-07-13,AC0017,2026-07-13,71,44,0.636,0.609
PU-AC0017-2026-07-20,AC0017,2026-07-20,71,37,0.551,0.44
PU-AC0017-2026-07-27,AC0017,2026-07-27,71,45,0.548,0.565
PU-AC0017-2026-08-03,AC0017,2026-08-03,68,36,0.848,0.884
PU-AC0017-2026-08-10,AC0017,2026-08-10,77,44,0.68,0.438
PU-AC0017-2026-08-17,AC0017,2026-08-17,68,46,0.694,0.519
PU-AC0017-2026-08-24,AC0017,2026-08-24,75,42,0.745,0.619
PU-AC0018-2025-09-01,AC0018,2025-09-01,84,34,0.728,0.621
PU-AC0018-2025-09-08,AC0018,2025-09-08,71,33,0.769,0.6
PU-AC0018-2025-09-15,AC0018,2025-09-15,72,35,0.615,0.735
PU-AC0018-2025-09-22,AC0018,2025-09-22,66,37,0.503,0.703
PU-AC0018-2025-09-29,AC0018,2025-09-29,65,36,0.641,0.706
PU-AC0018-2025-10-06,AC0018,2025-10-06,75,38,0.775,0.811
PU-AC0018-2025-10-13,AC0018,2025-10-13,75,29,0.478,0.593
PU-AC0018-2025-10-20,AC0018,2025-10-20,80,28,0.701,0.56
PU-AC0018-2025-10-27,AC0018,2025-10-27,68,35,1.0,0.913
PU-AC0018-2025-11-03,AC0018,2025-11-03,71,30,0.748,0.52
PU-AC0018-2025-11-10,AC0018,2025-11-10,71,32,0.718,0.65
PU-AC0018-2025-11-17,AC0018,2025-11-17,68,32,0.867,0.699
PU-AC0018-2025-11-24,AC0018,2025-11-24,82,35,0.802,0.658
PU-AC0018-2025-12-01,AC0018,2025-12-01,82,33,0.554,0.486
PU-AC0018-2025-12-08,AC0018,2025-12-08,68,36,0.682,0.888
PU-AC0018-2025-12-15,AC0018,2025-12-15,72,37,0.513,0.544
PU-AC0018-2025-12-22,AC0018,2025-12-22,73,33,0.808,0.687
PU-AC0018-2025-12-29,AC0018,2025-12-29,77,32,0.749,0.465
PU-AC0018-2026-01-05,AC0018,2026-01-05,67,37,0.766,0.61
PU-AC0018-2026-01-12,AC0018,2026-01-12,70,35,0.814,0.57
PU-AC0018-2026-01-19,AC0018,2026-01-19,76,29,0.802,0.584
PU-AC0018-2026-01-26,AC0018,2026-01-26,69,34,0.802,0.705
PU-AC0018-2026-02-02,AC0018,2026-02-02,74,36,0.743,0.499
PU-AC0018-2026-02-09,AC0018,2026-02-09,69,35,0.878,0.657
PU-AC0018-2026-02-16,AC0018,2026-02-16,73,36,0.699,0.55
PU-AC0018-2026-02-23,AC0018,2026-02-23,72,30,0.844,0.772
PU-AC0018-2026-03-02,AC0018,2026-03-02,73,30,0.827,0.688
PU-AC0018-2026-03-09,AC0018,2026-03-09,70,30,0.702,0.372
PU-AC0018-2026-03-16,AC0018,2026-03-16,66,30,0.64,0.746
PU-AC0018-2026-03-23,AC0018,2026-03-23,75,31,0.653,0.813
PU-AC0018-2026-03-30,AC0018,2026-03-30,78,36,0.723,0.594
PU-AC0018-2026-04-06,AC0018,2026-04-06,74,29,0.691,0.752
PU-AC0018-2026-04-13,AC0018,2026-04-13,77,37,0.606,0.586
PU-AC0018-2026-04-20,AC0018,2026-04-20,76,37,0.648,0.662
PU-AC0018-2026-04-27,AC0018,2026-04-27,78,32,0.576,0.566
PU-AC0018-2026-05-04,AC0018,2026-05-04,69,33,0.9,0.623
PU-AC0018-2026-05-11,AC0018,2026-05-11,71,37,0.915,0.598
PU-AC0018-2026-05-18,AC0018,2026-05-18,70,37,0.74,0.635
PU-AC0018-2026-05-25,AC0018,2026-05-25,79,32,0.7,0.392
PU-AC0018-2026-06-01,AC0018,2026-06-01,67,36,0.8,0.649
PU-AC0018-2026-06-08,AC0018,2026-06-08,71,32,0.689,0.77
PU-AC0018-2026-06-15,AC0018,2026-06-15,74,32,0.566,0.811
PU-AC0018-2026-06-22,AC0018,2026-06-22,76,31,0.753,0.664
PU-AC0018-2026-06-29,AC0018,2026-06-29,77,34,0.738,0.403
PU-AC0018-2026-07-06,AC0018,2026-07-06,75,31,0.823,0.556
PU-AC0018-2026-07-13,AC0018,2026-07-13,69,30,0.699,0.528
PU-AC0018-2026-07-20,AC0018,2026-07-20,67,29,0.741,0.502
PU-AC0018-2026-07-27,AC0018,2026-07-27,70,33,0.752,0.586
PU-AC0018-2026-08-03,AC0018,2026-08-03,74,34,0.768,0.695
PU-AC0018-2026-08-10,AC0018,2026-08-10,76,28,0.848,0.598
PU-AC0018-2026-08-17,AC0018,2026-08-17,71,36,0.709,0.58
PU-AC0018-2026-08-24,AC0018,2026-08-24,74,34,0.794,0.528
PU-AC0019-2025-09-01,AC0019,2025-09-01,21,7,0.865,0.43
PU-AC0019-2025-09-08,AC0019,2025-09-08,20,7,0.674,0.505
PU-AC0019-2025-09-15,AC0019,2025-09-15,22,8,0.601,0.638
PU-AC0019-2025-09-22,AC0019,2025-09-22,21,6,0.86,0.615
PU-AC0019-2025-09-29,AC0019,2025-09-29,22,6,0.772,0.308
PU-AC0019-2025-10-06,AC0019,2025-10-06,21,7,0.611,0.678
PU-AC0019-2025-10-13,AC0019,2025-10-13,20,7,0.373,0.619
PU-AC0019-2025-10-20,AC0019,2025-10-20,20,7,0.787,0.477
PU-AC0019-2025-10-27,AC0019,2025-10-27,20,6,0.525,0.509
PU-AC0019-2025-11-03,AC0019,2025-11-03,19,6,0.894,0.813
PU-AC0019-2025-11-10,AC0019,2025-11-10,22,7,0.8,0.473
PU-AC0019-2025-11-17,AC0019,2025-11-17,22,7,0.586,0.636
PU-AC0019-2025-11-24,AC0019,2025-11-24,20,8,0.6,0.541
PU-AC0019-2025-12-01,AC0019,2025-12-01,20,6,0.625,0.684
PU-AC0019-2025-12-08,AC0019,2025-12-08,23,6,0.816,0.784
PU-AC0019-2025-12-15,AC0019,2025-12-15,20,6,0.796,0.429
PU-AC0019-2025-12-22,AC0019,2025-12-22,21,6,0.712,0.645
PU-AC0019-2025-12-29,AC0019,2025-12-29,23,7,0.738,0.385
PU-AC0019-2026-01-05,AC0019,2026-01-05,21,6,0.858,0.872
PU-AC0019-2026-01-12,AC0019,2026-01-12,21,7,0.702,0.682
PU-AC0019-2026-01-19,AC0019,2026-01-19,23,7,0.701,0.516
PU-AC0019-2026-01-26,AC0019,2026-01-26,21,6,0.795,0.689
PU-AC0019-2026-02-02,AC0019,2026-02-02,20,6,0.666,0.569
PU-AC0019-2026-02-09,AC0019,2026-02-09,22,7,0.869,0.641
PU-AC0019-2026-02-16,AC0019,2026-02-16,23,6,0.908,0.878
PU-AC0019-2026-02-23,AC0019,2026-02-23,21,8,0.696,0.553
PU-AC0019-2026-03-02,AC0019,2026-03-02,19,6,0.66,0.428
PU-AC0019-2026-03-09,AC0019,2026-03-09,21,6,0.744,0.883
PU-AC0019-2026-03-16,AC0019,2026-03-16,23,6,0.798,0.594
PU-AC0019-2026-03-23,AC0019,2026-03-23,19,8,0.503,0.592
PU-AC0019-2026-03-30,AC0019,2026-03-30,20,7,0.739,0.821
PU-AC0019-2026-04-06,AC0019,2026-04-06,21,8,0.728,0.423
PU-AC0019-2026-04-13,AC0019,2026-04-13,21,7,0.731,0.766
PU-AC0019-2026-04-20,AC0019,2026-04-20,21,6,0.479,0.599
PU-AC0019-2026-04-27,AC0019,2026-04-27,22,7,0.917,0.504
PU-AC0019-2026-05-04,AC0019,2026-05-04,18,7,0.653,0.616
PU-AC0019-2026-05-11,AC0019,2026-05-11,21,7,0.851,0.45
PU-AC0019-2026-05-18,AC0019,2026-05-18,20,6,0.783,0.8
PU-AC0019-2026-05-25,AC0019,2026-05-25,21,7,0.772,0.717
PU-AC0019-2026-06-01,AC0019,2026-06-01,21,7,0.724,0.584
PU-AC0019-2026-06-08,AC0019,2026-06-08,22,6,0.82,0.698
PU-AC0019-2026-06-15,AC0019,2026-06-15,21,6,0.711,0.621
PU-AC0019-2026-06-22,AC0019,2026-06-22,21,6,0.648,0.53
PU-AC0019-2026-06-29,AC0019,2026-06-29,22,8,0.741,0.367
PU-AC0019-2026-07-06,AC0019,2026-07-06,20,7,0.852,0.717
PU-AC0019-2026-07-13,AC0019,2026-07-13,20,6,0.684,0.596
PU-AC0019-2026-07-20,AC0019,2026-07-20,21,8,0.559,0.669
PU-AC0019-2026-07-27,AC0019,2026-07-27,20,7,0.677,0.708
PU-AC0019-2026-08-03,AC0019,2026-08-03,22,7,0.709,0.513
PU-AC0019-2026-08-10,AC0019,2026-08-10,21,6,0.917,0.719
PU-AC0019-2026-08-17,AC0019,2026-08-17,21,7,0.604,0.895
PU-AC0019-2026-08-24,AC0019,2026-08-24,21,8,0.807,0.597
PU-AC0020-2025-09-01,AC0020,2025-09-01,42,15,0.678,0.694
PU-AC0020-2025-09-08,AC0020,2025-09-08,42,14,0.729,0.662
PU-AC0020-2025-09-15,AC0020,2025-09-15,47,16,0.729,0.796
PU-AC0020-2025-09-22,AC0020,2025-09-22,45,16,0.71,0.329
PU-AC0020-2025-09-29,AC0020,2025-09-29,43,19,0.69,0.546
PU-AC0020-2025-10-06,AC0020,2025-10-06,39,17,0.68,0.805
PU-AC0020-2025-10-13,AC0020,2025-10-13,44,17,0.699,0.443
PU-AC0020-2025-10-20,AC0020,2025-10-20,43,15,0.601,0.761
PU-AC0020-2025-10-27,AC0020,2025-10-27,45,14,0.832,0.492
PU-AC0020-2025-11-03,AC0020,2025-11-03,43,18,0.693,0.773
PU-AC0020-2025-11-10,AC0020,2025-11-10,39,17,0.658,0.467
PU-AC0020-2025-11-17,AC0020,2025-11-17,41,16,0.747,0.592
PU-AC0020-2025-11-24,AC0020,2025-11-24,42,17,0.641,0.56
PU-AC0020-2025-12-01,AC0020,2025-12-01,42,18,0.588,0.618
PU-AC0020-2025-12-08,AC0020,2025-12-08,44,19,0.756,0.788
PU-AC0020-2025-12-15,AC0020,2025-12-15,50,16,0.563,0.385
PU-AC0020-2025-12-22,AC0020,2025-12-22,44,17,0.515,0.664
PU-AC0020-2025-12-29,AC0020,2025-12-29,40,17,0.667,0.633
PU-AC0020-2026-01-05,AC0020,2026-01-05,39,18,0.666,0.685
PU-AC0020-2026-01-12,AC0020,2026-01-12,41,14,0.953,0.388
PU-AC0020-2026-01-19,AC0020,2026-01-19,42,15,0.5,0.76
PU-AC0020-2026-01-26,AC0020,2026-01-26,39,15,0.751,0.743
PU-AC0020-2026-02-02,AC0020,2026-02-02,42,16,0.712,0.539
PU-AC0020-2026-02-09,AC0020,2026-02-09,46,18,0.806,0.569
PU-AC0020-2026-02-16,AC0020,2026-02-16,38,15,0.719,0.603
PU-AC0020-2026-02-23,AC0020,2026-02-23,43,17,1.0,0.45
PU-AC0020-2026-03-02,AC0020,2026-03-02,40,18,0.824,0.504
PU-AC0020-2026-03-09,AC0020,2026-03-09,43,17,0.555,0.779
PU-AC0020-2026-03-16,AC0020,2026-03-16,40,16,0.787,0.792
PU-AC0020-2026-03-23,AC0020,2026-03-23,42,19,0.776,0.244
PU-AC0020-2026-03-30,AC0020,2026-03-30,45,18,0.734,0.609
PU-AC0020-2026-04-06,AC0020,2026-04-06,40,16,0.776,0.811
PU-AC0020-2026-04-13,AC0020,2026-04-13,39,14,0.594,0.675
PU-AC0020-2026-04-20,AC0020,2026-04-20,42,18,1.0,0.78
PU-AC0020-2026-04-27,AC0020,2026-04-27,45,17,0.628,0.463
PU-AC0020-2026-05-04,AC0020,2026-05-04,44,14,0.737,0.554
PU-AC0020-2026-05-11,AC0020,2026-05-11,44,16,0.749,0.55
PU-AC0020-2026-05-18,AC0020,2026-05-18,39,18,0.797,0.607
PU-AC0020-2026-05-25,AC0020,2026-05-25,45,17,0.807,0.596
PU-AC0020-2026-06-01,AC0020,2026-06-01,43,15,0.635,0.679
PU-AC0020-2026-06-08,AC0020,2026-06-08,43,18,0.764,0.641
PU-AC0020-2026-06-15,AC0020,2026-06-15,48,17,0.632,0.377
PU-AC0020-2026-06-22,AC0020,2026-06-22,40,15,0.868,0.61
PU-AC0020-2026-06-29,AC0020,2026-06-29,43,17,1.0,0.682
PU-AC0020-2026-07-06,AC0020,2026-07-06,45,17,0.989,0.784
PU-AC0020-2026-07-13,AC0020,2026-07-13,45,17,0.691,0.677
PU-AC0020-2026-07-20,AC0020,2026-07-20,45,16,0.705,0.649
PU-AC0020-2026-07-27,AC0020,2026-07-27,41,14,0.506,0.684
PU-AC0020-2026-08-03,AC0020,2026-08-03,39,18,0.672,0.768
PU-AC0020-2026-08-10,AC0020,2026-08-10,46,18,0.586,0.767
PU-AC0020-2026-08-17,AC0020,2026-08-17,40,18,0.851,0.55
PU-AC0020-2026-08-24,AC0020,2026-08-24,44,16,0.565,0.486
PU-AC0021-2025-09-01,AC0021,2025-09-01,62,19,0.786,0.724
PU-AC0021-2025-09-08,AC0021,2025-09-08,58,17,0.714,0.596
PU-AC0021-2025-09-15,AC0021,2025-09-15,60,19,0.644,0.712
PU-AC0021-2025-09-22,AC0021,2025-09-22,53,15,0.679,0.638
PU-AC0021-2025-09-29,AC0021,2025-09-29,56,19,0.643,0.699
PU-AC0021-2025-10-06,AC0021,2025-10-06,57,18,0.843,0.58
PU-AC0021-2025-10-13,AC0021,2025-10-13,61,20,0.718,0.424
PU-AC0021-2025-10-20,AC0021,2025-10-20,57,20,0.779,0.475
PU-AC0021-2025-10-27,AC0021,2025-10-27,59,19,0.54,0.652
PU-AC0021-2025-11-03,AC0021,2025-11-03,53,18,0.82,0.401
PU-AC0021-2025-11-10,AC0021,2025-11-10,66,16,1.0,0.46
PU-AC0021-2025-11-17,AC0021,2025-11-17,50,19,0.739,0.798
PU-AC0021-2025-11-24,AC0021,2025-11-24,57,16,0.691,0.598
PU-AC0021-2025-12-01,AC0021,2025-12-01,55,16,0.689,0.479
PU-AC0021-2025-12-08,AC0021,2025-12-08,54,17,0.724,0.503
PU-AC0021-2025-12-15,AC0021,2025-12-15,56,15,0.953,0.595
PU-AC0021-2025-12-22,AC0021,2025-12-22,56,20,0.678,0.523
PU-AC0021-2025-12-29,AC0021,2025-12-29,55,20,0.694,0.811
PU-AC0021-2026-01-05,AC0021,2026-01-05,53,15,0.713,0.525
PU-AC0021-2026-01-12,AC0021,2026-01-12,58,17,0.796,0.466
PU-AC0021-2026-01-19,AC0021,2026-01-19,62,16,0.711,0.466
PU-AC0021-2026-01-26,AC0021,2026-01-26,54,19,0.58,0.777
PU-AC0021-2026-02-02,AC0021,2026-02-02,55,20,0.709,0.618
PU-AC0021-2026-02-09,AC0021,2026-02-09,59,15,0.818,0.661
PU-AC0021-2026-02-16,AC0021,2026-02-16,64,16,0.62,0.653
PU-AC0021-2026-02-23,AC0021,2026-02-23,57,18,0.729,0.622
PU-AC0021-2026-03-02,AC0021,2026-03-02,53,19,0.733,0.555
PU-AC0021-2026-03-09,AC0021,2026-03-09,55,15,0.545,0.405
PU-AC0021-2026-03-16,AC0021,2026-03-16,64,20,0.736,0.804
PU-AC0021-2026-03-23,AC0021,2026-03-23,61,19,0.624,0.502
PU-AC0021-2026-03-30,AC0021,2026-03-30,55,18,0.717,0.64
PU-AC0021-2026-04-06,AC0021,2026-04-06,64,16,0.517,0.73
PU-AC0021-2026-04-13,AC0021,2026-04-13,58,20,0.679,0.492
PU-AC0021-2026-04-20,AC0021,2026-04-20,52,20,0.791,0.752
PU-AC0021-2026-04-27,AC0021,2026-04-27,59,16,0.695,0.601
PU-AC0021-2026-05-04,AC0021,2026-05-04,58,19,0.673,0.416
PU-AC0021-2026-05-11,AC0021,2026-05-11,54,18,0.662,0.72
PU-AC0021-2026-05-18,AC0021,2026-05-18,55,19,0.76,0.658
PU-AC0021-2026-05-25,AC0021,2026-05-25,54,18,0.958,0.723
PU-AC0021-2026-06-01,AC0021,2026-06-01,55,19,0.581,0.585
PU-AC0021-2026-06-08,AC0021,2026-06-08,55,15,0.482,0.879
PU-AC0021-2026-06-15,AC0021,2026-06-15,63,19,0.725,0.579
PU-AC0021-2026-06-22,AC0021,2026-06-22,58,15,0.689,0.674
PU-AC0021-2026-06-29,AC0021,2026-06-29,60,18,0.592,0.618
PU-AC0021-2026-07-06,AC0021,2026-07-06,60,20,0.672,0.743
PU-AC0021-2026-07-13,AC0021,2026-07-13,63,15,0.635,0.536
PU-AC0021-2026-07-20,AC0021,2026-07-20,57,18,0.872,0.664
PU-AC0021-2026-07-27,AC0021,2026-07-27,60,20,0.58,0.621
PU-AC0021-2026-08-03,AC0021,2026-08-03,58,16,0.811,0.607
PU-AC0021-2026-08-10,AC0021,2026-08-10,57,18,0.681,0.629
PU-AC0021-2026-08-17,AC0021,2026-08-17,57,18,0.836,0.568
PU-AC0021-2026-08-24,AC0021,2026-08-24,64,17,0.699,0.4
PU-AC0022-2025-09-01,AC0022,2025-09-01,30,6,0.697,0.631
PU-AC0022-2025-09-08,AC0022,2025-09-08,31,5,0.738,0.641
PU-AC0022-2025-09-15,AC0022,2025-09-15,32,6,0.767,0.614
PU-AC0022-2025-09-22,AC0022,2025-09-22,33,5,0.593,0.779
PU-AC0022-2025-09-29,AC0022,2025-09-29,31,6,0.848,0.806
PU-AC0022-2025-10-06,AC0022,2025-10-06,33,5,0.757,0.525
PU-AC0022-2025-10-13,AC0022,2025-10-13,32,5,0.817,0.648
PU-AC0022-2025-10-20,AC0022,2025-10-20,29,5,0.749,0.565
PU-AC0022-2025-10-27,AC0022,2025-10-27,30,5,0.875,0.569
PU-AC0022-2025-11-03,AC0022,2025-11-03,33,6,0.483,0.781
PU-AC0022-2025-11-10,AC0022,2025-11-10,32,6,0.714,0.419
PU-AC0022-2025-11-17,AC0022,2025-11-17,32,6,0.518,0.777
PU-AC0022-2025-11-24,AC0022,2025-11-24,33,6,0.789,0.684
PU-AC0022-2025-12-01,AC0022,2025-12-01,31,5,0.838,0.569
PU-AC0022-2025-12-08,AC0022,2025-12-08,34,5,0.734,0.542
PU-AC0022-2025-12-15,AC0022,2025-12-15,32,6,0.777,0.831
PU-AC0022-2025-12-22,AC0022,2025-12-22,32,6,0.612,0.727
PU-AC0022-2025-12-29,AC0022,2025-12-29,30,6,0.967,0.673
PU-AC0022-2026-01-05,AC0022,2026-01-05,30,5,0.812,0.655
PU-AC0022-2026-01-12,AC0022,2026-01-12,32,5,0.609,0.624
PU-AC0022-2026-01-19,AC0022,2026-01-19,32,6,0.705,0.678
PU-AC0022-2026-01-26,AC0022,2026-01-26,33,5,0.609,0.489
PU-AC0022-2026-02-02,AC0022,2026-02-02,33,5,0.794,0.569
PU-AC0022-2026-02-09,AC0022,2026-02-09,31,5,0.599,0.623
PU-AC0022-2026-02-16,AC0022,2026-02-16,34,6,0.702,0.352
PU-AC0022-2026-02-23,AC0022,2026-02-23,31,5,1.0,0.752
PU-AC0022-2026-03-02,AC0022,2026-03-02,30,6,0.853,0.582
PU-AC0022-2026-03-09,AC0022,2026-03-09,31,6,0.802,0.658
PU-AC0022-2026-03-16,AC0022,2026-03-16,32,6,0.746,0.723
PU-AC0022-2026-03-23,AC0022,2026-03-23,36,6,0.746,0.6
PU-AC0022-2026-03-30,AC0022,2026-03-30,31,5,0.569,0.736
PU-AC0022-2026-04-06,AC0022,2026-04-06,32,5,0.692,0.576
PU-AC0022-2026-04-13,AC0022,2026-04-13,29,5,0.865,0.639
PU-AC0022-2026-04-20,AC0022,2026-04-20,29,5,0.68,0.664
PU-AC0022-2026-04-27,AC0022,2026-04-27,29,6,0.808,0.77
PU-AC0022-2026-05-04,AC0022,2026-05-04,30,6,0.739,0.743
PU-AC0022-2026-05-11,AC0022,2026-05-11,34,6,0.701,0.7
PU-AC0022-2026-05-18,AC0022,2026-05-18,31,5,0.648,0.528
PU-AC0022-2026-05-25,AC0022,2026-05-25,32,5,0.511,0.845
PU-AC0022-2026-06-01,AC0022,2026-06-01,33,5,0.718,0.752
PU-AC0022-2026-06-08,AC0022,2026-06-08,31,6,0.713,0.455
PU-AC0022-2026-06-15,AC0022,2026-06-15,32,5,0.852,0.591
PU-AC0022-2026-06-22,AC0022,2026-06-22,32,6,0.841,0.668
PU-AC0022-2026-06-29,AC0022,2026-06-29,30,6,0.754,0.611
PU-AC0022-2026-07-06,AC0022,2026-07-06,30,6,0.601,0.822
PU-AC0022-2026-07-13,AC0022,2026-07-13,33,5,0.733,0.794
PU-AC0022-2026-07-20,AC0022,2026-07-20,32,6,0.717,0.682
PU-AC0022-2026-07-27,AC0022,2026-07-27,31,5,0.711,0.592
PU-AC0022-2026-08-03,AC0022,2026-08-03,30,6,0.782,0.903
PU-AC0022-2026-08-10,AC0022,2026-08-10,32,5,0.71,0.913
PU-AC0022-2026-08-17,AC0022,2026-08-17,33,5,0.759,0.456
PU-AC0022-2026-08-24,AC0022,2026-08-24,31,6,0.56,0.772
PU-AC0023-2025-09-01,AC0023,2025-09-01,50,19,0.672,0.4
PU-AC0023-2025-09-08,AC0023,2025-09-08,56,18,0.664,0.98
PU-AC0023-2025-09-15,AC0023,2025-09-15,52,16,0.614,0.611
PU-AC0023-2025-09-22,AC0023,2025-09-22,52,15,0.717,0.636
PU-AC0023-2025-09-29,AC0023,2025-09-29,50,20,0.764,0.647
PU-AC0023-2025-10-06,AC0023,2025-10-06,56,16,0.482,0.617
PU-AC0023-2025-10-13,AC0023,2025-10-13,55,19,0.845,0.501
PU-AC0023-2025-10-20,AC0023,2025-10-20,56,20,0.684,0.574
PU-AC0023-2025-10-27,AC0023,2025-10-27,62,15,0.819,0.561
PU-AC0023-2025-11-03,AC0023,2025-11-03,57,17,0.664,0.795
PU-AC0023-2025-11-10,AC0023,2025-11-10,53,17,0.453,0.64
PU-AC0023-2025-11-17,AC0023,2025-11-17,53,17,0.598,0.401
PU-AC0023-2025-11-24,AC0023,2025-11-24,58,16,0.593,0.734
PU-AC0023-2025-12-01,AC0023,2025-12-01,50,17,0.576,0.6
PU-AC0023-2025-12-08,AC0023,2025-12-08,54,19,0.616,0.513
PU-AC0023-2025-12-15,AC0023,2025-12-15,49,15,0.668,0.627
PU-AC0023-2025-12-22,AC0023,2025-12-22,54,20,0.79,0.631
PU-AC0023-2025-12-29,AC0023,2025-12-29,56,17,0.7,0.463
PU-AC0023-2026-01-05,AC0023,2026-01-05,52,19,0.826,0.662
PU-AC0023-2026-01-12,AC0023,2026-01-12,55,18,0.868,0.617
PU-AC0023-2026-01-19,AC0023,2026-01-19,58,19,0.912,0.82
PU-AC0023-2026-01-26,AC0023,2026-01-26,54,17,0.701,0.561
PU-AC0023-2026-02-02,AC0023,2026-02-02,50,15,0.699,0.529
PU-AC0023-2026-02-09,AC0023,2026-02-09,53,16,0.591,0.775
PU-AC0023-2026-02-16,AC0023,2026-02-16,57,17,0.844,0.646
PU-AC0023-2026-02-23,AC0023,2026-02-23,53,15,0.74,0.98
PU-AC0023-2026-03-02,AC0023,2026-03-02,57,19,0.758,0.869
PU-AC0023-2026-03-09,AC0023,2026-03-09,53,16,0.59,0.567
PU-AC0023-2026-03-16,AC0023,2026-03-16,47,15,0.794,0.789
PU-AC0023-2026-03-23,AC0023,2026-03-23,56,17,0.704,0.54
PU-AC0023-2026-03-30,AC0023,2026-03-30,59,16,0.641,0.741
PU-AC0023-2026-04-06,AC0023,2026-04-06,54,16,0.713,0.672
PU-AC0023-2026-04-13,AC0023,2026-04-13,51,15,0.528,0.61
PU-AC0023-2026-04-20,AC0023,2026-04-20,50,19,0.755,0.731
PU-AC0023-2026-04-27,AC0023,2026-04-27,54,18,0.635,0.704
PU-AC0023-2026-05-04,AC0023,2026-05-04,55,19,0.922,0.545
PU-AC0023-2026-05-11,AC0023,2026-05-11,55,17,0.657,0.716
PU-AC0023-2026-05-18,AC0023,2026-05-18,53,20,0.598,0.554
PU-AC0023-2026-05-25,AC0023,2026-05-25,60,16,0.804,0.708
PU-AC0023-2026-06-01,AC0023,2026-06-01,57,17,0.574,0.699
PU-AC0023-2026-06-08,AC0023,2026-06-08,58,17,0.836,0.72
PU-AC0023-2026-06-15,AC0023,2026-06-15,58,20,0.784,0.521
PU-AC0023-2026-06-22,AC0023,2026-06-22,56,19,0.755,0.673
PU-AC0023-2026-06-29,AC0023,2026-06-29,53,16,0.688,0.797
PU-AC0023-2026-07-06,AC0023,2026-07-06,57,18,0.823,0.617
PU-AC0023-2026-07-13,AC0023,2026-07-13,50,18,0.697,0.791
PU-AC0023-2026-07-20,AC0023,2026-07-20,53,18,0.817,0.689
PU-AC0023-2026-07-27,AC0023,2026-07-27,58,20,0.756,0.913
PU-AC0023-2026-08-03,AC0023,2026-08-03,53,16,0.678,0.538
PU-AC0023-2026-08-10,AC0023,2026-08-10,55,16,0.689,0.612
PU-AC0023-2026-08-17,AC0023,2026-08-17,55,19,0.679,0.747
PU-AC0023-2026-08-24,AC0023,2026-08-24,55,16,0.832,0.411
PU-AC0024-2025-09-01,AC0024,2025-09-01,78,50,0.658,0.714
PU-AC0024-2025-09-08,AC0024,2025-09-08,68,46,0.623,0.638
PU-AC0024-2025-09-15,AC0024,2025-09-15,79,48,0.852,0.774
PU-AC0024-2025-09-22,AC0024,2025-09-22,76,46,0.588,0.714
PU-AC0024-2025-09-29,AC0024,2025-09-29,67,46,0.956,0.569
PU-AC0024-2025-10-06,AC0024,2025-10-06,72,44,0.72,0.572
PU-AC0024-2025-10-13,AC0024,2025-10-13,69,53,0.738,0.736
PU-AC0024-2025-10-20,AC0024,2025-10-20,67,57,0.805,0.686
PU-AC0024-2025-10-27,AC0024,2025-10-27,72,53,0.799,0.589
PU-AC0024-2025-11-03,AC0024,2025-11-03,76,46,0.688,0.448
PU-AC0024-2025-11-10,AC0024,2025-11-10,73,52,0.889,0.725
PU-AC0024-2025-11-17,AC0024,2025-11-17,78,50,0.821,0.76
PU-AC0024-2025-11-24,AC0024,2025-11-24,66,48,0.88,0.633
PU-AC0024-2025-12-01,AC0024,2025-12-01,64,55,0.659,0.54
PU-AC0024-2025-12-08,AC0024,2025-12-08,73,46,0.677,0.502
PU-AC0024-2025-12-15,AC0024,2025-12-15,63,56,0.59,0.605
PU-AC0024-2025-12-22,AC0024,2025-12-22,74,51,0.723,0.652
PU-AC0024-2025-12-29,AC0024,2025-12-29,71,46,0.515,0.7
PU-AC0024-2026-01-05,AC0024,2026-01-05,75,45,0.694,0.815
PU-AC0024-2026-01-12,AC0024,2026-01-12,75,45,0.923,0.674
PU-AC0024-2026-01-19,AC0024,2026-01-19,70,57,0.992,0.722
PU-AC0024-2026-01-26,AC0024,2026-01-26,73,53,0.679,0.665
PU-AC0024-2026-02-02,AC0024,2026-02-02,76,46,0.675,0.596
PU-AC0024-2026-02-09,AC0024,2026-02-09,69,45,0.633,0.64
PU-AC0024-2026-02-16,AC0024,2026-02-16,75,57,0.894,0.389
PU-AC0024-2026-02-23,AC0024,2026-02-23,75,50,0.582,0.739
PU-AC0024-2026-03-02,AC0024,2026-03-02,76,47,0.82,0.396
PU-AC0024-2026-03-09,AC0024,2026-03-09,71,46,0.795,0.594
PU-AC0024-2026-03-16,AC0024,2026-03-16,79,48,0.896,0.509
PU-AC0024-2026-03-23,AC0024,2026-03-23,74,54,0.759,0.535
PU-AC0024-2026-03-30,AC0024,2026-03-30,77,50,0.626,0.477
PU-AC0024-2026-04-06,AC0024,2026-04-06,71,52,0.701,0.565
PU-AC0024-2026-04-13,AC0024,2026-04-13,72,52,0.816,0.265
PU-AC0024-2026-04-20,AC0024,2026-04-20,72,47,0.603,0.771
PU-AC0024-2026-04-27,AC0024,2026-04-27,69,45,0.566,0.758
PU-AC0024-2026-05-04,AC0024,2026-05-04,78,49,0.814,0.613
PU-AC0024-2026-05-11,AC0024,2026-05-11,71,50,0.829,0.303
PU-AC0024-2026-05-18,AC0024,2026-05-18,81,46,0.644,0.716
PU-AC0024-2026-05-25,AC0024,2026-05-25,73,43,0.627,0.686
PU-AC0024-2026-06-01,AC0024,2026-06-01,81,52,0.533,0.877
PU-AC0024-2026-06-08,AC0024,2026-06-08,69,50,0.603,0.794
PU-AC0024-2026-06-15,AC0024,2026-06-15,75,54,0.695,0.566
PU-AC0024-2026-06-22,AC0024,2026-06-22,70,54,0.913,0.738
PU-AC0024-2026-06-29,AC0024,2026-06-29,72,56,0.711,0.542
PU-AC0024-2026-07-06,AC0024,2026-07-06,66,48,0.798,0.497
PU-AC0024-2026-07-13,AC0024,2026-07-13,75,51,0.653,0.675
PU-AC0024-2026-07-20,AC0024,2026-07-20,64,53,0.718,0.465
PU-AC0024-2026-07-27,AC0024,2026-07-27,71,49,0.542,0.392
PU-AC0024-2026-08-03,AC0024,2026-08-03,75,44,1.0,0.656
PU-AC0024-2026-08-10,AC0024,2026-08-10,71,51,0.856,0.573
PU-AC0024-2026-08-17,AC0024,2026-08-17,77,47,0.663,0.808
PU-AC0024-2026-08-24,AC0024,2026-08-24,70,46,0.825,0.685
PU-AC0025-2025-09-01,AC0025,2025-09-01,44,23,0.874,0.715
PU-AC0025-2025-09-08,AC0025,2025-09-08,39,25,0.722,0.591
PU-AC0025-2025-09-15,AC0025,2025-09-15,34,21,0.806,0.505
PU-AC0025-2025-09-22,AC0025,2025-09-22,41,25,0.676,0.81
PU-AC0025-2025-09-29,AC0025,2025-09-29,37,23,0.601,0.527
PU-AC0025-2025-10-06,AC0025,2025-10-06,43,24,0.538,0.521
PU-AC0025-2025-10-13,AC0025,2025-10-13,38,25,0.552,0.556
PU-AC0025-2025-10-20,AC0025,2025-10-20,41,21,0.638,0.489
PU-AC0025-2025-10-27,AC0025,2025-10-27,32,21,0.71,0.702
PU-AC0025-2025-11-03,AC0025,2025-11-03,37,21,1.0,0.532
PU-AC0025-2025-11-10,AC0025,2025-11-10,43,19,0.764,0.787
PU-AC0025-2025-11-17,AC0025,2025-11-17,40,23,0.583,0.604
PU-AC0025-2025-11-24,AC0025,2025-11-24,42,21,0.838,0.621
PU-AC0025-2025-12-01,AC0025,2025-12-01,42,20,0.807,0.726
PU-AC0025-2025-12-08,AC0025,2025-12-08,42,24,0.766,0.618
PU-AC0025-2025-12-15,AC0025,2025-12-15,42,25,0.726,0.508
PU-AC0025-2025-12-22,AC0025,2025-12-22,36,26,0.759,0.585
PU-AC0025-2025-12-29,AC0025,2025-12-29,38,26,0.633,0.633
PU-AC0025-2026-01-05,AC0025,2026-01-05,43,20,0.907,0.646
PU-AC0025-2026-01-12,AC0025,2026-01-12,40,23,1.0,0.697
PU-AC0025-2026-01-19,AC0025,2026-01-19,37,23,0.6,0.802
PU-AC0025-2026-01-26,AC0025,2026-01-26,40,20,0.593,0.673
PU-AC0025-2026-02-02,AC0025,2026-02-02,43,23,0.464,0.551
PU-AC0025-2026-02-09,AC0025,2026-02-09,36,25,0.48,0.826
PU-AC0025-2026-02-16,AC0025,2026-02-16,37,20,0.677,0.496
PU-AC0025-2026-02-23,AC0025,2026-02-23,41,21,0.943,0.791
PU-AC0025-2026-03-02,AC0025,2026-03-02,41,25,0.458,0.673
PU-AC0025-2026-03-09,AC0025,2026-03-09,42,21,0.846,0.714
PU-AC0025-2026-03-16,AC0025,2026-03-16,38,23,0.722,0.659
PU-AC0025-2026-03-23,AC0025,2026-03-23,41,25,0.81,0.747
PU-AC0025-2026-03-30,AC0025,2026-03-30,37,26,0.726,0.739
PU-AC0025-2026-04-06,AC0025,2026-04-06,38,22,0.776,0.616
PU-AC0025-2026-04-13,AC0025,2026-04-13,36,20,0.528,0.482
PU-AC0025-2026-04-20,AC0025,2026-04-20,42,23,0.911,0.726
PU-AC0025-2026-04-27,AC0025,2026-04-27,40,22,0.922,0.576
PU-AC0025-2026-05-04,AC0025,2026-05-04,41,23,0.848,0.602
PU-AC0025-2026-05-11,AC0025,2026-05-11,35,24,0.578,0.525
PU-AC0025-2026-05-18,AC0025,2026-05-18,40,23,0.55,0.824
PU-AC0025-2026-05-25,AC0025,2026-05-25,40,25,0.68,0.548
PU-AC0025-2026-06-01,AC0025,2026-06-01,38,24,0.583,0.498
PU-AC0025-2026-06-08,AC0025,2026-06-08,38,22,0.637,0.528
PU-AC0025-2026-06-15,AC0025,2026-06-15,42,22,0.698,0.403
PU-AC0025-2026-06-22,AC0025,2026-06-22,39,24,0.56,0.649
PU-AC0025-2026-06-29,AC0025,2026-06-29,37,25,0.975,0.61
PU-AC0025-2026-07-06,AC0025,2026-07-06,32,25,0.895,0.626
PU-AC0025-2026-07-13,AC0025,2026-07-13,43,20,0.742,0.609
PU-AC0025-2026-07-20,AC0025,2026-07-20,35,24,1.0,0.686
PU-AC0025-2026-07-27,AC0025,2026-07-27,42,25,0.639,0.802
PU-AC0025-2026-08-03,AC0025,2026-08-03,41,22,0.643,0.479
PU-AC0025-2026-08-10,AC0025,2026-08-10,43,25,0.764,0.902
PU-AC0025-2026-08-17,AC0025,2026-08-17,39,25,0.744,0.658
PU-AC0025-2026-08-24,AC0025,2026-08-24,42,24,0.543,0.537
PU-AC0026-2025-09-01,AC0026,2025-09-01,28,8,0.979,0.63
PU-AC0026-2025-09-08,AC0026,2025-09-08,27,8,0.484,0.791
PU-AC0026-2025-09-15,AC0026,2025-09-15,26,9,0.847,0.619
PU-AC0026-2025-09-22,AC0026,2025-09-22,28,8,0.798,0.594
PU-AC0026-2025-09-29,AC0026,2025-09-29,29,10,0.629,0.553
PU-AC0026-2025-10-06,AC0026,2025-10-06,29,10,0.712,0.523
PU-AC0026-2025-10-13,AC0026,2025-10-13,28,9,0.819,0.526
PU-AC0026-2025-10-20,AC0026,2025-10-20,25,9,0.929,0.548
PU-AC0026-2025-10-27,AC0026,2025-10-27,26,8,0.695,0.883
PU-AC0026-2025-11-03,AC0026,2025-11-03,30,10,0.62,0.572
PU-AC0026-2025-11-10,AC0026,2025-11-10,25,8,0.57,0.654
PU-AC0026-2025-11-17,AC0026,2025-11-17,31,10,0.558,0.491
PU-AC0026-2025-11-24,AC0026,2025-11-24,30,8,0.711,0.574
PU-AC0026-2025-12-01,AC0026,2025-12-01,30,10,0.653,0.786
PU-AC0026-2025-12-08,AC0026,2025-12-08,26,10,0.779,0.503
PU-AC0026-2025-12-15,AC0026,2025-12-15,24,10,0.654,0.727
PU-AC0026-2025-12-22,AC0026,2025-12-22,26,9,0.914,0.52
PU-AC0026-2025-12-29,AC0026,2025-12-29,30,9,0.583,0.744
PU-AC0026-2026-01-05,AC0026,2026-01-05,30,8,0.815,0.738
PU-AC0026-2026-01-12,AC0026,2026-01-12,26,8,0.772,0.741
PU-AC0026-2026-01-19,AC0026,2026-01-19,27,10,0.7,0.739
PU-AC0026-2026-01-26,AC0026,2026-01-26,26,9,0.67,0.724
PU-AC0026-2026-02-02,AC0026,2026-02-02,28,8,1.0,0.774
PU-AC0026-2026-02-09,AC0026,2026-02-09,29,10,0.701,0.498
PU-AC0026-2026-02-16,AC0026,2026-02-16,27,9,0.826,0.604
PU-AC0026-2026-02-23,AC0026,2026-02-23,25,10,0.981,0.413
PU-AC0026-2026-03-02,AC0026,2026-03-02,26,8,0.442,0.575
PU-AC0026-2026-03-09,AC0026,2026-03-09,25,9,0.482,0.56
PU-AC0026-2026-03-16,AC0026,2026-03-16,25,10,0.647,0.598
PU-AC0026-2026-03-23,AC0026,2026-03-23,28,8,0.699,0.643
PU-AC0026-2026-03-30,AC0026,2026-03-30,27,9,0.539,0.727
PU-AC0026-2026-04-06,AC0026,2026-04-06,32,8,0.916,0.625
PU-AC0026-2026-04-13,AC0026,2026-04-13,27,8,0.713,0.758
PU-AC0026-2026-04-20,AC0026,2026-04-20,27,9,0.702,0.383
PU-AC0026-2026-04-27,AC0026,2026-04-27,28,10,0.968,0.525
PU-AC0026-2026-05-04,AC0026,2026-05-04,29,8,0.615,0.703
PU-AC0026-2026-05-11,AC0026,2026-05-11,27,8,0.843,0.675
PU-AC0026-2026-05-18,AC0026,2026-05-18,27,9,0.769,0.82
PU-AC0026-2026-05-25,AC0026,2026-05-25,28,8,0.7,0.472
PU-AC0026-2026-06-01,AC0026,2026-06-01,28,10,0.733,0.751
PU-AC0026-2026-06-08,AC0026,2026-06-08,31,8,0.74,0.727
PU-AC0026-2026-06-15,AC0026,2026-06-15,30,9,0.651,0.652
PU-AC0026-2026-06-22,AC0026,2026-06-22,30,10,0.892,0.534
PU-AC0026-2026-06-29,AC0026,2026-06-29,28,8,0.574,0.734
PU-AC0026-2026-07-06,AC0026,2026-07-06,29,9,0.652,0.379
PU-AC0026-2026-07-13,AC0026,2026-07-13,28,10,0.84,0.523
PU-AC0026-2026-07-20,AC0026,2026-07-20,23,9,0.718,0.516
PU-AC0026-2026-07-27,AC0026,2026-07-27,28,10,0.778,0.605
PU-AC0026-2026-08-03,AC0026,2026-08-03,27,10,0.847,0.541
PU-AC0026-2026-08-10,AC0026,2026-08-10,27,10,0.649,0.908
PU-AC0026-2026-08-17,AC0026,2026-08-17,25,10,0.605,0.587
PU-AC0026-2026-08-24,AC0026,2026-08-24,26,9,0.411,0.383
PU-AC0027-2025-09-01,AC0027,2025-09-01,45,14,0.696,0.744
PU-AC0027-2025-09-08,AC0027,2025-09-08,46,17,0.681,0.709
PU-AC0027-2025-09-15,AC0027,2025-09-15,43,15,0.537,0.742
PU-AC0027-2025-09-22,AC0027,2025-09-22,47,18,0.71,0.396
PU-AC0027-2025-09-29,AC0027,2025-09-29,48,16,0.676,0.691
PU-AC0027-2025-10-06,AC0027,2025-10-06,45,14,0.723,0.605
PU-AC0027-2025-10-13,AC0027,2025-10-13,44,16,0.771,0.659
PU-AC0027-2025-10-20,AC0027,2025-10-20,47,16,0.811,0.388
PU-AC0027-2025-10-27,AC0027,2025-10-27,45,15,0.68,0.697
PU-AC0027-2025-11-03,AC0027,2025-11-03,42,14,0.914,0.747
PU-AC0027-2025-11-10,AC0027,2025-11-10,51,14,0.534,0.558
PU-AC0027-2025-11-17,AC0027,2025-11-17,39,18,0.743,0.722
PU-AC0027-2025-11-24,AC0027,2025-11-24,40,18,0.645,0.554
PU-AC0027-2025-12-01,AC0027,2025-12-01,47,18,0.514,0.523
PU-AC0027-2025-12-08,AC0027,2025-12-08,43,14,0.74,0.382
PU-AC0027-2025-12-15,AC0027,2025-12-15,39,18,0.745,0.567
PU-AC0027-2025-12-22,AC0027,2025-12-22,48,18,0.673,0.587
PU-AC0027-2025-12-29,AC0027,2025-12-29,44,14,0.729,0.775
PU-AC0027-2026-01-05,AC0027,2026-01-05,45,18,0.751,0.65
PU-AC0027-2026-01-12,AC0027,2026-01-12,45,15,0.727,0.71
PU-AC0027-2026-01-19,AC0027,2026-01-19,44,16,0.653,0.678
PU-AC0027-2026-01-26,AC0027,2026-01-26,46,15,0.548,0.757
PU-AC0027-2026-02-02,AC0027,2026-02-02,48,14,0.587,0.753
PU-AC0027-2026-02-09,AC0027,2026-02-09,41,16,0.589,0.6
PU-AC0027-2026-02-16,AC0027,2026-02-16,48,15,0.681,0.65
PU-AC0027-2026-02-23,AC0027,2026-02-23,45,14,0.817,0.589
PU-AC0027-2026-03-02,AC0027,2026-03-02,45,15,0.555,0.715
PU-AC0027-2026-03-09,AC0027,2026-03-09,42,17,0.578,0.734
PU-AC0027-2026-03-16,AC0027,2026-03-16,44,16,0.614,0.644
PU-AC0027-2026-03-23,AC0027,2026-03-23,41,18,0.608,0.397
PU-AC0027-2026-03-30,AC0027,2026-03-30,48,17,0.845,0.901
PU-AC0027-2026-04-06,AC0027,2026-04-06,46,14,0.747,0.571
PU-AC0027-2026-04-13,AC0027,2026-04-13,45,17,0.62,0.539
PU-AC0027-2026-04-20,AC0027,2026-04-20,41,17,0.572,0.582
PU-AC0027-2026-04-27,AC0027,2026-04-27,42,18,0.777,0.514
PU-AC0027-2026-05-04,AC0027,2026-05-04,44,17,0.493,0.663
PU-AC0027-2026-05-11,AC0027,2026-05-11,39,15,0.641,0.584
PU-AC0027-2026-05-18,AC0027,2026-05-18,41,15,0.858,0.789
PU-AC0027-2026-05-25,AC0027,2026-05-25,48,18,0.721,0.881
PU-AC0027-2026-06-01,AC0027,2026-06-01,47,15,0.876,0.524
PU-AC0027-2026-06-08,AC0027,2026-06-08,47,17,0.967,0.606
PU-AC0027-2026-06-15,AC0027,2026-06-15,44,14,0.586,0.779
PU-AC0027-2026-06-22,AC0027,2026-06-22,41,16,0.764,0.98
PU-AC0027-2026-06-29,AC0027,2026-06-29,44,16,0.469,0.633
PU-AC0027-2026-07-06,AC0027,2026-07-06,39,16,0.613,0.781
PU-AC0027-2026-07-13,AC0027,2026-07-13,41,18,0.608,0.561
PU-AC0027-2026-07-20,AC0027,2026-07-20,45,16,0.612,0.709
PU-AC0027-2026-07-27,AC0027,2026-07-27,41,14,0.876,0.978
PU-AC0027-2026-08-03,AC0027,2026-08-03,45,15,0.798,0.604
PU-AC0027-2026-08-10,AC0027,2026-08-10,40,18,0.729,0.799
PU-AC0027-2026-08-17,AC0027,2026-08-17,43,17,0.9,0.701
PU-AC0027-2026-08-24,AC0027,2026-08-24,45,14,0.669,0.701
PU-AC0028-2025-09-01,AC0028,2025-09-01,30,6,0.965,0.63
PU-AC0028-2025-09-08,AC0028,2025-09-08,31,9,0.762,0.78
PU-AC0028-2025-09-15,AC0028,2025-09-15,32,8,0.74,0.707
PU-AC0028-2025-09-22,AC0028,2025-09-22,32,7,0.569,0.5
PU-AC0028-2025-09-29,AC0028,2025-09-29,30,8,0.682,0.611
PU-AC0028-2025-10-06,AC0028,2025-10-06,30,6,0.723,0.633
PU-AC0028-2025-10-13,AC0028,2025-10-13,31,7,0.668,0.663
PU-AC0028-2025-10-20,AC0028,2025-10-20,31,8,0.771,0.743
PU-AC0028-2025-10-27,AC0028,2025-10-27,29,7,0.627,0.651
PU-AC0028-2025-11-03,AC0028,2025-11-03,35,8,0.706,0.711
PU-AC0028-2025-11-10,AC0028,2025-11-10,31,7,0.721,0.556
PU-AC0028-2025-11-17,AC0028,2025-11-17,32,8,0.781,0.597
PU-AC0028-2025-11-24,AC0028,2025-11-24,28,7,0.751,0.713
PU-AC0028-2025-12-01,AC0028,2025-12-01,30,8,0.466,0.62
PU-AC0028-2025-12-08,AC0028,2025-12-08,33,8,0.759,0.794
PU-AC0028-2025-12-15,AC0028,2025-12-15,29,8,0.802,0.755
PU-AC0028-2025-12-22,AC0028,2025-12-22,32,7,0.663,0.543
PU-AC0028-2025-12-29,AC0028,2025-12-29,28,8,0.703,0.488
PU-AC0028-2026-01-05,AC0028,2026-01-05,29,7,0.719,0.69
PU-AC0028-2026-01-12,AC0028,2026-01-12,31,7,0.759,0.698
PU-AC0028-2026-01-19,AC0028,2026-01-19,33,8,0.659,0.435
PU-AC0028-2026-01-26,AC0028,2026-01-26,30,8,0.615,0.67
PU-AC0028-2026-02-02,AC0028,2026-02-02,30,8,1.0,0.423
PU-AC0028-2026-02-09,AC0028,2026-02-09,31,8,0.534,0.672
PU-AC0028-2026-02-16,AC0028,2026-02-16,33,6,0.755,0.452
PU-AC0028-2026-02-23,AC0028,2026-02-23,33,7,0.525,0.497
PU-AC0028-2026-03-02,AC0028,2026-03-02,29,8,0.813,0.832
PU-AC0028-2026-03-09,AC0028,2026-03-09,32,7,0.551,0.582
PU-AC0028-2026-03-16,AC0028,2026-03-16,30,8,0.811,0.541
PU-AC0028-2026-03-23,AC0028,2026-03-23,33,8,0.863,0.772
PU-AC0028-2026-03-30,AC0028,2026-03-30,26,7,0.694,0.691
PU-AC0028-2026-04-06,AC0028,2026-04-06,33,7,0.733,0.658
PU-AC0028-2026-04-13,AC0028,2026-04-13,28,8,0.647,0.522
PU-AC0028-2026-04-20,AC0028,2026-04-20,29,8,0.787,0.607
PU-AC0028-2026-04-27,AC0028,2026-04-27,31,8,0.748,0.665
PU-AC0028-2026-05-04,AC0028,2026-05-04,31,8,0.797,0.596
PU-AC0028-2026-05-11,AC0028,2026-05-11,30,6,0.868,0.578
PU-AC0028-2026-05-18,AC0028,2026-05-18,31,8,0.644,0.675
PU-AC0028-2026-05-25,AC0028,2026-05-25,29,8,0.874,0.51
PU-AC0028-2026-06-01,AC0028,2026-06-01,30,7,0.743,0.516
PU-AC0028-2026-06-08,AC0028,2026-06-08,30,8,0.651,0.661
PU-AC0028-2026-06-15,AC0028,2026-06-15,28,8,0.577,0.562
PU-AC0028-2026-06-22,AC0028,2026-06-22,32,6,0.874,0.897
PU-AC0028-2026-06-29,AC0028,2026-06-29,30,8,0.877,0.678
PU-AC0028-2026-07-06,AC0028,2026-07-06,29,6,0.782,0.542
PU-AC0028-2026-07-13,AC0028,2026-07-13,31,8,0.809,0.704
PU-AC0028-2026-07-20,AC0028,2026-07-20,28,8,0.582,0.601
PU-AC0028-2026-07-27,AC0028,2026-07-27,33,8,0.657,0.515
PU-AC0028-2026-08-03,AC0028,2026-08-03,32,7,0.723,0.507
PU-AC0028-2026-08-10,AC0028,2026-08-10,29,8,0.756,0.481
PU-AC0028-2026-08-17,AC0028,2026-08-17,33,7,0.766,0.54
PU-AC0028-2026-08-24,AC0028,2026-08-24,29,8,0.784,0.859
PU-AC0029-2025-09-01,AC0029,2025-09-01,28,5,0.836,0.796
PU-AC0029-2025-09-08,AC0029,2025-09-08,28,7,0.829,0.509
PU-AC0029-2025-09-15,AC0029,2025-09-15,31,7,0.787,0.594
PU-AC0029-2025-09-22,AC0029,2025-09-22,28,5,0.638,0.396
PU-AC0029-2025-09-29,AC0029,2025-09-29,29,5,0.525,0.697
PU-AC0029-2025-10-06,AC0029,2025-10-06,27,5,0.66,0.66
PU-AC0029-2025-10-13,AC0029,2025-10-13,26,5,0.678,0.737
PU-AC0029-2025-10-20,AC0029,2025-10-20,28,5,0.922,0.557
PU-AC0029-2025-10-27,AC0029,2025-10-27,30,5,0.7,0.625
PU-AC0029-2025-11-03,AC0029,2025-11-03,29,6,0.741,0.774
PU-AC0029-2025-11-10,AC0029,2025-11-10,31,6,0.735,0.703
PU-AC0029-2025-11-17,AC0029,2025-11-17,26,5,0.607,0.368
PU-AC0029-2025-11-24,AC0029,2025-11-24,30,7,0.693,0.98
PU-AC0029-2025-12-01,AC0029,2025-12-01,29,6,0.732,0.7
PU-AC0029-2025-12-08,AC0029,2025-12-08,28,5,0.724,0.729
PU-AC0029-2025-12-15,AC0029,2025-12-15,28,7,0.723,0.688
PU-AC0029-2025-12-22,AC0029,2025-12-22,29,6,0.772,0.59
PU-AC0029-2025-12-29,AC0029,2025-12-29,25,7,0.775,0.612
PU-AC0029-2026-01-05,AC0029,2026-01-05,29,6,0.622,0.588
PU-AC0029-2026-01-12,AC0029,2026-01-12,31,7,0.55,0.755
PU-AC0029-2026-01-19,AC0029,2026-01-19,26,6,0.828,0.779
PU-AC0029-2026-01-26,AC0029,2026-01-26,28,6,0.604,0.848
PU-AC0029-2026-02-02,AC0029,2026-02-02,29,5,0.739,0.512
PU-AC0029-2026-02-09,AC0029,2026-02-09,29,6,0.694,0.821
PU-AC0029-2026-02-16,AC0029,2026-02-16,26,6,0.857,0.799
PU-AC0029-2026-02-23,AC0029,2026-02-23,28,6,0.936,0.467
PU-AC0029-2026-03-02,AC0029,2026-03-02,23,6,0.563,0.873
PU-AC0029-2026-03-09,AC0029,2026-03-09,30,6,0.743,0.559
PU-AC0029-2026-03-16,AC0029,2026-03-16,28,6,0.793,0.788
PU-AC0029-2026-03-23,AC0029,2026-03-23,28,7,0.689,0.471
PU-AC0029-2026-03-30,AC0029,2026-03-30,26,5,0.519,0.91
PU-AC0029-2026-04-06,AC0029,2026-04-06,29,5,0.424,0.536
PU-AC0029-2026-04-13,AC0029,2026-04-13,29,5,0.612,0.756
PU-AC0029-2026-04-20,AC0029,2026-04-20,29,6,0.567,0.737
PU-AC0029-2026-04-27,AC0029,2026-04-27,28,5,0.871,0.391
PU-AC0029-2026-05-04,AC0029,2026-05-04,31,6,0.693,0.764
PU-AC0029-2026-05-11,AC0029,2026-05-11,25,6,0.893,0.603
PU-AC0029-2026-05-18,AC0029,2026-05-18,26,7,0.815,0.432
PU-AC0029-2026-05-25,AC0029,2026-05-25,29,6,0.817,0.766
PU-AC0029-2026-06-01,AC0029,2026-06-01,29,5,0.544,0.595
PU-AC0029-2026-06-08,AC0029,2026-06-08,26,7,0.504,0.644
PU-AC0029-2026-06-15,AC0029,2026-06-15,27,6,0.93,0.634
PU-AC0029-2026-06-22,AC0029,2026-06-22,29,6,0.702,0.802
PU-AC0029-2026-06-29,AC0029,2026-06-29,29,6,0.745,0.585
PU-AC0029-2026-07-06,AC0029,2026-07-06,30,7,0.715,0.447
PU-AC0029-2026-07-13,AC0029,2026-07-13,25,6,0.85,0.552
PU-AC0029-2026-07-20,AC0029,2026-07-20,28,5,0.913,0.495
PU-AC0029-2026-07-27,AC0029,2026-07-27,26,7,0.864,0.754
PU-AC0029-2026-08-03,AC0029,2026-08-03,31,6,0.637,0.601
PU-AC0029-2026-08-10,AC0029,2026-08-10,31,6,0.624,0.678
PU-AC0029-2026-08-17,AC0029,2026-08-17,29,5,0.713,0.491
PU-AC0029-2026-08-24,AC0029,2026-08-24,26,6,0.752,0.533
PU-AC0030-2025-09-01,AC0030,2025-09-01,68,41,0.861,0.632
PU-AC0030-2025-09-08,AC0030,2025-09-08,69,31,0.955,0.749
PU-AC0030-2025-09-15,AC0030,2025-09-15,69,40,0.675,0.722
PU-AC0030-2025-09-22,AC0030,2025-09-22,76,34,0.841,0.729
PU-AC0030-2025-09-29,AC0030,2025-09-29,75,36,0.627,0.724
PU-AC0030-2025-10-06,AC0030,2025-10-06,72,33,0.696,0.595
PU-AC0030-2025-10-13,AC0030,2025-10-13,70,34,0.8,0.7
PU-AC0030-2025-10-20,AC0030,2025-10-20,77,38,0.497,0.573
PU-AC0030-2025-10-27,AC0030,2025-10-27,63,39,0.696,0.771
PU-AC0030-2025-11-03,AC0030,2025-11-03,66,31,0.788,0.673
PU-AC0030-2025-11-10,AC0030,2025-11-10,76,40,0.968,0.461
PU-AC0030-2025-11-17,AC0030,2025-11-17,75,33,0.844,0.757
PU-AC0030-2025-11-24,AC0030,2025-11-24,67,41,0.563,0.613
PU-AC0030-2025-12-01,AC0030,2025-12-01,68,31,0.671,0.661
PU-AC0030-2025-12-08,AC0030,2025-12-08,75,34,0.775,0.319
PU-AC0030-2025-12-15,AC0030,2025-12-15,74,33,0.644,0.749
PU-AC0030-2025-12-22,AC0030,2025-12-22,68,33,0.8,0.764
PU-AC0030-2025-12-29,AC0030,2025-12-29,64,35,0.623,0.73
PU-AC0030-2026-01-05,AC0030,2026-01-05,65,39,0.89,0.545
PU-AC0030-2026-01-12,AC0030,2026-01-12,75,39,0.641,0.646
PU-AC0030-2026-01-19,AC0030,2026-01-19,74,40,0.712,0.676
PU-AC0030-2026-01-26,AC0030,2026-01-26,69,39,0.694,0.413
PU-AC0030-2026-02-02,AC0030,2026-02-02,69,31,0.929,0.707
PU-AC0030-2026-02-09,AC0030,2026-02-09,73,37,0.643,0.801
PU-AC0030-2026-02-16,AC0030,2026-02-16,74,34,0.588,0.381
PU-AC0030-2026-02-23,AC0030,2026-02-23,66,40,0.801,0.568
PU-AC0030-2026-03-02,AC0030,2026-03-02,69,31,0.63,0.595
PU-AC0030-2026-03-09,AC0030,2026-03-09,72,34,0.773,0.414
PU-AC0030-2026-03-16,AC0030,2026-03-16,72,40,0.928,0.622
PU-AC0030-2026-03-23,AC0030,2026-03-23,73,38,0.779,0.679
PU-AC0030-2026-03-30,AC0030,2026-03-30,78,34,0.419,0.585
PU-AC0030-2026-04-06,AC0030,2026-04-06,74,33,0.564,0.56
PU-AC0030-2026-04-13,AC0030,2026-04-13,67,33,0.742,0.617
PU-AC0030-2026-04-20,AC0030,2026-04-20,75,38,0.683,0.579
PU-AC0030-2026-04-27,AC0030,2026-04-27,74,34,0.804,0.63
PU-AC0030-2026-05-04,AC0030,2026-05-04,74,32,0.897,0.772
PU-AC0030-2026-05-11,AC0030,2026-05-11,73,30,0.674,0.371
PU-AC0030-2026-05-18,AC0030,2026-05-18,71,38,0.831,0.571
PU-AC0030-2026-05-25,AC0030,2026-05-25,77,41,0.771,0.635
PU-AC0030-2026-06-01,AC0030,2026-06-01,71,31,0.805,0.575
PU-AC0030-2026-06-08,AC0030,2026-06-08,72,36,0.658,0.501
PU-AC0030-2026-06-15,AC0030,2026-06-15,83,39,0.672,0.539
PU-AC0030-2026-06-22,AC0030,2026-06-22,78,34,0.832,0.611
PU-AC0030-2026-06-29,AC0030,2026-06-29,76,34,0.727,0.572
PU-AC0030-2026-07-06,AC0030,2026-07-06,69,33,0.761,0.563
PU-AC0030-2026-07-13,AC0030,2026-07-13,77,33,0.595,0.717
PU-AC0030-2026-07-20,AC0030,2026-07-20,71,39,0.946,0.689
PU-AC0030-2026-07-27,AC0030,2026-07-27,68,36,0.552,0.217
PU-AC0030-2026-08-03,AC0030,2026-08-03,72,31,0.735,0.839
PU-AC0030-2026-08-10,AC0030,2026-08-10,77,32,0.808,0.484
PU-AC0030-2026-08-17,AC0030,2026-08-17,70,31,0.685,0.588
PU-AC0030-2026-08-24,AC0030,2026-08-24,75,30,0.64,0.489
PU-AC0031-2025-09-01,AC0031,2025-09-01,31,7,0.589,0.548
PU-AC0031-2025-09-08,AC0031,2025-09-08,33,7,0.869,0.546
PU-AC0031-2025-09-15,AC0031,2025-09-15,35,8,0.81,0.823
PU-AC0031-2025-09-22,AC0031,2025-09-22,31,7,0.714,0.726
PU-AC0031-2025-09-29,AC0031,2025-09-29,32,9,0.75,0.537
PU-AC0031-2025-10-06,AC0031,2025-10-06,35,7,0.757,0.661
PU-AC0031-2025-10-13,AC0031,2025-10-13,31,7,0.77,0.51
PU-AC0031-2025-10-20,AC0031,2025-10-20,31,8,0.754,0.386
PU-AC0031-2025-10-27,AC0031,2025-10-27,30,7,0.681,0.687
PU-AC0031-2025-11-03,AC0031,2025-11-03,31,7,0.862,0.475
PU-AC0031-2025-11-10,AC0031,2025-11-10,31,8,0.924,0.822
PU-AC0031-2025-11-17,AC0031,2025-11-17,30,6,0.875,0.577
PU-AC0031-2025-11-24,AC0031,2025-11-24,33,7,0.826,0.591
PU-AC0031-2025-12-01,AC0031,2025-12-01,30,7,0.304,0.597
PU-AC0031-2025-12-08,AC0031,2025-12-08,34,8,0.52,0.816
PU-AC0031-2025-12-15,AC0031,2025-12-15,32,7,0.717,0.816
PU-AC0031-2025-12-22,AC0031,2025-12-22,30,6,0.774,0.68
PU-AC0031-2025-12-29,AC0031,2025-12-29,30,7,0.821,0.719
PU-AC0031-2026-01-05,AC0031,2026-01-05,31,9,0.753,0.73
PU-AC0031-2026-01-12,AC0031,2026-01-12,32,7,0.892,0.599
PU-AC0031-2026-01-19,AC0031,2026-01-19,32,8,0.611,0.513
PU-AC0031-2026-01-26,AC0031,2026-01-26,33,6,0.951,0.265
PU-AC0031-2026-02-02,AC0031,2026-02-02,31,8,0.679,0.737
PU-AC0031-2026-02-09,AC0031,2026-02-09,33,8,0.698,0.725
PU-AC0031-2026-02-16,AC0031,2026-02-16,31,8,0.594,0.519
PU-AC0031-2026-02-23,AC0031,2026-02-23,33,8,0.781,0.871
PU-AC0031-2026-03-02,AC0031,2026-03-02,31,7,0.569,0.381
PU-AC0031-2026-03-09,AC0031,2026-03-09,34,7,0.661,0.512
PU-AC0031-2026-03-16,AC0031,2026-03-16,34,7,0.947,0.708
PU-AC0031-2026-03-23,AC0031,2026-03-23,32,8,0.912,0.632
PU-AC0031-2026-03-30,AC0031,2026-03-30,31,9,0.842,0.923
PU-AC0031-2026-04-06,AC0031,2026-04-06,27,9,0.671,0.772
PU-AC0031-2026-04-13,AC0031,2026-04-13,34,9,0.879,0.62
PU-AC0031-2026-04-20,AC0031,2026-04-20,34,7,0.954,0.608
PU-AC0031-2026-04-27,AC0031,2026-04-27,33,8,0.995,0.505
PU-AC0031-2026-05-04,AC0031,2026-05-04,30,8,0.665,0.514
PU-AC0031-2026-05-11,AC0031,2026-05-11,34,7,0.512,0.671
PU-AC0031-2026-05-18,AC0031,2026-05-18,34,8,0.594,0.773
PU-AC0031-2026-05-25,AC0031,2026-05-25,33,8,0.715,0.398
PU-AC0031-2026-06-01,AC0031,2026-06-01,34,7,0.66,0.791
PU-AC0031-2026-06-08,AC0031,2026-06-08,34,8,0.666,0.776
PU-AC0031-2026-06-15,AC0031,2026-06-15,31,8,0.636,0.624
PU-AC0031-2026-06-22,AC0031,2026-06-22,32,7,0.709,0.597
PU-AC0031-2026-06-29,AC0031,2026-06-29,33,7,0.638,0.821
PU-AC0031-2026-07-06,AC0031,2026-07-06,36,9,0.664,0.822
PU-AC0031-2026-07-13,AC0031,2026-07-13,31,7,0.717,0.413
PU-AC0031-2026-07-20,AC0031,2026-07-20,29,7,0.679,0.757
PU-AC0031-2026-07-27,AC0031,2026-07-27,34,7,0.52,0.679
PU-AC0031-2026-08-03,AC0031,2026-08-03,29,9,0.788,0.5
PU-AC0031-2026-08-10,AC0031,2026-08-10,30,7,0.753,0.743
PU-AC0031-2026-08-17,AC0031,2026-08-17,33,9,0.745,0.536
PU-AC0031-2026-08-24,AC0031,2026-08-24,33,8,0.799,0.536
PU-AC0032-2025-09-01,AC0032,2025-09-01,31,10,0.782,0.601
PU-AC0032-2025-09-08,AC0032,2025-09-08,26,9,0.833,0.793
PU-AC0032-2025-09-15,AC0032,2025-09-15,30,8,0.734,0.61
PU-AC0032-2025-09-22,AC0032,2025-09-22,23,7,0.51,0.54
PU-AC0032-2025-09-29,AC0032,2025-09-29,27,10,0.728,0.587
PU-AC0032-2025-10-06,AC0032,2025-10-06,28,8,0.59,0.611
PU-AC0032-2025-10-13,AC0032,2025-10-13,31,10,0.847,0.803
PU-AC0032-2025-10-20,AC0032,2025-10-20,29,9,0.683,0.53
PU-AC0032-2025-10-27,AC0032,2025-10-27,27,10,0.841,0.575
PU-AC0032-2025-11-03,AC0032,2025-11-03,23,8,0.597,0.583
PU-AC0032-2025-11-10,AC0032,2025-11-10,30,9,0.714,0.636
PU-AC0032-2025-11-17,AC0032,2025-11-17,26,9,0.437,0.725
PU-AC0032-2025-11-24,AC0032,2025-11-24,28,7,0.731,0.452
PU-AC0032-2025-12-01,AC0032,2025-12-01,24,9,0.683,0.597
PU-AC0032-2025-12-08,AC0032,2025-12-08,29,9,0.868,0.418
PU-AC0032-2025-12-15,AC0032,2025-12-15,29,9,0.773,0.69
PU-AC0032-2025-12-22,AC0032,2025-12-22,27,7,0.765,0.384
PU-AC0032-2025-12-29,AC0032,2025-12-29,29,8,0.818,0.483
PU-AC0032-2026-01-05,AC0032,2026-01-05,28,9,0.71,0.553
PU-AC0032-2026-01-12,AC0032,2026-01-12,29,7,0.482,0.623
PU-AC0032-2026-01-19,AC0032,2026-01-19,25,8,0.694,0.525
PU-AC0032-2026-01-26,AC0032,2026-01-26,25,9,0.604,0.549
PU-AC0032-2026-02-02,AC0032,2026-02-02,26,7,0.615,0.688
PU-AC0032-2026-02-09,AC0032,2026-02-09,26,9,0.491,0.689
PU-AC0032-2026-02-16,AC0032,2026-02-16,28,9,0.641,0.478
PU-AC0032-2026-02-23,AC0032,2026-02-23,24,7,0.918,0.638
PU-AC0032-2026-03-02,AC0032,2026-03-02,27,9,0.729,0.551
PU-AC0032-2026-03-09,AC0032,2026-03-09,28,9,0.673,0.506
PU-AC0032-2026-03-16,AC0032,2026-03-16,26,9,0.503,0.612
PU-AC0032-2026-03-23,AC0032,2026-03-23,29,10,0.729,0.85
PU-AC0032-2026-03-30,AC0032,2026-03-30,26,9,0.753,0.67
PU-AC0032-2026-04-06,AC0032,2026-04-06,27,9,0.773,0.704
PU-AC0032-2026-04-13,AC0032,2026-04-13,25,8,0.623,0.433
PU-AC0032-2026-04-20,AC0032,2026-04-20,27,10,0.768,0.645
PU-AC0032-2026-04-27,AC0032,2026-04-27,28,10,0.881,0.771
PU-AC0032-2026-05-04,AC0032,2026-05-04,27,8,0.571,0.401
PU-AC0032-2026-05-11,AC0032,2026-05-11,31,9,0.94,0.7
PU-AC0032-2026-05-18,AC0032,2026-05-18,27,9,0.929,0.502
PU-AC0032-2026-05-25,AC0032,2026-05-25,26,8,0.72,0.764
PU-AC0032-2026-06-01,AC0032,2026-06-01,27,8,0.718,0.721
PU-AC0032-2026-06-08,AC0032,2026-06-08,28,7,0.597,0.98
PU-AC0032-2026-06-15,AC0032,2026-06-15,29,7,0.72,0.472
PU-AC0032-2026-06-22,AC0032,2026-06-22,25,8,0.755,0.848
PU-AC0032-2026-06-29,AC0032,2026-06-29,26,8,0.559,0.776
PU-AC0032-2026-07-06,AC0032,2026-07-06,28,7,1.0,0.562
PU-AC0032-2026-07-13,AC0032,2026-07-13,27,10,0.585,0.337
PU-AC0032-2026-07-20,AC0032,2026-07-20,29,9,0.543,0.805
PU-AC0032-2026-07-27,AC0032,2026-07-27,29,10,0.768,0.749
PU-AC0032-2026-08-03,AC0032,2026-08-03,28,9,0.574,0.744
PU-AC0032-2026-08-10,AC0032,2026-08-10,28,9,0.859,0.777
PU-AC0032-2026-08-17,AC0032,2026-08-17,28,9,0.728,0.836
PU-AC0032-2026-08-24,AC0032,2026-08-24,29,8,0.614,0.881
PU-AC0033-2025-09-01,AC0033,2025-09-01,44,21,0.721,0.279
PU-AC0033-2025-09-08,AC0033,2025-09-08,40,20,0.517,0.564
PU-AC0033-2025-09-15,AC0033,2025-09-15,42,21,0.626,0.817
PU-AC0033-2025-09-22,AC0033,2025-09-22,45,22,0.742,0.688
PU-AC0033-2025-09-29,AC0033,2025-09-29,41,24,0.795,0.583
PU-AC0033-2025-10-06,AC0033,2025-10-06,46,21,0.892,0.551
PU-AC0033-2025-10-13,AC0033,2025-10-13,47,20,0.654,0.56
PU-AC0033-2025-10-20,AC0033,2025-10-20,45,21,0.635,0.659
PU-AC0033-2025-10-27,AC0033,2025-10-27,45,25,0.73,0.568
PU-AC0033-2025-11-03,AC0033,2025-11-03,43,23,0.6,0.805
PU-AC0033-2025-11-10,AC0033,2025-11-10,42,24,0.651,0.783
PU-AC0033-2025-11-17,AC0033,2025-11-17,42,21,0.692,0.483
PU-AC0033-2025-11-24,AC0033,2025-11-24,42,20,0.716,0.629
PU-AC0033-2025-12-01,AC0033,2025-12-01,43,21,0.721,0.71
PU-AC0033-2025-12-08,AC0033,2025-12-08,39,21,0.876,0.64
PU-AC0033-2025-12-15,AC0033,2025-12-15,42,22,0.776,0.562
PU-AC0033-2025-12-22,AC0033,2025-12-22,37,20,0.708,0.847
PU-AC0033-2025-12-29,AC0033,2025-12-29,44,21,0.734,0.444
PU-AC0033-2026-01-05,AC0033,2026-01-05,44,23,0.608,0.447
PU-AC0033-2026-01-12,AC0033,2026-01-12,45,20,0.626,0.782
PU-AC0033-2026-01-19,AC0033,2026-01-19,39,23,0.691,0.543
PU-AC0033-2026-01-26,AC0033,2026-01-26,44,22,0.802,0.342
PU-AC0033-2026-02-02,AC0033,2026-02-02,44,20,0.858,0.727
PU-AC0033-2026-02-09,AC0033,2026-02-09,46,21,0.831,0.556
PU-AC0033-2026-02-16,AC0033,2026-02-16,41,21,0.862,0.615
PU-AC0033-2026-02-23,AC0033,2026-02-23,43,20,0.697,0.61
PU-AC0033-2026-03-02,AC0033,2026-03-02,44,24,0.721,0.645
PU-AC0033-2026-03-09,AC0033,2026-03-09,41,23,0.735,0.638
PU-AC0033-2026-03-16,AC0033,2026-03-16,48,20,0.556,0.436
PU-AC0033-2026-03-23,AC0033,2026-03-23,42,25,0.79,0.706
PU-AC0033-2026-03-30,AC0033,2026-03-30,45,20,0.783,0.883
PU-AC0033-2026-04-06,AC0033,2026-04-06,42,24,0.607,0.736
PU-AC0033-2026-04-13,AC0033,2026-04-13,40,25,0.744,0.369
PU-AC0033-2026-04-20,AC0033,2026-04-20,45,19,0.707,0.552
PU-AC0033-2026-04-27,AC0033,2026-04-27,40,22,0.673,0.681
PU-AC0033-2026-05-04,AC0033,2026-05-04,42,21,0.729,0.971
PU-AC0033-2026-05-11,AC0033,2026-05-11,38,20,0.758,0.706
PU-AC0033-2026-05-18,AC0033,2026-05-18,37,25,0.637,0.683
PU-AC0033-2026-05-25,AC0033,2026-05-25,42,20,0.585,0.834
PU-AC0033-2026-06-01,AC0033,2026-06-01,45,20,0.734,0.657
PU-AC0033-2026-06-08,AC0033,2026-06-08,43,24,0.981,0.587
PU-AC0033-2026-06-15,AC0033,2026-06-15,46,20,0.914,0.567
PU-AC0033-2026-06-22,AC0033,2026-06-22,43,20,0.693,0.506
PU-AC0033-2026-06-29,AC0033,2026-06-29,47,24,0.837,0.564
PU-AC0033-2026-07-06,AC0033,2026-07-06,41,25,0.636,0.644
PU-AC0033-2026-07-13,AC0033,2026-07-13,44,21,0.58,0.593
PU-AC0033-2026-07-20,AC0033,2026-07-20,45,25,0.808,0.647
PU-AC0033-2026-07-27,AC0033,2026-07-27,42,21,0.857,0.557
PU-AC0033-2026-08-03,AC0033,2026-08-03,44,24,0.583,0.659
PU-AC0033-2026-08-10,AC0033,2026-08-10,47,20,0.894,0.356
PU-AC0033-2026-08-17,AC0033,2026-08-17,46,22,0.912,0.543
PU-AC0033-2026-08-24,AC0033,2026-08-24,42,24,0.884,0.778
PU-AC0034-2025-09-01,AC0034,2025-09-01,24,6,0.808,0.437
PU-AC0034-2025-09-08,AC0034,2025-09-08,25,7,0.78,0.756
PU-AC0034-2025-09-15,AC0034,2025-09-15,18,7,0.829,0.72
PU-AC0034-2025-09-22,AC0034,2025-09-22,25,7,0.656,0.801
PU-AC0034-2025-09-29,AC0034,2025-09-29,22,6,0.73,0.748
PU-AC0034-2025-10-06,AC0034,2025-10-06,21,7,0.882,0.964
PU-AC0034-2025-10-13,AC0034,2025-10-13,21,6,0.681,0.905
PU-AC0034-2025-10-20,AC0034,2025-10-20,22,7,0.738,0.611
PU-AC0034-2025-10-27,AC0034,2025-10-27,25,6,0.92,0.773
PU-AC0034-2025-11-03,AC0034,2025-11-03,23,6,0.607,0.65
PU-AC0034-2025-11-10,AC0034,2025-11-10,23,7,0.85,0.522
PU-AC0034-2025-11-17,AC0034,2025-11-17,22,6,0.605,0.534
PU-AC0034-2025-11-24,AC0034,2025-11-24,22,7,0.726,0.814
PU-AC0034-2025-12-01,AC0034,2025-12-01,20,7,0.695,0.499
PU-AC0034-2025-12-08,AC0034,2025-12-08,20,7,0.523,0.98
PU-AC0034-2025-12-15,AC0034,2025-12-15,20,6,0.639,0.596
PU-AC0034-2025-12-22,AC0034,2025-12-22,21,7,0.556,0.508
PU-AC0034-2025-12-29,AC0034,2025-12-29,24,7,0.825,0.756
PU-AC0034-2026-01-05,AC0034,2026-01-05,23,6,0.669,0.615
PU-AC0034-2026-01-12,AC0034,2026-01-12,23,7,0.733,0.414
PU-AC0034-2026-01-19,AC0034,2026-01-19,23,7,0.63,0.665
PU-AC0034-2026-01-26,AC0034,2026-01-26,25,6,0.741,0.688
PU-AC0034-2026-02-02,AC0034,2026-02-02,24,7,0.799,0.855
PU-AC0034-2026-02-09,AC0034,2026-02-09,22,7,0.762,0.693
PU-AC0034-2026-02-16,AC0034,2026-02-16,22,6,0.667,0.668
PU-AC0034-2026-02-23,AC0034,2026-02-23,21,7,0.704,0.507
PU-AC0034-2026-03-02,AC0034,2026-03-02,25,7,0.734,0.572
PU-AC0034-2026-03-09,AC0034,2026-03-09,21,7,0.683,0.817
PU-AC0034-2026-03-16,AC0034,2026-03-16,20,7,0.714,0.56
PU-AC0034-2026-03-23,AC0034,2026-03-23,24,6,0.842,0.903
PU-AC0034-2026-03-30,AC0034,2026-03-30,25,7,0.581,0.562
PU-AC0034-2026-04-06,AC0034,2026-04-06,21,6,0.758,0.714
PU-AC0034-2026-04-13,AC0034,2026-04-13,25,7,0.812,0.67
PU-AC0034-2026-04-20,AC0034,2026-04-20,20,7,0.584,0.747
PU-AC0034-2026-04-27,AC0034,2026-04-27,24,6,0.767,0.566
PU-AC0034-2026-05-04,AC0034,2026-05-04,24,7,1.0,0.749
PU-AC0034-2026-05-11,AC0034,2026-05-11,21,7,0.942,0.562
PU-AC0034-2026-05-18,AC0034,2026-05-18,23,7,0.778,0.783
PU-AC0034-2026-05-25,AC0034,2026-05-25,24,6,0.564,0.496
PU-AC0034-2026-06-01,AC0034,2026-06-01,22,7,0.585,0.554
PU-AC0034-2026-06-08,AC0034,2026-06-08,20,7,0.717,0.525
PU-AC0034-2026-06-15,AC0034,2026-06-15,22,6,0.665,0.632
PU-AC0034-2026-06-22,AC0034,2026-06-22,23,7,0.878,0.933
PU-AC0034-2026-06-29,AC0034,2026-06-29,24,7,0.665,0.585
PU-AC0034-2026-07-06,AC0034,2026-07-06,23,6,0.6,0.625
PU-AC0034-2026-07-13,AC0034,2026-07-13,24,7,0.712,0.799
PU-AC0034-2026-07-20,AC0034,2026-07-20,23,7,0.663,0.643
PU-AC0034-2026-07-27,AC0034,2026-07-27,21,6,0.724,0.779
PU-AC0034-2026-08-03,AC0034,2026-08-03,21,7,0.681,0.615
PU-AC0034-2026-08-10,AC0034,2026-08-10,23,6,0.888,0.674
PU-AC0034-2026-08-17,AC0034,2026-08-17,20,6,0.826,0.74
PU-AC0034-2026-08-24,AC0034,2026-08-24,22,7,0.439,0.733
PU-AC0035-2025-09-01,AC0035,2025-09-01,21,9,0.354,0.428
PU-AC0035-2025-09-08,AC0035,2025-09-08,21,8,0.748,0.592
PU-AC0035-2025-09-15,AC0035,2025-09-15,21,9,0.767,0.532
PU-AC0035-2025-09-22,AC0035,2025-09-22,21,9,0.583,0.646
PU-AC0035-2025-09-29,AC0035,2025-09-29,21,8,0.534,0.673
PU-AC0035-2025-10-06,AC0035,2025-10-06,19,10,0.908,0.548
PU-AC0035-2025-10-13,AC0035,2025-10-13,21,10,0.766,0.548
PU-AC0035-2025-10-20,AC0035,2025-10-20,23,10,0.613,0.528
PU-AC0035-2025-10-27,AC0035,2025-10-27,21,8,0.898,0.711
PU-AC0035-2025-11-03,AC0035,2025-11-03,21,10,0.787,0.651
PU-AC0035-2025-11-10,AC0035,2025-11-10,20,9,0.637,0.54
PU-AC0035-2025-11-17,AC0035,2025-11-17,22,8,0.56,0.753
PU-AC0035-2025-11-24,AC0035,2025-11-24,23,10,0.726,0.799
PU-AC0035-2025-12-01,AC0035,2025-12-01,23,9,0.867,0.708
PU-AC0035-2025-12-08,AC0035,2025-12-08,21,9,0.779,0.892
PU-AC0035-2025-12-15,AC0035,2025-12-15,21,9,0.724,0.593
PU-AC0035-2025-12-22,AC0035,2025-12-22,20,8,0.818,0.635
PU-AC0035-2025-12-29,AC0035,2025-12-29,23,10,0.539,0.553
PU-AC0035-2026-01-05,AC0035,2026-01-05,23,9,0.608,0.667
PU-AC0035-2026-01-12,AC0035,2026-01-12,22,9,0.566,0.544
PU-AC0035-2026-01-19,AC0035,2026-01-19,21,10,1.0,0.537
PU-AC0035-2026-01-26,AC0035,2026-01-26,21,10,0.68,0.687
PU-AC0035-2026-02-02,AC0035,2026-02-02,21,8,0.803,0.649
PU-AC0035-2026-02-09,AC0035,2026-02-09,23,8,0.888,0.533
PU-AC0035-2026-02-16,AC0035,2026-02-16,22,9,0.575,0.809
PU-AC0035-2026-02-23,AC0035,2026-02-23,20,10,0.441,0.568
PU-AC0035-2026-03-02,AC0035,2026-03-02,22,10,0.546,0.515
PU-AC0035-2026-03-09,AC0035,2026-03-09,19,9,0.541,0.683
PU-AC0035-2026-03-16,AC0035,2026-03-16,21,9,0.825,0.98
PU-AC0035-2026-03-23,AC0035,2026-03-23,22,8,0.625,0.718
PU-AC0035-2026-03-30,AC0035,2026-03-30,22,9,0.601,0.711
PU-AC0035-2026-04-06,AC0035,2026-04-06,22,8,0.596,0.912
PU-AC0035-2026-04-13,AC0035,2026-04-13,23,8,0.762,0.635
PU-AC0035-2026-04-20,AC0035,2026-04-20,23,9,0.793,0.669
PU-AC0035-2026-04-27,AC0035,2026-04-27,22,8,0.9,0.662
PU-AC0035-2026-05-04,AC0035,2026-05-04,22,9,0.654,0.613
PU-AC0035-2026-05-11,AC0035,2026-05-11,24,8,0.792,0.458
PU-AC0035-2026-05-18,AC0035,2026-05-18,23,10,0.591,0.655
PU-AC0035-2026-05-25,AC0035,2026-05-25,18,8,0.793,0.603
PU-AC0035-2026-06-01,AC0035,2026-06-01,21,8,0.625,0.664
PU-AC0035-2026-06-08,AC0035,2026-06-08,21,8,0.733,0.722
PU-AC0035-2026-06-15,AC0035,2026-06-15,21,9,0.657,0.691
PU-AC0035-2026-06-22,AC0035,2026-06-22,22,8,0.566,0.551
PU-AC0035-2026-06-29,AC0035,2026-06-29,21,8,0.694,0.721
PU-AC0035-2026-07-06,AC0035,2026-07-06,22,9,0.529,0.608
PU-AC0035-2026-07-13,AC0035,2026-07-13,21,9,0.9,0.536
PU-AC0035-2026-07-20,AC0035,2026-07-20,21,9,0.699,0.675
PU-AC0035-2026-07-27,AC0035,2026-07-27,22,8,0.483,0.53
PU-AC0035-2026-08-03,AC0035,2026-08-03,22,10,0.657,0.669
PU-AC0035-2026-08-10,AC0035,2026-08-10,21,9,0.509,0.352
PU-AC0035-2026-08-17,AC0035,2026-08-17,23,9,0.602,0.743
PU-AC0035-2026-08-24,AC0035,2026-08-24,21,8,0.647,0.687
PU-AC0036-2025-09-01,AC0036,2025-09-01,22,7,0.854,0.614
PU-AC0036-2025-09-08,AC0036,2025-09-08,19,7,0.608,0.701
PU-AC0036-2025-09-15,AC0036,2025-09-15,22,6,0.726,0.532
PU-AC0036-2025-09-22,AC0036,2025-09-22,20,7,0.944,0.848
PU-AC0036-2025-09-29,AC0036,2025-09-29,22,6,0.637,0.722
PU-AC0036-2025-10-06,AC0036,2025-10-06,20,6,0.641,0.657
PU-AC0036-2025-10-13,AC0036,2025-10-13,21,6,0.654,0.732
PU-AC0036-2025-10-20,AC0036,2025-10-20,18,6,0.635,0.535
PU-AC0036-2025-10-27,AC0036,2025-10-27,20,7,0.719,0.526
PU-AC0036-2025-11-03,AC0036,2025-11-03,18,7,0.88,0.532
PU-AC0036-2025-11-10,AC0036,2025-11-10,19,6,0.634,0.853
PU-AC0036-2025-11-17,AC0036,2025-11-17,21,7,0.638,0.518
PU-AC0036-2025-11-24,AC0036,2025-11-24,19,6,0.773,0.456
PU-AC0036-2025-12-01,AC0036,2025-12-01,17,7,0.599,0.804
PU-AC0036-2025-12-08,AC0036,2025-12-08,20,6,0.697,0.466
PU-AC0036-2025-12-15,AC0036,2025-12-15,21,7,0.762,0.674
PU-AC0036-2025-12-22,AC0036,2025-12-22,20,6,0.86,0.804
PU-AC0036-2025-12-29,AC0036,2025-12-29,21,6,0.862,0.613
PU-AC0036-2026-01-05,AC0036,2026-01-05,17,8,0.707,0.587
PU-AC0036-2026-01-12,AC0036,2026-01-12,19,7,0.88,0.52
PU-AC0036-2026-01-19,AC0036,2026-01-19,19,6,0.64,0.625
PU-AC0036-2026-01-26,AC0036,2026-01-26,20,6,0.635,0.623
PU-AC0036-2026-02-02,AC0036,2026-02-02,16,7,0.806,0.553
PU-AC0036-2026-02-09,AC0036,2026-02-09,22,6,0.833,0.774
PU-AC0036-2026-02-16,AC0036,2026-02-16,21,6,0.732,0.349
PU-AC0036-2026-02-23,AC0036,2026-02-23,19,7,0.724,0.636
PU-AC0036-2026-03-02,AC0036,2026-03-02,17,7,0.623,0.505
PU-AC0036-2026-03-09,AC0036,2026-03-09,21,6,0.703,0.741
PU-AC0036-2026-03-16,AC0036,2026-03-16,19,8,0.506,0.787
PU-AC0036-2026-03-23,AC0036,2026-03-23,17,7,0.542,0.587
PU-AC0036-2026-03-30,AC0036,2026-03-30,20,6,0.824,0.609
PU-AC0036-2026-04-06,AC0036,2026-04-06,20,7,0.742,0.737
PU-AC0036-2026-04-13,AC0036,2026-04-13,20,6,0.792,0.554
PU-AC0036-2026-04-20,AC0036,2026-04-20,20,7,0.685,0.488
PU-AC0036-2026-04-27,AC0036,2026-04-27,20,7,0.484,0.636
PU-AC0036-2026-05-04,AC0036,2026-05-04,20,7,0.695,0.729
PU-AC0036-2026-05-11,AC0036,2026-05-11,19,7,0.753,0.595
PU-AC0036-2026-05-18,AC0036,2026-05-18,21,7,0.912,0.408
PU-AC0036-2026-05-25,AC0036,2026-05-25,21,7,0.496,0.78
PU-AC0036-2026-06-01,AC0036,2026-06-01,21,7,0.589,0.61
PU-AC0036-2026-06-08,AC0036,2026-06-08,23,7,0.767,0.795
PU-AC0036-2026-06-15,AC0036,2026-06-15,18,6,0.715,0.711
PU-AC0036-2026-06-22,AC0036,2026-06-22,18,6,0.654,0.568
PU-AC0036-2026-06-29,AC0036,2026-06-29,19,7,0.852,0.544
PU-AC0036-2026-07-06,AC0036,2026-07-06,20,7,0.707,0.609
PU-AC0036-2026-07-13,AC0036,2026-07-13,18,6,0.724,0.454
PU-AC0036-2026-07-20,AC0036,2026-07-20,20,7,0.751,0.64
PU-AC0036-2026-07-27,AC0036,2026-07-27,21,6,0.795,0.485
PU-AC0036-2026-08-03,AC0036,2026-08-03,18,7,0.69,0.666
PU-AC0036-2026-08-10,AC0036,2026-08-10,19,7,0.727,0.496
PU-AC0036-2026-08-17,AC0036,2026-08-17,19,6,0.821,0.725
PU-AC0036-2026-08-24,AC0036,2026-08-24,17,7,0.705,0.499
PU-AC0037-2025-09-01,AC0037,2025-09-01,49,22,0.661,0.65
PU-AC0037-2025-09-08,AC0037,2025-09-08,52,24,0.886,0.57
PU-AC0037-2025-09-15,AC0037,2025-09-15,43,23,0.443,0.702
PU-AC0037-2025-09-22,AC0037,2025-09-22,50,22,0.859,0.82
PU-AC0037-2025-09-29,AC0037,2025-09-29,43,25,0.87,0.675
PU-AC0037-2025-10-06,AC0037,2025-10-06,47,21,0.785,0.662
PU-AC0037-2025-10-13,AC0037,2025-10-13,50,22,0.822,0.534
PU-AC0037-2025-10-20,AC0037,2025-10-20,49,23,0.653,0.743
PU-AC0037-2025-10-27,AC0037,2025-10-27,48,23,0.602,0.42
PU-AC0037-2025-11-03,AC0037,2025-11-03,47,20,0.612,0.613
PU-AC0037-2025-11-10,AC0037,2025-11-10,45,20,0.709,0.802
PU-AC0037-2025-11-17,AC0037,2025-11-17,51,20,0.777,0.831
PU-AC0037-2025-11-24,AC0037,2025-11-24,47,24,0.653,0.531
PU-AC0037-2025-12-01,AC0037,2025-12-01,46,21,0.492,0.597
PU-AC0037-2025-12-08,AC0037,2025-12-08,42,21,0.643,0.61
PU-AC0037-2025-12-15,AC0037,2025-12-15,47,21,0.697,0.649
PU-AC0037-2025-12-22,AC0037,2025-12-22,46,26,0.662,0.408
PU-AC0037-2025-12-29,AC0037,2025-12-29,47,24,0.802,0.695
PU-AC0037-2026-01-05,AC0037,2026-01-05,47,26,0.719,0.665
PU-AC0037-2026-01-12,AC0037,2026-01-12,50,22,0.821,0.515
PU-AC0037-2026-01-19,AC0037,2026-01-19,49,20,0.743,0.694
PU-AC0037-2026-01-26,AC0037,2026-01-26,45,22,0.668,0.816
PU-AC0037-2026-02-02,AC0037,2026-02-02,48,25,0.835,0.863
PU-AC0037-2026-02-09,AC0037,2026-02-09,47,25,0.469,0.612
PU-AC0037-2026-02-16,AC0037,2026-02-16,46,22,0.588,0.89
PU-AC0037-2026-02-23,AC0037,2026-02-23,49,26,0.82,0.813
PU-AC0037-2026-03-02,AC0037,2026-03-02,46,21,0.711,0.549
PU-AC0037-2026-03-09,AC0037,2026-03-09,49,24,0.574,0.678
PU-AC0037-2026-03-16,AC0037,2026-03-16,47,22,0.513,0.734
PU-AC0037-2026-03-23,AC0037,2026-03-23,49,23,0.75,0.806
PU-AC0037-2026-03-30,AC0037,2026-03-30,44,21,0.891,0.668
PU-AC0037-2026-04-06,AC0037,2026-04-06,43,21,0.796,0.74
PU-AC0037-2026-04-13,AC0037,2026-04-13,43,25,0.765,0.569
PU-AC0037-2026-04-20,AC0037,2026-04-20,51,23,0.805,0.621
PU-AC0037-2026-04-27,AC0037,2026-04-27,48,26,0.709,0.788
PU-AC0037-2026-05-04,AC0037,2026-05-04,52,22,0.698,0.852
PU-AC0037-2026-05-11,AC0037,2026-05-11,46,26,0.638,0.737
PU-AC0037-2026-05-18,AC0037,2026-05-18,46,22,0.674,0.645
PU-AC0037-2026-05-25,AC0037,2026-05-25,53,21,0.763,0.88
PU-AC0037-2026-06-01,AC0037,2026-06-01,50,24,0.634,0.776
PU-AC0037-2026-06-08,AC0037,2026-06-08,48,26,0.726,0.623
PU-AC0037-2026-06-15,AC0037,2026-06-15,48,25,0.633,0.667
PU-AC0037-2026-06-22,AC0037,2026-06-22,48,21,0.836,0.502
PU-AC0037-2026-06-29,AC0037,2026-06-29,46,26,1.0,0.499
PU-AC0037-2026-07-06,AC0037,2026-07-06,47,22,0.814,0.605
PU-AC0037-2026-07-13,AC0037,2026-07-13,51,22,0.823,0.723
PU-AC0037-2026-07-20,AC0037,2026-07-20,49,25,0.805,0.722
PU-AC0037-2026-07-27,AC0037,2026-07-27,51,21,0.594,0.476
PU-AC0037-2026-08-03,AC0037,2026-08-03,50,26,0.75,0.725
PU-AC0037-2026-08-10,AC0037,2026-08-10,48,23,0.538,0.438
PU-AC0037-2026-08-17,AC0037,2026-08-17,44,23,0.755,0.548
PU-AC0037-2026-08-24,AC0037,2026-08-24,52,26,0.56,0.707
PU-AC0038-2025-09-01,AC0038,2025-09-01,23,8,0.692,0.637
PU-AC0038-2025-09-08,AC0038,2025-09-08,25,9,0.691,0.67
PU-AC0038-2025-09-15,AC0038,2025-09-15,23,8,0.929,0.784
PU-AC0038-2025-09-22,AC0038,2025-09-22,25,7,0.742,0.679
PU-AC0038-2025-09-29,AC0038,2025-09-29,24,9,0.775,0.573
PU-AC0038-2025-10-06,AC0038,2025-10-06,24,9,0.813,0.849
PU-AC0038-2025-10-13,AC0038,2025-10-13,23,9,0.719,0.832
PU-AC0038-2025-10-20,AC0038,2025-10-20,21,8,0.731,0.694
PU-AC0038-2025-10-27,AC0038,2025-10-27,24,7,0.724,0.503
PU-AC0038-2025-11-03,AC0038,2025-11-03,26,8,0.642,0.53
PU-AC0038-2025-11-10,AC0038,2025-11-10,25,9,0.721,0.555
PU-AC0038-2025-11-17,AC0038,2025-11-17,23,9,0.727,0.784
PU-AC0038-2025-11-24,AC0038,2025-11-24,26,8,0.542,0.601
PU-AC0038-2025-12-01,AC0038,2025-12-01,23,7,0.816,0.678
PU-AC0038-2025-12-08,AC0038,2025-12-08,25,8,0.8,0.493
PU-AC0038-2025-12-15,AC0038,2025-12-15,24,8,0.777,0.58
PU-AC0038-2025-12-22,AC0038,2025-12-22,24,9,0.822,0.675
PU-AC0038-2025-12-29,AC0038,2025-12-29,23,9,0.53,0.602
PU-AC0038-2026-01-05,AC0038,2026-01-05,25,9,0.786,0.531
PU-AC0038-2026-01-12,AC0038,2026-01-12,24,8,0.852,0.883
PU-AC0038-2026-01-19,AC0038,2026-01-19,25,7,0.692,0.809
PU-AC0038-2026-01-26,AC0038,2026-01-26,23,9,0.687,0.634
PU-AC0038-2026-02-02,AC0038,2026-02-02,23,7,0.74,0.466
PU-AC0038-2026-02-09,AC0038,2026-02-09,26,8,0.77,0.639
PU-AC0038-2026-02-16,AC0038,2026-02-16,24,8,0.776,0.501
PU-AC0038-2026-02-23,AC0038,2026-02-23,23,8,0.689,0.961
PU-AC0038-2026-03-02,AC0038,2026-03-02,22,8,0.668,0.709
PU-AC0038-2026-03-09,AC0038,2026-03-09,21,9,0.646,0.924
PU-AC0038-2026-03-16,AC0038,2026-03-16,22,7,0.774,0.462
PU-AC0038-2026-03-23,AC0038,2026-03-23,25,9,0.758,0.664
PU-AC0038-2026-03-30,AC0038,2026-03-30,23,7,0.954,0.621
PU-AC0038-2026-04-06,AC0038,2026-04-06,23,7,1.0,0.607
PU-AC0038-2026-04-13,AC0038,2026-04-13,25,7,0.834,0.496
PU-AC0038-2026-04-20,AC0038,2026-04-20,23,9,0.68,0.762
PU-AC0038-2026-04-27,AC0038,2026-04-27,24,7,0.866,0.534
PU-AC0038-2026-05-04,AC0038,2026-05-04,19,8,0.52,0.675
PU-AC0038-2026-05-11,AC0038,2026-05-11,23,7,0.483,0.816
PU-AC0038-2026-05-18,AC0038,2026-05-18,24,9,0.785,0.307
PU-AC0038-2026-05-25,AC0038,2026-05-25,24,8,0.705,0.776
PU-AC0038-2026-06-01,AC0038,2026-06-01,24,8,0.41,0.532
PU-AC0038-2026-06-08,AC0038,2026-06-08,24,9,0.855,0.312
PU-AC0038-2026-06-15,AC0038,2026-06-15,22,8,0.842,0.335
PU-AC0038-2026-06-22,AC0038,2026-06-22,25,8,0.685,0.635
PU-AC0038-2026-06-29,AC0038,2026-06-29,24,7,0.722,0.586
PU-AC0038-2026-07-06,AC0038,2026-07-06,23,8,0.75,0.487
PU-AC0038-2026-07-13,AC0038,2026-07-13,25,9,0.56,0.699
PU-AC0038-2026-07-20,AC0038,2026-07-20,24,9,0.856,0.753
PU-AC0038-2026-07-27,AC0038,2026-07-27,26,9,0.818,0.195
PU-AC0038-2026-08-03,AC0038,2026-08-03,25,9,0.824,0.643
PU-AC0038-2026-08-10,AC0038,2026-08-10,27,7,0.595,0.774
PU-AC0038-2026-08-17,AC0038,2026-08-17,23,9,0.625,0.683
PU-AC0038-2026-08-24,AC0038,2026-08-24,26,8,0.841,0.85
PU-AC0039-2025-09-01,AC0039,2025-09-01,25,7,0.509,0.703
PU-AC0039-2025-09-08,AC0039,2025-09-08,23,6,0.604,0.403
PU-AC0039-2025-09-15,AC0039,2025-09-15,23,7,0.506,0.65
PU-AC0039-2025-09-22,AC0039,2025-09-22,26,6,0.671,0.673
PU-AC0039-2025-09-29,AC0039,2025-09-29,24,8,0.694,0.67
PU-AC0039-2025-10-06,AC0039,2025-10-06,24,6,0.637,0.527
PU-AC0039-2025-10-13,AC0039,2025-10-13,23,7,0.489,0.62
PU-AC0039-2025-10-20,AC0039,2025-10-20,23,8,0.879,0.709
PU-AC0039-2025-10-27,AC0039,2025-10-27,23,6,0.938,0.565
PU-AC0039-2025-11-03,AC0039,2025-11-03,23,7,0.765,0.812
PU-AC0039-2025-11-10,AC0039,2025-11-10,23,8,0.731,0.535
PU-AC0039-2025-11-17,AC0039,2025-11-17,24,8,0.666,0.662
PU-AC0039-2025-11-24,AC0039,2025-11-24,24,7,0.76,0.78
PU-AC0039-2025-12-01,AC0039,2025-12-01,23,8,0.577,0.66
PU-AC0039-2025-12-08,AC0039,2025-12-08,24,8,0.614,0.531
PU-AC0039-2025-12-15,AC0039,2025-12-15,21,6,0.596,0.877
PU-AC0039-2025-12-22,AC0039,2025-12-22,24,6,0.689,0.718
PU-AC0039-2025-12-29,AC0039,2025-12-29,23,7,0.623,0.654
PU-AC0039-2026-01-05,AC0039,2026-01-05,23,8,0.886,0.577
PU-AC0039-2026-01-12,AC0039,2026-01-12,21,8,0.649,0.76
PU-AC0039-2026-01-19,AC0039,2026-01-19,21,7,0.772,0.464
PU-AC0039-2026-01-26,AC0039,2026-01-26,22,6,0.633,0.434
PU-AC0039-2026-02-02,AC0039,2026-02-02,25,8,0.699,0.597
PU-AC0039-2026-02-09,AC0039,2026-02-09,24,6,1.0,0.535
PU-AC0039-2026-02-16,AC0039,2026-02-16,22,8,0.612,0.384
PU-AC0039-2026-02-23,AC0039,2026-02-23,23,7,0.864,0.729
PU-AC0039-2026-03-02,AC0039,2026-03-02,24,7,0.638,0.438
PU-AC0039-2026-03-09,AC0039,2026-03-09,22,7,0.564,0.479
PU-AC0039-2026-03-16,AC0039,2026-03-16,23,8,0.746,0.47
PU-AC0039-2026-03-23,AC0039,2026-03-23,24,6,0.93,0.797
PU-AC0039-2026-03-30,AC0039,2026-03-30,24,7,0.83,0.604
PU-AC0039-2026-04-06,AC0039,2026-04-06,24,7,0.535,0.695
PU-AC0039-2026-04-13,AC0039,2026-04-13,25,7,0.718,0.51
PU-AC0039-2026-04-20,AC0039,2026-04-20,21,7,0.547,0.751
PU-AC0039-2026-04-27,AC0039,2026-04-27,23,7,0.765,0.486
PU-AC0039-2026-05-04,AC0039,2026-05-04,26,8,0.654,0.651
PU-AC0039-2026-05-11,AC0039,2026-05-11,24,7,0.695,0.521
PU-AC0039-2026-05-18,AC0039,2026-05-18,22,7,0.591,0.592
PU-AC0039-2026-05-25,AC0039,2026-05-25,24,7,0.977,0.858
PU-AC0039-2026-06-01,AC0039,2026-06-01,23,6,0.604,0.47
PU-AC0039-2026-06-08,AC0039,2026-06-08,24,7,0.776,0.723
PU-AC0039-2026-06-15,AC0039,2026-06-15,23,8,0.869,0.751
PU-AC0039-2026-06-22,AC0039,2026-06-22,22,6,0.481,0.444
PU-AC0039-2026-06-29,AC0039,2026-06-29,25,6,0.612,0.528
PU-AC0039-2026-07-06,AC0039,2026-07-06,24,6,0.737,0.723
PU-AC0039-2026-07-13,AC0039,2026-07-13,23,7,0.598,0.52
PU-AC0039-2026-07-20,AC0039,2026-07-20,24,6,0.588,0.481
PU-AC0039-2026-07-27,AC0039,2026-07-27,20,6,0.722,0.593
PU-AC0039-2026-08-03,AC0039,2026-08-03,24,6,0.738,0.901
PU-AC0039-2026-08-10,AC0039,2026-08-10,22,8,0.596,0.724
PU-AC0039-2026-08-17,AC0039,2026-08-17,24,7,0.71,0.716
PU-AC0039-2026-08-24,AC0039,2026-08-24,23,8,0.619,0.75
PU-AC0040-2025-09-01,AC0040,2025-09-01,49,17,0.748,0.659
PU-AC0040-2025-09-08,AC0040,2025-09-08,56,14,0.909,0.737
PU-AC0040-2025-09-15,AC0040,2025-09-15,52,16,0.488,0.942
PU-AC0040-2025-09-22,AC0040,2025-09-22,49,17,0.634,0.647
PU-AC0040-2025-09-29,AC0040,2025-09-29,54,17,0.833,0.564
PU-AC0040-2025-10-06,AC0040,2025-10-06,52,14,0.665,0.695
PU-AC0040-2025-10-13,AC0040,2025-10-13,55,15,0.805,0.72
PU-AC0040-2025-10-20,AC0040,2025-10-20,46,17,0.746,0.665
PU-AC0040-2025-10-27,AC0040,2025-10-27,57,17,0.666,0.652
PU-AC0040-2025-11-03,AC0040,2025-11-03,50,17,0.528,0.533
PU-AC0040-2025-11-10,AC0040,2025-11-10,50,13,0.851,0.653
PU-AC0040-2025-11-17,AC0040,2025-11-17,53,17,0.657,0.522
PU-AC0040-2025-11-24,AC0040,2025-11-24,55,16,0.566,0.447
PU-AC0040-2025-12-01,AC0040,2025-12-01,52,15,0.508,0.953
PU-AC0040-2025-12-08,AC0040,2025-12-08,53,13,0.616,0.831
PU-AC0040-2025-12-15,AC0040,2025-12-15,49,13,0.496,0.742
PU-AC0040-2025-12-22,AC0040,2025-12-22,52,18,0.805,0.98
PU-AC0040-2025-12-29,AC0040,2025-12-29,56,15,0.589,0.532
PU-AC0040-2026-01-05,AC0040,2026-01-05,50,14,0.473,0.544
PU-AC0040-2026-01-12,AC0040,2026-01-12,49,15,0.831,0.692
PU-AC0040-2026-01-19,AC0040,2026-01-19,49,15,0.65,0.606
PU-AC0040-2026-01-26,AC0040,2026-01-26,58,14,0.589,0.548
PU-AC0040-2026-02-02,AC0040,2026-02-02,52,16,0.847,0.865
PU-AC0040-2026-02-09,AC0040,2026-02-09,55,15,0.787,0.513
PU-AC0040-2026-02-16,AC0040,2026-02-16,52,14,0.641,0.621
PU-AC0040-2026-02-23,AC0040,2026-02-23,53,14,0.702,0.738
PU-AC0040-2026-03-02,AC0040,2026-03-02,55,17,0.571,0.664
PU-AC0040-2026-03-09,AC0040,2026-03-09,51,16,0.668,0.805
PU-AC0040-2026-03-16,AC0040,2026-03-16,52,13,0.811,0.663
PU-AC0040-2026-03-23,AC0040,2026-03-23,49,13,0.528,0.531
PU-AC0040-2026-03-30,AC0040,2026-03-30,51,15,0.732,0.882
PU-AC0040-2026-04-06,AC0040,2026-04-06,56,15,0.849,0.49
PU-AC0040-2026-04-13,AC0040,2026-04-13,53,17,0.82,0.764
PU-AC0040-2026-04-20,AC0040,2026-04-20,54,14,0.661,0.296
PU-AC0040-2026-04-27,AC0040,2026-04-27,52,14,0.519,0.6
PU-AC0040-2026-05-04,AC0040,2026-05-04,58,15,0.715,0.664
PU-AC0040-2026-05-11,AC0040,2026-05-11,47,17,0.591,0.97
PU-AC0040-2026-05-18,AC0040,2026-05-18,51,14,0.511,0.681
PU-AC0040-2026-05-25,AC0040,2026-05-25,54,16,0.783,0.652
PU-AC0040-2026-06-01,AC0040,2026-06-01,57,16,0.942,0.517
PU-AC0040-2026-06-08,AC0040,2026-06-08,51,15,0.706,0.424
PU-AC0040-2026-06-15,AC0040,2026-06-15,51,16,0.672,0.846
PU-AC0040-2026-06-22,AC0040,2026-06-22,53,17,0.929,0.614
PU-AC0040-2026-06-29,AC0040,2026-06-29,52,15,0.691,0.53
PU-AC0040-2026-07-06,AC0040,2026-07-06,53,14,0.668,0.597
PU-AC0040-2026-07-13,AC0040,2026-07-13,50,17,0.699,0.628
PU-AC0040-2026-07-20,AC0040,2026-07-20,55,14,0.669,0.579
PU-AC0040-2026-07-27,AC0040,2026-07-27,53,16,0.854,0.534
PU-AC0040-2026-08-03,AC0040,2026-08-03,49,17,0.569,0.397
PU-AC0040-2026-08-10,AC0040,2026-08-10,55,17,0.641,0.604
PU-AC0040-2026-08-17,AC0040,2026-08-17,51,16,0.75,0.69
PU-AC0040-2026-08-24,AC0040,2026-08-24,52,16,0.729,0.598
PU-AC0041-2025-09-01,AC0041,2025-09-01,19,9,0.859,0.637
PU-AC0041-2025-09-08,AC0041,2025-09-08,18,8,0.661,0.656
PU-AC0041-2025-09-15,AC0041,2025-09-15,19,9,0.737,0.648
PU-AC0041-2025-09-22,AC0041,2025-09-22,18,8,0.608,0.792
PU-AC0041-2025-09-29,AC0041,2025-09-29,18,9,0.839,0.56
PU-AC0041-2025-10-06,AC0041,2025-10-06,19,8,0.615,0.75
PU-AC0041-2025-10-13,AC0041,2025-10-13,20,8,0.564,0.64
PU-AC0041-2025-10-20,AC0041,2025-10-20,19,9,0.826,0.482
PU-AC0041-2025-10-27,AC0041,2025-10-27,19,9,0.77,0.383
PU-AC0041-2025-11-03,AC0041,2025-11-03,19,9,0.592,0.458
PU-AC0041-2025-11-10,AC0041,2025-11-10,21,8,0.894,0.275
PU-AC0041-2025-11-17,AC0041,2025-11-17,20,8,0.84,0.798
PU-AC0041-2025-11-24,AC0041,2025-11-24,20,8,0.595,0.498
PU-AC0041-2025-12-01,AC0041,2025-12-01,21,9,0.735,0.716
PU-AC0041-2025-12-08,AC0041,2025-12-08,19,8,0.742,0.688
PU-AC0041-2025-12-15,AC0041,2025-12-15,17,9,0.587,0.461
PU-AC0041-2025-12-22,AC0041,2025-12-22,18,10,0.617,0.507
PU-AC0041-2025-12-29,AC0041,2025-12-29,20,9,0.83,0.8
PU-AC0041-2026-01-05,AC0041,2026-01-05,19,8,0.596,0.708
PU-AC0041-2026-01-12,AC0041,2026-01-12,20,9,0.593,0.572
PU-AC0041-2026-01-19,AC0041,2026-01-19,19,10,0.785,0.651
PU-AC0041-2026-01-26,AC0041,2026-01-26,19,8,0.875,0.585
PU-AC0041-2026-02-02,AC0041,2026-02-02,22,8,0.867,0.691
PU-AC0041-2026-02-09,AC0041,2026-02-09,18,9,0.859,0.637
PU-AC0041-2026-02-16,AC0041,2026-02-16,19,8,0.607,0.673
PU-AC0041-2026-02-23,AC0041,2026-02-23,19,9,0.468,0.815
PU-AC0041-2026-03-02,AC0041,2026-03-02,18,9,0.707,0.808
PU-AC0041-2026-03-09,AC0041,2026-03-09,19,8,0.789,0.489
PU-AC0041-2026-03-16,AC0041,2026-03-16,19,9,0.865,0.752
PU-AC0041-2026-03-23,AC0041,2026-03-23,20,8,0.68,0.791
PU-AC0041-2026-03-30,AC0041,2026-03-30,21,8,0.479,0.696
PU-AC0041-2026-04-06,AC0041,2026-04-06,18,9,0.571,0.728
PU-AC0041-2026-04-13,AC0041,2026-04-13,18,8,0.824,0.752
PU-AC0041-2026-04-20,AC0041,2026-04-20,20,9,0.493,0.679
PU-AC0041-2026-04-27,AC0041,2026-04-27,18,10,0.718,0.718
PU-AC0041-2026-05-04,AC0041,2026-05-04,20,9,0.717,0.831
PU-AC0041-2026-05-11,AC0041,2026-05-11,18,9,0.661,0.606
PU-AC0041-2026-05-18,AC0041,2026-05-18,18,10,0.597,0.529
PU-AC0041-2026-05-25,AC0041,2026-05-25,20,7,0.991,0.669
PU-AC0041-2026-06-01,AC0041,2026-06-01,18,9,0.719,0.604
PU-AC0041-2026-06-08,AC0041,2026-06-08,18,10,0.696,0.562
PU-AC0041-2026-06-15,AC0041,2026-06-15,20,8,0.522,0.87
PU-AC0041-2026-06-22,AC0041,2026-06-22,20,9,0.753,0.655
PU-AC0041-2026-06-29,AC0041,2026-06-29,19,10,0.806,0.606
PU-AC0041-2026-07-06,AC0041,2026-07-06,20,8,0.521,0.793
PU-AC0041-2026-07-13,AC0041,2026-07-13,19,9,0.895,0.558
PU-AC0041-2026-07-20,AC0041,2026-07-20,18,10,0.67,0.674
PU-AC0041-2026-07-27,AC0041,2026-07-27,19,8,0.552,0.412
PU-AC0041-2026-08-03,AC0041,2026-08-03,19,9,0.807,0.749
PU-AC0041-2026-08-10,AC0041,2026-08-10,18,9,0.624,0.431
PU-AC0041-2026-08-17,AC0041,2026-08-17,20,8,0.754,0.436
PU-AC0041-2026-08-24,AC0041,2026-08-24,20,10,0.744,0.58
PU-AC0042-2025-09-01,AC0042,2025-09-01,45,22,0.799,0.769
PU-AC0042-2025-09-08,AC0042,2025-09-08,44,21,0.731,0.748
PU-AC0042-2025-09-15,AC0042,2025-09-15,40,21,0.724,0.614
PU-AC0042-2025-09-22,AC0042,2025-09-22,43,23,0.63,0.335
PU-AC0042-2025-09-29,AC0042,2025-09-29,44,19,0.857,0.569
PU-AC0042-2025-10-06,AC0042,2025-10-06,44,22,0.612,0.63
PU-AC0042-2025-10-13,AC0042,2025-10-13,44,19,0.945,0.634
PU-AC0042-2025-10-20,AC0042,2025-10-20,43,18,0.689,0.582
PU-AC0042-2025-10-27,AC0042,2025-10-27,45,18,0.989,0.567
PU-AC0042-2025-11-03,AC0042,2025-11-03,43,23,0.491,0.589
PU-AC0042-2025-11-10,AC0042,2025-11-10,48,18,0.713,0.739
PU-AC0042-2025-11-17,AC0042,2025-11-17,46,21,0.581,0.924
PU-AC0042-2025-11-24,AC0042,2025-11-24,40,20,0.662,0.602
PU-AC0042-2025-12-01,AC0042,2025-12-01,43,19,0.578,0.724
PU-AC0042-2025-12-08,AC0042,2025-12-08,43,19,0.66,0.373
PU-AC0042-2025-12-15,AC0042,2025-12-15,46,23,0.712,0.707
PU-AC0042-2025-12-22,AC0042,2025-12-22,48,19,0.759,0.681
PU-AC0042-2025-12-29,AC0042,2025-12-29,36,20,0.569,0.31
PU-AC0042-2026-01-05,AC0042,2026-01-05,43,22,0.749,0.783
PU-AC0042-2026-01-12,AC0042,2026-01-12,46,22,0.544,0.621
PU-AC0042-2026-01-19,AC0042,2026-01-19,45,21,0.726,0.623
PU-AC0042-2026-01-26,AC0042,2026-01-26,43,23,0.618,0.419
PU-AC0042-2026-02-02,AC0042,2026-02-02,43,23,0.727,0.281
PU-AC0042-2026-02-09,AC0042,2026-02-09,48,23,0.708,0.715
PU-AC0042-2026-02-16,AC0042,2026-02-16,45,20,0.667,0.827
PU-AC0042-2026-02-23,AC0042,2026-02-23,40,18,0.756,0.746
PU-AC0042-2026-03-02,AC0042,2026-03-02,46,21,0.752,0.774
PU-AC0042-2026-03-09,AC0042,2026-03-09,43,22,0.605,0.364
PU-AC0042-2026-03-16,AC0042,2026-03-16,46,20,0.573,0.592
PU-AC0042-2026-03-23,AC0042,2026-03-23,45,18,0.597,0.685
PU-AC0042-2026-03-30,AC0042,2026-03-30,45,18,0.787,0.582
PU-AC0042-2026-04-06,AC0042,2026-04-06,48,19,0.583,0.696
PU-AC0042-2026-04-13,AC0042,2026-04-13,46,17,0.741,0.355
PU-AC0042-2026-04-20,AC0042,2026-04-20,44,21,0.575,0.877
PU-AC0042-2026-04-27,AC0042,2026-04-27,40,19,0.784,0.905
PU-AC0042-2026-05-04,AC0042,2026-05-04,47,20,0.603,0.517
PU-AC0042-2026-05-11,AC0042,2026-05-11,42,19,0.604,0.771
PU-AC0042-2026-05-18,AC0042,2026-05-18,49,20,0.584,0.542
PU-AC0042-2026-05-25,AC0042,2026-05-25,46,22,0.728,0.731
PU-AC0042-2026-06-01,AC0042,2026-06-01,45,20,0.74,0.562
PU-AC0042-2026-06-08,AC0042,2026-06-08,45,22,0.563,0.55
PU-AC0042-2026-06-15,AC0042,2026-06-15,46,21,0.859,0.697
PU-AC0042-2026-06-22,AC0042,2026-06-22,44,19,0.698,0.573
PU-AC0042-2026-06-29,AC0042,2026-06-29,46,18,0.708,0.56
PU-AC0042-2026-07-06,AC0042,2026-07-06,43,20,0.761,0.638
PU-AC0042-2026-07-13,AC0042,2026-07-13,41,22,0.608,0.504
PU-AC0042-2026-07-20,AC0042,2026-07-20,40,19,0.915,0.769
PU-AC0042-2026-07-27,AC0042,2026-07-27,45,21,0.715,0.576
PU-AC0042-2026-08-03,AC0042,2026-08-03,50,22,0.491,0.64
PU-AC0042-2026-08-10,AC0042,2026-08-10,43,21,0.875,0.484
PU-AC0042-2026-08-17,AC0042,2026-08-17,42,23,0.59,0.471
PU-AC0042-2026-08-24,AC0042,2026-08-24,40,21,0.739,0.756
PU-AC0043-2025-09-01,AC0043,2025-09-01,22,10,0.709,0.379
PU-AC0043-2025-09-08,AC0043,2025-09-08,23,8,0.56,0.696
PU-AC0043-2025-09-15,AC0043,2025-09-15,24,10,0.549,0.848
PU-AC0043-2025-09-22,AC0043,2025-09-22,23,10,0.577,0.74
PU-AC0043-2025-09-29,AC0043,2025-09-29,22,8,0.848,0.744
PU-AC0043-2025-10-06,AC0043,2025-10-06,21,8,0.774,0.534
PU-AC0043-2025-10-13,AC0043,2025-10-13,23,8,0.818,0.658
PU-AC0043-2025-10-20,AC0043,2025-10-20,22,8,0.56,0.711
PU-AC0043-2025-10-27,AC0043,2025-10-27,22,8,0.83,0.582
PU-AC0043-2025-11-03,AC0043,2025-11-03,23,8,0.659,0.755
PU-AC0043-2025-11-10,AC0043,2025-11-10,20,8,0.596,0.466
PU-AC0043-2025-11-17,AC0043,2025-11-17,24,8,0.889,0.624
PU-AC0043-2025-11-24,AC0043,2025-11-24,21,8,0.845,0.662
PU-AC0043-2025-12-01,AC0043,2025-12-01,22,9,0.619,0.689
PU-AC0043-2025-12-08,AC0043,2025-12-08,24,10,0.797,0.511
PU-AC0043-2025-12-15,AC0043,2025-12-15,23,10,0.825,0.496
PU-AC0043-2025-12-22,AC0043,2025-12-22,22,9,0.791,0.482
PU-AC0043-2025-12-29,AC0043,2025-12-29,22,9,0.759,0.665
PU-AC0043-2026-01-05,AC0043,2026-01-05,23,9,0.863,0.636
PU-AC0043-2026-01-12,AC0043,2026-01-12,24,8,0.862,0.612
PU-AC0043-2026-01-19,AC0043,2026-01-19,25,8,0.8,0.628
PU-AC0043-2026-01-26,AC0043,2026-01-26,23,9,0.701,0.632
PU-AC0043-2026-02-02,AC0043,2026-02-02,23,10,0.631,0.655
PU-AC0043-2026-02-09,AC0043,2026-02-09,21,8,0.676,0.579
PU-AC0043-2026-02-16,AC0043,2026-02-16,22,9,0.735,0.587
PU-AC0043-2026-02-23,AC0043,2026-02-23,22,8,0.762,0.725
PU-AC0043-2026-03-02,AC0043,2026-03-02,22,8,0.836,0.617
PU-AC0043-2026-03-09,AC0043,2026-03-09,22,9,0.56,0.5
PU-AC0043-2026-03-16,AC0043,2026-03-16,21,10,0.963,0.802
PU-AC0043-2026-03-23,AC0043,2026-03-23,20,8,0.717,0.669
PU-AC0043-2026-03-30,AC0043,2026-03-30,21,9,0.759,0.591
PU-AC0043-2026-04-06,AC0043,2026-04-06,20,10,0.712,0.696
PU-AC0043-2026-04-13,AC0043,2026-04-13,23,9,0.843,0.765
PU-AC0043-2026-04-20,AC0043,2026-04-20,22,8,0.784,0.767
PU-AC0043-2026-04-27,AC0043,2026-04-27,23,9,0.65,0.431
PU-AC0043-2026-05-04,AC0043,2026-05-04,23,8,0.626,0.75
PU-AC0043-2026-05-11,AC0043,2026-05-11,25,8,0.659,0.847
PU-AC0043-2026-05-18,AC0043,2026-05-18,25,9,0.621,0.367
PU-AC0043-2026-05-25,AC0043,2026-05-25,24,8,0.651,0.654
PU-AC0043-2026-06-01,AC0043,2026-06-01,23,10,0.5,0.535
PU-AC0043-2026-06-08,AC0043,2026-06-08,22,10,0.639,0.75
PU-AC0043-2026-06-15,AC0043,2026-06-15,25,9,0.899,0.578
PU-AC0043-2026-06-22,AC0043,2026-06-22,24,8,0.674,0.663
PU-AC0043-2026-06-29,AC0043,2026-06-29,20,9,0.565,0.823
PU-AC0043-2026-07-06,AC0043,2026-07-06,22,9,0.533,0.663
PU-AC0043-2026-07-13,AC0043,2026-07-13,21,8,0.538,0.544
PU-AC0043-2026-07-20,AC0043,2026-07-20,23,8,0.776,0.767
PU-AC0043-2026-07-27,AC0043,2026-07-27,23,9,0.683,0.678
PU-AC0043-2026-08-03,AC0043,2026-08-03,23,8,0.876,0.661
PU-AC0043-2026-08-10,AC0043,2026-08-10,22,10,0.604,0.665
PU-AC0043-2026-08-17,AC0043,2026-08-17,20,8,0.655,0.768
PU-AC0043-2026-08-24,AC0043,2026-08-24,23,9,0.775,0.439
PU-AC0044-2025-09-01,AC0044,2025-09-01,30,8,0.758,0.638
PU-AC0044-2025-09-08,AC0044,2025-09-08,32,7,0.944,0.589
PU-AC0044-2025-09-15,AC0044,2025-09-15,33,8,0.725,0.758
PU-AC0044-2025-09-22,AC0044,2025-09-22,24,9,0.572,0.425
PU-AC0044-2025-09-29,AC0044,2025-09-29,30,9,0.585,0.848
PU-AC0044-2025-10-06,AC0044,2025-10-06,30,8,0.795,0.756
PU-AC0044-2025-10-13,AC0044,2025-10-13,28,8,0.579,0.704
PU-AC0044-2025-10-20,AC0044,2025-10-20,31,8,0.645,0.793
PU-AC0044-2025-10-27,AC0044,2025-10-27,30,9,0.575,0.854
PU-AC0044-2025-11-03,AC0044,2025-11-03,32,8,0.608,0.625
PU-AC0044-2025-11-10,AC0044,2025-11-10,31,8,0.626,0.578
PU-AC0044-2025-11-17,AC0044,2025-11-17,31,7,0.743,0.78
PU-AC0044-2025-11-24,AC0044,2025-11-24,33,8,0.779,0.66
PU-AC0044-2025-12-01,AC0044,2025-12-01,34,8,0.705,0.365
PU-AC0044-2025-12-08,AC0044,2025-12-08,29,8,0.57,0.774
PU-AC0044-2025-12-15,AC0044,2025-12-15,28,8,0.734,0.659
PU-AC0044-2025-12-22,AC0044,2025-12-22,35,8,0.74,0.411
PU-AC0044-2025-12-29,AC0044,2025-12-29,32,8,0.668,0.64
PU-AC0044-2026-01-05,AC0044,2026-01-05,34,8,0.626,0.541
PU-AC0044-2026-01-12,AC0044,2026-01-12,29,9,1.0,0.919
PU-AC0044-2026-01-19,AC0044,2026-01-19,31,8,0.742,0.716
PU-AC0044-2026-01-26,AC0044,2026-01-26,32,8,0.776,0.535
PU-AC0044-2026-02-02,AC0044,2026-02-02,32,7,0.701,0.592
PU-AC0044-2026-02-09,AC0044,2026-02-09,31,9,0.754,0.747
PU-AC0044-2026-02-16,AC0044,2026-02-16,32,9,0.75,0.481
PU-AC0044-2026-02-23,AC0044,2026-02-23,30,10,0.618,0.43
PU-AC0044-2026-03-02,AC0044,2026-03-02,29,9,0.844,0.818
PU-AC0044-2026-03-09,AC0044,2026-03-09,35,8,0.686,0.411
PU-AC0044-2026-03-16,AC0044,2026-03-16,35,8,0.563,0.697
PU-AC0044-2026-03-23,AC0044,2026-03-23,33,9,0.722,0.812
PU-AC0044-2026-03-30,AC0044,2026-03-30,31,8,0.687,0.487
PU-AC0044-2026-04-06,AC0044,2026-04-06,33,8,0.722,0.328
PU-AC0044-2026-04-13,AC0044,2026-04-13,30,8,0.708,0.814
PU-AC0044-2026-04-20,AC0044,2026-04-20,31,8,0.837,0.652
PU-AC0044-2026-04-27,AC0044,2026-04-27,31,9,0.701,0.451
PU-AC0044-2026-05-04,AC0044,2026-05-04,28,8,0.744,0.514
PU-AC0044-2026-05-11,AC0044,2026-05-11,30,9,0.694,0.722
PU-AC0044-2026-05-18,AC0044,2026-05-18,30,8,0.699,0.659
PU-AC0044-2026-05-25,AC0044,2026-05-25,30,8,0.748,0.541
PU-AC0044-2026-06-01,AC0044,2026-06-01,32,8,0.713,0.631
PU-AC0044-2026-06-08,AC0044,2026-06-08,31,8,0.776,0.645
PU-AC0044-2026-06-15,AC0044,2026-06-15,32,9,0.589,0.439
PU-AC0044-2026-06-22,AC0044,2026-06-22,30,8,0.738,0.95
PU-AC0044-2026-06-29,AC0044,2026-06-29,34,8,0.821,0.473
PU-AC0044-2026-07-06,AC0044,2026-07-06,31,9,0.586,0.705
PU-AC0044-2026-07-13,AC0044,2026-07-13,30,9,0.749,0.806
PU-AC0044-2026-07-20,AC0044,2026-07-20,30,8,0.673,0.854
PU-AC0044-2026-07-27,AC0044,2026-07-27,30,9,0.645,0.75
PU-AC0044-2026-08-03,AC0044,2026-08-03,31,9,0.812,0.422
PU-AC0044-2026-08-10,AC0044,2026-08-10,33,10,0.761,0.719
PU-AC0044-2026-08-17,AC0044,2026-08-17,31,9,0.66,0.728
PU-AC0044-2026-08-24,AC0044,2026-08-24,31,9,0.646,0.608
PU-AC0045-2025-09-01,AC0045,2025-09-01,32,7,0.83,0.804
PU-AC0045-2025-09-08,AC0045,2025-09-08,33,9,0.722,0.719
PU-AC0045-2025-09-15,AC0045,2025-09-15,31,6,0.759,0.592
PU-AC0045-2025-09-22,AC0045,2025-09-22,29,7,0.846,0.771
PU-AC0045-2025-09-29,AC0045,2025-09-29,32,8,0.666,0.488
PU-AC0045-2025-10-06,AC0045,2025-10-06,32,7,0.774,0.759
PU-AC0045-2025-10-13,AC0045,2025-10-13,32,7,0.908,0.547
PU-AC0045-2025-10-20,AC0045,2025-10-20,33,7,0.806,0.679
PU-AC0045-2025-10-27,AC0045,2025-10-27,33,7,1.0,0.769
PU-AC0045-2025-11-03,AC0045,2025-11-03,33,9,0.844,0.535
PU-AC0045-2025-11-10,AC0045,2025-11-10,34,8,0.483,0.554
PU-AC0045-2025-11-17,AC0045,2025-11-17,29,8,0.617,0.659
PU-AC0045-2025-11-24,AC0045,2025-11-24,35,9,0.535,0.707
PU-AC0045-2025-12-01,AC0045,2025-12-01,30,7,0.624,0.536
PU-AC0045-2025-12-08,AC0045,2025-12-08,31,8,0.755,0.705
PU-AC0045-2025-12-15,AC0045,2025-12-15,33,8,0.843,0.692
PU-AC0045-2025-12-22,AC0045,2025-12-22,30,8,0.688,0.392
PU-AC0045-2025-12-29,AC0045,2025-12-29,28,8,0.88,0.449
PU-AC0045-2026-01-05,AC0045,2026-01-05,32,9,0.456,0.653
PU-AC0045-2026-01-12,AC0045,2026-01-12,31,7,0.888,0.68
PU-AC0045-2026-01-19,AC0045,2026-01-19,33,8,0.55,0.616
PU-AC0045-2026-01-26,AC0045,2026-01-26,35,8,0.722,0.65
PU-AC0045-2026-02-02,AC0045,2026-02-02,32,8,0.826,0.592
PU-AC0045-2026-02-09,AC0045,2026-02-09,35,8,0.658,0.635
PU-AC0045-2026-02-16,AC0045,2026-02-16,30,9,0.665,0.552
PU-AC0045-2026-02-23,AC0045,2026-02-23,30,7,0.596,0.63
PU-AC0045-2026-03-02,AC0045,2026-03-02,31,8,0.787,0.421
PU-AC0045-2026-03-09,AC0045,2026-03-09,33,7,0.691,0.433
PU-AC0045-2026-03-16,AC0045,2026-03-16,36,8,0.615,0.779
PU-AC0045-2026-03-23,AC0045,2026-03-23,34,8,0.696,0.531
PU-AC0045-2026-03-30,AC0045,2026-03-30,29,7,0.81,0.781
PU-AC0045-2026-04-06,AC0045,2026-04-06,31,8,0.753,0.757
PU-AC0045-2026-04-13,AC0045,2026-04-13,31,7,0.649,0.756
PU-AC0045-2026-04-20,AC0045,2026-04-20,33,7,0.678,0.857
PU-AC0045-2026-04-27,AC0045,2026-04-27,33,8,0.669,0.86
PU-AC0045-2026-05-04,AC0045,2026-05-04,31,8,0.649,0.88
PU-AC0045-2026-05-11,AC0045,2026-05-11,34,8,0.65,0.722
PU-AC0045-2026-05-18,AC0045,2026-05-18,32,9,0.619,0.562
PU-AC0045-2026-05-25,AC0045,2026-05-25,33,7,0.62,0.531
PU-AC0045-2026-06-01,AC0045,2026-06-01,30,7,0.666,0.759
PU-AC0045-2026-06-08,AC0045,2026-06-08,32,7,0.658,0.673
PU-AC0045-2026-06-15,AC0045,2026-06-15,29,9,0.747,0.825
PU-AC0045-2026-06-22,AC0045,2026-06-22,35,7,0.572,0.743
PU-AC0045-2026-06-29,AC0045,2026-06-29,29,8,0.846,0.589
PU-AC0045-2026-07-06,AC0045,2026-07-06,27,6,0.556,0.764
PU-AC0045-2026-07-13,AC0045,2026-07-13,32,8,0.491,0.823
PU-AC0045-2026-07-20,AC0045,2026-07-20,32,8,0.712,0.602
PU-AC0045-2026-07-27,AC0045,2026-07-27,31,6,0.828,0.704
PU-AC0045-2026-08-03,AC0045,2026-08-03,30,6,0.914,0.541
PU-AC0045-2026-08-10,AC0045,2026-08-10,31,8,0.758,0.731
PU-AC0045-2026-08-17,AC0045,2026-08-17,30,7,0.748,0.83
PU-AC0045-2026-08-24,AC0045,2026-08-24,31,7,0.772,0.598
PU-AC0046-2025-09-01,AC0046,2025-09-01,48,19,0.692,0.798
PU-AC0046-2025-09-08,AC0046,2025-09-08,44,17,0.646,0.76
PU-AC0046-2025-09-15,AC0046,2025-09-15,53,14,0.735,0.833
PU-AC0046-2025-09-22,AC0046,2025-09-22,44,15,0.712,0.621
PU-AC0046-2025-09-29,AC0046,2025-09-29,49,15,0.814,0.71
PU-AC0046-2025-10-06,AC0046,2025-10-06,43,16,0.897,0.732
PU-AC0046-2025-10-13,AC0046,2025-10-13,46,17,0.689,0.763
PU-AC0046-2025-10-20,AC0046,2025-10-20,47,18,0.414,0.673
PU-AC0046-2025-10-27,AC0046,2025-10-27,43,14,0.662,0.459
PU-AC0046-2025-11-03,AC0046,2025-11-03,48,15,0.695,0.607
PU-AC0046-2025-11-10,AC0046,2025-11-10,47,16,0.713,0.9
PU-AC0046-2025-11-17,AC0046,2025-11-17,49,19,0.704,0.548
PU-AC0046-2025-11-24,AC0046,2025-11-24,46,19,0.524,0.757
PU-AC0046-2025-12-01,AC0046,2025-12-01,50,16,0.706,0.646
PU-AC0046-2025-12-08,AC0046,2025-12-08,50,16,0.977,0.713
PU-AC0046-2025-12-15,AC0046,2025-12-15,45,14,0.708,0.543
PU-AC0046-2025-12-22,AC0046,2025-12-22,49,17,0.618,0.547
PU-AC0046-2025-12-29,AC0046,2025-12-29,50,18,0.674,0.757
PU-AC0046-2026-01-05,AC0046,2026-01-05,49,14,0.686,0.532
PU-AC0046-2026-01-12,AC0046,2026-01-12,46,14,0.699,0.515
PU-AC0046-2026-01-19,AC0046,2026-01-19,43,18,0.841,0.701
PU-AC0046-2026-01-26,AC0046,2026-01-26,47,19,0.792,0.681
PU-AC0046-2026-02-02,AC0046,2026-02-02,45,18,0.575,0.794
PU-AC0046-2026-02-09,AC0046,2026-02-09,46,18,0.827,0.568
PU-AC0046-2026-02-16,AC0046,2026-02-16,45,17,0.609,0.694
PU-AC0046-2026-02-23,AC0046,2026-02-23,43,17,0.793,0.562
PU-AC0046-2026-03-02,AC0046,2026-03-02,43,15,0.846,0.7
PU-AC0046-2026-03-09,AC0046,2026-03-09,50,15,0.574,0.93
PU-AC0046-2026-03-16,AC0046,2026-03-16,45,16,0.798,0.734
PU-AC0046-2026-03-23,AC0046,2026-03-23,49,18,0.812,0.622
PU-AC0046-2026-03-30,AC0046,2026-03-30,45,17,0.591,0.711
PU-AC0046-2026-04-06,AC0046,2026-04-06,48,17,0.79,0.623
PU-AC0046-2026-04-13,AC0046,2026-04-13,49,17,0.645,0.417
PU-AC0046-2026-04-20,AC0046,2026-04-20,46,15,0.694,0.562
PU-AC0046-2026-04-27,AC0046,2026-04-27,50,15,0.765,0.394
PU-AC0046-2026-05-04,AC0046,2026-05-04,43,17,0.748,0.815
PU-AC0046-2026-05-11,AC0046,2026-05-11,47,17,0.865,0.805
PU-AC0046-2026-05-18,AC0046,2026-05-18,46,19,0.852,0.702
PU-AC0046-2026-05-25,AC0046,2026-05-25,45,14,0.628,0.745
PU-AC0046-2026-06-01,AC0046,2026-06-01,47,19,0.562,0.641
PU-AC0046-2026-06-08,AC0046,2026-06-08,49,15,0.832,0.694
PU-AC0046-2026-06-15,AC0046,2026-06-15,53,18,0.59,0.637
PU-AC0046-2026-06-22,AC0046,2026-06-22,41,15,0.789,0.518
PU-AC0046-2026-06-29,AC0046,2026-06-29,46,16,0.643,0.346
PU-AC0046-2026-07-06,AC0046,2026-07-06,42,18,0.692,0.48
PU-AC0046-2026-07-13,AC0046,2026-07-13,45,15,0.662,0.614
PU-AC0046-2026-07-20,AC0046,2026-07-20,47,17,0.671,0.847
PU-AC0046-2026-07-27,AC0046,2026-07-27,47,14,0.621,0.691
PU-AC0046-2026-08-03,AC0046,2026-08-03,47,14,0.846,0.725
PU-AC0046-2026-08-10,AC0046,2026-08-10,50,15,0.59,0.794
PU-AC0046-2026-08-17,AC0046,2026-08-17,48,16,0.73,0.591
PU-AC0046-2026-08-24,AC0046,2026-08-24,42,18,0.631,0.628
PU-AC0047-2025-09-01,AC0047,2025-09-01,80,46,0.949,0.651
PU-AC0047-2025-09-08,AC0047,2025-09-08,76,53,0.739,0.703
PU-AC0047-2025-09-15,AC0047,2025-09-15,79,53,0.615,0.817
PU-AC0047-2025-09-22,AC0047,2025-09-22,78,49,0.825,0.605
PU-AC0047-2025-09-29,AC0047,2025-09-29,83,57,0.563,0.635
PU-AC0047-2025-10-06,AC0047,2025-10-06,84,50,0.585,0.497
PU-AC0047-2025-10-13,AC0047,2025-10-13,74,59,0.501,0.598
PU-AC0047-2025-10-20,AC0047,2025-10-20,79,50,0.735,0.654
PU-AC0047-2025-10-27,AC0047,2025-10-27,74,50,0.84,0.637
PU-AC0047-2025-11-03,AC0047,2025-11-03,75,50,0.703,0.604
PU-AC0047-2025-11-10,AC0047,2025-11-10,83,53,0.8,0.711
PU-AC0047-2025-11-17,AC0047,2025-11-17,71,56,0.92,0.537
PU-AC0047-2025-11-24,AC0047,2025-11-24,80,58,0.669,0.531
PU-AC0047-2025-12-01,AC0047,2025-12-01,77,43,0.703,0.668
PU-AC0047-2025-12-08,AC0047,2025-12-08,78,51,0.727,0.59
PU-AC0047-2025-12-15,AC0047,2025-12-15,64,56,0.9,0.624
PU-AC0047-2025-12-22,AC0047,2025-12-22,68,48,0.668,0.639
PU-AC0047-2025-12-29,AC0047,2025-12-29,72,46,0.681,0.807
PU-AC0047-2026-01-05,AC0047,2026-01-05,70,58,0.749,0.764
PU-AC0047-2026-01-12,AC0047,2026-01-12,82,44,0.676,0.669
PU-AC0047-2026-01-19,AC0047,2026-01-19,77,50,0.522,0.687
PU-AC0047-2026-01-26,AC0047,2026-01-26,79,52,0.649,0.69
PU-AC0047-2026-02-02,AC0047,2026-02-02,82,55,0.504,0.897
PU-AC0047-2026-02-09,AC0047,2026-02-09,86,53,0.766,0.396
PU-AC0047-2026-02-16,AC0047,2026-02-16,73,52,0.66,0.544
PU-AC0047-2026-02-23,AC0047,2026-02-23,77,45,0.522,0.701
PU-AC0047-2026-03-02,AC0047,2026-03-02,69,46,0.524,0.768
PU-AC0047-2026-03-09,AC0047,2026-03-09,81,52,0.764,0.662
PU-AC0047-2026-03-16,AC0047,2026-03-16,70,52,0.823,0.886
PU-AC0047-2026-03-23,AC0047,2026-03-23,67,51,0.767,0.76
PU-AC0047-2026-03-30,AC0047,2026-03-30,74,48,0.715,0.46
PU-AC0047-2026-04-06,AC0047,2026-04-06,69,58,0.591,0.523
PU-AC0047-2026-04-13,AC0047,2026-04-13,76,46,0.589,0.501
PU-AC0047-2026-04-20,AC0047,2026-04-20,77,52,0.582,0.333
PU-AC0047-2026-04-27,AC0047,2026-04-27,75,52,0.894,0.678
PU-AC0047-2026-05-04,AC0047,2026-05-04,82,49,0.747,0.587
PU-AC0047-2026-05-11,AC0047,2026-05-11,81,50,0.794,0.416
PU-AC0047-2026-05-18,AC0047,2026-05-18,81,48,0.686,0.846
PU-AC0047-2026-05-25,AC0047,2026-05-25,73,57,0.648,0.705
PU-AC0047-2026-06-01,AC0047,2026-06-01,84,50,0.641,0.627
PU-AC0047-2026-06-08,AC0047,2026-06-08,82,49,0.694,0.624
PU-AC0047-2026-06-15,AC0047,2026-06-15,75,50,0.727,0.588
PU-AC0047-2026-06-22,AC0047,2026-06-22,81,52,0.723,0.664
PU-AC0047-2026-06-29,AC0047,2026-06-29,66,54,0.748,0.539
PU-AC0047-2026-07-06,AC0047,2026-07-06,75,53,0.78,0.646
PU-AC0047-2026-07-13,AC0047,2026-07-13,82,54,0.585,0.498
PU-AC0047-2026-07-20,AC0047,2026-07-20,81,58,0.841,0.617
PU-AC0047-2026-07-27,AC0047,2026-07-27,69,47,0.699,0.542
PU-AC0047-2026-08-03,AC0047,2026-08-03,69,48,0.627,0.682
PU-AC0047-2026-08-10,AC0047,2026-08-10,80,57,0.664,0.371
PU-AC0047-2026-08-17,AC0047,2026-08-17,74,57,0.783,0.494
PU-AC0047-2026-08-24,AC0047,2026-08-24,72,48,0.705,0.684
PU-AC0048-2025-09-01,AC0048,2025-09-01,52,19,0.669,0.682
PU-AC0048-2025-09-08,AC0048,2025-09-08,59,19,0.545,0.757
PU-AC0048-2025-09-15,AC0048,2025-09-15,61,17,0.675,0.589
PU-AC0048-2025-09-22,AC0048,2025-09-22,57,20,0.814,0.31
PU-AC0048-2025-09-29,AC0048,2025-09-29,60,19,0.55,0.55
PU-AC0048-2025-10-06,AC0048,2025-10-06,60,20,0.56,0.411
PU-AC0048-2025-10-13,AC0048,2025-10-13,60,19,0.8,0.602
PU-AC0048-2025-10-20,AC0048,2025-10-20,59,21,0.764,0.529
PU-AC0048-2025-10-27,AC0048,2025-10-27,55,17,1.0,0.477
PU-AC0048-2025-11-03,AC0048,2025-11-03,57,18,0.739,0.524
PU-AC0048-2025-11-10,AC0048,2025-11-10,56,20,0.631,0.826
PU-AC0048-2025-11-17,AC0048,2025-11-17,60,19,0.581,0.734
PU-AC0048-2025-11-24,AC0048,2025-11-24,48,16,0.692,0.628
PU-AC0048-2025-12-01,AC0048,2025-12-01,65,17,0.904,0.621
PU-AC0048-2025-12-08,AC0048,2025-12-08,59,18,0.855,0.393
PU-AC0048-2025-12-15,AC0048,2025-12-15,61,16,0.794,0.338
PU-AC0048-2025-12-22,AC0048,2025-12-22,59,20,0.738,0.601
PU-AC0048-2025-12-29,AC0048,2025-12-29,56,16,0.827,0.774
PU-AC0048-2026-01-05,AC0048,2026-01-05,57,20,0.759,0.772
PU-AC0048-2026-01-12,AC0048,2026-01-12,57,20,0.827,0.895
PU-AC0048-2026-01-19,AC0048,2026-01-19,55,16,0.915,0.637
PU-AC0048-2026-01-26,AC0048,2026-01-26,55,19,0.694,0.584
PU-AC0048-2026-02-02,AC0048,2026-02-02,59,17,0.497,0.684
PU-AC0048-2026-02-09,AC0048,2026-02-09,56,17,0.785,0.861
PU-AC0048-2026-02-16,AC0048,2026-02-16,59,16,0.588,0.717
PU-AC0048-2026-02-23,AC0048,2026-02-23,55,19,0.742,0.665
PU-AC0048-2026-03-02,AC0048,2026-03-02,57,17,0.817,0.843
PU-AC0048-2026-03-09,AC0048,2026-03-09,54,21,0.879,0.324
PU-AC0048-2026-03-16,AC0048,2026-03-16,56,18,0.733,0.704
PU-AC0048-2026-03-23,AC0048,2026-03-23,52,19,0.838,0.598
PU-AC0048-2026-03-30,AC0048,2026-03-30,61,17,0.829,0.583
PU-AC0048-2026-04-06,AC0048,2026-04-06,56,18,0.683,0.703
PU-AC0048-2026-04-13,AC0048,2026-04-13,60,19,0.675,0.538
PU-AC0048-2026-04-20,AC0048,2026-04-20,59,20,0.937,0.712
PU-AC0048-2026-04-27,AC0048,2026-04-27,56,16,0.659,0.443
PU-AC0048-2026-05-04,AC0048,2026-05-04,54,20,0.755,0.582
PU-AC0048-2026-05-11,AC0048,2026-05-11,59,18,0.817,0.657
PU-AC0048-2026-05-18,AC0048,2026-05-18,55,18,0.848,0.459
PU-AC0048-2026-05-25,AC0048,2026-05-25,54,21,0.704,0.53
PU-AC0048-2026-06-01,AC0048,2026-06-01,57,20,0.583,0.691
PU-AC0048-2026-06-08,AC0048,2026-06-08,63,16,0.727,0.551
PU-AC0048-2026-06-15,AC0048,2026-06-15,53,17,0.856,0.371
PU-AC0048-2026-06-22,AC0048,2026-06-22,57,21,0.723,0.851
PU-AC0048-2026-06-29,AC0048,2026-06-29,58,21,0.727,0.581
PU-AC0048-2026-07-06,AC0048,2026-07-06,54,19,0.876,0.521
PU-AC0048-2026-07-13,AC0048,2026-07-13,57,18,0.774,0.696
PU-AC0048-2026-07-20,AC0048,2026-07-20,59,20,0.822,0.797
PU-AC0048-2026-07-27,AC0048,2026-07-27,61,19,0.449,0.67
PU-AC0048-2026-08-03,AC0048,2026-08-03,53,19,0.847,0.422
PU-AC0048-2026-08-10,AC0048,2026-08-10,55,21,0.616,0.498
PU-AC0048-2026-08-17,AC0048,2026-08-17,58,19,0.675,0.792
PU-AC0048-2026-08-24,AC0048,2026-08-24,58,18,0.655,0.568
PU-AC0049-2025-09-01,AC0049,2025-09-01,105,42,0.676,0.634
PU-AC0049-2025-09-08,AC0049,2025-09-08,106,50,0.644,0.87
PU-AC0049-2025-09-15,AC0049,2025-09-15,109,54,0.953,0.684
PU-AC0049-2025-09-22,AC0049,2025-09-22,100,47,0.794,0.542
PU-AC0049-2025-09-29,AC0049,2025-09-29,103,45,0.545,0.586
PU-AC0049-2025-10-06,AC0049,2025-10-06,98,47,0.821,0.741
PU-AC0049-2025-10-13,AC0049,2025-10-13,110,53,0.584,0.631
PU-AC0049-2025-10-20,AC0049,2025-10-20,101,51,0.62,0.67
PU-AC0049-2025-10-27,AC0049,2025-10-27,109,54,0.42,0.482
PU-AC0049-2025-11-03,AC0049,2025-11-03,104,46,0.565,0.707
PU-AC0049-2025-11-10,AC0049,2025-11-10,113,54,0.666,0.528
PU-AC0049-2025-11-17,AC0049,2025-11-17,105,51,0.618,0.668
PU-AC0049-2025-11-24,AC0049,2025-11-24,100,48,0.947,0.728
PU-AC0049-2025-12-01,AC0049,2025-12-01,101,54,0.898,0.291
PU-AC0049-2025-12-08,AC0049,2025-12-08,110,54,0.687,0.668
PU-AC0049-2025-12-15,AC0049,2025-12-15,117,54,0.711,0.483
PU-AC0049-2025-12-22,AC0049,2025-12-22,103,51,1.0,0.535
PU-AC0049-2025-12-29,AC0049,2025-12-29,110,45,0.813,0.393
PU-AC0049-2026-01-05,AC0049,2026-01-05,104,49,0.677,0.838
PU-AC0049-2026-01-12,AC0049,2026-01-12,103,48,0.687,0.799
PU-AC0049-2026-01-19,AC0049,2026-01-19,108,42,0.636,0.644
PU-AC0049-2026-01-26,AC0049,2026-01-26,111,48,0.748,0.74
PU-AC0049-2026-02-02,AC0049,2026-02-02,101,47,0.594,0.68
PU-AC0049-2026-02-09,AC0049,2026-02-09,110,54,0.701,0.603
PU-AC0049-2026-02-16,AC0049,2026-02-16,109,42,0.689,0.658
PU-AC0049-2026-02-23,AC0049,2026-02-23,102,46,0.707,0.878
PU-AC0049-2026-03-02,AC0049,2026-03-02,96,52,0.508,0.427
PU-AC0049-2026-03-09,AC0049,2026-03-09,101,45,0.765,0.599
PU-AC0049-2026-03-16,AC0049,2026-03-16,111,51,0.685,0.871
PU-AC0049-2026-03-23,AC0049,2026-03-23,113,45,0.516,0.719
PU-AC0049-2026-03-30,AC0049,2026-03-30,117,43,0.657,0.589
PU-AC0049-2026-04-06,AC0049,2026-04-06,115,48,0.739,0.691
PU-AC0049-2026-04-13,AC0049,2026-04-13,116,53,0.831,0.722
PU-AC0049-2026-04-20,AC0049,2026-04-20,99,46,0.803,0.398
PU-AC0049-2026-04-27,AC0049,2026-04-27,109,48,0.759,0.615
PU-AC0049-2026-05-04,AC0049,2026-05-04,105,45,0.646,0.662
PU-AC0049-2026-05-11,AC0049,2026-05-11,114,50,0.728,0.722
PU-AC0049-2026-05-18,AC0049,2026-05-18,114,43,0.8,0.866
PU-AC0049-2026-05-25,AC0049,2026-05-25,110,40,0.572,0.594
PU-AC0049-2026-06-01,AC0049,2026-06-01,103,46,0.781,0.855
PU-AC0049-2026-06-08,AC0049,2026-06-08,92,54,0.924,0.521
PU-AC0049-2026-06-15,AC0049,2026-06-15,110,48,0.773,0.648
PU-AC0049-2026-06-22,AC0049,2026-06-22,110,50,0.61,0.693
PU-AC0049-2026-06-29,AC0049,2026-06-29,101,41,0.774,0.611
PU-AC0049-2026-07-06,AC0049,2026-07-06,115,41,0.698,0.739
PU-AC0049-2026-07-13,AC0049,2026-07-13,106,42,0.845,0.548
PU-AC0049-2026-07-20,AC0049,2026-07-20,116,42,0.74,0.639
PU-AC0049-2026-07-27,AC0049,2026-07-27,110,48,0.873,0.706
PU-AC0049-2026-08-03,AC0049,2026-08-03,104,43,0.783,0.658
PU-AC0049-2026-08-10,AC0049,2026-08-10,109,49,0.781,0.586
PU-AC0049-2026-08-17,AC0049,2026-08-17,105,45,0.71,0.518
PU-AC0049-2026-08-24,AC0049,2026-08-24,102,48,0.791,0.738
PU-AC0050-2025-09-01,AC0050,2025-09-01,55,19,0.536,0.491
PU-AC0050-2025-09-08,AC0050,2025-09-08,59,21,0.594,0.486
PU-AC0050-2025-09-15,AC0050,2025-09-15,59,20,0.621,0.596
PU-AC0050-2025-09-22,AC0050,2025-09-22,62,21,0.771,0.645
PU-AC0050-2025-09-29,AC0050,2025-09-29,52,23,0.654,0.689
PU-AC0050-2025-10-06,AC0050,2025-10-06,55,19,0.608,0.695
PU-AC0050-2025-10-13,AC0050,2025-10-13,57,20,0.814,0.595
PU-AC0050-2025-10-20,AC0050,2025-10-20,53,22,0.553,0.558
PU-AC0050-2025-10-27,AC0050,2025-10-27,50,19,0.921,0.702
PU-AC0050-2025-11-03,AC0050,2025-11-03,54,24,0.809,0.546
PU-AC0050-2025-11-10,AC0050,2025-11-10,56,21,0.63,0.669
PU-AC0050-2025-11-17,AC0050,2025-11-17,51,23,0.83,0.498
PU-AC0050-2025-11-24,AC0050,2025-11-24,54,19,0.565,0.754
PU-AC0050-2025-12-01,AC0050,2025-12-01,55,20,0.748,0.592
PU-AC0050-2025-12-08,AC0050,2025-12-08,51,19,0.8,0.604
PU-AC0050-2025-12-15,AC0050,2025-12-15,57,22,0.702,0.58
PU-AC0050-2025-12-22,AC0050,2025-12-22,61,23,0.687,0.776
PU-AC0050-2025-12-29,AC0050,2025-12-29,50,23,0.704,0.591
PU-AC0050-2026-01-05,AC0050,2026-01-05,56,22,0.615,0.465
PU-AC0050-2026-01-12,AC0050,2026-01-12,57,22,0.775,0.665
PU-AC0050-2026-01-19,AC0050,2026-01-19,58,23,0.622,0.345
PU-AC0050-2026-01-26,AC0050,2026-01-26,57,19,0.685,0.77
PU-AC0050-2026-02-02,AC0050,2026-02-02,60,18,0.49,0.757
PU-AC0050-2026-02-09,AC0050,2026-02-09,53,22,0.854,0.571
PU-AC0050-2026-02-16,AC0050,2026-02-16,56,21,0.532,0.687
PU-AC0050-2026-02-23,AC0050,2026-02-23,56,22,0.819,0.98
PU-AC0050-2026-03-02,AC0050,2026-03-02,55,22,0.593,0.564
PU-AC0050-2026-03-09,AC0050,2026-03-09,50,18,0.711,0.517
PU-AC0050-2026-03-16,AC0050,2026-03-16,51,22,0.746,0.503
PU-AC0050-2026-03-23,AC0050,2026-03-23,60,22,0.746,0.455
PU-AC0050-2026-03-30,AC0050,2026-03-30,57,23,0.887,0.657
PU-AC0050-2026-04-06,AC0050,2026-04-06,54,21,0.839,0.702
PU-AC0050-2026-04-13,AC0050,2026-04-13,59,19,0.802,0.842
PU-AC0050-2026-04-20,AC0050,2026-04-20,52,21,0.831,0.394
PU-AC0050-2026-04-27,AC0050,2026-04-27,55,20,0.696,0.657
PU-AC0050-2026-05-04,AC0050,2026-05-04,56,20,0.602,0.455
PU-AC0050-2026-05-11,AC0050,2026-05-11,61,18,0.674,0.701
PU-AC0050-2026-05-18,AC0050,2026-05-18,54,20,0.614,0.663
PU-AC0050-2026-05-25,AC0050,2026-05-25,57,19,0.486,0.446
PU-AC0050-2026-06-01,AC0050,2026-06-01,57,22,0.783,0.584
PU-AC0050-2026-06-08,AC0050,2026-06-08,54,21,0.745,0.561
PU-AC0050-2026-06-15,AC0050,2026-06-15,54,24,0.814,0.776
PU-AC0050-2026-06-22,AC0050,2026-06-22,55,23,0.682,0.708
PU-AC0050-2026-06-29,AC0050,2026-06-29,51,19,0.821,0.581
PU-AC0050-2026-07-06,AC0050,2026-07-06,53,22,0.757,0.599
PU-AC0050-2026-07-13,AC0050,2026-07-13,52,22,0.631,0.45
PU-AC0050-2026-07-20,AC0050,2026-07-20,57,21,0.729,0.424
PU-AC0050-2026-07-27,AC0050,2026-07-27,53,20,0.614,0.68
PU-AC0050-2026-08-03,AC0050,2026-08-03,57,20,0.507,0.637
PU-AC0050-2026-08-10,AC0050,2026-08-10,57,23,0.564,0.593
PU-AC0050-2026-08-17,AC0050,2026-08-17,54,19,0.616,0.514
PU-AC0050-2026-08-24,AC0050,2026-08-24,58,21,0.716,0.675
PU-AC0051-2025-09-01,AC0051,2025-09-01,26,10,0.592,0.66
PU-AC0051-2025-09-08,AC0051,2025-09-08,28,8,0.569,0.446
PU-AC0051-2025-09-15,AC0051,2025-09-15,29,10,0.689,0.846
PU-AC0051-2025-09-22,AC0051,2025-09-22,27,9,0.653,0.663
PU-AC0051-2025-09-29,AC0051,2025-09-29,28,9,0.75,0.576
PU-AC0051-2025-10-06,AC0051,2025-10-06,28,10,0.882,0.786
PU-AC0051-2025-10-13,AC0051,2025-10-13,26,9,0.773,0.526
PU-AC0051-2025-10-20,AC0051,2025-10-20,28,9,0.857,0.747
PU-AC0051-2025-10-27,AC0051,2025-10-27,26,8,0.672,0.506
PU-AC0051-2025-11-03,AC0051,2025-11-03,26,9,0.828,0.788
PU-AC0051-2025-11-10,AC0051,2025-11-10,28,11,0.577,0.469
PU-AC0051-2025-11-17,AC0051,2025-11-17,25,10,0.809,0.478
PU-AC0051-2025-11-24,AC0051,2025-11-24,26,10,0.871,0.598
PU-AC0051-2025-12-01,AC0051,2025-12-01,27,8,0.592,0.533
PU-AC0051-2025-12-08,AC0051,2025-12-08,26,10,0.702,0.407
PU-AC0051-2025-12-15,AC0051,2025-12-15,27,8,0.891,0.489
PU-AC0051-2025-12-22,AC0051,2025-12-22,28,10,0.709,0.496
PU-AC0051-2025-12-29,AC0051,2025-12-29,28,10,0.55,0.702
PU-AC0051-2026-01-05,AC0051,2026-01-05,23,10,0.652,0.806
PU-AC0051-2026-01-12,AC0051,2026-01-12,28,8,0.867,0.871
PU-AC0051-2026-01-19,AC0051,2026-01-19,29,10,0.743,0.587
PU-AC0051-2026-01-26,AC0051,2026-01-26,28,10,0.775,0.578
PU-AC0051-2026-02-02,AC0051,2026-02-02,26,9,0.776,0.56
PU-AC0051-2026-02-09,AC0051,2026-02-09,27,9,0.828,0.596
PU-AC0051-2026-02-16,AC0051,2026-02-16,27,10,0.804,0.538
PU-AC0051-2026-02-23,AC0051,2026-02-23,29,9,0.804,0.651
PU-AC0051-2026-03-02,AC0051,2026-03-02,27,10,0.926,0.821
PU-AC0051-2026-03-09,AC0051,2026-03-09,25,9,0.81,0.444
PU-AC0051-2026-03-16,AC0051,2026-03-16,26,10,0.95,0.775
PU-AC0051-2026-03-23,AC0051,2026-03-23,28,11,0.772,0.622
PU-AC0051-2026-03-30,AC0051,2026-03-30,29,10,0.789,0.651
PU-AC0051-2026-04-06,AC0051,2026-04-06,30,10,0.485,0.609
PU-AC0051-2026-04-13,AC0051,2026-04-13,28,9,0.609,0.535
PU-AC0051-2026-04-20,AC0051,2026-04-20,29,10,0.678,0.585
PU-AC0051-2026-04-27,AC0051,2026-04-27,28,9,0.941,0.604
PU-AC0051-2026-05-04,AC0051,2026-05-04,27,9,0.663,0.476
PU-AC0051-2026-05-11,AC0051,2026-05-11,24,10,0.711,0.835
PU-AC0051-2026-05-18,AC0051,2026-05-18,26,9,0.798,0.814
PU-AC0051-2026-05-25,AC0051,2026-05-25,26,10,0.878,0.635
PU-AC0051-2026-06-01,AC0051,2026-06-01,24,10,0.74,0.593
PU-AC0051-2026-06-08,AC0051,2026-06-08,29,9,1.0,0.591
PU-AC0051-2026-06-15,AC0051,2026-06-15,27,8,0.614,0.791
PU-AC0051-2026-06-22,AC0051,2026-06-22,25,9,0.648,0.625
PU-AC0051-2026-06-29,AC0051,2026-06-29,26,9,0.537,0.445
PU-AC0051-2026-07-06,AC0051,2026-07-06,24,10,0.722,0.469
PU-AC0051-2026-07-13,AC0051,2026-07-13,27,10,0.748,0.777
PU-AC0051-2026-07-20,AC0051,2026-07-20,26,9,0.683,0.638
PU-AC0051-2026-07-27,AC0051,2026-07-27,24,11,0.955,0.552
PU-AC0051-2026-08-03,AC0051,2026-08-03,28,8,0.766,0.816
PU-AC0051-2026-08-10,AC0051,2026-08-10,26,10,0.744,0.695
PU-AC0051-2026-08-17,AC0051,2026-08-17,27,8,0.523,0.737
PU-AC0051-2026-08-24,AC0051,2026-08-24,30,10,0.744,0.7
PU-AC0052-2025-09-01,AC0052,2025-09-01,21,6,0.767,0.646
PU-AC0052-2025-09-08,AC0052,2025-09-08,20,6,0.74,0.696
PU-AC0052-2025-09-15,AC0052,2025-09-15,21,7,0.764,0.618
PU-AC0052-2025-09-22,AC0052,2025-09-22,21,7,0.595,0.612
PU-AC0052-2025-09-29,AC0052,2025-09-29,22,6,0.689,0.455
PU-AC0052-2025-10-06,AC0052,2025-10-06,21,5,0.747,0.715
PU-AC0052-2025-10-13,AC0052,2025-10-13,22,6,0.792,0.537
PU-AC0052-2025-10-20,AC0052,2025-10-20,21,7,0.782,0.678
PU-AC0052-2025-10-27,AC0052,2025-10-27,24,5,0.886,0.829
PU-AC0052-2025-11-03,AC0052,2025-11-03,19,7,0.699,0.381
PU-AC0052-2025-11-10,AC0052,2025-11-10,21,7,0.621,0.84
PU-AC0052-2025-11-17,AC0052,2025-11-17,21,7,0.832,0.471
PU-AC0052-2025-11-24,AC0052,2025-11-24,23,5,0.928,0.749
PU-AC0052-2025-12-01,AC0052,2025-12-01,22,6,0.581,0.416
PU-AC0052-2025-12-08,AC0052,2025-12-08,22,7,0.639,0.573
PU-AC0052-2025-12-15,AC0052,2025-12-15,22,7,0.604,0.663
PU-AC0052-2025-12-22,AC0052,2025-12-22,22,6,0.759,0.534
PU-AC0052-2025-12-29,AC0052,2025-12-29,20,7,0.845,0.529
PU-AC0052-2026-01-05,AC0052,2026-01-05,24,7,0.736,0.462
PU-AC0052-2026-01-12,AC0052,2026-01-12,21,6,0.84,0.671
PU-AC0052-2026-01-19,AC0052,2026-01-19,23,7,0.849,0.833
PU-AC0052-2026-01-26,AC0052,2026-01-26,19,5,0.995,0.807
PU-AC0052-2026-02-02,AC0052,2026-02-02,20,6,0.828,0.549
PU-AC0052-2026-02-09,AC0052,2026-02-09,22,6,0.433,0.621
PU-AC0052-2026-02-16,AC0052,2026-02-16,21,6,0.588,0.907
PU-AC0052-2026-02-23,AC0052,2026-02-23,22,7,0.801,0.432
PU-AC0052-2026-03-02,AC0052,2026-03-02,25,7,0.931,0.441
PU-AC0052-2026-03-09,AC0052,2026-03-09,20,7,0.647,0.571
PU-AC0052-2026-03-16,AC0052,2026-03-16,26,6,0.883,0.656
PU-AC0052-2026-03-23,AC0052,2026-03-23,22,7,0.605,0.679
PU-AC0052-2026-03-30,AC0052,2026-03-30,21,7,0.738,0.889
PU-AC0052-2026-04-06,AC0052,2026-04-06,22,5,0.495,0.682
PU-AC0052-2026-04-13,AC0052,2026-04-13,21,5,0.538,0.482
PU-AC0052-2026-04-20,AC0052,2026-04-20,18,7,0.471,0.538
PU-AC0052-2026-04-27,AC0052,2026-04-27,22,6,0.724,0.82
PU-AC0052-2026-05-04,AC0052,2026-05-04,22,6,0.888,0.561
PU-AC0052-2026-05-11,AC0052,2026-05-11,24,7,0.526,0.708
PU-AC0052-2026-05-18,AC0052,2026-05-18,21,7,0.808,0.639
PU-AC0052-2026-05-25,AC0052,2026-05-25,20,6,0.585,0.504
PU-AC0052-2026-06-01,AC0052,2026-06-01,21,7,0.581,0.594
PU-AC0052-2026-06-08,AC0052,2026-06-08,18,6,0.761,0.748
PU-AC0052-2026-06-15,AC0052,2026-06-15,24,5,0.733,0.741
PU-AC0052-2026-06-22,AC0052,2026-06-22,21,6,0.641,0.502
PU-AC0052-2026-06-29,AC0052,2026-06-29,22,6,0.77,0.518
PU-AC0052-2026-07-06,AC0052,2026-07-06,22,7,0.895,0.663
PU-AC0052-2026-07-13,AC0052,2026-07-13,23,6,0.854,0.62
PU-AC0052-2026-07-20,AC0052,2026-07-20,21,6,0.622,0.786
PU-AC0052-2026-07-27,AC0052,2026-07-27,23,6,0.881,0.637
PU-AC0052-2026-08-03,AC0052,2026-08-03,21,6,0.601,0.635
PU-AC0052-2026-08-10,AC0052,2026-08-10,23,5,0.622,0.839
PU-AC0052-2026-08-17,AC0052,2026-08-17,23,6,0.729,0.536
PU-AC0052-2026-08-24,AC0052,2026-08-24,21,6,0.759,0.556
PU-AC0053-2025-09-01,AC0053,2025-09-01,19,9,0.622,0.588
PU-AC0053-2025-09-08,AC0053,2025-09-08,22,10,0.571,0.701
PU-AC0053-2025-09-15,AC0053,2025-09-15,21,11,0.617,0.782
PU-AC0053-2025-09-22,AC0053,2025-09-22,20,8,0.731,0.58
PU-AC0053-2025-09-29,AC0053,2025-09-29,21,9,0.69,0.777
PU-AC0053-2025-10-06,AC0053,2025-10-06,17,9,0.711,0.755
PU-AC0053-2025-10-13,AC0053,2025-10-13,22,9,0.691,0.617
PU-AC0053-2025-10-20,AC0053,2025-10-20,20,8,0.909,0.474
PU-AC0053-2025-10-27,AC0053,2025-10-27,20,8,0.636,0.98
PU-AC0053-2025-11-03,AC0053,2025-11-03,21,10,0.603,0.617
PU-AC0053-2025-11-10,AC0053,2025-11-10,20,8,0.671,0.634
PU-AC0053-2025-11-17,AC0053,2025-11-17,20,8,0.813,0.709
PU-AC0053-2025-11-24,AC0053,2025-11-24,19,9,0.791,0.494
PU-AC0053-2025-12-01,AC0053,2025-12-01,21,8,0.73,0.403
PU-AC0053-2025-12-08,AC0053,2025-12-08,22,10,0.726,0.534
PU-AC0053-2025-12-15,AC0053,2025-12-15,19,9,0.707,0.604
PU-AC0053-2025-12-22,AC0053,2025-12-22,21,10,1.0,0.438
PU-AC0053-2025-12-29,AC0053,2025-12-29,20,8,0.69,0.695
PU-AC0053-2026-01-05,AC0053,2026-01-05,19,8,0.527,0.913
PU-AC0053-2026-01-12,AC0053,2026-01-12,20,10,0.629,0.699
PU-AC0053-2026-01-19,AC0053,2026-01-19,19,8,0.714,0.432
PU-AC0053-2026-01-26,AC0053,2026-01-26,20,10,0.784,0.68
PU-AC0053-2026-02-02,AC0053,2026-02-02,18,9,0.625,0.874
PU-AC0053-2026-02-09,AC0053,2026-02-09,20,10,0.868,0.287
PU-AC0053-2026-02-16,AC0053,2026-02-16,23,8,0.74,0.725
PU-AC0053-2026-02-23,AC0053,2026-02-23,22,8,0.913,0.66
PU-AC0053-2026-03-02,AC0053,2026-03-02,19,10,0.537,0.609
PU-AC0053-2026-03-09,AC0053,2026-03-09,20,9,0.804,0.818
PU-AC0053-2026-03-16,AC0053,2026-03-16,21,10,0.71,0.643
PU-AC0053-2026-03-23,AC0053,2026-03-23,20,8,0.59,0.785
PU-AC0053-2026-03-30,AC0053,2026-03-30,20,10,0.82,0.699
PU-AC0053-2026-04-06,AC0053,2026-04-06,20,10,0.884,0.473
PU-AC0053-2026-04-13,AC0053,2026-04-13,20,8,0.76,0.7
PU-AC0053-2026-04-20,AC0053,2026-04-20,21,8,0.762,0.558
PU-AC0053-2026-04-27,AC0053,2026-04-27,19,9,0.865,0.346
PU-AC0053-2026-05-04,AC0053,2026-05-04,20,10,0.728,0.689
PU-AC0053-2026-05-11,AC0053,2026-05-11,18,10,0.685,0.788
PU-AC0053-2026-05-18,AC0053,2026-05-18,22,8,0.685,0.733
PU-AC0053-2026-05-25,AC0053,2026-05-25,21,10,0.816,0.844
PU-AC0053-2026-06-01,AC0053,2026-06-01,18,8,0.678,0.67
PU-AC0053-2026-06-08,AC0053,2026-06-08,19,10,0.693,0.882
PU-AC0053-2026-06-15,AC0053,2026-06-15,21,10,0.824,0.88
PU-AC0053-2026-06-22,AC0053,2026-06-22,20,9,0.701,0.646
PU-AC0053-2026-06-29,AC0053,2026-06-29,20,8,0.78,0.607
PU-AC0053-2026-07-06,AC0053,2026-07-06,18,9,0.723,0.752
PU-AC0053-2026-07-13,AC0053,2026-07-13,21,11,0.734,0.668
PU-AC0053-2026-07-20,AC0053,2026-07-20,19,8,0.871,0.873
PU-AC0053-2026-07-27,AC0053,2026-07-27,22,11,0.94,0.568
PU-AC0053-2026-08-03,AC0053,2026-08-03,19,9,0.755,0.578
PU-AC0053-2026-08-10,AC0053,2026-08-10,24,9,0.704,0.478
PU-AC0053-2026-08-17,AC0053,2026-08-17,20,9,1.0,0.537
PU-AC0053-2026-08-24,AC0053,2026-08-24,18,9,0.71,0.651
PU-AC0054-2025-09-01,AC0054,2025-09-01,19,8,0.467,0.826
PU-AC0054-2025-09-08,AC0054,2025-09-08,18,8,0.616,0.484
PU-AC0054-2025-09-15,AC0054,2025-09-15,16,6,0.747,0.463
PU-AC0054-2025-09-22,AC0054,2025-09-22,20,8,0.742,0.615
PU-AC0054-2025-09-29,AC0054,2025-09-29,19,8,0.481,0.522
PU-AC0054-2025-10-06,AC0054,2025-10-06,17,7,0.741,0.429
PU-AC0054-2025-10-13,AC0054,2025-10-13,18,8,0.67,0.481
PU-AC0054-2025-10-20,AC0054,2025-10-20,16,7,0.611,0.906
PU-AC0054-2025-10-27,AC0054,2025-10-27,16,8,0.764,0.521
PU-AC0054-2025-11-03,AC0054,2025-11-03,18,8,0.607,0.663
PU-AC0054-2025-11-10,AC0054,2025-11-10,17,7,0.882,0.634
PU-AC0054-2025-11-17,AC0054,2025-11-17,16,7,0.48,0.46
PU-AC0054-2025-11-24,AC0054,2025-11-24,18,6,0.667,0.806
PU-AC0054-2025-12-01,AC0054,2025-12-01,16,6,0.83,0.462
PU-AC0054-2025-12-08,AC0054,2025-12-08,17,7,0.609,0.521
PU-AC0054-2025-12-15,AC0054,2025-12-15,17,8,0.713,0.539
PU-AC0054-2025-12-22,AC0054,2025-12-22,17,6,0.691,0.763
PU-AC0054-2025-12-29,AC0054,2025-12-29,14,6,0.543,0.612
PU-AC0054-2026-01-05,AC0054,2026-01-05,19,7,0.715,0.513
PU-AC0054-2026-01-12,AC0054,2026-01-12,16,8,0.684,0.526
PU-AC0054-2026-01-19,AC0054,2026-01-19,17,6,0.64,0.683
PU-AC0054-2026-01-26,AC0054,2026-01-26,18,7,0.727,0.44
PU-AC0054-2026-02-02,AC0054,2026-02-02,20,6,0.79,0.636
PU-AC0054-2026-02-09,AC0054,2026-02-09,18,8,0.748,0.596
PU-AC0054-2026-02-16,AC0054,2026-02-16,18,8,0.663,0.798
PU-AC0054-2026-02-23,AC0054,2026-02-23,19,8,0.597,0.844
PU-AC0054-2026-03-02,AC0054,2026-03-02,18,7,0.757,0.525
PU-AC0054-2026-03-09,AC0054,2026-03-09,17,6,0.664,0.592
PU-AC0054-2026-03-16,AC0054,2026-03-16,19,6,0.73,0.635
PU-AC0054-2026-03-23,AC0054,2026-03-23,17,7,0.812,0.726
PU-AC0054-2026-03-30,AC0054,2026-03-30,17,7,0.589,0.573
PU-AC0054-2026-04-06,AC0054,2026-04-06,18,8,0.558,0.717
PU-AC0054-2026-04-13,AC0054,2026-04-13,16,6,0.747,0.688
PU-AC0054-2026-04-20,AC0054,2026-04-20,17,7,0.564,0.54
PU-AC0054-2026-04-27,AC0054,2026-04-27,17,8,0.536,0.648
PU-AC0054-2026-05-04,AC0054,2026-05-04,18,6,0.959,0.771
PU-AC0054-2026-05-11,AC0054,2026-05-11,17,7,0.855,0.754
PU-AC0054-2026-05-18,AC0054,2026-05-18,18,8,0.854,0.786
PU-AC0054-2026-05-25,AC0054,2026-05-25,16,7,0.861,0.423
PU-AC0054-2026-06-01,AC0054,2026-06-01,18,7,0.776,0.832
PU-AC0054-2026-06-08,AC0054,2026-06-08,17,8,0.692,0.451
PU-AC0054-2026-06-15,AC0054,2026-06-15,17,8,0.681,0.703
PU-AC0054-2026-06-22,AC0054,2026-06-22,17,8,0.613,0.647
PU-AC0054-2026-06-29,AC0054,2026-06-29,16,7,0.7,0.763
PU-AC0054-2026-07-06,AC0054,2026-07-06,18,7,0.725,0.758
PU-AC0054-2026-07-13,AC0054,2026-07-13,17,7,0.932,0.683
PU-AC0054-2026-07-20,AC0054,2026-07-20,17,8,0.662,0.553
PU-AC0054-2026-07-27,AC0054,2026-07-27,15,6,0.881,0.566
PU-AC0054-2026-08-03,AC0054,2026-08-03,18,8,0.828,0.98
PU-AC0054-2026-08-10,AC0054,2026-08-10,18,8,0.624,0.542
PU-AC0054-2026-08-17,AC0054,2026-08-17,17,8,0.589,0.364
PU-AC0054-2026-08-24,AC0054,2026-08-24,18,8,0.822,0.708
PU-AC0055-2025-09-01,AC0055,2025-09-01,16,6,0.665,0.664
PU-AC0055-2025-09-08,AC0055,2025-09-08,16,7,0.599,0.615
PU-AC0055-2025-09-15,AC0055,2025-09-15,16,6,0.497,0.652
PU-AC0055-2025-09-22,AC0055,2025-09-22,18,7,0.761,0.735
PU-AC0055-2025-09-29,AC0055,2025-09-29,18,6,0.874,0.695
PU-AC0055-2025-10-06,AC0055,2025-10-06,18,7,0.707,0.588
PU-AC0055-2025-10-13,AC0055,2025-10-13,19,7,0.672,0.757
PU-AC0055-2025-10-20,AC0055,2025-10-20,16,7,0.866,0.748
PU-AC0055-2025-10-27,AC0055,2025-10-27,19,7,0.702,0.612
PU-AC0055-2025-11-03,AC0055,2025-11-03,19,5,0.834,0.638
PU-AC0055-2025-11-10,AC0055,2025-11-10,18,7,0.828,0.849
PU-AC0055-2025-11-17,AC0055,2025-11-17,18,6,0.777,0.748
PU-AC0055-2025-11-24,AC0055,2025-11-24,18,6,0.798,0.709
PU-AC0055-2025-12-01,AC0055,2025-12-01,16,6,0.766,0.791
PU-AC0055-2025-12-08,AC0055,2025-12-08,18,6,0.724,0.752
PU-AC0055-2025-12-15,AC0055,2025-12-15,17,7,0.787,0.625
PU-AC0055-2025-12-22,AC0055,2025-12-22,18,6,0.669,0.655
PU-AC0055-2025-12-29,AC0055,2025-12-29,17,6,0.556,0.636
PU-AC0055-2026-01-05,AC0055,2026-01-05,18,6,0.958,0.774
PU-AC0055-2026-01-12,AC0055,2026-01-12,16,7,0.694,0.697
PU-AC0055-2026-01-19,AC0055,2026-01-19,19,7,0.808,0.613
PU-AC0055-2026-01-26,AC0055,2026-01-26,18,7,0.744,0.646
PU-AC0055-2026-02-02,AC0055,2026-02-02,18,6,0.569,0.667
PU-AC0055-2026-02-09,AC0055,2026-02-09,19,6,0.665,0.43
PU-AC0055-2026-02-16,AC0055,2026-02-16,17,7,0.923,0.672
PU-AC0055-2026-02-23,AC0055,2026-02-23,17,6,0.728,0.551
PU-AC0055-2026-03-02,AC0055,2026-03-02,19,6,0.966,0.632
PU-AC0055-2026-03-09,AC0055,2026-03-09,16,7,0.692,0.361
PU-AC0055-2026-03-16,AC0055,2026-03-16,18,6,0.557,0.373
PU-AC0055-2026-03-23,AC0055,2026-03-23,17,7,0.487,0.522
PU-AC0055-2026-03-30,AC0055,2026-03-30,19,7,0.667,0.727
PU-AC0055-2026-04-06,AC0055,2026-04-06,17,6,0.691,0.611
PU-AC0055-2026-04-13,AC0055,2026-04-13,20,6,0.727,0.653
PU-AC0055-2026-04-20,AC0055,2026-04-20,19,6,0.919,0.803
PU-AC0055-2026-04-27,AC0055,2026-04-27,17,7,0.699,0.687
PU-AC0055-2026-05-04,AC0055,2026-05-04,19,7,0.677,0.658
PU-AC0055-2026-05-11,AC0055,2026-05-11,19,7,1.0,0.609
PU-AC0055-2026-05-18,AC0055,2026-05-18,16,7,0.474,0.774
PU-AC0055-2026-05-25,AC0055,2026-05-25,18,7,0.679,0.672
PU-AC0055-2026-06-01,AC0055,2026-06-01,18,6,0.636,0.565
PU-AC0055-2026-06-08,AC0055,2026-06-08,16,6,0.638,0.44
PU-AC0055-2026-06-15,AC0055,2026-06-15,19,7,0.738,0.703
PU-AC0055-2026-06-22,AC0055,2026-06-22,18,6,0.819,0.766
PU-AC0055-2026-06-29,AC0055,2026-06-29,16,7,0.679,0.688
PU-AC0055-2026-07-06,AC0055,2026-07-06,17,7,0.648,0.571
PU-AC0055-2026-07-13,AC0055,2026-07-13,17,7,0.609,0.784
PU-AC0055-2026-07-20,AC0055,2026-07-20,17,6,0.449,0.98
PU-AC0055-2026-07-27,AC0055,2026-07-27,18,6,0.847,0.767
PU-AC0055-2026-08-03,AC0055,2026-08-03,16,7,0.698,0.722
PU-AC0055-2026-08-10,AC0055,2026-08-10,19,7,0.799,0.48
PU-AC0055-2026-08-17,AC0055,2026-08-17,18,7,0.692,0.612
PU-AC0055-2026-08-24,AC0055,2026-08-24,16,7,0.758,0.371
PU-AC0056-2025-09-01,AC0056,2025-09-01,61,25,0.57,0.649
PU-AC0056-2025-09-08,AC0056,2025-09-08,61,25,0.523,0.903
PU-AC0056-2025-09-15,AC0056,2025-09-15,57,21,0.736,0.794
PU-AC0056-2025-09-22,AC0056,2025-09-22,60,24,0.52,0.784
PU-AC0056-2025-09-29,AC0056,2025-09-29,59,23,0.59,0.576
PU-AC0056-2025-10-06,AC0056,2025-10-06,55,21,0.772,0.679
PU-AC0056-2025-10-13,AC0056,2025-10-13,57,22,0.874,0.611
PU-AC0056-2025-10-20,AC0056,2025-10-20,60,20,0.697,0.611
PU-AC0056-2025-10-27,AC0056,2025-10-27,60,23,0.698,0.628
PU-AC0056-2025-11-03,AC0056,2025-11-03,58,24,0.803,0.659
PU-AC0056-2025-11-10,AC0056,2025-11-10,62,23,0.813,0.597
PU-AC0056-2025-11-17,AC0056,2025-11-17,60,21,0.813,0.585
PU-AC0056-2025-11-24,AC0056,2025-11-24,62,20,0.395,0.651
PU-AC0056-2025-12-01,AC0056,2025-12-01,62,22,0.719,0.606
PU-AC0056-2025-12-08,AC0056,2025-12-08,59,21,0.787,0.744
PU-AC0056-2025-12-15,AC0056,2025-12-15,54,23,0.699,0.495
PU-AC0056-2025-12-22,AC0056,2025-12-22,59,24,0.701,0.657
PU-AC0056-2025-12-29,AC0056,2025-12-29,59,21,0.788,0.504
PU-AC0056-2026-01-05,AC0056,2026-01-05,54,22,0.806,0.714
PU-AC0056-2026-01-12,AC0056,2026-01-12,59,21,0.817,0.533
PU-AC0056-2026-01-19,AC0056,2026-01-19,64,25,0.685,0.632
PU-AC0056-2026-01-26,AC0056,2026-01-26,67,23,0.519,0.547
PU-AC0056-2026-02-02,AC0056,2026-02-02,63,24,0.686,0.325
PU-AC0056-2026-02-09,AC0056,2026-02-09,70,22,0.711,0.41
PU-AC0056-2026-02-16,AC0056,2026-02-16,56,20,0.679,0.68
PU-AC0056-2026-02-23,AC0056,2026-02-23,60,20,0.636,0.668
PU-AC0056-2026-03-02,AC0056,2026-03-02,66,19,0.755,0.574
PU-AC0056-2026-03-09,AC0056,2026-03-09,60,23,0.787,0.403
PU-AC0056-2026-03-16,AC0056,2026-03-16,60,19,0.77,0.78
PU-AC0056-2026-03-23,AC0056,2026-03-23,63,25,0.678,0.497
PU-AC0056-2026-03-30,AC0056,2026-03-30,62,23,0.771,0.52
PU-AC0056-2026-04-06,AC0056,2026-04-06,57,20,0.942,0.848
PU-AC0056-2026-04-13,AC0056,2026-04-13,55,23,0.567,0.454
PU-AC0056-2026-04-20,AC0056,2026-04-20,58,21,0.868,0.717
PU-AC0056-2026-04-27,AC0056,2026-04-27,69,25,0.791,0.546
PU-AC0056-2026-05-04,AC0056,2026-05-04,60,25,0.666,0.81
PU-AC0056-2026-05-11,AC0056,2026-05-11,65,21,0.53,0.533
PU-AC0056-2026-05-18,AC0056,2026-05-18,62,19,1.0,0.837
PU-AC0056-2026-05-25,AC0056,2026-05-25,56,21,0.749,0.654
PU-AC0056-2026-06-01,AC0056,2026-06-01,66,20,0.701,0.521
PU-AC0056-2026-06-08,AC0056,2026-06-08,65,25,0.565,0.719
PU-AC0056-2026-06-15,AC0056,2026-06-15,59,25,0.757,0.787
PU-AC0056-2026-06-22,AC0056,2026-06-22,60,25,0.408,0.531
PU-AC0056-2026-06-29,AC0056,2026-06-29,59,20,0.783,0.726
PU-AC0056-2026-07-06,AC0056,2026-07-06,54,23,0.718,0.65
PU-AC0056-2026-07-13,AC0056,2026-07-13,59,21,0.721,0.695
PU-AC0056-2026-07-20,AC0056,2026-07-20,67,22,0.772,0.667
PU-AC0056-2026-07-27,AC0056,2026-07-27,55,25,0.925,0.529
PU-AC0056-2026-08-03,AC0056,2026-08-03,65,25,0.821,0.458
PU-AC0056-2026-08-10,AC0056,2026-08-10,66,20,0.789,0.621
PU-AC0056-2026-08-17,AC0056,2026-08-17,61,22,0.839,0.582
PU-AC0056-2026-08-24,AC0056,2026-08-24,54,23,0.571,0.589
PU-AC0057-2025-09-01,AC0057,2025-09-01,96,43,0.758,0.556
PU-AC0057-2025-09-08,AC0057,2025-09-08,93,40,0.762,0.828
PU-AC0057-2025-09-15,AC0057,2025-09-15,91,36,0.757,0.554
PU-AC0057-2025-09-22,AC0057,2025-09-22,99,34,0.816,0.611
PU-AC0057-2025-09-29,AC0057,2025-09-29,103,35,0.621,0.811
PU-AC0057-2025-10-06,AC0057,2025-10-06,97,42,0.785,0.704
PU-AC0057-2025-10-13,AC0057,2025-10-13,96,38,0.543,0.597
PU-AC0057-2025-10-20,AC0057,2025-10-20,101,43,0.955,0.566
PU-AC0057-2025-10-27,AC0057,2025-10-27,93,41,0.533,0.74
PU-AC0057-2025-11-03,AC0057,2025-11-03,97,41,0.837,0.661
PU-AC0057-2025-11-10,AC0057,2025-11-10,104,35,0.882,0.849
PU-AC0057-2025-11-17,AC0057,2025-11-17,91,43,0.594,0.552
PU-AC0057-2025-11-24,AC0057,2025-11-24,93,41,0.738,0.514
PU-AC0057-2025-12-01,AC0057,2025-12-01,105,43,0.986,0.644
PU-AC0057-2025-12-08,AC0057,2025-12-08,95,43,0.556,0.575
PU-AC0057-2025-12-15,AC0057,2025-12-15,89,36,0.664,0.539
PU-AC0057-2025-12-22,AC0057,2025-12-22,92,41,0.855,0.643
PU-AC0057-2025-12-29,AC0057,2025-12-29,94,35,0.782,0.577
PU-AC0057-2026-01-05,AC0057,2026-01-05,96,41,0.715,0.418
PU-AC0057-2026-01-12,AC0057,2026-01-12,103,36,0.616,0.638
PU-AC0057-2026-01-19,AC0057,2026-01-19,94,35,0.8,0.705
PU-AC0057-2026-01-26,AC0057,2026-01-26,87,33,0.836,0.634
PU-AC0057-2026-02-02,AC0057,2026-02-02,94,37,0.596,0.74
PU-AC0057-2026-02-09,AC0057,2026-02-09,98,37,0.696,0.566
PU-AC0057-2026-02-16,AC0057,2026-02-16,100,33,0.589,0.691
PU-AC0057-2026-02-23,AC0057,2026-02-23,86,36,0.601,0.657
PU-AC0057-2026-03-02,AC0057,2026-03-02,96,43,0.751,0.782
PU-AC0057-2026-03-09,AC0057,2026-03-09,93,35,0.574,0.792
PU-AC0057-2026-03-16,AC0057,2026-03-16,109,39,0.733,0.549
PU-AC0057-2026-03-23,AC0057,2026-03-23,98,35,0.681,0.646
PU-AC0057-2026-03-30,AC0057,2026-03-30,92,35,0.63,0.953
PU-AC0057-2026-04-06,AC0057,2026-04-06,103,43,0.802,0.616
PU-AC0057-2026-04-13,AC0057,2026-04-13,101,42,0.75,0.503
PU-AC0057-2026-04-20,AC0057,2026-04-20,105,35,0.998,0.667
PU-AC0057-2026-04-27,AC0057,2026-04-27,87,33,0.515,0.882
PU-AC0057-2026-05-04,AC0057,2026-05-04,93,37,0.676,0.747
PU-AC0057-2026-05-11,AC0057,2026-05-11,98,40,0.685,0.669
PU-AC0057-2026-05-18,AC0057,2026-05-18,87,37,0.738,0.72
PU-AC0057-2026-05-25,AC0057,2026-05-25,97,43,0.572,0.76
PU-AC0057-2026-06-01,AC0057,2026-06-01,100,35,0.756,0.699
PU-AC0057-2026-06-08,AC0057,2026-06-08,92,43,0.874,0.768
PU-AC0057-2026-06-15,AC0057,2026-06-15,99,37,0.669,0.524
PU-AC0057-2026-06-22,AC0057,2026-06-22,107,38,0.435,0.797
PU-AC0057-2026-06-29,AC0057,2026-06-29,98,34,0.804,0.597
PU-AC0057-2026-07-06,AC0057,2026-07-06,109,38,0.897,0.46
PU-AC0057-2026-07-13,AC0057,2026-07-13,98,39,0.589,0.598
PU-AC0057-2026-07-20,AC0057,2026-07-20,95,43,0.764,0.851
PU-AC0057-2026-07-27,AC0057,2026-07-27,95,39,0.819,0.487
PU-AC0057-2026-08-03,AC0057,2026-08-03,96,33,0.711,0.748
PU-AC0057-2026-08-10,AC0057,2026-08-10,100,40,0.754,0.715
PU-AC0057-2026-08-17,AC0057,2026-08-17,90,43,0.665,0.653
PU-AC0057-2026-08-24,AC0057,2026-08-24,91,36,0.821,0.469
PU-AC0058-2025-09-01,AC0058,2025-09-01,50,25,0.613,0.722
PU-AC0058-2025-09-08,AC0058,2025-09-08,46,22,0.849,0.497
PU-AC0058-2025-09-15,AC0058,2025-09-15,44,23,0.742,0.792
PU-AC0058-2025-09-22,AC0058,2025-09-22,48,23,0.8,0.924
PU-AC0058-2025-09-29,AC0058,2025-09-29,49,21,0.702,0.781
PU-AC0058-2025-10-06,AC0058,2025-10-06,41,21,0.795,0.737
PU-AC0058-2025-10-13,AC0058,2025-10-13,45,23,0.952,0.648
PU-AC0058-2025-10-20,AC0058,2025-10-20,39,21,0.588,0.815
PU-AC0058-2025-10-27,AC0058,2025-10-27,44,21,0.61,0.664
PU-AC0058-2025-11-03,AC0058,2025-11-03,48,26,0.814,0.634
PU-AC0058-2025-11-10,AC0058,2025-11-10,46,21,0.548,0.914
PU-AC0058-2025-11-17,AC0058,2025-11-17,41,24,0.642,0.613
PU-AC0058-2025-11-24,AC0058,2025-11-24,45,21,0.978,0.657
PU-AC0058-2025-12-01,AC0058,2025-12-01,46,21,0.768,0.584
PU-AC0058-2025-12-08,AC0058,2025-12-08,46,21,0.536,0.98
PU-AC0058-2025-12-15,AC0058,2025-12-15,42,23,0.717,0.54
PU-AC0058-2025-12-22,AC0058,2025-12-22,41,27,0.693,0.777
PU-AC0058-2025-12-29,AC0058,2025-12-29,45,21,0.606,0.571
PU-AC0058-2026-01-05,AC0058,2026-01-05,43,23,0.694,0.483
PU-AC0058-2026-01-12,AC0058,2026-01-12,44,25,0.84,0.754
PU-AC0058-2026-01-19,AC0058,2026-01-19,48,27,0.719,0.822
PU-AC0058-2026-01-26,AC0058,2026-01-26,42,25,0.521,0.526
PU-AC0058-2026-02-02,AC0058,2026-02-02,43,20,0.807,0.619
PU-AC0058-2026-02-09,AC0058,2026-02-09,44,21,0.925,0.786
PU-AC0058-2026-02-16,AC0058,2026-02-16,49,24,0.634,0.389
PU-AC0058-2026-02-23,AC0058,2026-02-23,42,23,0.855,0.524
PU-AC0058-2026-03-02,AC0058,2026-03-02,43,23,0.676,0.553
PU-AC0058-2026-03-09,AC0058,2026-03-09,49,26,0.53,0.485
PU-AC0058-2026-03-16,AC0058,2026-03-16,46,26,0.733,0.611
PU-AC0058-2026-03-23,AC0058,2026-03-23,45,26,0.939,0.889
PU-AC0058-2026-03-30,AC0058,2026-03-30,44,24,0.625,0.525
PU-AC0058-2026-04-06,AC0058,2026-04-06,44,21,0.774,0.565
PU-AC0058-2026-04-13,AC0058,2026-04-13,46,22,0.553,0.706
PU-AC0058-2026-04-20,AC0058,2026-04-20,47,27,0.485,0.748
PU-AC0058-2026-04-27,AC0058,2026-04-27,43,20,0.744,0.634
PU-AC0058-2026-05-04,AC0058,2026-05-04,45,22,0.764,0.5
PU-AC0058-2026-05-11,AC0058,2026-05-11,43,27,0.735,0.727
PU-AC0058-2026-05-18,AC0058,2026-05-18,45,22,0.652,0.718
PU-AC0058-2026-05-25,AC0058,2026-05-25,43,22,0.647,0.697
PU-AC0058-2026-06-01,AC0058,2026-06-01,49,23,0.716,0.701
PU-AC0058-2026-06-08,AC0058,2026-06-08,39,24,0.88,0.363
PU-AC0058-2026-06-15,AC0058,2026-06-15,48,27,0.886,0.587
PU-AC0058-2026-06-22,AC0058,2026-06-22,46,23,0.779,0.622
PU-AC0058-2026-06-29,AC0058,2026-06-29,47,21,0.821,0.41
PU-AC0058-2026-07-06,AC0058,2026-07-06,48,27,0.531,0.492
PU-AC0058-2026-07-13,AC0058,2026-07-13,50,27,0.595,0.664
PU-AC0058-2026-07-20,AC0058,2026-07-20,52,26,0.718,0.616
PU-AC0058-2026-07-27,AC0058,2026-07-27,47,21,0.738,0.605
PU-AC0058-2026-08-03,AC0058,2026-08-03,45,23,0.879,0.735
PU-AC0058-2026-08-10,AC0058,2026-08-10,44,25,0.671,0.511
PU-AC0058-2026-08-17,AC0058,2026-08-17,44,24,0.615,0.462
PU-AC0058-2026-08-24,AC0058,2026-08-24,41,24,0.746,0.591
PU-AC0059-2025-09-01,AC0059,2025-09-01,23,8,0.729,0.753
PU-AC0059-2025-09-08,AC0059,2025-09-08,23,8,0.815,0.501
PU-AC0059-2025-09-15,AC0059,2025-09-15,24,7,0.664,0.374
PU-AC0059-2025-09-22,AC0059,2025-09-22,24,7,0.572,0.479
PU-AC0059-2025-09-29,AC0059,2025-09-29,21,8,0.743,0.514
PU-AC0059-2025-10-06,AC0059,2025-10-06,22,8,0.71,0.596
PU-AC0059-2025-10-13,AC0059,2025-10-13,22,8,0.413,0.479
PU-AC0059-2025-10-20,AC0059,2025-10-20,22,8,0.478,0.717
PU-AC0059-2025-10-27,AC0059,2025-10-27,22,8,0.572,0.38
PU-AC0059-2025-11-03,AC0059,2025-11-03,22,8,0.715,0.601
PU-AC0059-2025-11-10,AC0059,2025-11-10,21,7,0.574,0.649
PU-AC0059-2025-11-17,AC0059,2025-11-17,23,7,0.748,0.565
PU-AC0059-2025-11-24,AC0059,2025-11-24,24,9,0.618,0.448
PU-AC0059-2025-12-01,AC0059,2025-12-01,23,8,1.0,0.794
PU-AC0059-2025-12-08,AC0059,2025-12-08,26,8,0.689,0.758
PU-AC0059-2025-12-15,AC0059,2025-12-15,22,7,0.66,0.692
PU-AC0059-2025-12-22,AC0059,2025-12-22,25,7,0.704,0.697
PU-AC0059-2025-12-29,AC0059,2025-12-29,24,7,0.81,0.623
PU-AC0059-2026-01-05,AC0059,2026-01-05,24,8,0.598,0.667
PU-AC0059-2026-01-12,AC0059,2026-01-12,24,8,0.894,0.459
PU-AC0059-2026-01-19,AC0059,2026-01-19,20,7,0.749,0.412
PU-AC0059-2026-01-26,AC0059,2026-01-26,24,7,0.88,0.579
PU-AC0059-2026-02-02,AC0059,2026-02-02,21,7,0.712,0.829
PU-AC0059-2026-02-09,AC0059,2026-02-09,23,8,0.677,0.444
PU-AC0059-2026-02-16,AC0059,2026-02-16,23,7,0.756,0.527
PU-AC0059-2026-02-23,AC0059,2026-02-23,23,6,0.675,0.646
PU-AC0059-2026-03-02,AC0059,2026-03-02,23,6,0.63,0.51
PU-AC0059-2026-03-09,AC0059,2026-03-09,23,7,0.784,0.801
PU-AC0059-2026-03-16,AC0059,2026-03-16,22,8,0.706,0.724
PU-AC0059-2026-03-23,AC0059,2026-03-23,23,7,0.527,0.472
PU-AC0059-2026-03-30,AC0059,2026-03-30,24,8,0.727,0.887
PU-AC0059-2026-04-06,AC0059,2026-04-06,23,8,0.827,0.708
PU-AC0059-2026-04-13,AC0059,2026-04-13,23,9,0.703,0.98
PU-AC0059-2026-04-20,AC0059,2026-04-20,23,7,0.691,0.686
PU-AC0059-2026-04-27,AC0059,2026-04-27,22,8,0.641,0.771
PU-AC0059-2026-05-04,AC0059,2026-05-04,24,7,0.877,0.434
PU-AC0059-2026-05-11,AC0059,2026-05-11,22,8,0.734,0.465
PU-AC0059-2026-05-18,AC0059,2026-05-18,23,8,0.583,0.434
PU-AC0059-2026-05-25,AC0059,2026-05-25,23,6,0.967,0.536
PU-AC0059-2026-06-01,AC0059,2026-06-01,23,7,0.774,0.379
PU-AC0059-2026-06-08,AC0059,2026-06-08,23,8,0.819,0.808
PU-AC0059-2026-06-15,AC0059,2026-06-15,22,8,0.555,0.617
PU-AC0059-2026-06-22,AC0059,2026-06-22,24,7,0.54,0.604
PU-AC0059-2026-06-29,AC0059,2026-06-29,24,6,0.833,0.668
PU-AC0059-2026-07-06,AC0059,2026-07-06,25,7,0.565,0.826
PU-AC0059-2026-07-13,AC0059,2026-07-13,23,8,0.686,0.538
PU-AC0059-2026-07-20,AC0059,2026-07-20,23,8,0.732,0.402
PU-AC0059-2026-07-27,AC0059,2026-07-27,23,8,0.79,0.755
PU-AC0059-2026-08-03,AC0059,2026-08-03,22,7,0.804,0.612
PU-AC0059-2026-08-10,AC0059,2026-08-10,25,7,0.663,0.588
PU-AC0059-2026-08-17,AC0059,2026-08-17,24,9,0.731,0.77
PU-AC0059-2026-08-24,AC0059,2026-08-24,21,8,0.971,0.622
PU-AC0060-2025-09-01,AC0060,2025-09-01,53,22,0.818,0.592
PU-AC0060-2025-09-08,AC0060,2025-09-08,47,26,0.707,0.728
PU-AC0060-2025-09-15,AC0060,2025-09-15,50,22,0.904,0.745
PU-AC0060-2025-09-22,AC0060,2025-09-22,52,22,0.714,0.388
PU-AC0060-2025-09-29,AC0060,2025-09-29,47,22,0.748,0.604
PU-AC0060-2025-10-06,AC0060,2025-10-06,51,27,0.956,0.55
PU-AC0060-2025-10-13,AC0060,2025-10-13,48,24,0.717,0.685
PU-AC0060-2025-10-20,AC0060,2025-10-20,50,23,0.835,0.686
PU-AC0060-2025-10-27,AC0060,2025-10-27,50,24,0.764,0.556
PU-AC0060-2025-11-03,AC0060,2025-11-03,51,23,0.597,0.613
PU-AC0060-2025-11-10,AC0060,2025-11-10,52,25,0.512,0.821
PU-AC0060-2025-11-17,AC0060,2025-11-17,50,21,0.941,0.682
PU-AC0060-2025-11-24,AC0060,2025-11-24,51,24,0.611,0.75
PU-AC0060-2025-12-01,AC0060,2025-12-01,56,28,0.724,0.69
PU-AC0060-2025-12-08,AC0060,2025-12-08,44,23,0.452,0.412
PU-AC0060-2025-12-15,AC0060,2025-12-15,51,27,0.868,0.635
PU-AC0060-2025-12-22,AC0060,2025-12-22,56,23,0.696,0.636
PU-AC0060-2025-12-29,AC0060,2025-12-29,57,23,0.552,0.632
PU-AC0060-2026-01-05,AC0060,2026-01-05,49,25,0.793,0.597
PU-AC0060-2026-01-12,AC0060,2026-01-12,47,27,0.777,0.513
PU-AC0060-2026-01-19,AC0060,2026-01-19,49,24,0.559,0.882
PU-AC0060-2026-01-26,AC0060,2026-01-26,55,25,0.64,0.441
PU-AC0060-2026-02-02,AC0060,2026-02-02,49,22,0.777,0.573
PU-AC0060-2026-02-09,AC0060,2026-02-09,54,24,0.81,0.432
PU-AC0060-2026-02-16,AC0060,2026-02-16,49,27,0.929,0.489
PU-AC0060-2026-02-23,AC0060,2026-02-23,50,25,0.808,0.632
PU-AC0060-2026-03-02,AC0060,2026-03-02,46,25,0.522,0.344
PU-AC0060-2026-03-09,AC0060,2026-03-09,52,28,0.591,0.516
PU-AC0060-2026-03-16,AC0060,2026-03-16,51,21,0.562,0.637
PU-AC0060-2026-03-23,AC0060,2026-03-23,51,25,0.66,0.535
PU-AC0060-2026-03-30,AC0060,2026-03-30,53,26,0.979,0.751
PU-AC0060-2026-04-06,AC0060,2026-04-06,46,22,0.931,0.829
PU-AC0060-2026-04-13,AC0060,2026-04-13,51,20,0.596,0.891
PU-AC0060-2026-04-20,AC0060,2026-04-20,50,21,0.712,0.732
PU-AC0060-2026-04-27,AC0060,2026-04-27,52,22,0.712,0.688
PU-AC0060-2026-05-04,AC0060,2026-05-04,58,21,0.597,0.702
PU-AC0060-2026-05-11,AC0060,2026-05-11,51,25,0.775,0.697
PU-AC0060-2026-05-18,AC0060,2026-05-18,49,24,0.667,0.729
PU-AC0060-2026-05-25,AC0060,2026-05-25,52,21,0.903,0.479
PU-AC0060-2026-06-01,AC0060,2026-06-01,49,23,0.66,0.336
PU-AC0060-2026-06-08,AC0060,2026-06-08,54,21,0.952,0.502
PU-AC0060-2026-06-15,AC0060,2026-06-15,49,24,0.843,0.793
PU-AC0060-2026-06-22,AC0060,2026-06-22,47,26,0.76,0.454
PU-AC0060-2026-06-29,AC0060,2026-06-29,49,21,0.939,0.473
PU-AC0060-2026-07-06,AC0060,2026-07-06,51,21,0.731,0.768
PU-AC0060-2026-07-13,AC0060,2026-07-13,50,25,0.818,0.598
PU-AC0060-2026-07-20,AC0060,2026-07-20,54,27,0.845,0.9
PU-AC0060-2026-07-27,AC0060,2026-07-27,48,26,0.62,0.628
PU-AC0060-2026-08-03,AC0060,2026-08-03,52,23,0.75,0.61
PU-AC0060-2026-08-10,AC0060,2026-08-10,49,24,0.722,0.731
PU-AC0060-2026-08-17,AC0060,2026-08-17,51,26,0.617,0.837
PU-AC0060-2026-08-24,AC0060,2026-08-24,48,23,0.645,0.787
PU-AC0061-2025-09-01,AC0061,2025-09-01,72,60,0.768,0.506
PU-AC0061-2025-09-08,AC0061,2025-09-08,84,55,0.767,0.737
PU-AC0061-2025-09-15,AC0061,2025-09-15,84,55,0.57,0.583
PU-AC0061-2025-09-22,AC0061,2025-09-22,83,56,0.811,0.416
PU-AC0061-2025-09-29,AC0061,2025-09-29,76,56,0.872,0.677
PU-AC0061-2025-10-06,AC0061,2025-10-06,83,56,0.811,0.612
PU-AC0061-2025-10-13,AC0061,2025-10-13,76,51,0.64,0.759
PU-AC0061-2025-10-20,AC0061,2025-10-20,82,47,0.779,0.704
PU-AC0061-2025-10-27,AC0061,2025-10-27,88,48,0.779,0.666
PU-AC0061-2025-11-03,AC0061,2025-11-03,80,53,0.817,0.499
PU-AC0061-2025-11-10,AC0061,2025-11-10,82,51,0.819,0.854
PU-AC0061-2025-11-17,AC0061,2025-11-17,80,46,0.696,0.447
PU-AC0061-2025-11-24,AC0061,2025-11-24,73,50,0.848,0.672
PU-AC0061-2025-12-01,AC0061,2025-12-01,72,54,0.407,0.618
PU-AC0061-2025-12-08,AC0061,2025-12-08,78,47,0.543,0.595
PU-AC0061-2025-12-15,AC0061,2025-12-15,77,61,0.776,0.616
PU-AC0061-2025-12-22,AC0061,2025-12-22,75,58,0.473,0.641
PU-AC0061-2025-12-29,AC0061,2025-12-29,83,46,0.706,0.778
PU-AC0061-2026-01-05,AC0061,2026-01-05,82,50,0.679,0.868
PU-AC0061-2026-01-12,AC0061,2026-01-12,77,51,0.824,0.678
PU-AC0061-2026-01-19,AC0061,2026-01-19,78,50,0.869,0.52
PU-AC0061-2026-01-26,AC0061,2026-01-26,74,53,0.595,0.609
PU-AC0061-2026-02-02,AC0061,2026-02-02,78,54,0.601,0.59
PU-AC0061-2026-02-09,AC0061,2026-02-09,93,57,0.661,0.848
PU-AC0061-2026-02-16,AC0061,2026-02-16,81,51,0.593,0.822
PU-AC0061-2026-02-23,AC0061,2026-02-23,74,53,0.558,0.727
PU-AC0061-2026-03-02,AC0061,2026-03-02,78,50,0.715,0.411
PU-AC0061-2026-03-09,AC0061,2026-03-09,85,45,0.606,0.623
PU-AC0061-2026-03-16,AC0061,2026-03-16,88,46,0.897,0.552
PU-AC0061-2026-03-23,AC0061,2026-03-23,73,54,0.594,0.509
PU-AC0061-2026-03-30,AC0061,2026-03-30,80,47,0.498,0.588
PU-AC0061-2026-04-06,AC0061,2026-04-06,78,61,0.852,0.381
PU-AC0061-2026-04-13,AC0061,2026-04-13,86,56,0.825,0.541
PU-AC0061-2026-04-20,AC0061,2026-04-20,79,50,0.669,0.596
PU-AC0061-2026-04-27,AC0061,2026-04-27,79,50,0.693,0.669
PU-AC0061-2026-05-04,AC0061,2026-05-04,83,52,0.651,0.557
PU-AC0061-2026-05-11,AC0061,2026-05-11,88,49,0.681,0.752
PU-AC0061-2026-05-18,AC0061,2026-05-18,73,49,0.503,0.815
PU-AC0061-2026-05-25,AC0061,2026-05-25,80,60,0.668,0.508
PU-AC0061-2026-06-01,AC0061,2026-06-01,75,46,0.846,0.685
PU-AC0061-2026-06-08,AC0061,2026-06-08,75,60,0.635,0.697
PU-AC0061-2026-06-15,AC0061,2026-06-15,88,50,0.807,0.519
PU-AC0061-2026-06-22,AC0061,2026-06-22,92,46,1.0,0.812
PU-AC0061-2026-06-29,AC0061,2026-06-29,81,60,0.753,0.533
PU-AC0061-2026-07-06,AC0061,2026-07-06,85,57,0.74,0.737
PU-AC0061-2026-07-13,AC0061,2026-07-13,76,54,0.646,0.565
PU-AC0061-2026-07-20,AC0061,2026-07-20,85,55,0.669,0.484
PU-AC0061-2026-07-27,AC0061,2026-07-27,85,52,0.546,0.577
PU-AC0061-2026-08-03,AC0061,2026-08-03,83,46,0.852,0.825
PU-AC0061-2026-08-10,AC0061,2026-08-10,71,45,0.877,0.802
PU-AC0061-2026-08-17,AC0061,2026-08-17,76,49,0.774,0.625
PU-AC0061-2026-08-24,AC0061,2026-08-24,77,59,0.797,0.71
PU-AC0062-2025-09-01,AC0062,2025-09-01,123,38,0.582,0.753
PU-AC0062-2025-09-08,AC0062,2025-09-08,114,39,0.649,0.784
PU-AC0062-2025-09-15,AC0062,2025-09-15,129,40,0.663,0.872
PU-AC0062-2025-09-22,AC0062,2025-09-22,107,44,0.713,0.653
PU-AC0062-2025-09-29,AC0062,2025-09-29,110,38,0.841,0.668
PU-AC0062-2025-10-06,AC0062,2025-10-06,116,47,0.806,0.377
PU-AC0062-2025-10-13,AC0062,2025-10-13,114,47,0.936,0.524
PU-AC0062-2025-10-20,AC0062,2025-10-20,119,37,0.63,0.583
PU-AC0062-2025-10-27,AC0062,2025-10-27,135,43,0.701,0.656
PU-AC0062-2025-11-03,AC0062,2025-11-03,129,40,0.655,0.871
PU-AC0062-2025-11-10,AC0062,2025-11-10,116,42,0.663,0.825
PU-AC0062-2025-11-17,AC0062,2025-11-17,136,37,0.574,0.673
PU-AC0062-2025-11-24,AC0062,2025-11-24,116,46,0.944,0.735
PU-AC0062-2025-12-01,AC0062,2025-12-01,128,45,0.637,0.652
PU-AC0062-2025-12-08,AC0062,2025-12-08,118,42,0.971,0.725
PU-AC0062-2025-12-15,AC0062,2025-12-15,120,39,0.734,0.634
PU-AC0062-2025-12-22,AC0062,2025-12-22,120,45,0.749,0.852
PU-AC0062-2025-12-29,AC0062,2025-12-29,139,45,0.661,0.585
PU-AC0062-2026-01-05,AC0062,2026-01-05,112,48,0.834,0.512
PU-AC0062-2026-01-12,AC0062,2026-01-12,121,44,0.621,0.581
PU-AC0062-2026-01-19,AC0062,2026-01-19,125,41,0.71,0.546
PU-AC0062-2026-01-26,AC0062,2026-01-26,107,36,0.782,0.645
PU-AC0062-2026-02-02,AC0062,2026-02-02,119,47,0.672,0.537
PU-AC0062-2026-02-09,AC0062,2026-02-09,125,41,0.708,0.556
PU-AC0062-2026-02-16,AC0062,2026-02-16,124,44,0.898,0.519
PU-AC0062-2026-02-23,AC0062,2026-02-23,118,36,0.776,0.783
PU-AC0062-2026-03-02,AC0062,2026-03-02,118,46,0.546,0.398
PU-AC0062-2026-03-09,AC0062,2026-03-09,124,39,0.79,0.573
PU-AC0062-2026-03-16,AC0062,2026-03-16,134,47,0.798,0.62
PU-AC0062-2026-03-23,AC0062,2026-03-23,112,36,0.757,0.67
PU-AC0062-2026-03-30,AC0062,2026-03-30,113,37,0.828,0.784
PU-AC0062-2026-04-06,AC0062,2026-04-06,119,40,0.743,0.676
PU-AC0062-2026-04-13,AC0062,2026-04-13,113,40,0.736,0.773
PU-AC0062-2026-04-20,AC0062,2026-04-20,123,39,0.739,0.508
PU-AC0062-2026-04-27,AC0062,2026-04-27,124,39,0.58,0.572
PU-AC0062-2026-05-04,AC0062,2026-05-04,111,43,0.528,0.677
PU-AC0062-2026-05-11,AC0062,2026-05-11,122,37,0.664,0.723
PU-AC0062-2026-05-18,AC0062,2026-05-18,121,44,0.866,0.888
PU-AC0062-2026-05-25,AC0062,2026-05-25,119,40,0.567,0.734
PU-AC0062-2026-06-01,AC0062,2026-06-01,121,46,0.732,0.695
PU-AC0062-2026-06-08,AC0062,2026-06-08,129,39,0.659,0.707
PU-AC0062-2026-06-15,AC0062,2026-06-15,115,44,0.855,0.724
PU-AC0062-2026-06-22,AC0062,2026-06-22,121,38,0.735,0.583
PU-AC0062-2026-06-29,AC0062,2026-06-29,128,43,0.544,0.425
PU-AC0062-2026-07-06,AC0062,2026-07-06,116,44,0.882,0.787
PU-AC0062-2026-07-13,AC0062,2026-07-13,115,40,0.892,0.772
PU-AC0062-2026-07-20,AC0062,2026-07-20,129,41,0.918,0.772
PU-AC0062-2026-07-27,AC0062,2026-07-27,107,36,0.732,0.655
PU-AC0062-2026-08-03,AC0062,2026-08-03,128,47,0.49,0.761
PU-AC0062-2026-08-10,AC0062,2026-08-10,115,37,0.843,0.648
PU-AC0062-2026-08-17,AC0062,2026-08-17,137,47,0.834,0.769
PU-AC0062-2026-08-24,AC0062,2026-08-24,129,43,0.861,0.707
PU-AC0063-2025-09-01,AC0063,2025-09-01,30,10,0.77,0.753
PU-AC0063-2025-09-08,AC0063,2025-09-08,33,8,0.816,0.483
PU-AC0063-2025-09-15,AC0063,2025-09-15,29,9,0.854,0.593
PU-AC0063-2025-09-22,AC0063,2025-09-22,31,9,0.887,0.604
PU-AC0063-2025-09-29,AC0063,2025-09-29,32,9,0.482,0.61
PU-AC0063-2025-10-06,AC0063,2025-10-06,32,9,0.652,0.711
PU-AC0063-2025-10-13,AC0063,2025-10-13,34,9,0.653,0.694
PU-AC0063-2025-10-20,AC0063,2025-10-20,33,7,0.78,0.409
PU-AC0063-2025-10-27,AC0063,2025-10-27,29,10,0.818,0.557
PU-AC0063-2025-11-03,AC0063,2025-11-03,34,8,0.519,0.53
PU-AC0063-2025-11-10,AC0063,2025-11-10,32,9,0.759,0.872
PU-AC0063-2025-11-17,AC0063,2025-11-17,30,9,0.701,0.764
PU-AC0063-2025-11-24,AC0063,2025-11-24,33,8,0.69,0.578
PU-AC0063-2025-12-01,AC0063,2025-12-01,31,9,0.876,0.545
PU-AC0063-2025-12-08,AC0063,2025-12-08,31,10,0.784,0.485
PU-AC0063-2025-12-15,AC0063,2025-12-15,31,7,0.589,0.442
PU-AC0063-2025-12-22,AC0063,2025-12-22,31,9,0.711,0.621
PU-AC0063-2025-12-29,AC0063,2025-12-29,32,8,0.706,0.505
PU-AC0063-2026-01-05,AC0063,2026-01-05,32,9,0.587,0.434
PU-AC0063-2026-01-12,AC0063,2026-01-12,32,8,0.857,0.87
PU-AC0063-2026-01-19,AC0063,2026-01-19,29,8,0.709,0.617
PU-AC0063-2026-01-26,AC0063,2026-01-26,33,8,0.568,0.505
PU-AC0063-2026-02-02,AC0063,2026-02-02,32,8,0.852,0.718
PU-AC0063-2026-02-09,AC0063,2026-02-09,29,8,0.621,0.509
PU-AC0063-2026-02-16,AC0063,2026-02-16,29,9,0.883,0.689
PU-AC0063-2026-02-23,AC0063,2026-02-23,32,9,0.898,0.566
PU-AC0063-2026-03-02,AC0063,2026-03-02,32,8,0.798,0.796
PU-AC0063-2026-03-09,AC0063,2026-03-09,32,8,0.786,0.7
PU-AC0063-2026-03-16,AC0063,2026-03-16,36,9,0.584,0.653
PU-AC0063-2026-03-23,AC0063,2026-03-23,32,10,0.636,0.505
PU-AC0063-2026-03-30,AC0063,2026-03-30,32,10,0.626,0.535
PU-AC0063-2026-04-06,AC0063,2026-04-06,31,7,0.573,0.615
PU-AC0063-2026-04-13,AC0063,2026-04-13,34,8,0.659,0.646
PU-AC0063-2026-04-20,AC0063,2026-04-20,36,9,0.561,0.748
PU-AC0063-2026-04-27,AC0063,2026-04-27,33,8,0.886,0.755
PU-AC0063-2026-05-04,AC0063,2026-05-04,31,10,0.812,0.971
PU-AC0063-2026-05-11,AC0063,2026-05-11,33,8,0.808,0.652
PU-AC0063-2026-05-18,AC0063,2026-05-18,31,8,0.832,0.664
PU-AC0063-2026-05-25,AC0063,2026-05-25,33,8,0.717,0.517
PU-AC0063-2026-06-01,AC0063,2026-06-01,34,7,0.89,0.547
PU-AC0063-2026-06-08,AC0063,2026-06-08,32,8,0.577,0.664
PU-AC0063-2026-06-15,AC0063,2026-06-15,30,10,0.809,0.415
PU-AC0063-2026-06-22,AC0063,2026-06-22,32,9,0.768,0.636
PU-AC0063-2026-06-29,AC0063,2026-06-29,29,8,0.889,0.622
PU-AC0063-2026-07-06,AC0063,2026-07-06,30,10,0.712,0.743
PU-AC0063-2026-07-13,AC0063,2026-07-13,32,9,0.731,0.543
PU-AC0063-2026-07-20,AC0063,2026-07-20,29,9,0.765,0.927
PU-AC0063-2026-07-27,AC0063,2026-07-27,30,8,0.541,0.701
PU-AC0063-2026-08-03,AC0063,2026-08-03,30,7,0.702,0.489
PU-AC0063-2026-08-10,AC0063,2026-08-10,30,8,0.723,0.712
PU-AC0063-2026-08-17,AC0063,2026-08-17,33,10,0.73,0.79
PU-AC0063-2026-08-24,AC0063,2026-08-24,33,10,0.684,0.646
PU-AC0064-2025-09-01,AC0064,2025-09-01,110,43,0.532,0.54
PU-AC0064-2025-09-08,AC0064,2025-09-08,113,50,0.775,0.348
PU-AC0064-2025-09-15,AC0064,2025-09-15,122,42,0.863,0.508
PU-AC0064-2025-09-22,AC0064,2025-09-22,122,39,0.783,0.671
PU-AC0064-2025-09-29,AC0064,2025-09-29,119,43,0.742,0.64
PU-AC0064-2025-10-06,AC0064,2025-10-06,120,40,0.777,0.55
PU-AC0064-2025-10-13,AC0064,2025-10-13,118,39,0.652,0.78
PU-AC0064-2025-10-20,AC0064,2025-10-20,115,39,0.511,0.664
PU-AC0064-2025-10-27,AC0064,2025-10-27,125,39,0.558,0.32
PU-AC0064-2025-11-03,AC0064,2025-11-03,112,49,0.897,0.812
PU-AC0064-2025-11-10,AC0064,2025-11-10,124,45,0.977,0.504
PU-AC0064-2025-11-17,AC0064,2025-11-17,129,38,0.665,0.451
PU-AC0064-2025-11-24,AC0064,2025-11-24,126,40,0.571,0.624
PU-AC0064-2025-12-01,AC0064,2025-12-01,112,49,0.427,0.523
PU-AC0064-2025-12-08,AC0064,2025-12-08,110,42,0.78,0.686
PU-AC0064-2025-12-15,AC0064,2025-12-15,111,47,0.58,0.747
PU-AC0064-2025-12-22,AC0064,2025-12-22,116,39,0.819,0.784
PU-AC0064-2025-12-29,AC0064,2025-12-29,109,39,0.83,0.688
PU-AC0064-2026-01-05,AC0064,2026-01-05,118,40,0.504,0.623
PU-AC0064-2026-01-12,AC0064,2026-01-12,121,50,0.884,0.588
PU-AC0064-2026-01-19,AC0064,2026-01-19,124,49,0.679,0.709
PU-AC0064-2026-01-26,AC0064,2026-01-26,124,39,0.999,0.581
PU-AC0064-2026-02-02,AC0064,2026-02-02,129,40,0.753,0.569
PU-AC0064-2026-02-09,AC0064,2026-02-09,116,49,0.733,0.726
PU-AC0064-2026-02-16,AC0064,2026-02-16,140,45,0.724,0.707
PU-AC0064-2026-02-23,AC0064,2026-02-23,115,43,0.66,0.642
PU-AC0064-2026-03-02,AC0064,2026-03-02,126,45,0.779,0.66
PU-AC0064-2026-03-09,AC0064,2026-03-09,134,45,0.876,0.579
PU-AC0064-2026-03-16,AC0064,2026-03-16,136,45,0.678,0.767
PU-AC0064-2026-03-23,AC0064,2026-03-23,127,44,0.719,0.818
PU-AC0064-2026-03-30,AC0064,2026-03-30,124,45,0.675,0.615
PU-AC0064-2026-04-06,AC0064,2026-04-06,116,44,0.78,0.736
PU-AC0064-2026-04-13,AC0064,2026-04-13,132,45,0.572,0.596
PU-AC0064-2026-04-20,AC0064,2026-04-20,118,42,0.67,0.593
PU-AC0064-2026-04-27,AC0064,2026-04-27,114,40,0.597,0.861
PU-AC0064-2026-05-04,AC0064,2026-05-04,100,40,0.901,0.735
PU-AC0064-2026-05-11,AC0064,2026-05-11,130,44,0.503,0.721
PU-AC0064-2026-05-18,AC0064,2026-05-18,115,48,0.559,0.788
PU-AC0064-2026-05-25,AC0064,2026-05-25,121,41,0.813,0.857
PU-AC0064-2026-06-01,AC0064,2026-06-01,116,48,0.571,0.553
PU-AC0064-2026-06-08,AC0064,2026-06-08,127,40,0.745,0.626
PU-AC0064-2026-06-15,AC0064,2026-06-15,132,48,0.436,0.654
PU-AC0064-2026-06-22,AC0064,2026-06-22,126,41,0.756,0.44
PU-AC0064-2026-06-29,AC0064,2026-06-29,120,40,0.641,0.72
PU-AC0064-2026-07-06,AC0064,2026-07-06,119,50,0.886,0.561
PU-AC0064-2026-07-13,AC0064,2026-07-13,127,42,0.711,0.859
PU-AC0064-2026-07-20,AC0064,2026-07-20,118,50,0.646,0.701
PU-AC0064-2026-07-27,AC0064,2026-07-27,116,44,0.814,0.798
PU-AC0064-2026-08-03,AC0064,2026-08-03,107,47,0.621,0.779
PU-AC0064-2026-08-10,AC0064,2026-08-10,117,46,0.495,0.784
PU-AC0064-2026-08-17,AC0064,2026-08-17,126,38,0.609,0.702
PU-AC0064-2026-08-24,AC0064,2026-08-24,121,43,0.889,0.518
PU-AC0065-2025-09-01,AC0065,2025-09-01,80,37,0.531,0.787
PU-AC0065-2025-09-08,AC0065,2025-09-08,77,42,0.659,0.669
PU-AC0065-2025-09-15,AC0065,2025-09-15,72,43,0.707,0.513
PU-AC0065-2025-09-22,AC0065,2025-09-22,72,36,0.728,0.384
PU-AC0065-2025-09-29,AC0065,2025-09-29,73,43,0.736,0.98
PU-AC0065-2025-10-06,AC0065,2025-10-06,72,46,0.597,0.576
PU-AC0065-2025-10-13,AC0065,2025-10-13,79,42,0.729,0.707
PU-AC0065-2025-10-20,AC0065,2025-10-20,79,42,0.588,0.865
PU-AC0065-2025-10-27,AC0065,2025-10-27,80,44,1.0,0.527
PU-AC0065-2025-11-03,AC0065,2025-11-03,75,45,0.757,0.656
PU-AC0065-2025-11-10,AC0065,2025-11-10,73,37,0.704,0.606
PU-AC0065-2025-11-17,AC0065,2025-11-17,78,46,0.775,0.684
PU-AC0065-2025-11-24,AC0065,2025-11-24,78,36,0.558,0.558
PU-AC0065-2025-12-01,AC0065,2025-12-01,72,44,0.698,0.556
PU-AC0065-2025-12-08,AC0065,2025-12-08,77,37,0.707,0.65
PU-AC0065-2025-12-15,AC0065,2025-12-15,81,47,0.673,0.406
PU-AC0065-2025-12-22,AC0065,2025-12-22,80,40,0.782,0.516
PU-AC0065-2025-12-29,AC0065,2025-12-29,82,36,0.831,0.604
PU-AC0065-2026-01-05,AC0065,2026-01-05,76,46,0.749,0.877
PU-AC0065-2026-01-12,AC0065,2026-01-12,77,36,0.63,0.653
PU-AC0065-2026-01-19,AC0065,2026-01-19,78,45,0.523,0.732
PU-AC0065-2026-01-26,AC0065,2026-01-26,77,45,0.678,0.499
PU-AC0065-2026-02-02,AC0065,2026-02-02,78,48,0.742,0.695
PU-AC0065-2026-02-09,AC0065,2026-02-09,83,45,0.607,0.511
PU-AC0065-2026-02-16,AC0065,2026-02-16,80,47,0.763,0.784
PU-AC0065-2026-02-23,AC0065,2026-02-23,73,46,0.539,0.798
PU-AC0065-2026-03-02,AC0065,2026-03-02,82,43,0.937,0.777
PU-AC0065-2026-03-09,AC0065,2026-03-09,78,37,0.86,0.406
PU-AC0065-2026-03-16,AC0065,2026-03-16,75,46,0.515,0.58
PU-AC0065-2026-03-23,AC0065,2026-03-23,77,46,0.722,0.566
PU-AC0065-2026-03-30,AC0065,2026-03-30,77,38,0.769,0.802
PU-AC0065-2026-04-06,AC0065,2026-04-06,79,46,0.834,0.63
PU-AC0065-2026-04-13,AC0065,2026-04-13,85,47,0.73,0.557
PU-AC0065-2026-04-20,AC0065,2026-04-20,74,39,0.658,0.536
PU-AC0065-2026-04-27,AC0065,2026-04-27,75,40,0.922,0.487
PU-AC0065-2026-05-04,AC0065,2026-05-04,74,41,0.602,0.684
PU-AC0065-2026-05-11,AC0065,2026-05-11,76,47,0.773,0.688
PU-AC0065-2026-05-18,AC0065,2026-05-18,74,43,0.765,0.797
PU-AC0065-2026-05-25,AC0065,2026-05-25,77,45,0.767,0.688
PU-AC0065-2026-06-01,AC0065,2026-06-01,79,42,0.804,0.582
PU-AC0065-2026-06-08,AC0065,2026-06-08,87,36,0.675,0.89
PU-AC0065-2026-06-15,AC0065,2026-06-15,76,42,0.541,0.604
PU-AC0065-2026-06-22,AC0065,2026-06-22,81,38,0.593,0.809
PU-AC0065-2026-06-29,AC0065,2026-06-29,84,47,1.0,0.737
PU-AC0065-2026-07-06,AC0065,2026-07-06,66,39,0.711,0.6
PU-AC0065-2026-07-13,AC0065,2026-07-13,78,37,0.786,0.477
PU-AC0065-2026-07-20,AC0065,2026-07-20,74,37,0.844,0.707
PU-AC0065-2026-07-27,AC0065,2026-07-27,70,38,0.771,0.766
PU-AC0065-2026-08-03,AC0065,2026-08-03,76,38,0.758,0.828
PU-AC0065-2026-08-10,AC0065,2026-08-10,87,43,0.729,0.611
PU-AC0065-2026-08-17,AC0065,2026-08-17,82,39,0.732,0.601
PU-AC0065-2026-08-24,AC0065,2026-08-24,82,36,0.721,0.695
PU-AC0066-2025-09-01,AC0066,2025-09-01,63,24,0.632,0.846
PU-AC0066-2025-09-08,AC0066,2025-09-08,55,23,0.652,0.505
PU-AC0066-2025-09-15,AC0066,2025-09-15,60,23,0.613,0.487
PU-AC0066-2025-09-22,AC0066,2025-09-22,60,22,0.659,0.752
PU-AC0066-2025-09-29,AC0066,2025-09-29,60,18,0.786,0.674
PU-AC0066-2025-10-06,AC0066,2025-10-06,53,23,0.758,0.751
PU-AC0066-2025-10-13,AC0066,2025-10-13,55,23,0.667,0.725
PU-AC0066-2025-10-20,AC0066,2025-10-20,55,19,0.694,0.594
PU-AC0066-2025-10-27,AC0066,2025-10-27,62,19,0.56,0.652
PU-AC0066-2025-11-03,AC0066,2025-11-03,61,21,0.942,0.404
PU-AC0066-2025-11-10,AC0066,2025-11-10,57,22,0.728,0.588
PU-AC0066-2025-11-17,AC0066,2025-11-17,59,24,0.724,0.616
PU-AC0066-2025-11-24,AC0066,2025-11-24,60,23,0.764,0.779
PU-AC0066-2025-12-01,AC0066,2025-12-01,57,21,0.651,0.407
PU-AC0066-2025-12-08,AC0066,2025-12-08,64,22,0.809,0.812
PU-AC0066-2025-12-15,AC0066,2025-12-15,59,18,0.709,0.712
PU-AC0066-2025-12-22,AC0066,2025-12-22,60,23,0.5,0.923
PU-AC0066-2025-12-29,AC0066,2025-12-29,57,21,0.605,0.685
PU-AC0066-2026-01-05,AC0066,2026-01-05,55,22,0.617,0.569
PU-AC0066-2026-01-12,AC0066,2026-01-12,59,18,0.69,0.549
PU-AC0066-2026-01-19,AC0066,2026-01-19,59,20,0.693,0.864
PU-AC0066-2026-01-26,AC0066,2026-01-26,60,20,0.661,0.542
PU-AC0066-2026-02-02,AC0066,2026-02-02,56,24,0.807,0.701
PU-AC0066-2026-02-09,AC0066,2026-02-09,57,23,0.58,0.481
PU-AC0066-2026-02-16,AC0066,2026-02-16,63,20,0.745,0.618
PU-AC0066-2026-02-23,AC0066,2026-02-23,57,19,0.739,0.686
PU-AC0066-2026-03-02,AC0066,2026-03-02,58,18,0.697,0.621
PU-AC0066-2026-03-09,AC0066,2026-03-09,55,24,0.666,0.541
PU-AC0066-2026-03-16,AC0066,2026-03-16,52,20,0.798,0.527
PU-AC0066-2026-03-23,AC0066,2026-03-23,64,19,0.755,0.574
PU-AC0066-2026-03-30,AC0066,2026-03-30,57,24,0.71,0.506
PU-AC0066-2026-04-06,AC0066,2026-04-06,60,19,0.489,0.762
PU-AC0066-2026-04-13,AC0066,2026-04-13,60,21,0.901,0.627
PU-AC0066-2026-04-20,AC0066,2026-04-20,60,21,0.846,0.713
PU-AC0066-2026-04-27,AC0066,2026-04-27,64,20,0.832,0.457
PU-AC0066-2026-05-04,AC0066,2026-05-04,58,22,0.698,0.694
PU-AC0066-2026-05-11,AC0066,2026-05-11,57,20,0.621,0.54
PU-AC0066-2026-05-18,AC0066,2026-05-18,59,18,0.596,0.504
PU-AC0066-2026-05-25,AC0066,2026-05-25,58,20,0.606,0.611
PU-AC0066-2026-06-01,AC0066,2026-06-01,60,19,0.975,0.74
PU-AC0066-2026-06-08,AC0066,2026-06-08,58,22,0.774,0.622
PU-AC0066-2026-06-15,AC0066,2026-06-15,62,19,0.603,0.597
PU-AC0066-2026-06-22,AC0066,2026-06-22,58,20,0.846,0.526
PU-AC0066-2026-06-29,AC0066,2026-06-29,56,19,0.682,0.683
PU-AC0066-2026-07-06,AC0066,2026-07-06,56,24,0.734,0.748
PU-AC0066-2026-07-13,AC0066,2026-07-13,60,21,0.764,0.682
PU-AC0066-2026-07-20,AC0066,2026-07-20,57,18,0.753,0.696
PU-AC0066-2026-07-27,AC0066,2026-07-27,65,21,0.641,0.579
PU-AC0066-2026-08-03,AC0066,2026-08-03,57,23,0.563,0.751
PU-AC0066-2026-08-10,AC0066,2026-08-10,55,21,0.685,0.694
PU-AC0066-2026-08-17,AC0066,2026-08-17,56,20,0.707,0.867
PU-AC0066-2026-08-24,AC0066,2026-08-24,59,19,0.79,0.478
PU-AC0067-2025-09-01,AC0067,2025-09-01,51,20,0.871,0.783
PU-AC0067-2025-09-08,AC0067,2025-09-08,52,20,0.697,0.572
PU-AC0067-2025-09-15,AC0067,2025-09-15,54,20,0.755,0.55
PU-AC0067-2025-09-22,AC0067,2025-09-22,50,18,0.837,0.75
PU-AC0067-2025-09-29,AC0067,2025-09-29,48,18,0.701,0.628
PU-AC0067-2025-10-06,AC0067,2025-10-06,45,19,0.699,0.272
PU-AC0067-2025-10-13,AC0067,2025-10-13,46,19,0.793,0.675
PU-AC0067-2025-10-20,AC0067,2025-10-20,46,18,0.681,0.521
PU-AC0067-2025-10-27,AC0067,2025-10-27,43,21,0.613,0.431
PU-AC0067-2025-11-03,AC0067,2025-11-03,53,17,0.639,0.8
PU-AC0067-2025-11-10,AC0067,2025-11-10,50,21,0.827,0.663
PU-AC0067-2025-11-17,AC0067,2025-11-17,52,19,0.896,0.936
PU-AC0067-2025-11-24,AC0067,2025-11-24,47,21,0.752,0.525
PU-AC0067-2025-12-01,AC0067,2025-12-01,52,21,0.693,0.912
PU-AC0067-2025-12-08,AC0067,2025-12-08,50,17,0.456,0.81
PU-AC0067-2025-12-15,AC0067,2025-12-15,48,18,0.827,0.53
PU-AC0067-2025-12-22,AC0067,2025-12-22,49,16,0.636,0.742
PU-AC0067-2025-12-29,AC0067,2025-12-29,55,20,0.801,0.506
PU-AC0067-2026-01-05,AC0067,2026-01-05,45,19,0.868,0.604
PU-AC0067-2026-01-12,AC0067,2026-01-12,59,20,0.74,0.469
PU-AC0067-2026-01-19,AC0067,2026-01-19,45,19,0.448,0.653
PU-AC0067-2026-01-26,AC0067,2026-01-26,51,20,0.709,0.86
PU-AC0067-2026-02-02,AC0067,2026-02-02,48,17,0.67,0.549
PU-AC0067-2026-02-09,AC0067,2026-02-09,47,21,0.553,0.8
PU-AC0067-2026-02-16,AC0067,2026-02-16,48,18,0.672,0.656
PU-AC0067-2026-02-23,AC0067,2026-02-23,49,17,0.628,0.731
PU-AC0067-2026-03-02,AC0067,2026-03-02,49,21,0.785,0.755
PU-AC0067-2026-03-09,AC0067,2026-03-09,45,17,0.577,0.638
PU-AC0067-2026-03-16,AC0067,2026-03-16,47,19,0.715,0.609
PU-AC0067-2026-03-23,AC0067,2026-03-23,50,20,0.715,0.693
PU-AC0067-2026-03-30,AC0067,2026-03-30,52,19,0.95,0.611
PU-AC0067-2026-04-06,AC0067,2026-04-06,54,20,0.444,0.71
PU-AC0067-2026-04-13,AC0067,2026-04-13,54,17,0.467,0.51
PU-AC0067-2026-04-20,AC0067,2026-04-20,44,22,0.877,0.465
PU-AC0067-2026-04-27,AC0067,2026-04-27,52,18,0.795,0.494
PU-AC0067-2026-05-04,AC0067,2026-05-04,51,21,0.511,0.688
PU-AC0067-2026-05-11,AC0067,2026-05-11,53,21,0.646,0.906
PU-AC0067-2026-05-18,AC0067,2026-05-18,50,21,0.446,0.312
PU-AC0067-2026-05-25,AC0067,2026-05-25,54,20,0.637,0.353
PU-AC0067-2026-06-01,AC0067,2026-06-01,47,17,0.721,0.612
PU-AC0067-2026-06-08,AC0067,2026-06-08,55,20,0.675,0.644
PU-AC0067-2026-06-15,AC0067,2026-06-15,57,18,0.618,0.83
PU-AC0067-2026-06-22,AC0067,2026-06-22,50,22,0.746,0.618
PU-AC0067-2026-06-29,AC0067,2026-06-29,50,18,0.727,0.772
PU-AC0067-2026-07-06,AC0067,2026-07-06,50,18,0.674,0.415
PU-AC0067-2026-07-13,AC0067,2026-07-13,53,21,0.833,0.678
PU-AC0067-2026-07-20,AC0067,2026-07-20,44,22,0.721,0.517
PU-AC0067-2026-07-27,AC0067,2026-07-27,45,21,0.695,0.54
PU-AC0067-2026-08-03,AC0067,2026-08-03,54,20,0.664,0.682
PU-AC0067-2026-08-10,AC0067,2026-08-10,58,21,0.662,0.702
PU-AC0067-2026-08-17,AC0067,2026-08-17,55,19,0.933,0.525
PU-AC0067-2026-08-24,AC0067,2026-08-24,50,17,0.75,0.741
PU-AC0068-2025-09-01,AC0068,2025-09-01,43,17,0.924,0.844
PU-AC0068-2025-09-08,AC0068,2025-09-08,44,15,0.87,0.502
PU-AC0068-2025-09-15,AC0068,2025-09-15,45,19,0.786,0.729
PU-AC0068-2025-09-22,AC0068,2025-09-22,49,16,0.89,0.812
PU-AC0068-2025-09-29,AC0068,2025-09-29,46,18,0.41,0.631
PU-AC0068-2025-10-06,AC0068,2025-10-06,47,16,0.601,0.676
PU-AC0068-2025-10-13,AC0068,2025-10-13,44,17,0.74,0.556
PU-AC0068-2025-10-20,AC0068,2025-10-20,47,16,0.581,0.451
PU-AC0068-2025-10-27,AC0068,2025-10-27,48,17,0.96,0.602
PU-AC0068-2025-11-03,AC0068,2025-11-03,47,19,0.925,0.967
PU-AC0068-2025-11-10,AC0068,2025-11-10,49,20,0.772,0.487
PU-AC0068-2025-11-17,AC0068,2025-11-17,47,19,0.796,0.677
PU-AC0068-2025-11-24,AC0068,2025-11-24,44,15,0.753,0.522
PU-AC0068-2025-12-01,AC0068,2025-12-01,46,19,0.728,0.699
PU-AC0068-2025-12-08,AC0068,2025-12-08,48,19,0.665,0.733
PU-AC0068-2025-12-15,AC0068,2025-12-15,51,19,0.793,0.585
PU-AC0068-2025-12-22,AC0068,2025-12-22,54,19,0.712,0.63
PU-AC0068-2025-12-29,AC0068,2025-12-29,46,19,0.765,0.684
PU-AC0068-2026-01-05,AC0068,2026-01-05,48,15,0.618,0.55
PU-AC0068-2026-01-12,AC0068,2026-01-12,49,19,0.757,0.636
PU-AC0068-2026-01-19,AC0068,2026-01-19,52,17,0.854,0.635
PU-AC0068-2026-01-26,AC0068,2026-01-26,52,15,0.857,0.689
PU-AC0068-2026-02-02,AC0068,2026-02-02,45,18,0.635,0.566
PU-AC0068-2026-02-09,AC0068,2026-02-09,49,20,0.827,0.503
PU-AC0068-2026-02-16,AC0068,2026-02-16,47,17,0.733,0.621
PU-AC0068-2026-02-23,AC0068,2026-02-23,43,18,0.735,0.37
PU-AC0068-2026-03-02,AC0068,2026-03-02,46,15,0.591,0.685
PU-AC0068-2026-03-09,AC0068,2026-03-09,43,15,0.626,0.466
PU-AC0068-2026-03-16,AC0068,2026-03-16,49,15,0.605,0.694
PU-AC0068-2026-03-23,AC0068,2026-03-23,42,20,0.7,0.548
PU-AC0068-2026-03-30,AC0068,2026-03-30,46,19,0.755,0.775
PU-AC0068-2026-04-06,AC0068,2026-04-06,47,15,0.812,0.784
PU-AC0068-2026-04-13,AC0068,2026-04-13,50,18,0.742,0.602
PU-AC0068-2026-04-20,AC0068,2026-04-20,49,18,0.682,0.693
PU-AC0068-2026-04-27,AC0068,2026-04-27,48,17,0.718,0.541
PU-AC0068-2026-05-04,AC0068,2026-05-04,43,19,0.731,0.889
PU-AC0068-2026-05-11,AC0068,2026-05-11,46,15,0.701,0.678
PU-AC0068-2026-05-18,AC0068,2026-05-18,50,20,0.736,0.691
PU-AC0068-2026-05-25,AC0068,2026-05-25,43,17,0.705,0.597
PU-AC0068-2026-06-01,AC0068,2026-06-01,44,20,0.606,0.584
PU-AC0068-2026-06-08,AC0068,2026-06-08,52,16,0.894,0.724
PU-AC0068-2026-06-15,AC0068,2026-06-15,45,17,0.51,0.568
PU-AC0068-2026-06-22,AC0068,2026-06-22,48,16,0.756,0.6
PU-AC0068-2026-06-29,AC0068,2026-06-29,51,15,0.743,0.364
PU-AC0068-2026-07-06,AC0068,2026-07-06,48,16,0.837,0.602
PU-AC0068-2026-07-13,AC0068,2026-07-13,43,15,0.653,0.828
PU-AC0068-2026-07-20,AC0068,2026-07-20,47,18,0.462,0.815
PU-AC0068-2026-07-27,AC0068,2026-07-27,48,18,0.801,0.769
PU-AC0068-2026-08-03,AC0068,2026-08-03,49,16,0.834,0.668
PU-AC0068-2026-08-10,AC0068,2026-08-10,47,19,0.589,0.501
PU-AC0068-2026-08-17,AC0068,2026-08-17,40,17,0.668,0.742
PU-AC0068-2026-08-24,AC0068,2026-08-24,49,19,0.748,0.794
PU-AC0069-2025-09-01,AC0069,2025-09-01,28,7,0.761,0.907
PU-AC0069-2025-09-08,AC0069,2025-09-08,27,7,0.882,0.672
PU-AC0069-2025-09-15,AC0069,2025-09-15,30,7,0.533,0.906
PU-AC0069-2025-09-22,AC0069,2025-09-22,29,7,0.722,0.654
PU-AC0069-2025-09-29,AC0069,2025-09-29,30,8,0.816,0.574
PU-AC0069-2025-10-06,AC0069,2025-10-06,28,7,0.677,0.694
PU-AC0069-2025-10-13,AC0069,2025-10-13,28,8,0.675,0.616
PU-AC0069-2025-10-20,AC0069,2025-10-20,29,8,0.774,0.496
PU-AC0069-2025-10-27,AC0069,2025-10-27,29,8,0.592,0.5
PU-AC0069-2025-11-03,AC0069,2025-11-03,29,7,0.844,0.714
PU-AC0069-2025-11-10,AC0069,2025-11-10,29,7,0.764,0.634
PU-AC0069-2025-11-17,AC0069,2025-11-17,28,8,0.65,0.743
PU-AC0069-2025-11-24,AC0069,2025-11-24,32,8,0.741,0.752
PU-AC0069-2025-12-01,AC0069,2025-12-01,28,7,0.557,0.448
PU-AC0069-2025-12-08,AC0069,2025-12-08,28,6,0.918,0.623
PU-AC0069-2025-12-15,AC0069,2025-12-15,30,7,0.544,0.678
PU-AC0069-2025-12-22,AC0069,2025-12-22,29,7,0.549,0.657
PU-AC0069-2025-12-29,AC0069,2025-12-29,28,8,0.757,0.756
PU-AC0069-2026-01-05,AC0069,2026-01-05,28,8,0.535,0.631
PU-AC0069-2026-01-12,AC0069,2026-01-12,29,8,0.719,0.479
PU-AC0069-2026-01-19,AC0069,2026-01-19,30,9,0.766,0.714
PU-AC0069-2026-01-26,AC0069,2026-01-26,27,8,0.946,0.773
PU-AC0069-2026-02-02,AC0069,2026-02-02,32,7,0.612,0.516
PU-AC0069-2026-02-09,AC0069,2026-02-09,29,6,0.673,0.635
PU-AC0069-2026-02-16,AC0069,2026-02-16,29,8,0.656,0.721
PU-AC0069-2026-02-23,AC0069,2026-02-23,28,8,0.647,0.606
PU-AC0069-2026-03-02,AC0069,2026-03-02,26,8,0.801,0.654
PU-AC0069-2026-03-09,AC0069,2026-03-09,30,8,0.914,0.471
PU-AC0069-2026-03-16,AC0069,2026-03-16,29,8,0.828,0.722
PU-AC0069-2026-03-23,AC0069,2026-03-23,29,6,0.595,0.425
PU-AC0069-2026-03-30,AC0069,2026-03-30,28,7,0.763,0.553
PU-AC0069-2026-04-06,AC0069,2026-04-06,32,8,0.631,0.752
PU-AC0069-2026-04-13,AC0069,2026-04-13,27,8,0.588,0.638
PU-AC0069-2026-04-20,AC0069,2026-04-20,27,7,0.668,0.791
PU-AC0069-2026-04-27,AC0069,2026-04-27,28,6,0.723,0.786
PU-AC0069-2026-05-04,AC0069,2026-05-04,30,8,0.661,0.678
PU-AC0069-2026-05-11,AC0069,2026-05-11,27,7,0.788,0.697
PU-AC0069-2026-05-18,AC0069,2026-05-18,29,8,0.868,0.692
PU-AC0069-2026-05-25,AC0069,2026-05-25,30,8,0.949,0.708
PU-AC0069-2026-06-01,AC0069,2026-06-01,28,7,0.615,0.547
PU-AC0069-2026-06-08,AC0069,2026-06-08,29,7,0.642,0.618
PU-AC0069-2026-06-15,AC0069,2026-06-15,28,9,0.68,0.554
PU-AC0069-2026-06-22,AC0069,2026-06-22,27,7,0.891,0.701
PU-AC0069-2026-06-29,AC0069,2026-06-29,27,8,0.748,0.559
PU-AC0069-2026-07-06,AC0069,2026-07-06,29,7,0.585,0.561
PU-AC0069-2026-07-13,AC0069,2026-07-13,28,7,0.516,0.803
PU-AC0069-2026-07-20,AC0069,2026-07-20,31,8,0.825,0.696
PU-AC0069-2026-07-27,AC0069,2026-07-27,27,8,0.698,0.64
PU-AC0069-2026-08-03,AC0069,2026-08-03,30,7,0.731,0.629
PU-AC0069-2026-08-10,AC0069,2026-08-10,29,7,0.704,0.312
PU-AC0069-2026-08-17,AC0069,2026-08-17,29,8,0.999,0.718
PU-AC0069-2026-08-24,AC0069,2026-08-24,28,7,0.692,0.591
PU-AC0070-2025-09-01,AC0070,2025-09-01,22,10,0.744,0.872
PU-AC0070-2025-09-08,AC0070,2025-09-08,22,10,0.574,0.751
PU-AC0070-2025-09-15,AC0070,2025-09-15,23,8,0.524,0.789
PU-AC0070-2025-09-22,AC0070,2025-09-22,21,9,0.553,0.672
PU-AC0070-2025-09-29,AC0070,2025-09-29,20,11,0.861,0.608
PU-AC0070-2025-10-06,AC0070,2025-10-06,20,11,0.634,0.98
PU-AC0070-2025-10-13,AC0070,2025-10-13,21,10,0.55,0.588
PU-AC0070-2025-10-20,AC0070,2025-10-20,20,9,0.838,0.757
PU-AC0070-2025-10-27,AC0070,2025-10-27,20,10,0.861,0.853
PU-AC0070-2025-11-03,AC0070,2025-11-03,20,11,0.674,0.561
PU-AC0070-2025-11-10,AC0070,2025-11-10,18,9,0.685,0.737
PU-AC0070-2025-11-17,AC0070,2025-11-17,21,8,0.819,0.619
PU-AC0070-2025-11-24,AC0070,2025-11-24,23,9,0.638,0.78
PU-AC0070-2025-12-01,AC0070,2025-12-01,21,11,0.715,0.68
PU-AC0070-2025-12-08,AC0070,2025-12-08,19,9,0.703,0.454
PU-AC0070-2025-12-15,AC0070,2025-12-15,21,10,0.833,0.651
PU-AC0070-2025-12-22,AC0070,2025-12-22,20,9,0.841,0.543
PU-AC0070-2025-12-29,AC0070,2025-12-29,22,8,0.885,0.617
PU-AC0070-2026-01-05,AC0070,2026-01-05,22,10,0.676,0.659
PU-AC0070-2026-01-12,AC0070,2026-01-12,20,10,0.776,0.311
PU-AC0070-2026-01-19,AC0070,2026-01-19,22,10,0.572,0.818
PU-AC0070-2026-01-26,AC0070,2026-01-26,22,10,0.675,0.442
PU-AC0070-2026-02-02,AC0070,2026-02-02,20,10,0.68,0.949
PU-AC0070-2026-02-09,AC0070,2026-02-09,21,10,0.6,0.791
PU-AC0070-2026-02-16,AC0070,2026-02-16,22,9,0.706,0.687
PU-AC0070-2026-02-23,AC0070,2026-02-23,22,9,0.819,0.753
PU-AC0070-2026-03-02,AC0070,2026-03-02,21,10,0.693,0.808
PU-AC0070-2026-03-09,AC0070,2026-03-09,19,8,0.707,0.547
PU-AC0070-2026-03-16,AC0070,2026-03-16,22,9,0.935,0.707
PU-AC0070-2026-03-23,AC0070,2026-03-23,22,10,0.734,0.637
PU-AC0070-2026-03-30,AC0070,2026-03-30,22,8,1.0,0.408
PU-AC0070-2026-04-06,AC0070,2026-04-06,24,8,0.57,0.623
PU-AC0070-2026-04-13,AC0070,2026-04-13,24,9,0.659,0.906
PU-AC0070-2026-04-20,AC0070,2026-04-20,20,9,0.78,0.577
PU-AC0070-2026-04-27,AC0070,2026-04-27,20,9,0.658,0.653
PU-AC0070-2026-05-04,AC0070,2026-05-04,19,10,0.646,0.728
PU-AC0070-2026-05-11,AC0070,2026-05-11,20,10,0.671,0.538
PU-AC0070-2026-05-18,AC0070,2026-05-18,21,9,0.798,0.504
PU-AC0070-2026-05-25,AC0070,2026-05-25,20,9,0.675,0.728
PU-AC0070-2026-06-01,AC0070,2026-06-01,20,11,0.696,0.626
PU-AC0070-2026-06-08,AC0070,2026-06-08,19,10,0.691,0.535
PU-AC0070-2026-06-15,AC0070,2026-06-15,23,8,0.69,0.459
PU-AC0070-2026-06-22,AC0070,2026-06-22,20,10,0.816,0.632
PU-AC0070-2026-06-29,AC0070,2026-06-29,23,9,0.776,0.863
PU-AC0070-2026-07-06,AC0070,2026-07-06,21,8,0.732,0.435
PU-AC0070-2026-07-13,AC0070,2026-07-13,21,10,0.71,0.652
PU-AC0070-2026-07-20,AC0070,2026-07-20,21,10,0.564,0.884
PU-AC0070-2026-07-27,AC0070,2026-07-27,22,9,0.724,0.493
PU-AC0070-2026-08-03,AC0070,2026-08-03,21,10,0.623,0.454
PU-AC0070-2026-08-10,AC0070,2026-08-10,22,8,0.59,0.66
PU-AC0070-2026-08-17,AC0070,2026-08-17,21,11,0.463,0.671
PU-AC0070-2026-08-24,AC0070,2026-08-24,20,8,0.82,0.913
PU-AC0071-2025-09-01,AC0071,2025-09-01,60,17,0.634,0.769
PU-AC0071-2025-09-08,AC0071,2025-09-08,65,20,0.614,0.776
PU-AC0071-2025-09-15,AC0071,2025-09-15,57,17,0.652,0.831
PU-AC0071-2025-09-22,AC0071,2025-09-22,63,19,0.869,0.734
PU-AC0071-2025-09-29,AC0071,2025-09-29,69,19,0.646,0.533
PU-AC0071-2025-10-06,AC0071,2025-10-06,62,18,0.783,0.682
PU-AC0071-2025-10-13,AC0071,2025-10-13,64,19,0.706,0.483
PU-AC0071-2025-10-20,AC0071,2025-10-20,70,20,0.652,0.836
PU-AC0071-2025-10-27,AC0071,2025-10-27,66,21,0.664,0.57
PU-AC0071-2025-11-03,AC0071,2025-11-03,69,22,0.835,0.556
PU-AC0071-2025-11-10,AC0071,2025-11-10,62,18,0.945,0.618
PU-AC0071-2025-11-17,AC0071,2025-11-17,63,20,0.847,0.817
PU-AC0071-2025-11-24,AC0071,2025-11-24,64,21,0.469,0.754
PU-AC0071-2025-12-01,AC0071,2025-12-01,65,20,0.819,0.766
PU-AC0071-2025-12-08,AC0071,2025-12-08,72,18,0.85,0.391
PU-AC0071-2025-12-15,AC0071,2025-12-15,64,22,0.806,0.528
PU-AC0071-2025-12-22,AC0071,2025-12-22,64,20,0.721,0.677
PU-AC0071-2025-12-29,AC0071,2025-12-29,62,20,0.632,0.758
PU-AC0071-2026-01-05,AC0071,2026-01-05,57,22,0.719,0.885
PU-AC0071-2026-01-12,AC0071,2026-01-12,66,17,0.853,0.493
PU-AC0071-2026-01-19,AC0071,2026-01-19,57,21,0.85,0.666
PU-AC0071-2026-01-26,AC0071,2026-01-26,69,21,0.603,0.45
PU-AC0071-2026-02-02,AC0071,2026-02-02,62,22,0.741,0.839
PU-AC0071-2026-02-09,AC0071,2026-02-09,64,17,0.8,0.545
PU-AC0071-2026-02-16,AC0071,2026-02-16,68,22,0.901,0.688
PU-AC0071-2026-02-23,AC0071,2026-02-23,64,22,0.615,0.622
PU-AC0071-2026-03-02,AC0071,2026-03-02,61,22,0.869,0.659
PU-AC0071-2026-03-09,AC0071,2026-03-09,60,20,0.688,0.539
PU-AC0071-2026-03-16,AC0071,2026-03-16,65,22,0.618,0.757
PU-AC0071-2026-03-23,AC0071,2026-03-23,62,18,0.792,0.672
PU-AC0071-2026-03-30,AC0071,2026-03-30,67,20,0.685,0.727
PU-AC0071-2026-04-06,AC0071,2026-04-06,64,17,0.729,0.592
PU-AC0071-2026-04-13,AC0071,2026-04-13,67,17,0.812,0.652
PU-AC0071-2026-04-20,AC0071,2026-04-20,66,23,0.866,0.5
PU-AC0071-2026-04-27,AC0071,2026-04-27,63,23,0.84,0.525
PU-AC0071-2026-05-04,AC0071,2026-05-04,60,22,0.767,0.569
PU-AC0071-2026-05-11,AC0071,2026-05-11,65,21,0.803,0.563
PU-AC0071-2026-05-18,AC0071,2026-05-18,67,23,0.884,0.452
PU-AC0071-2026-05-25,AC0071,2026-05-25,56,21,0.458,0.562
PU-AC0071-2026-06-01,AC0071,2026-06-01,68,18,0.76,0.546
PU-AC0071-2026-06-08,AC0071,2026-06-08,62,20,0.641,0.62
PU-AC0071-2026-06-15,AC0071,2026-06-15,62,21,0.711,0.7
PU-AC0071-2026-06-22,AC0071,2026-06-22,67,21,0.659,0.593
PU-AC0071-2026-06-29,AC0071,2026-06-29,67,19,0.583,0.737
PU-AC0071-2026-07-06,AC0071,2026-07-06,70,20,0.72,0.598
PU-AC0071-2026-07-13,AC0071,2026-07-13,70,23,0.583,0.613
PU-AC0071-2026-07-20,AC0071,2026-07-20,71,22,0.648,0.941
PU-AC0071-2026-07-27,AC0071,2026-07-27,61,22,0.784,0.778
PU-AC0071-2026-08-03,AC0071,2026-08-03,66,17,0.874,0.603
PU-AC0071-2026-08-10,AC0071,2026-08-10,61,22,0.772,0.59
PU-AC0071-2026-08-17,AC0071,2026-08-17,61,22,0.583,0.676
PU-AC0071-2026-08-24,AC0071,2026-08-24,59,21,0.743,0.627
PU-AC0072-2025-09-01,AC0072,2025-09-01,27,5,0.681,0.585
PU-AC0072-2025-09-08,AC0072,2025-09-08,27,5,0.734,0.751
PU-AC0072-2025-09-15,AC0072,2025-09-15,28,6,0.693,0.751
PU-AC0072-2025-09-22,AC0072,2025-09-22,28,6,0.77,0.691
PU-AC0072-2025-09-29,AC0072,2025-09-29,25,6,0.518,0.784
PU-AC0072-2025-10-06,AC0072,2025-10-06,27,6,0.67,0.651
PU-AC0072-2025-10-13,AC0072,2025-10-13,27,6,0.504,0.824
PU-AC0072-2025-10-20,AC0072,2025-10-20,28,6,0.664,0.743
PU-AC0072-2025-10-27,AC0072,2025-10-27,26,6,0.738,0.544
PU-AC0072-2025-11-03,AC0072,2025-11-03,25,5,0.714,0.548
PU-AC0072-2025-11-10,AC0072,2025-11-10,28,5,0.921,0.634
PU-AC0072-2025-11-17,AC0072,2025-11-17,27,6,0.634,0.582
PU-AC0072-2025-11-24,AC0072,2025-11-24,28,6,0.508,0.635
PU-AC0072-2025-12-01,AC0072,2025-12-01,23,6,0.904,0.888
PU-AC0072-2025-12-08,AC0072,2025-12-08,28,5,0.861,0.608
PU-AC0072-2025-12-15,AC0072,2025-12-15,24,6,0.495,0.694
PU-AC0072-2025-12-22,AC0072,2025-12-22,27,6,0.73,0.478
PU-AC0072-2025-12-29,AC0072,2025-12-29,27,6,0.665,0.691
PU-AC0072-2026-01-05,AC0072,2026-01-05,26,6,0.688,0.556
PU-AC0072-2026-01-12,AC0072,2026-01-12,24,5,0.851,0.531
PU-AC0072-2026-01-19,AC0072,2026-01-19,27,6,0.92,0.577
PU-AC0072-2026-01-26,AC0072,2026-01-26,27,5,0.888,0.555
PU-AC0072-2026-02-02,AC0072,2026-02-02,25,6,0.648,0.588
PU-AC0072-2026-02-09,AC0072,2026-02-09,28,6,0.627,0.713
PU-AC0072-2026-02-16,AC0072,2026-02-16,30,5,0.588,0.495
PU-AC0072-2026-02-23,AC0072,2026-02-23,26,6,0.731,0.799
PU-AC0072-2026-03-02,AC0072,2026-03-02,24,6,0.84,0.701
PU-AC0072-2026-03-09,AC0072,2026-03-09,26,6,0.68,0.726
PU-AC0072-2026-03-16,AC0072,2026-03-16,25,6,0.83,0.682
PU-AC0072-2026-03-23,AC0072,2026-03-23,26,6,0.773,0.725
PU-AC0072-2026-03-30,AC0072,2026-03-30,28,5,0.691,0.762
PU-AC0072-2026-04-06,AC0072,2026-04-06,26,6,0.797,0.582
PU-AC0072-2026-04-13,AC0072,2026-04-13,26,5,0.862,0.439
PU-AC0072-2026-04-20,AC0072,2026-04-20,28,6,0.948,0.566
PU-AC0072-2026-04-27,AC0072,2026-04-27,27,5,0.86,0.541
PU-AC0072-2026-05-04,AC0072,2026-05-04,28,6,0.77,0.624
PU-AC0072-2026-05-11,AC0072,2026-05-11,26,5,0.605,0.596
PU-AC0072-2026-05-18,AC0072,2026-05-18,30,6,0.778,0.84
PU-AC0072-2026-05-25,AC0072,2026-05-25,26,5,0.777,0.533
PU-AC0072-2026-06-01,AC0072,2026-06-01,28,5,0.747,0.737
PU-AC0072-2026-06-08,AC0072,2026-06-08,30,5,0.67,0.8
PU-AC0072-2026-06-15,AC0072,2026-06-15,28,6,0.735,0.65
PU-AC0072-2026-06-22,AC0072,2026-06-22,26,6,0.851,0.626
PU-AC0072-2026-06-29,AC0072,2026-06-29,28,6,0.595,0.628
PU-AC0072-2026-07-06,AC0072,2026-07-06,26,6,0.749,0.842
PU-AC0072-2026-07-13,AC0072,2026-07-13,27,5,0.742,0.748
PU-AC0072-2026-07-20,AC0072,2026-07-20,25,7,0.612,0.716
PU-AC0072-2026-07-27,AC0072,2026-07-27,26,5,0.651,0.499
PU-AC0072-2026-08-03,AC0072,2026-08-03,28,7,0.795,0.616
PU-AC0072-2026-08-10,AC0072,2026-08-10,29,6,0.665,0.517
PU-AC0072-2026-08-17,AC0072,2026-08-17,29,6,0.693,0.564
PU-AC0072-2026-08-24,AC0072,2026-08-24,26,5,0.616,0.652
PU-AC0073-2025-09-01,AC0073,2025-09-01,51,16,0.606,0.675
PU-AC0073-2025-09-08,AC0073,2025-09-08,53,16,0.626,0.821
PU-AC0073-2025-09-15,AC0073,2025-09-15,62,18,0.67,0.615
PU-AC0073-2025-09-22,AC0073,2025-09-22,57,15,0.66,0.55
PU-AC0073-2025-09-29,AC0073,2025-09-29,54,16,0.781,0.705
PU-AC0073-2025-10-06,AC0073,2025-10-06,50,16,0.554,0.541
PU-AC0073-2025-10-13,AC0073,2025-10-13,54,15,0.63,0.774
PU-AC0073-2025-10-20,AC0073,2025-10-20,57,15,0.577,0.748
PU-AC0073-2025-10-27,AC0073,2025-10-27,52,17,0.646,0.686
PU-AC0073-2025-11-03,AC0073,2025-11-03,58,18,0.827,0.793
PU-AC0073-2025-11-10,AC0073,2025-11-10,55,17,0.546,0.574
PU-AC0073-2025-11-17,AC0073,2025-11-17,54,15,0.798,0.415
PU-AC0073-2025-11-24,AC0073,2025-11-24,52,14,0.728,0.358
PU-AC0073-2025-12-01,AC0073,2025-12-01,57,14,0.712,0.842
PU-AC0073-2025-12-08,AC0073,2025-12-08,51,16,0.661,0.8
PU-AC0073-2025-12-15,AC0073,2025-12-15,57,14,0.82,0.665
PU-AC0073-2025-12-22,AC0073,2025-12-22,50,17,0.649,0.568
PU-AC0073-2025-12-29,AC0073,2025-12-29,51,14,0.648,0.437
PU-AC0073-2026-01-05,AC0073,2026-01-05,62,15,0.768,0.543
PU-AC0073-2026-01-12,AC0073,2026-01-12,60,17,0.784,0.769
PU-AC0073-2026-01-19,AC0073,2026-01-19,58,16,0.714,0.565
PU-AC0073-2026-01-26,AC0073,2026-01-26,56,15,0.603,0.698
PU-AC0073-2026-02-02,AC0073,2026-02-02,56,16,0.852,0.519
PU-AC0073-2026-02-09,AC0073,2026-02-09,54,15,0.689,0.568
PU-AC0073-2026-02-16,AC0073,2026-02-16,54,17,0.827,0.468
PU-AC0073-2026-02-23,AC0073,2026-02-23,55,16,0.652,0.692
PU-AC0073-2026-03-02,AC0073,2026-03-02,54,13,0.877,0.322
PU-AC0073-2026-03-09,AC0073,2026-03-09,55,15,0.757,0.667
PU-AC0073-2026-03-16,AC0073,2026-03-16,55,18,0.774,0.745
PU-AC0073-2026-03-23,AC0073,2026-03-23,54,14,0.885,0.813
PU-AC0073-2026-03-30,AC0073,2026-03-30,52,16,0.645,0.685
PU-AC0073-2026-04-06,AC0073,2026-04-06,49,16,0.586,0.648
PU-AC0073-2026-04-13,AC0073,2026-04-13,51,18,0.723,0.759
PU-AC0073-2026-04-20,AC0073,2026-04-20,52,17,0.63,0.78
PU-AC0073-2026-04-27,AC0073,2026-04-27,52,13,0.551,0.614
PU-AC0073-2026-05-04,AC0073,2026-05-04,56,18,0.698,0.655
PU-AC0073-2026-05-11,AC0073,2026-05-11,49,15,0.825,0.683
PU-AC0073-2026-05-18,AC0073,2026-05-18,53,16,0.574,0.762
PU-AC0073-2026-05-25,AC0073,2026-05-25,47,15,0.76,0.571
PU-AC0073-2026-06-01,AC0073,2026-06-01,49,17,0.713,0.501
PU-AC0073-2026-06-08,AC0073,2026-06-08,56,17,0.769,0.767
PU-AC0073-2026-06-15,AC0073,2026-06-15,55,15,0.899,0.677
PU-AC0073-2026-06-22,AC0073,2026-06-22,50,14,0.575,0.828
PU-AC0073-2026-06-29,AC0073,2026-06-29,58,15,0.665,0.955
PU-AC0073-2026-07-06,AC0073,2026-07-06,51,17,0.66,0.641
PU-AC0073-2026-07-13,AC0073,2026-07-13,52,16,0.821,0.481
PU-AC0073-2026-07-20,AC0073,2026-07-20,53,17,0.799,0.588
PU-AC0073-2026-07-27,AC0073,2026-07-27,61,14,0.629,0.814
PU-AC0073-2026-08-03,AC0073,2026-08-03,56,16,0.659,0.762
PU-AC0073-2026-08-10,AC0073,2026-08-10,50,18,0.729,0.571
PU-AC0073-2026-08-17,AC0073,2026-08-17,51,14,0.823,0.649
PU-AC0073-2026-08-24,AC0073,2026-08-24,60,13,0.728,0.665
PU-AC0074-2025-09-01,AC0074,2025-09-01,51,18,0.89,0.56
PU-AC0074-2025-09-08,AC0074,2025-09-08,56,19,0.425,0.601
PU-AC0074-2025-09-15,AC0074,2025-09-15,55,18,0.789,0.51
PU-AC0074-2025-09-22,AC0074,2025-09-22,57,20,0.442,0.536
PU-AC0074-2025-09-29,AC0074,2025-09-29,55,18,0.82,0.581
PU-AC0074-2025-10-06,AC0074,2025-10-06,57,15,0.644,0.512
PU-AC0074-2025-10-13,AC0074,2025-10-13,52,18,0.589,0.624
PU-AC0074-2025-10-20,AC0074,2025-10-20,56,17,0.676,0.832
PU-AC0074-2025-10-27,AC0074,2025-10-27,55,16,0.816,0.631
PU-AC0074-2025-11-03,AC0074,2025-11-03,56,16,0.656,0.833
PU-AC0074-2025-11-10,AC0074,2025-11-10,56,16,0.873,0.752
PU-AC0074-2025-11-17,AC0074,2025-11-17,58,17,0.788,0.705
PU-AC0074-2025-11-24,AC0074,2025-11-24,58,18,0.778,0.545
PU-AC0074-2025-12-01,AC0074,2025-12-01,47,16,0.772,0.671
PU-AC0074-2025-12-08,AC0074,2025-12-08,57,17,0.705,0.959
PU-AC0074-2025-12-15,AC0074,2025-12-15,57,16,0.836,0.364
PU-AC0074-2025-12-22,AC0074,2025-12-22,56,16,0.782,0.734
PU-AC0074-2025-12-29,AC0074,2025-12-29,55,17,0.906,0.74
PU-AC0074-2026-01-05,AC0074,2026-01-05,59,17,0.593,0.763
PU-AC0074-2026-01-12,AC0074,2026-01-12,57,16,0.655,0.658
PU-AC0074-2026-01-19,AC0074,2026-01-19,56,15,0.638,0.462
PU-AC0074-2026-01-26,AC0074,2026-01-26,57,16,0.675,0.568
PU-AC0074-2026-02-02,AC0074,2026-02-02,57,20,0.852,0.502
PU-AC0074-2026-02-09,AC0074,2026-02-09,58,18,0.68,0.871
PU-AC0074-2026-02-16,AC0074,2026-02-16,53,16,0.942,0.765
PU-AC0074-2026-02-23,AC0074,2026-02-23,55,17,0.92,0.448
PU-AC0074-2026-03-02,AC0074,2026-03-02,58,15,0.827,0.575
PU-AC0074-2026-03-09,AC0074,2026-03-09,61,17,0.919,0.697
PU-AC0074-2026-03-16,AC0074,2026-03-16,57,18,0.845,0.514
PU-AC0074-2026-03-23,AC0074,2026-03-23,54,20,1.0,0.462
PU-AC0074-2026-03-30,AC0074,2026-03-30,55,19,0.724,0.721
PU-AC0074-2026-04-06,AC0074,2026-04-06,57,15,0.639,0.645
PU-AC0074-2026-04-13,AC0074,2026-04-13,61,15,0.769,0.578
PU-AC0074-2026-04-20,AC0074,2026-04-20,61,19,0.474,0.695
PU-AC0074-2026-04-27,AC0074,2026-04-27,57,17,0.684,0.576
PU-AC0074-2026-05-04,AC0074,2026-05-04,55,17,0.773,0.717
PU-AC0074-2026-05-11,AC0074,2026-05-11,54,16,0.552,0.655
PU-AC0074-2026-05-18,AC0074,2026-05-18,57,19,0.801,0.69
PU-AC0074-2026-05-25,AC0074,2026-05-25,59,18,0.674,0.558
PU-AC0074-2026-06-01,AC0074,2026-06-01,57,18,0.737,0.69
PU-AC0074-2026-06-08,AC0074,2026-06-08,61,16,0.732,0.826
PU-AC0074-2026-06-15,AC0074,2026-06-15,58,15,0.772,0.547
PU-AC0074-2026-06-22,AC0074,2026-06-22,58,16,0.7,0.656
PU-AC0074-2026-06-29,AC0074,2026-06-29,54,18,0.946,0.712
PU-AC0074-2026-07-06,AC0074,2026-07-06,61,15,0.749,0.481
PU-AC0074-2026-07-13,AC0074,2026-07-13,53,15,0.638,0.563
PU-AC0074-2026-07-20,AC0074,2026-07-20,57,17,0.661,0.446
PU-AC0074-2026-07-27,AC0074,2026-07-27,48,17,0.576,0.513
PU-AC0074-2026-08-03,AC0074,2026-08-03,56,16,0.567,0.81
PU-AC0074-2026-08-10,AC0074,2026-08-10,54,19,0.641,0.734
PU-AC0074-2026-08-17,AC0074,2026-08-17,55,15,0.73,0.872
PU-AC0074-2026-08-24,AC0074,2026-08-24,55,15,0.836,0.687
PU-AC0075-2025-09-01,AC0075,2025-09-01,42,20,0.51,0.448
PU-AC0075-2025-09-08,AC0075,2025-09-08,50,24,0.92,0.582
PU-AC0075-2025-09-15,AC0075,2025-09-15,46,24,0.728,0.668
PU-AC0075-2025-09-22,AC0075,2025-09-22,50,19,0.63,0.613
PU-AC0075-2025-09-29,AC0075,2025-09-29,43,24,0.825,0.629
PU-AC0075-2025-10-06,AC0075,2025-10-06,40,19,0.831,0.487
PU-AC0075-2025-10-13,AC0075,2025-10-13,44,21,0.817,0.583
PU-AC0075-2025-10-20,AC0075,2025-10-20,50,19,0.956,0.467
PU-AC0075-2025-10-27,AC0075,2025-10-27,48,21,0.735,0.656
PU-AC0075-2025-11-03,AC0075,2025-11-03,43,20,0.772,0.462
PU-AC0075-2025-11-10,AC0075,2025-11-10,48,20,0.64,0.699
PU-AC0075-2025-11-17,AC0075,2025-11-17,46,24,0.799,0.422
PU-AC0075-2025-11-24,AC0075,2025-11-24,42,18,0.649,0.717
PU-AC0075-2025-12-01,AC0075,2025-12-01,48,20,0.709,0.628
PU-AC0075-2025-12-08,AC0075,2025-12-08,42,22,0.692,0.474
PU-AC0075-2025-12-15,AC0075,2025-12-15,45,23,0.765,0.583
PU-AC0075-2025-12-22,AC0075,2025-12-22,50,18,0.747,0.652
PU-AC0075-2025-12-29,AC0075,2025-12-29,47,20,0.819,0.586
PU-AC0075-2026-01-05,AC0075,2026-01-05,48,22,0.778,0.495
PU-AC0075-2026-01-12,AC0075,2026-01-12,51,22,0.801,0.482
PU-AC0075-2026-01-19,AC0075,2026-01-19,46,21,0.528,0.659
PU-AC0075-2026-01-26,AC0075,2026-01-26,46,22,0.672,0.72
PU-AC0075-2026-02-02,AC0075,2026-02-02,47,22,0.789,0.708
PU-AC0075-2026-02-09,AC0075,2026-02-09,48,23,0.658,0.741
PU-AC0075-2026-02-16,AC0075,2026-02-16,40,25,0.49,0.656
PU-AC0075-2026-02-23,AC0075,2026-02-23,48,19,0.629,0.466
PU-AC0075-2026-03-02,AC0075,2026-03-02,46,20,0.732,0.717
PU-AC0075-2026-03-09,AC0075,2026-03-09,46,21,0.574,0.846
PU-AC0075-2026-03-16,AC0075,2026-03-16,45,23,0.644,0.638
PU-AC0075-2026-03-23,AC0075,2026-03-23,49,20,0.789,0.774
PU-AC0075-2026-03-30,AC0075,2026-03-30,46,23,0.677,0.687
PU-AC0075-2026-04-06,AC0075,2026-04-06,47,24,0.731,0.616
PU-AC0075-2026-04-13,AC0075,2026-04-13,50,22,0.584,0.793
PU-AC0075-2026-04-20,AC0075,2026-04-20,47,23,0.681,0.716
PU-AC0075-2026-04-27,AC0075,2026-04-27,50,25,0.538,0.596
PU-AC0075-2026-05-04,AC0075,2026-05-04,46,21,0.887,0.666
PU-AC0075-2026-05-11,AC0075,2026-05-11,45,22,0.838,0.602
PU-AC0075-2026-05-18,AC0075,2026-05-18,46,19,0.595,0.673
PU-AC0075-2026-05-25,AC0075,2026-05-25,50,21,0.788,0.749
PU-AC0075-2026-06-01,AC0075,2026-06-01,47,22,0.647,0.493
PU-AC0075-2026-06-08,AC0075,2026-06-08,43,22,0.733,0.448
PU-AC0075-2026-06-15,AC0075,2026-06-15,43,24,0.71,0.781
PU-AC0075-2026-06-22,AC0075,2026-06-22,50,20,0.608,0.593
PU-AC0075-2026-06-29,AC0075,2026-06-29,45,21,0.622,0.549
PU-AC0075-2026-07-06,AC0075,2026-07-06,43,24,0.773,0.593
PU-AC0075-2026-07-13,AC0075,2026-07-13,46,20,0.602,0.722
PU-AC0075-2026-07-20,AC0075,2026-07-20,47,22,0.654,0.739
PU-AC0075-2026-07-27,AC0075,2026-07-27,49,24,0.657,0.677
PU-AC0075-2026-08-03,AC0075,2026-08-03,44,21,0.699,0.603
PU-AC0075-2026-08-10,AC0075,2026-08-10,44,18,0.676,0.575
PU-AC0075-2026-08-17,AC0075,2026-08-17,51,19,0.653,0.726
PU-AC0075-2026-08-24,AC0075,2026-08-24,48,22,0.711,0.566
PU-AC0076-2025-09-01,AC0076,2025-09-01,27,10,0.784,0.418
PU-AC0076-2025-09-08,AC0076,2025-09-08,27,8,0.935,0.627
PU-AC0076-2025-09-15,AC0076,2025-09-15,28,9,0.614,0.786
PU-AC0076-2025-09-22,AC0076,2025-09-22,29,9,0.677,0.608
PU-AC0076-2025-09-29,AC0076,2025-09-29,28,9,0.685,0.72
PU-AC0076-2025-10-06,AC0076,2025-10-06,25,9,0.865,0.531
PU-AC0076-2025-10-13,AC0076,2025-10-13,28,10,0.687,0.419
PU-AC0076-2025-10-20,AC0076,2025-10-20,27,10,0.581,0.672
PU-AC0076-2025-10-27,AC0076,2025-10-27,27,10,0.547,0.663
PU-AC0076-2025-11-03,AC0076,2025-11-03,28,9,0.817,0.489
PU-AC0076-2025-11-10,AC0076,2025-11-10,27,8,0.765,0.602
PU-AC0076-2025-11-17,AC0076,2025-11-17,26,10,0.706,0.674
PU-AC0076-2025-11-24,AC0076,2025-11-24,27,11,0.489,0.455
PU-AC0076-2025-12-01,AC0076,2025-12-01,26,8,0.888,0.614
PU-AC0076-2025-12-08,AC0076,2025-12-08,27,10,0.496,0.464
PU-AC0076-2025-12-15,AC0076,2025-12-15,27,11,0.919,0.701
PU-AC0076-2025-12-22,AC0076,2025-12-22,23,9,0.56,0.463
PU-AC0076-2025-12-29,AC0076,2025-12-29,26,11,0.674,0.741
PU-AC0076-2026-01-05,AC0076,2026-01-05,26,11,0.683,0.782
PU-AC0076-2026-01-12,AC0076,2026-01-12,24,11,0.873,0.59
PU-AC0076-2026-01-19,AC0076,2026-01-19,30,9,0.647,0.436
PU-AC0076-2026-01-26,AC0076,2026-01-26,29,9,0.855,0.582
PU-AC0076-2026-02-02,AC0076,2026-02-02,25,10,0.545,0.773
PU-AC0076-2026-02-09,AC0076,2026-02-09,27,10,0.768,0.442
PU-AC0076-2026-02-16,AC0076,2026-02-16,28,8,0.583,0.512
PU-AC0076-2026-02-23,AC0076,2026-02-23,25,8,0.708,0.608
PU-AC0076-2026-03-02,AC0076,2026-03-02,26,8,0.687,0.705
PU-AC0076-2026-03-09,AC0076,2026-03-09,28,9,0.845,0.575
PU-AC0076-2026-03-16,AC0076,2026-03-16,27,11,0.723,0.62
PU-AC0076-2026-03-23,AC0076,2026-03-23,28,11,0.73,0.607
PU-AC0076-2026-03-30,AC0076,2026-03-30,26,10,0.673,0.779
PU-AC0076-2026-04-06,AC0076,2026-04-06,25,10,0.577,0.588
PU-AC0076-2026-04-13,AC0076,2026-04-13,29,10,0.763,0.674
PU-AC0076-2026-04-20,AC0076,2026-04-20,31,9,0.752,0.637
PU-AC0076-2026-04-27,AC0076,2026-04-27,26,9,0.907,0.918
PU-AC0076-2026-05-04,AC0076,2026-05-04,27,9,0.586,0.798
PU-AC0076-2026-05-11,AC0076,2026-05-11,29,9,0.689,0.611
PU-AC0076-2026-05-18,AC0076,2026-05-18,24,10,0.627,0.711
PU-AC0076-2026-05-25,AC0076,2026-05-25,28,9,0.541,0.58
PU-AC0076-2026-06-01,AC0076,2026-06-01,22,10,0.639,0.575
PU-AC0076-2026-06-08,AC0076,2026-06-08,26,9,0.698,0.556
PU-AC0076-2026-06-15,AC0076,2026-06-15,26,10,0.697,0.98
PU-AC0076-2026-06-22,AC0076,2026-06-22,25,9,0.546,0.398
PU-AC0076-2026-06-29,AC0076,2026-06-29,25,10,0.603,0.467
PU-AC0076-2026-07-06,AC0076,2026-07-06,24,8,0.713,0.606
PU-AC0076-2026-07-13,AC0076,2026-07-13,28,9,0.675,0.688
PU-AC0076-2026-07-20,AC0076,2026-07-20,26,10,0.792,0.72
PU-AC0076-2026-07-27,AC0076,2026-07-27,27,10,0.987,0.453
PU-AC0076-2026-08-03,AC0076,2026-08-03,28,8,0.6,0.9
PU-AC0076-2026-08-10,AC0076,2026-08-10,28,11,0.9,0.605
PU-AC0076-2026-08-17,AC0076,2026-08-17,26,9,0.685,0.862
PU-AC0076-2026-08-24,AC0076,2026-08-24,29,10,0.826,0.448
PU-AC0077-2025-09-01,AC0077,2025-09-01,20,6,0.708,0.683
PU-AC0077-2025-09-08,AC0077,2025-09-08,18,6,0.732,0.802
PU-AC0077-2025-09-15,AC0077,2025-09-15,20,6,0.665,0.745
PU-AC0077-2025-09-22,AC0077,2025-09-22,18,6,0.669,0.719
PU-AC0077-2025-09-29,AC0077,2025-09-29,21,5,0.55,0.766
PU-AC0077-2025-10-06,AC0077,2025-10-06,20,7,0.911,0.496
PU-AC0077-2025-10-13,AC0077,2025-10-13,18,7,0.743,0.753
PU-AC0077-2025-10-20,AC0077,2025-10-20,21,7,0.629,0.435
PU-AC0077-2025-10-27,AC0077,2025-10-27,21,6,0.781,0.833
PU-AC0077-2025-11-03,AC0077,2025-11-03,20,6,0.772,0.461
PU-AC0077-2025-11-10,AC0077,2025-11-10,21,6,0.709,0.702
PU-AC0077-2025-11-17,AC0077,2025-11-17,22,5,0.67,0.526
PU-AC0077-2025-11-24,AC0077,2025-11-24,22,7,0.891,0.672
PU-AC0077-2025-12-01,AC0077,2025-12-01,19,6,0.811,0.77
PU-AC0077-2025-12-08,AC0077,2025-12-08,20,6,0.861,0.687
PU-AC0077-2025-12-15,AC0077,2025-12-15,21,6,0.705,0.881
PU-AC0077-2025-12-22,AC0077,2025-12-22,20,6,0.733,0.641
PU-AC0077-2025-12-29,AC0077,2025-12-29,18,7,0.803,0.57
PU-AC0077-2026-01-05,AC0077,2026-01-05,18,7,0.61,0.657
PU-AC0077-2026-01-12,AC0077,2026-01-12,19,5,0.78,0.699
PU-AC0077-2026-01-19,AC0077,2026-01-19,20,6,0.592,0.681
PU-AC0077-2026-01-26,AC0077,2026-01-26,23,6,0.816,0.722
PU-AC0077-2026-02-02,AC0077,2026-02-02,20,6,0.773,0.575
PU-AC0077-2026-02-09,AC0077,2026-02-09,19,6,0.677,0.613
PU-AC0077-2026-02-16,AC0077,2026-02-16,19,6,0.689,0.476
PU-AC0077-2026-02-23,AC0077,2026-02-23,20,6,0.553,0.842
PU-AC0077-2026-03-02,AC0077,2026-03-02,22,7,0.52,0.797
PU-AC0077-2026-03-09,AC0077,2026-03-09,19,7,0.677,0.561
PU-AC0077-2026-03-16,AC0077,2026-03-16,19,6,0.758,0.423
PU-AC0077-2026-03-23,AC0077,2026-03-23,21,7,0.587,0.558
PU-AC0077-2026-03-30,AC0077,2026-03-30,19,7,0.617,0.736
PU-AC0077-2026-04-06,AC0077,2026-04-06,19,6,0.934,0.572
PU-AC0077-2026-04-13,AC0077,2026-04-13,20,7,0.597,0.68
PU-AC0077-2026-04-20,AC0077,2026-04-20,23,7,0.658,0.671
PU-AC0077-2026-04-27,AC0077,2026-04-27,20,6,0.775,0.457
PU-AC0077-2026-05-04,AC0077,2026-05-04,19,7,0.582,0.687
PU-AC0077-2026-05-11,AC0077,2026-05-11,21,7,0.704,0.621
PU-AC0077-2026-05-18,AC0077,2026-05-18,19,6,0.917,0.669
PU-AC0077-2026-05-25,AC0077,2026-05-25,21,7,0.624,0.399
PU-AC0077-2026-06-01,AC0077,2026-06-01,19,7,0.657,0.708
PU-AC0077-2026-06-08,AC0077,2026-06-08,20,5,0.769,0.582
PU-AC0077-2026-06-15,AC0077,2026-06-15,20,6,0.907,0.651
PU-AC0077-2026-06-22,AC0077,2026-06-22,21,7,0.891,0.729
PU-AC0077-2026-06-29,AC0077,2026-06-29,18,6,0.743,0.658
PU-AC0077-2026-07-06,AC0077,2026-07-06,19,5,0.647,0.658
PU-AC0077-2026-07-13,AC0077,2026-07-13,20,7,0.674,0.754
PU-AC0077-2026-07-20,AC0077,2026-07-20,20,5,0.599,0.584
PU-AC0077-2026-07-27,AC0077,2026-07-27,19,7,0.489,0.653
PU-AC0077-2026-08-03,AC0077,2026-08-03,19,7,0.741,0.518
PU-AC0077-2026-08-10,AC0077,2026-08-10,21,7,0.634,0.641
PU-AC0077-2026-08-17,AC0077,2026-08-17,20,7,0.607,0.503
PU-AC0077-2026-08-24,AC0077,2026-08-24,19,7,0.844,0.468
PU-AC0078-2025-09-01,AC0078,2025-09-01,29,10,0.756,0.721
PU-AC0078-2025-09-08,AC0078,2025-09-08,27,7,0.633,0.595
PU-AC0078-2025-09-15,AC0078,2025-09-15,28,9,0.768,0.518
PU-AC0078-2025-09-22,AC0078,2025-09-22,28,9,0.816,0.684
PU-AC0078-2025-09-29,AC0078,2025-09-29,28,9,0.672,0.727
PU-AC0078-2025-10-06,AC0078,2025-10-06,26,8,0.772,0.652
PU-AC0078-2025-10-13,AC0078,2025-10-13,27,9,0.851,0.525
PU-AC0078-2025-10-20,AC0078,2025-10-20,26,9,0.741,0.554
PU-AC0078-2025-10-27,AC0078,2025-10-27,28,8,0.675,0.63
PU-AC0078-2025-11-03,AC0078,2025-11-03,32,9,0.809,0.684
PU-AC0078-2025-11-10,AC0078,2025-11-10,29,10,0.897,0.685
PU-AC0078-2025-11-17,AC0078,2025-11-17,27,10,0.699,0.512
PU-AC0078-2025-11-24,AC0078,2025-11-24,28,8,0.799,0.609
PU-AC0078-2025-12-01,AC0078,2025-12-01,30,9,0.999,0.714
PU-AC0078-2025-12-08,AC0078,2025-12-08,27,8,0.775,0.759
PU-AC0078-2025-12-15,AC0078,2025-12-15,28,9,0.836,0.673
PU-AC0078-2025-12-22,AC0078,2025-12-22,30,8,0.772,0.48
PU-AC0078-2025-12-29,AC0078,2025-12-29,29,8,0.754,0.744
PU-AC0078-2026-01-05,AC0078,2026-01-05,27,10,0.553,0.635
PU-AC0078-2026-01-12,AC0078,2026-01-12,28,9,0.779,0.673
PU-AC0078-2026-01-19,AC0078,2026-01-19,28,9,0.793,0.715
PU-AC0078-2026-01-26,AC0078,2026-01-26,24,9,0.623,0.338
PU-AC0078-2026-02-02,AC0078,2026-02-02,29,9,0.565,0.688
PU-AC0078-2026-02-09,AC0078,2026-02-09,28,7,0.915,0.865
PU-AC0078-2026-02-16,AC0078,2026-02-16,28,8,0.828,0.762
PU-AC0078-2026-02-23,AC0078,2026-02-23,28,8,0.669,0.744
PU-AC0078-2026-03-02,AC0078,2026-03-02,26,10,0.732,0.668
PU-AC0078-2026-03-09,AC0078,2026-03-09,31,7,0.535,0.626
PU-AC0078-2026-03-16,AC0078,2026-03-16,30,9,0.688,0.649
PU-AC0078-2026-03-23,AC0078,2026-03-23,30,9,0.751,0.74
PU-AC0078-2026-03-30,AC0078,2026-03-30,31,8,0.749,0.651
PU-AC0078-2026-04-06,AC0078,2026-04-06,30,9,0.688,0.565
PU-AC0078-2026-04-13,AC0078,2026-04-13,25,9,0.53,0.53
PU-AC0078-2026-04-20,AC0078,2026-04-20,27,9,0.609,0.677
PU-AC0078-2026-04-27,AC0078,2026-04-27,31,8,0.588,0.584
PU-AC0078-2026-05-04,AC0078,2026-05-04,29,8,0.795,0.577
PU-AC0078-2026-05-11,AC0078,2026-05-11,28,8,0.838,0.695
PU-AC0078-2026-05-18,AC0078,2026-05-18,29,9,0.698,0.727
PU-AC0078-2026-05-25,AC0078,2026-05-25,28,9,0.678,0.494
PU-AC0078-2026-06-01,AC0078,2026-06-01,28,8,0.595,0.651
PU-AC0078-2026-06-08,AC0078,2026-06-08,26,9,0.634,0.688
PU-AC0078-2026-06-15,AC0078,2026-06-15,30,8,0.724,0.788
PU-AC0078-2026-06-22,AC0078,2026-06-22,31,9,0.527,0.738
PU-AC0078-2026-06-29,AC0078,2026-06-29,28,9,0.747,0.767
PU-AC0078-2026-07-06,AC0078,2026-07-06,29,8,0.477,0.736
PU-AC0078-2026-07-13,AC0078,2026-07-13,27,9,0.693,0.481
PU-AC0078-2026-07-20,AC0078,2026-07-20,29,9,0.627,0.408
PU-AC0078-2026-07-27,AC0078,2026-07-27,28,8,0.792,0.732
PU-AC0078-2026-08-03,AC0078,2026-08-03,30,8,0.821,0.704
PU-AC0078-2026-08-10,AC0078,2026-08-10,30,9,0.569,0.561
PU-AC0078-2026-08-17,AC0078,2026-08-17,29,8,0.751,0.5
PU-AC0078-2026-08-24,AC0078,2026-08-24,27,7,0.756,0.642
PU-AC0079-2025-09-01,AC0079,2025-09-01,29,11,1.0,0.748
PU-AC0079-2025-09-08,AC0079,2025-09-08,29,10,0.725,0.369
PU-AC0079-2025-09-15,AC0079,2025-09-15,27,9,0.682,0.679
PU-AC0079-2025-09-22,AC0079,2025-09-22,30,8,0.882,0.441
PU-AC0079-2025-09-29,AC0079,2025-09-29,29,10,0.4,0.462
PU-AC0079-2025-10-06,AC0079,2025-10-06,29,9,0.557,0.519
PU-AC0079-2025-10-13,AC0079,2025-10-13,28,10,0.493,0.753
PU-AC0079-2025-10-20,AC0079,2025-10-20,31,9,0.668,0.796
PU-AC0079-2025-10-27,AC0079,2025-10-27,27,10,0.756,0.594
PU-AC0079-2025-11-03,AC0079,2025-11-03,30,9,0.683,0.603
PU-AC0079-2025-11-10,AC0079,2025-11-10,27,8,0.783,0.436
PU-AC0079-2025-11-17,AC0079,2025-11-17,32,8,0.803,0.63
PU-AC0079-2025-11-24,AC0079,2025-11-24,28,10,0.76,0.624
PU-AC0079-2025-12-01,AC0079,2025-12-01,30,9,0.678,0.529
PU-AC0079-2025-12-08,AC0079,2025-12-08,27,8,0.828,0.564
PU-AC0079-2025-12-15,AC0079,2025-12-15,26,9,0.67,0.663
PU-AC0079-2025-12-22,AC0079,2025-12-22,26,10,0.693,0.54
PU-AC0079-2025-12-29,AC0079,2025-12-29,29,8,0.627,0.567
PU-AC0079-2026-01-05,AC0079,2026-01-05,31,9,0.77,0.849
PU-AC0079-2026-01-12,AC0079,2026-01-12,30,9,0.71,0.624
PU-AC0079-2026-01-19,AC0079,2026-01-19,29,10,0.908,0.558
PU-AC0079-2026-01-26,AC0079,2026-01-26,30,9,0.684,0.532
PU-AC0079-2026-02-02,AC0079,2026-02-02,27,10,0.864,0.747
PU-AC0079-2026-02-09,AC0079,2026-02-09,28,9,0.67,0.684
PU-AC0079-2026-02-16,AC0079,2026-02-16,28,9,0.46,0.421
PU-AC0079-2026-02-23,AC0079,2026-02-23,26,10,0.791,0.552
PU-AC0079-2026-03-02,AC0079,2026-03-02,25,9,0.876,0.626
PU-AC0079-2026-03-09,AC0079,2026-03-09,31,10,0.752,0.549
PU-AC0079-2026-03-16,AC0079,2026-03-16,27,9,0.531,0.334
PU-AC0079-2026-03-23,AC0079,2026-03-23,29,9,0.734,0.952
PU-AC0079-2026-03-30,AC0079,2026-03-30,27,10,0.645,0.562
PU-AC0079-2026-04-06,AC0079,2026-04-06,30,8,0.774,0.601
PU-AC0079-2026-04-13,AC0079,2026-04-13,30,10,0.7,0.611
PU-AC0079-2026-04-20,AC0079,2026-04-20,32,9,0.76,0.745
PU-AC0079-2026-04-27,AC0079,2026-04-27,29,10,0.499,0.676
PU-AC0079-2026-05-04,AC0079,2026-05-04,30,10,0.733,0.58
PU-AC0079-2026-05-11,AC0079,2026-05-11,30,10,0.665,0.79
PU-AC0079-2026-05-18,AC0079,2026-05-18,30,8,0.641,0.774
PU-AC0079-2026-05-25,AC0079,2026-05-25,29,8,0.894,0.466
PU-AC0079-2026-06-01,AC0079,2026-06-01,28,8,0.748,0.597
PU-AC0079-2026-06-08,AC0079,2026-06-08,30,8,0.752,0.723
PU-AC0079-2026-06-15,AC0079,2026-06-15,30,8,0.65,0.9
PU-AC0079-2026-06-22,AC0079,2026-06-22,30,10,0.793,0.845
PU-AC0079-2026-06-29,AC0079,2026-06-29,27,10,0.406,0.89
PU-AC0079-2026-07-06,AC0079,2026-07-06,31,10,0.674,0.618
PU-AC0079-2026-07-13,AC0079,2026-07-13,30,10,0.729,0.679
PU-AC0079-2026-07-20,AC0079,2026-07-20,31,8,0.732,0.722
PU-AC0079-2026-07-27,AC0079,2026-07-27,30,9,0.638,0.59
PU-AC0079-2026-08-03,AC0079,2026-08-03,28,10,0.557,0.533
PU-AC0079-2026-08-10,AC0079,2026-08-10,25,9,0.795,0.683
PU-AC0079-2026-08-17,AC0079,2026-08-17,30,9,0.5,0.529
PU-AC0079-2026-08-24,AC0079,2026-08-24,32,10,0.634,0.564
PU-AC0080-2025-09-01,AC0080,2025-09-01,58,19,0.674,0.712
PU-AC0080-2025-09-08,AC0080,2025-09-08,61,18,0.804,0.427
PU-AC0080-2025-09-15,AC0080,2025-09-15,63,16,0.589,0.727
PU-AC0080-2025-09-22,AC0080,2025-09-22,71,18,0.691,0.653
PU-AC0080-2025-09-29,AC0080,2025-09-29,53,18,0.523,0.53
PU-AC0080-2025-10-06,AC0080,2025-10-06,68,18,0.647,0.701
PU-AC0080-2025-10-13,AC0080,2025-10-13,68,16,0.706,0.561
PU-AC0080-2025-10-20,AC0080,2025-10-20,64,20,0.955,0.597
PU-AC0080-2025-10-27,AC0080,2025-10-27,61,17,0.813,0.633
PU-AC0080-2025-11-03,AC0080,2025-11-03,62,19,0.747,0.711
PU-AC0080-2025-11-10,AC0080,2025-11-10,60,17,0.676,0.497
PU-AC0080-2025-11-17,AC0080,2025-11-17,61,20,0.787,0.616
PU-AC0080-2025-11-24,AC0080,2025-11-24,64,17,0.514,0.723
PU-AC0080-2025-12-01,AC0080,2025-12-01,56,20,0.688,0.578
PU-AC0080-2025-12-08,AC0080,2025-12-08,64,20,0.649,0.614
PU-AC0080-2025-12-15,AC0080,2025-12-15,59,20,0.875,0.517
PU-AC0080-2025-12-22,AC0080,2025-12-22,61,18,0.61,0.535
PU-AC0080-2025-12-29,AC0080,2025-12-29,66,17,0.782,0.404
PU-AC0080-2026-01-05,AC0080,2026-01-05,61,20,0.618,0.796
PU-AC0080-2026-01-12,AC0080,2026-01-12,59,18,0.873,0.596
PU-AC0080-2026-01-19,AC0080,2026-01-19,65,18,0.801,0.753
PU-AC0080-2026-01-26,AC0080,2026-01-26,65,21,0.691,0.614
PU-AC0080-2026-02-02,AC0080,2026-02-02,61,18,0.683,0.649
PU-AC0080-2026-02-09,AC0080,2026-02-09,63,18,0.656,0.668
PU-AC0080-2026-02-16,AC0080,2026-02-16,64,16,0.851,0.803
PU-AC0080-2026-02-23,AC0080,2026-02-23,68,16,0.637,0.448
PU-AC0080-2026-03-02,AC0080,2026-03-02,59,18,0.624,0.906
PU-AC0080-2026-03-09,AC0080,2026-03-09,61,21,0.83,0.874
PU-AC0080-2026-03-16,AC0080,2026-03-16,63,16,0.842,0.787
PU-AC0080-2026-03-23,AC0080,2026-03-23,59,19,0.816,0.656
PU-AC0080-2026-03-30,AC0080,2026-03-30,59,17,0.662,0.507
PU-AC0080-2026-04-06,AC0080,2026-04-06,63,18,0.711,0.578
PU-AC0080-2026-04-13,AC0080,2026-04-13,56,18,0.799,0.627
PU-AC0080-2026-04-20,AC0080,2026-04-20,63,17,1.0,0.299
PU-AC0080-2026-04-27,AC0080,2026-04-27,58,18,0.978,0.472
PU-AC0080-2026-05-04,AC0080,2026-05-04,63,20,0.518,0.693
PU-AC0080-2026-05-11,AC0080,2026-05-11,59,18,0.894,0.509
PU-AC0080-2026-05-18,AC0080,2026-05-18,57,15,0.831,0.772
PU-AC0080-2026-05-25,AC0080,2026-05-25,65,20,0.761,0.882
PU-AC0080-2026-06-01,AC0080,2026-06-01,64,15,0.761,0.688
PU-AC0080-2026-06-08,AC0080,2026-06-08,62,20,0.674,0.575
PU-AC0080-2026-06-15,AC0080,2026-06-15,58,17,0.674,0.624
PU-AC0080-2026-06-22,AC0080,2026-06-22,58,20,0.595,0.546
PU-AC0080-2026-06-29,AC0080,2026-06-29,54,17,0.739,0.807
PU-AC0080-2026-07-06,AC0080,2026-07-06,70,17,0.679,0.624
PU-AC0080-2026-07-13,AC0080,2026-07-13,60,21,0.734,0.466
PU-AC0080-2026-07-20,AC0080,2026-07-20,56,20,0.806,0.467
PU-AC0080-2026-07-27,AC0080,2026-07-27,60,18,0.906,0.644
PU-AC0080-2026-08-03,AC0080,2026-08-03,59,19,0.656,0.709
PU-AC0080-2026-08-10,AC0080,2026-08-10,58,18,0.782,0.895
PU-AC0080-2026-08-17,AC0080,2026-08-17,58,19,0.68,0.609
PU-AC0080-2026-08-24,AC0080,2026-08-24,63,18,0.459,0.611
PU-AC0081-2025-09-01,AC0081,2025-09-01,26,7,0.614,0.598
PU-AC0081-2025-09-08,AC0081,2025-09-08,29,6,0.578,0.764
PU-AC0081-2025-09-15,AC0081,2025-09-15,30,6,0.651,0.741
PU-AC0081-2025-09-22,AC0081,2025-09-22,28,5,0.732,0.584
PU-AC0081-2025-09-29,AC0081,2025-09-29,27,6,0.577,0.582
PU-AC0081-2025-10-06,AC0081,2025-10-06,30,6,0.972,0.7
PU-AC0081-2025-10-13,AC0081,2025-10-13,31,7,0.899,0.695
PU-AC0081-2025-10-20,AC0081,2025-10-20,28,7,0.609,0.867
PU-AC0081-2025-10-27,AC0081,2025-10-27,27,7,0.808,0.734
PU-AC0081-2025-11-03,AC0081,2025-11-03,29,6,0.695,0.711
PU-AC0081-2025-11-10,AC0081,2025-11-10,31,5,0.854,0.771
PU-AC0081-2025-11-17,AC0081,2025-11-17,29,5,0.798,0.779
PU-AC0081-2025-11-24,AC0081,2025-11-24,28,6,0.608,0.541
PU-AC0081-2025-12-01,AC0081,2025-12-01,31,6,0.636,0.868
PU-AC0081-2025-12-08,AC0081,2025-12-08,28,7,0.543,0.616
PU-AC0081-2025-12-15,AC0081,2025-12-15,28,7,0.579,0.578
PU-AC0081-2025-12-22,AC0081,2025-12-22,28,6,0.705,0.725
PU-AC0081-2025-12-29,AC0081,2025-12-29,29,5,0.671,0.546
PU-AC0081-2026-01-05,AC0081,2026-01-05,29,6,0.748,0.842
PU-AC0081-2026-01-12,AC0081,2026-01-12,27,5,0.786,0.239
PU-AC0081-2026-01-19,AC0081,2026-01-19,29,6,0.916,0.712
PU-AC0081-2026-01-26,AC0081,2026-01-26,29,6,0.71,0.516
PU-AC0081-2026-02-02,AC0081,2026-02-02,27,6,0.525,0.776
PU-AC0081-2026-02-09,AC0081,2026-02-09,27,7,0.75,0.722
PU-AC0081-2026-02-16,AC0081,2026-02-16,31,7,0.723,0.598
PU-AC0081-2026-02-23,AC0081,2026-02-23,29,5,0.738,0.643
PU-AC0081-2026-03-02,AC0081,2026-03-02,29,6,0.907,0.696
PU-AC0081-2026-03-09,AC0081,2026-03-09,33,7,0.871,0.635
PU-AC0081-2026-03-16,AC0081,2026-03-16,29,5,0.642,0.521
PU-AC0081-2026-03-23,AC0081,2026-03-23,30,6,0.684,0.569
PU-AC0081-2026-03-30,AC0081,2026-03-30,30,7,0.694,0.627
PU-AC0081-2026-04-06,AC0081,2026-04-06,30,6,0.59,0.608
PU-AC0081-2026-04-13,AC0081,2026-04-13,30,6,0.922,0.55
PU-AC0081-2026-04-20,AC0081,2026-04-20,29,6,0.813,0.825
PU-AC0081-2026-04-27,AC0081,2026-04-27,30,6,0.55,0.938
PU-AC0081-2026-05-04,AC0081,2026-05-04,33,6,0.686,0.518
PU-AC0081-2026-05-11,AC0081,2026-05-11,31,7,0.511,0.829
PU-AC0081-2026-05-18,AC0081,2026-05-18,27,6,0.741,0.624
PU-AC0081-2026-05-25,AC0081,2026-05-25,28,6,0.603,0.609
PU-AC0081-2026-06-01,AC0081,2026-06-01,30,6,0.624,0.705
PU-AC0081-2026-06-08,AC0081,2026-06-08,25,6,0.417,0.602
PU-AC0081-2026-06-15,AC0081,2026-06-15,27,7,0.674,0.56
PU-AC0081-2026-06-22,AC0081,2026-06-22,30,6,0.8,0.539
PU-AC0081-2026-06-29,AC0081,2026-06-29,29,7,0.988,0.599
PU-AC0081-2026-07-06,AC0081,2026-07-06,29,6,0.74,0.678
PU-AC0081-2026-07-13,AC0081,2026-07-13,27,6,0.745,0.776
PU-AC0081-2026-07-20,AC0081,2026-07-20,30,5,0.713,0.592
PU-AC0081-2026-07-27,AC0081,2026-07-27,28,7,0.629,0.85
PU-AC0081-2026-08-03,AC0081,2026-08-03,30,5,0.893,0.789
PU-AC0081-2026-08-10,AC0081,2026-08-10,30,6,0.797,0.469
PU-AC0081-2026-08-17,AC0081,2026-08-17,26,7,0.796,0.66
PU-AC0081-2026-08-24,AC0081,2026-08-24,30,5,0.588,0.672
PU-AC0082-2025-09-01,AC0082,2025-09-01,18,6,0.814,0.728
PU-AC0082-2025-09-08,AC0082,2025-09-08,17,6,0.835,0.643
PU-AC0082-2025-09-15,AC0082,2025-09-15,20,7,0.633,0.917
PU-AC0082-2025-09-22,AC0082,2025-09-22,16,6,0.816,0.526
PU-AC0082-2025-09-29,AC0082,2025-09-29,17,5,0.803,0.566
PU-AC0082-2025-10-06,AC0082,2025-10-06,17,6,0.798,0.756
PU-AC0082-2025-10-13,AC0082,2025-10-13,17,6,0.701,0.549
PU-AC0082-2025-10-20,AC0082,2025-10-20,16,6,0.672,0.49
PU-AC0082-2025-10-27,AC0082,2025-10-27,16,6,0.576,0.599
PU-AC0082-2025-11-03,AC0082,2025-11-03,19,7,0.674,0.585
PU-AC0082-2025-11-10,AC0082,2025-11-10,14,6,0.781,0.64
PU-AC0082-2025-11-17,AC0082,2025-11-17,17,6,0.667,0.656
PU-AC0082-2025-11-24,AC0082,2025-11-24,17,7,0.662,0.571
PU-AC0082-2025-12-01,AC0082,2025-12-01,17,6,0.554,0.695
PU-AC0082-2025-12-08,AC0082,2025-12-08,19,6,0.502,0.636
PU-AC0082-2025-12-15,AC0082,2025-12-15,16,6,0.764,0.702
PU-AC0082-2025-12-22,AC0082,2025-12-22,17,6,0.677,0.73
PU-AC0082-2025-12-29,AC0082,2025-12-29,17,6,0.722,0.784
PU-AC0082-2026-01-05,AC0082,2026-01-05,18,6,0.799,0.801
PU-AC0082-2026-01-12,AC0082,2026-01-12,18,5,0.75,0.736
PU-AC0082-2026-01-19,AC0082,2026-01-19,18,7,0.715,0.542
PU-AC0082-2026-01-26,AC0082,2026-01-26,18,7,0.796,0.83
PU-AC0082-2026-02-02,AC0082,2026-02-02,18,5,0.588,0.486
PU-AC0082-2026-02-09,AC0082,2026-02-09,18,5,0.612,0.328
PU-AC0082-2026-02-16,AC0082,2026-02-16,19,7,0.661,0.647
PU-AC0082-2026-02-23,AC0082,2026-02-23,16,6,0.794,0.617
PU-AC0082-2026-03-02,AC0082,2026-03-02,16,5,0.55,0.633
PU-AC0082-2026-03-09,AC0082,2026-03-09,18,6,0.525,0.6
PU-AC0082-2026-03-16,AC0082,2026-03-16,18,5,0.919,0.701
PU-AC0082-2026-03-23,AC0082,2026-03-23,16,6,0.712,0.635
PU-AC0082-2026-03-30,AC0082,2026-03-30,18,7,0.756,0.921
PU-AC0082-2026-04-06,AC0082,2026-04-06,15,5,0.769,0.586
PU-AC0082-2026-04-13,AC0082,2026-04-13,18,6,0.8,0.495
PU-AC0082-2026-04-20,AC0082,2026-04-20,17,6,0.823,0.402
PU-AC0082-2026-04-27,AC0082,2026-04-27,18,5,1.0,0.741
PU-AC0082-2026-05-04,AC0082,2026-05-04,18,5,0.717,0.738
PU-AC0082-2026-05-11,AC0082,2026-05-11,19,6,0.878,0.695
PU-AC0082-2026-05-18,AC0082,2026-05-18,17,6,0.763,0.551
PU-AC0082-2026-05-25,AC0082,2026-05-25,18,5,0.938,0.581
PU-AC0082-2026-06-01,AC0082,2026-06-01,17,6,0.819,0.556
PU-AC0082-2026-06-08,AC0082,2026-06-08,19,7,0.779,0.561
PU-AC0082-2026-06-15,AC0082,2026-06-15,19,7,0.603,0.578
PU-AC0082-2026-06-22,AC0082,2026-06-22,18,6,0.508,0.787
PU-AC0082-2026-06-29,AC0082,2026-06-29,17,6,0.606,0.487
PU-AC0082-2026-07-06,AC0082,2026-07-06,17,6,0.673,0.656
PU-AC0082-2026-07-13,AC0082,2026-07-13,17,5,0.889,0.632
PU-AC0082-2026-07-20,AC0082,2026-07-20,18,6,0.799,0.64
PU-AC0082-2026-07-27,AC0082,2026-07-27,16,7,0.741,0.632
PU-AC0082-2026-08-03,AC0082,2026-08-03,16,6,1.0,0.587
PU-AC0082-2026-08-10,AC0082,2026-08-10,19,5,0.579,0.701
PU-AC0082-2026-08-17,AC0082,2026-08-17,18,5,0.695,0.483
PU-AC0082-2026-08-24,AC0082,2026-08-24,18,6,0.598,0.549
PU-AC0083-2025-09-01,AC0083,2025-09-01,28,8,0.476,0.588
PU-AC0083-2025-09-08,AC0083,2025-09-08,29,6,0.836,0.662
PU-AC0083-2025-09-15,AC0083,2025-09-15,27,7,0.624,0.806
PU-AC0083-2025-09-22,AC0083,2025-09-22,32,6,0.653,0.533
PU-AC0083-2025-09-29,AC0083,2025-09-29,29,7,0.704,0.735
PU-AC0083-2025-10-06,AC0083,2025-10-06,28,7,0.651,0.434
PU-AC0083-2025-10-13,AC0083,2025-10-13,28,8,0.805,0.915
PU-AC0083-2025-10-20,AC0083,2025-10-20,28,6,0.75,0.594
PU-AC0083-2025-10-27,AC0083,2025-10-27,31,7,0.749,0.714
PU-AC0083-2025-11-03,AC0083,2025-11-03,26,6,0.616,0.633
PU-AC0083-2025-11-10,AC0083,2025-11-10,27,8,0.699,0.753
PU-AC0083-2025-11-17,AC0083,2025-11-17,29,6,0.551,0.77
PU-AC0083-2025-11-24,AC0083,2025-11-24,31,8,0.697,0.675
PU-AC0083-2025-12-01,AC0083,2025-12-01,29,7,0.674,0.541
PU-AC0083-2025-12-08,AC0083,2025-12-08,30,7,0.537,0.744
PU-AC0083-2025-12-15,AC0083,2025-12-15,31,7,0.678,0.583
PU-AC0083-2025-12-22,AC0083,2025-12-22,28,6,0.774,0.544
PU-AC0083-2025-12-29,AC0083,2025-12-29,29,6,0.761,0.602
PU-AC0083-2026-01-05,AC0083,2026-01-05,31,8,0.757,0.739
PU-AC0083-2026-01-12,AC0083,2026-01-12,29,7,0.642,0.854
PU-AC0083-2026-01-19,AC0083,2026-01-19,29,8,0.576,0.558
PU-AC0083-2026-01-26,AC0083,2026-01-26,27,7,0.654,0.46
PU-AC0083-2026-02-02,AC0083,2026-02-02,26,6,0.74,0.689
PU-AC0083-2026-02-09,AC0083,2026-02-09,28,7,0.725,0.442
PU-AC0083-2026-02-16,AC0083,2026-02-16,30,7,0.679,0.582
PU-AC0083-2026-02-23,AC0083,2026-02-23,30,6,0.672,0.704
PU-AC0083-2026-03-02,AC0083,2026-03-02,28,7,0.869,0.466
PU-AC0083-2026-03-09,AC0083,2026-03-09,26,8,0.568,0.678
PU-AC0083-2026-03-16,AC0083,2026-03-16,32,8,0.803,0.581
PU-AC0083-2026-03-23,AC0083,2026-03-23,30,7,0.85,0.744
PU-AC0083-2026-03-30,AC0083,2026-03-30,31,6,0.612,0.763
PU-AC0083-2026-04-06,AC0083,2026-04-06,29,6,0.532,0.565
PU-AC0083-2026-04-13,AC0083,2026-04-13,30,7,0.67,0.638
PU-AC0083-2026-04-20,AC0083,2026-04-20,27,7,0.761,0.588
PU-AC0083-2026-04-27,AC0083,2026-04-27,31,6,0.641,0.559
PU-AC0083-2026-05-04,AC0083,2026-05-04,28,6,0.629,0.676
PU-AC0083-2026-05-11,AC0083,2026-05-11,30,6,0.979,0.804
PU-AC0083-2026-05-18,AC0083,2026-05-18,32,7,0.723,0.779
PU-AC0083-2026-05-25,AC0083,2026-05-25,33,7,0.697,0.649
PU-AC0083-2026-06-01,AC0083,2026-06-01,25,7,0.724,0.662
PU-AC0083-2026-06-08,AC0083,2026-06-08,30,8,0.551,0.684
PU-AC0083-2026-06-15,AC0083,2026-06-15,30,8,0.732,0.367
PU-AC0083-2026-06-22,AC0083,2026-06-22,28,7,0.823,0.705
PU-AC0083-2026-06-29,AC0083,2026-06-29,30,8,0.605,0.733
PU-AC0083-2026-07-06,AC0083,2026-07-06,29,6,0.705,0.512
PU-AC0083-2026-07-13,AC0083,2026-07-13,30,6,0.859,0.445
PU-AC0083-2026-07-20,AC0083,2026-07-20,27,7,0.595,0.624
PU-AC0083-2026-07-27,AC0083,2026-07-27,27,8,0.567,0.38
PU-AC0083-2026-08-03,AC0083,2026-08-03,30,7,0.807,0.62
PU-AC0083-2026-08-10,AC0083,2026-08-10,31,8,0.8,0.557
PU-AC0083-2026-08-17,AC0083,2026-08-17,30,7,0.662,0.879
PU-AC0083-2026-08-24,AC0083,2026-08-24,30,6,0.736,0.779
PU-AC0084-2025-09-01,AC0084,2025-09-01,25,7,0.851,0.784
PU-AC0084-2025-09-08,AC0084,2025-09-08,20,9,0.643,0.827
PU-AC0084-2025-09-15,AC0084,2025-09-15,24,9,0.47,0.517
PU-AC0084-2025-09-22,AC0084,2025-09-22,22,6,0.724,0.546
PU-AC0084-2025-09-29,AC0084,2025-09-29,24,8,0.647,0.553
PU-AC0084-2025-10-06,AC0084,2025-10-06,23,8,0.86,0.703
PU-AC0084-2025-10-13,AC0084,2025-10-13,21,8,0.942,0.837
PU-AC0084-2025-10-20,AC0084,2025-10-20,25,9,0.772,0.492
PU-AC0084-2025-10-27,AC0084,2025-10-27,23,8,0.65,0.632
PU-AC0084-2025-11-03,AC0084,2025-11-03,24,7,0.763,0.502
PU-AC0084-2025-11-10,AC0084,2025-11-10,22,8,0.972,0.801
PU-AC0084-2025-11-17,AC0084,2025-11-17,26,7,0.76,0.74
PU-AC0084-2025-11-24,AC0084,2025-11-24,22,8,0.595,0.676
PU-AC0084-2025-12-01,AC0084,2025-12-01,23,7,0.512,0.693
PU-AC0084-2025-12-08,AC0084,2025-12-08,23,8,0.866,0.732
PU-AC0084-2025-12-15,AC0084,2025-12-15,22,9,0.614,0.539
PU-AC0084-2025-12-22,AC0084,2025-12-22,23,8,0.66,0.572
PU-AC0084-2025-12-29,AC0084,2025-12-29,24,8,0.499,0.617
PU-AC0084-2026-01-05,AC0084,2026-01-05,21,8,0.725,0.684
PU-AC0084-2026-01-12,AC0084,2026-01-12,23,7,0.614,0.398
PU-AC0084-2026-01-19,AC0084,2026-01-19,25,7,0.628,0.595
PU-AC0084-2026-01-26,AC0084,2026-01-26,22,7,0.653,0.656
PU-AC0084-2026-02-02,AC0084,2026-02-02,24,7,0.787,0.267
PU-AC0084-2026-02-09,AC0084,2026-02-09,22,8,0.669,0.628
PU-AC0084-2026-02-16,AC0084,2026-02-16,23,9,0.51,0.627
PU-AC0084-2026-02-23,AC0084,2026-02-23,23,8,0.681,0.869
PU-AC0084-2026-03-02,AC0084,2026-03-02,25,9,0.913,0.762
PU-AC0084-2026-03-09,AC0084,2026-03-09,22,7,0.768,0.633
PU-AC0084-2026-03-16,AC0084,2026-03-16,22,8,0.85,0.71
PU-AC0084-2026-03-23,AC0084,2026-03-23,26,8,0.617,0.85
PU-AC0084-2026-03-30,AC0084,2026-03-30,23,9,0.669,0.604
PU-AC0084-2026-04-06,AC0084,2026-04-06,25,6,0.881,0.738
PU-AC0084-2026-04-13,AC0084,2026-04-13,23,9,0.496,0.398
PU-AC0084-2026-04-20,AC0084,2026-04-20,25,8,0.661,0.572
PU-AC0084-2026-04-27,AC0084,2026-04-27,23,7,0.731,0.761
PU-AC0084-2026-05-04,AC0084,2026-05-04,23,8,0.729,0.617
PU-AC0084-2026-05-11,AC0084,2026-05-11,18,8,0.788,0.47
PU-AC0084-2026-05-18,AC0084,2026-05-18,25,8,0.79,0.479
PU-AC0084-2026-05-25,AC0084,2026-05-25,23,8,0.705,0.561
PU-AC0084-2026-06-01,AC0084,2026-06-01,24,8,0.418,0.759
PU-AC0084-2026-06-08,AC0084,2026-06-08,24,7,0.6,0.648
PU-AC0084-2026-06-15,AC0084,2026-06-15,25,9,0.828,0.56
PU-AC0084-2026-06-22,AC0084,2026-06-22,24,7,0.67,0.476
PU-AC0084-2026-06-29,AC0084,2026-06-29,23,6,0.831,0.867
PU-AC0084-2026-07-06,AC0084,2026-07-06,21,7,0.803,0.707
PU-AC0084-2026-07-13,AC0084,2026-07-13,24,7,0.849,0.699
PU-AC0084-2026-07-20,AC0084,2026-07-20,23,8,0.851,0.814
PU-AC0084-2026-07-27,AC0084,2026-07-27,21,8,0.761,0.309
PU-AC0084-2026-08-03,AC0084,2026-08-03,23,6,0.932,0.694
PU-AC0084-2026-08-10,AC0084,2026-08-10,24,7,0.531,0.618
PU-AC0084-2026-08-17,AC0084,2026-08-17,26,9,0.623,0.626
PU-AC0084-2026-08-24,AC0084,2026-08-24,23,8,0.642,0.663
PU-AC0085-2025-09-01,AC0085,2025-09-01,101,41,0.791,0.726
PU-AC0085-2025-09-08,AC0085,2025-09-08,110,49,0.687,0.665
PU-AC0085-2025-09-15,AC0085,2025-09-15,98,51,0.614,0.51
PU-AC0085-2025-09-22,AC0085,2025-09-22,104,42,0.692,0.748
PU-AC0085-2025-09-29,AC0085,2025-09-29,95,41,0.823,0.747
PU-AC0085-2025-10-06,AC0085,2025-10-06,105,40,0.692,0.723
PU-AC0085-2025-10-13,AC0085,2025-10-13,92,44,0.596,0.754
PU-AC0085-2025-10-20,AC0085,2025-10-20,97,49,0.659,0.774
PU-AC0085-2025-10-27,AC0085,2025-10-27,108,51,0.873,0.656
PU-AC0085-2025-11-03,AC0085,2025-11-03,104,48,1.0,0.6
PU-AC0085-2025-11-10,AC0085,2025-11-10,103,51,0.701,0.472
PU-AC0085-2025-11-17,AC0085,2025-11-17,102,45,0.722,0.572
PU-AC0085-2025-11-24,AC0085,2025-11-24,93,49,0.857,0.643
PU-AC0085-2025-12-01,AC0085,2025-12-01,112,45,0.682,0.438
PU-AC0085-2025-12-08,AC0085,2025-12-08,100,46,0.638,0.656
PU-AC0085-2025-12-15,AC0085,2025-12-15,108,42,0.472,0.494
PU-AC0085-2025-12-22,AC0085,2025-12-22,104,40,0.645,0.662
PU-AC0085-2025-12-29,AC0085,2025-12-29,111,50,0.795,0.727
PU-AC0085-2026-01-05,AC0085,2026-01-05,101,51,0.592,0.747
PU-AC0085-2026-01-12,AC0085,2026-01-12,104,43,0.717,0.438
PU-AC0085-2026-01-19,AC0085,2026-01-19,95,43,0.907,0.547
PU-AC0085-2026-01-26,AC0085,2026-01-26,98,48,0.638,0.612
PU-AC0085-2026-02-02,AC0085,2026-02-02,102,51,0.604,0.564
PU-AC0085-2026-02-09,AC0085,2026-02-09,103,44,0.834,0.862
PU-AC0085-2026-02-16,AC0085,2026-02-16,110,47,0.585,0.594
PU-AC0085-2026-02-23,AC0085,2026-02-23,102,46,0.754,0.653
PU-AC0085-2026-03-02,AC0085,2026-03-02,113,40,0.668,0.677
PU-AC0085-2026-03-09,AC0085,2026-03-09,109,47,0.639,0.686
PU-AC0085-2026-03-16,AC0085,2026-03-16,103,40,0.69,0.488
PU-AC0085-2026-03-23,AC0085,2026-03-23,116,42,0.862,0.614
PU-AC0085-2026-03-30,AC0085,2026-03-30,104,46,0.815,0.652
PU-AC0085-2026-04-06,AC0085,2026-04-06,93,49,0.489,0.63
PU-AC0085-2026-04-13,AC0085,2026-04-13,108,50,0.733,0.541
PU-AC0085-2026-04-20,AC0085,2026-04-20,110,42,0.676,0.691
PU-AC0085-2026-04-27,AC0085,2026-04-27,96,45,0.967,0.76
PU-AC0085-2026-05-04,AC0085,2026-05-04,103,39,0.786,0.701
PU-AC0085-2026-05-11,AC0085,2026-05-11,103,45,0.801,0.634
PU-AC0085-2026-05-18,AC0085,2026-05-18,107,45,0.704,0.634
PU-AC0085-2026-05-25,AC0085,2026-05-25,116,48,0.621,0.98
PU-AC0085-2026-06-01,AC0085,2026-06-01,96,51,0.835,0.537
PU-AC0085-2026-06-08,AC0085,2026-06-08,115,44,0.797,0.687
PU-AC0085-2026-06-15,AC0085,2026-06-15,93,43,0.788,0.58
PU-AC0085-2026-06-22,AC0085,2026-06-22,111,45,0.71,0.654
PU-AC0085-2026-06-29,AC0085,2026-06-29,104,51,0.797,0.588
PU-AC0085-2026-07-06,AC0085,2026-07-06,100,46,0.699,0.683
PU-AC0085-2026-07-13,AC0085,2026-07-13,101,49,0.894,0.484
PU-AC0085-2026-07-20,AC0085,2026-07-20,94,49,0.712,0.532
PU-AC0085-2026-07-27,AC0085,2026-07-27,96,41,0.68,0.87
PU-AC0085-2026-08-03,AC0085,2026-08-03,117,40,0.583,0.629
PU-AC0085-2026-08-10,AC0085,2026-08-10,110,43,0.716,0.635
PU-AC0085-2026-08-17,AC0085,2026-08-17,103,48,0.818,0.669
PU-AC0085-2026-08-24,AC0085,2026-08-24,100,51,0.801,0.418
PU-AC0086-2025-09-01,AC0086,2025-09-01,68,19,0.648,0.683
PU-AC0086-2025-09-08,AC0086,2025-09-08,73,25,0.714,0.597
PU-AC0086-2025-09-15,AC0086,2025-09-15,68,19,0.628,0.77
PU-AC0086-2025-09-22,AC0086,2025-09-22,67,19,0.818,0.633
PU-AC0086-2025-09-29,AC0086,2025-09-29,69,21,0.737,0.676
PU-AC0086-2025-10-06,AC0086,2025-10-06,71,24,0.645,0.732
PU-AC0086-2025-10-13,AC0086,2025-10-13,60,21,0.847,0.58
PU-AC0086-2025-10-20,AC0086,2025-10-20,65,24,0.748,0.75
PU-AC0086-2025-10-27,AC0086,2025-10-27,77,22,0.718,0.747
PU-AC0086-2025-11-03,AC0086,2025-11-03,69,24,0.586,0.638
PU-AC0086-2025-11-10,AC0086,2025-11-10,70,24,0.871,0.455
PU-AC0086-2025-11-17,AC0086,2025-11-17,68,19,0.575,0.667
PU-AC0086-2025-11-24,AC0086,2025-11-24,68,21,0.562,0.555
PU-AC0086-2025-12-01,AC0086,2025-12-01,67,25,0.677,0.525
PU-AC0086-2025-12-08,AC0086,2025-12-08,72,21,0.671,0.765
PU-AC0086-2025-12-15,AC0086,2025-12-15,73,21,0.682,0.521
PU-AC0086-2025-12-22,AC0086,2025-12-22,76,19,0.807,0.418
PU-AC0086-2025-12-29,AC0086,2025-12-29,71,22,0.803,0.673
PU-AC0086-2026-01-05,AC0086,2026-01-05,73,20,0.437,0.6
PU-AC0086-2026-01-12,AC0086,2026-01-12,68,25,0.586,0.695
PU-AC0086-2026-01-19,AC0086,2026-01-19,68,20,0.615,0.607
PU-AC0086-2026-01-26,AC0086,2026-01-26,62,24,0.82,0.98
PU-AC0086-2026-02-02,AC0086,2026-02-02,69,23,0.55,0.477
PU-AC0086-2026-02-09,AC0086,2026-02-09,69,25,0.85,0.556
PU-AC0086-2026-02-16,AC0086,2026-02-16,68,24,0.813,0.71
PU-AC0086-2026-02-23,AC0086,2026-02-23,70,20,0.683,0.821
PU-AC0086-2026-03-02,AC0086,2026-03-02,63,20,0.537,0.578
PU-AC0086-2026-03-09,AC0086,2026-03-09,63,21,0.848,0.618
PU-AC0086-2026-03-16,AC0086,2026-03-16,68,22,0.727,0.459
PU-AC0086-2026-03-23,AC0086,2026-03-23,60,25,0.918,0.619
PU-AC0086-2026-03-30,AC0086,2026-03-30,73,21,0.635,0.538
PU-AC0086-2026-04-06,AC0086,2026-04-06,58,25,0.797,0.861
PU-AC0086-2026-04-13,AC0086,2026-04-13,65,21,0.6,0.81
PU-AC0086-2026-04-20,AC0086,2026-04-20,68,18,0.697,0.755
PU-AC0086-2026-04-27,AC0086,2026-04-27,69,23,0.531,0.557
PU-AC0086-2026-05-04,AC0086,2026-05-04,71,19,0.791,0.563
PU-AC0086-2026-05-11,AC0086,2026-05-11,73,22,0.641,0.68
PU-AC0086-2026-05-18,AC0086,2026-05-18,75,21,0.751,0.703
PU-AC0086-2026-05-25,AC0086,2026-05-25,78,22,0.689,0.509
PU-AC0086-2026-06-01,AC0086,2026-06-01,61,20,0.725,0.523
PU-AC0086-2026-06-08,AC0086,2026-06-08,69,21,0.704,0.696
PU-AC0086-2026-06-15,AC0086,2026-06-15,69,25,0.73,0.52
PU-AC0086-2026-06-22,AC0086,2026-06-22,67,23,0.802,0.685
PU-AC0086-2026-06-29,AC0086,2026-06-29,72,21,0.615,0.82
PU-AC0086-2026-07-06,AC0086,2026-07-06,66,20,0.844,0.659
PU-AC0086-2026-07-13,AC0086,2026-07-13,69,24,0.677,0.861
PU-AC0086-2026-07-20,AC0086,2026-07-20,72,22,0.668,0.633
PU-AC0086-2026-07-27,AC0086,2026-07-27,75,23,0.685,0.768
PU-AC0086-2026-08-03,AC0086,2026-08-03,70,23,0.787,0.796
PU-AC0086-2026-08-10,AC0086,2026-08-10,65,23,0.557,0.489
PU-AC0086-2026-08-17,AC0086,2026-08-17,66,23,0.691,0.733
PU-AC0086-2026-08-24,AC0086,2026-08-24,66,21,0.972,0.563
PU-AC0087-2025-09-01,AC0087,2025-09-01,110,33,0.764,0.446
PU-AC0087-2025-09-08,AC0087,2025-09-08,96,42,0.592,0.48
PU-AC0087-2025-09-15,AC0087,2025-09-15,108,41,0.678,0.551
PU-AC0087-2025-09-22,AC0087,2025-09-22,111,34,0.887,0.549
PU-AC0087-2025-09-29,AC0087,2025-09-29,104,43,0.502,0.411
PU-AC0087-2025-10-06,AC0087,2025-10-06,109,37,0.946,0.548
PU-AC0087-2025-10-13,AC0087,2025-10-13,109,40,0.664,0.728
PU-AC0087-2025-10-20,AC0087,2025-10-20,99,37,0.752,0.605
PU-AC0087-2025-10-27,AC0087,2025-10-27,108,40,0.775,0.617
PU-AC0087-2025-11-03,AC0087,2025-11-03,105,38,0.794,0.957
PU-AC0087-2025-11-10,AC0087,2025-11-10,113,35,0.714,0.704
PU-AC0087-2025-11-17,AC0087,2025-11-17,104,33,0.434,0.307
PU-AC0087-2025-11-24,AC0087,2025-11-24,112,36,0.696,0.514
PU-AC0087-2025-12-01,AC0087,2025-12-01,104,34,0.891,0.501
PU-AC0087-2025-12-08,AC0087,2025-12-08,114,35,0.791,0.479
PU-AC0087-2025-12-15,AC0087,2025-12-15,106,40,0.649,0.69
PU-AC0087-2025-12-22,AC0087,2025-12-22,105,38,0.793,0.598
PU-AC0087-2025-12-29,AC0087,2025-12-29,112,35,0.676,0.584
PU-AC0087-2026-01-05,AC0087,2026-01-05,115,43,0.65,0.51
PU-AC0087-2026-01-12,AC0087,2026-01-12,108,35,0.825,0.791
PU-AC0087-2026-01-19,AC0087,2026-01-19,110,43,0.919,0.447
PU-AC0087-2026-01-26,AC0087,2026-01-26,123,40,0.657,0.744
PU-AC0087-2026-02-02,AC0087,2026-02-02,108,35,0.607,0.663
PU-AC0087-2026-02-09,AC0087,2026-02-09,109,39,0.85,0.793
PU-AC0087-2026-02-16,AC0087,2026-02-16,107,36,0.973,0.458
PU-AC0087-2026-02-23,AC0087,2026-02-23,102,36,0.811,0.859
PU-AC0087-2026-03-02,AC0087,2026-03-02,121,41,0.494,0.438
PU-AC0087-2026-03-09,AC0087,2026-03-09,116,42,0.74,0.516
PU-AC0087-2026-03-16,AC0087,2026-03-16,114,35,0.544,0.546
PU-AC0087-2026-03-23,AC0087,2026-03-23,114,43,0.677,0.763
PU-AC0087-2026-03-30,AC0087,2026-03-30,119,34,0.616,0.491
PU-AC0087-2026-04-06,AC0087,2026-04-06,111,36,0.569,0.778
PU-AC0087-2026-04-13,AC0087,2026-04-13,110,35,0.654,0.648
PU-AC0087-2026-04-20,AC0087,2026-04-20,110,44,0.713,0.796
PU-AC0087-2026-04-27,AC0087,2026-04-27,116,39,0.787,0.634
PU-AC0087-2026-05-04,AC0087,2026-05-04,105,34,0.837,0.791
PU-AC0087-2026-05-11,AC0087,2026-05-11,105,37,0.82,0.66
PU-AC0087-2026-05-18,AC0087,2026-05-18,111,40,0.822,0.503
PU-AC0087-2026-05-25,AC0087,2026-05-25,108,41,0.768,0.519
PU-AC0087-2026-06-01,AC0087,2026-06-01,108,42,0.658,0.55
PU-AC0087-2026-06-08,AC0087,2026-06-08,114,36,0.819,0.512
PU-AC0087-2026-06-15,AC0087,2026-06-15,108,36,0.777,0.484
PU-AC0087-2026-06-22,AC0087,2026-06-22,100,41,0.606,0.7
PU-AC0087-2026-06-29,AC0087,2026-06-29,100,35,0.821,0.828
PU-AC0087-2026-07-06,AC0087,2026-07-06,106,35,0.67,0.659
PU-AC0087-2026-07-13,AC0087,2026-07-13,103,40,0.687,0.789
PU-AC0087-2026-07-20,AC0087,2026-07-20,111,39,0.722,0.64
PU-AC0087-2026-07-27,AC0087,2026-07-27,110,40,0.936,0.62
PU-AC0087-2026-08-03,AC0087,2026-08-03,108,42,0.767,0.473
PU-AC0087-2026-08-10,AC0087,2026-08-10,115,42,0.6,0.615
PU-AC0087-2026-08-17,AC0087,2026-08-17,109,39,0.731,0.649
PU-AC0087-2026-08-24,AC0087,2026-08-24,117,39,0.684,0.409
PU-AC0088-2025-09-01,AC0088,2025-09-01,137,46,0.686,0.7
PU-AC0088-2025-09-08,AC0088,2025-09-08,129,53,0.59,0.386
PU-AC0088-2025-09-15,AC0088,2025-09-15,121,46,0.78,0.541
PU-AC0088-2025-09-22,AC0088,2025-09-22,128,49,0.654,0.428
PU-AC0088-2025-09-29,AC0088,2025-09-29,115,44,0.759,0.778
PU-AC0088-2025-10-06,AC0088,2025-10-06,125,50,0.687,0.474
PU-AC0088-2025-10-13,AC0088,2025-10-13,126,44,0.851,0.612
PU-AC0088-2025-10-20,AC0088,2025-10-20,109,47,0.609,0.442
PU-AC0088-2025-10-27,AC0088,2025-10-27,117,43,0.719,0.687
PU-AC0088-2025-11-03,AC0088,2025-11-03,108,54,0.798,0.875
PU-AC0088-2025-11-10,AC0088,2025-11-10,127,49,0.687,0.761
PU-AC0088-2025-11-17,AC0088,2025-11-17,110,52,0.676,0.63
PU-AC0088-2025-11-24,AC0088,2025-11-24,121,45,0.646,0.542
PU-AC0088-2025-12-01,AC0088,2025-12-01,113,43,0.779,0.503
PU-AC0088-2025-12-08,AC0088,2025-12-08,130,43,0.719,0.74
PU-AC0088-2025-12-15,AC0088,2025-12-15,112,46,0.9,0.98
PU-AC0088-2025-12-22,AC0088,2025-12-22,130,51,0.615,0.688
PU-AC0088-2025-12-29,AC0088,2025-12-29,120,56,0.627,0.475
PU-AC0088-2026-01-05,AC0088,2026-01-05,117,45,0.598,0.546
PU-AC0088-2026-01-12,AC0088,2026-01-12,114,52,0.736,0.541
PU-AC0088-2026-01-19,AC0088,2026-01-19,124,44,0.799,0.654
PU-AC0088-2026-01-26,AC0088,2026-01-26,121,42,0.827,0.756
PU-AC0088-2026-02-02,AC0088,2026-02-02,115,51,0.719,0.539
PU-AC0088-2026-02-09,AC0088,2026-02-09,126,52,0.834,0.395
PU-AC0088-2026-02-16,AC0088,2026-02-16,109,55,0.612,0.542
PU-AC0088-2026-02-23,AC0088,2026-02-23,129,49,0.834,0.716
PU-AC0088-2026-03-02,AC0088,2026-03-02,123,56,0.951,0.589
PU-AC0088-2026-03-09,AC0088,2026-03-09,122,50,0.879,0.587
PU-AC0088-2026-03-16,AC0088,2026-03-16,119,47,0.656,0.596
PU-AC0088-2026-03-23,AC0088,2026-03-23,113,52,0.848,0.4
PU-AC0088-2026-03-30,AC0088,2026-03-30,132,50,0.925,0.605
PU-AC0088-2026-04-06,AC0088,2026-04-06,117,54,0.946,0.643
PU-AC0088-2026-04-13,AC0088,2026-04-13,116,54,0.729,0.648
PU-AC0088-2026-04-20,AC0088,2026-04-20,109,43,0.666,0.539
PU-AC0088-2026-04-27,AC0088,2026-04-27,126,43,0.517,0.672
PU-AC0088-2026-05-04,AC0088,2026-05-04,133,53,0.942,0.765
PU-AC0088-2026-05-11,AC0088,2026-05-11,110,54,0.728,0.586
PU-AC0088-2026-05-18,AC0088,2026-05-18,130,47,0.704,0.548
PU-AC0088-2026-05-25,AC0088,2026-05-25,117,55,0.64,0.643
PU-AC0088-2026-06-01,AC0088,2026-06-01,112,52,0.795,0.633
PU-AC0088-2026-06-08,AC0088,2026-06-08,122,43,0.473,0.605
PU-AC0088-2026-06-15,AC0088,2026-06-15,128,53,0.857,0.794
PU-AC0088-2026-06-22,AC0088,2026-06-22,107,51,0.727,0.841
PU-AC0088-2026-06-29,AC0088,2026-06-29,120,47,0.768,0.664
PU-AC0088-2026-07-06,AC0088,2026-07-06,108,56,0.689,0.32
PU-AC0088-2026-07-13,AC0088,2026-07-13,115,47,0.936,0.536
PU-AC0088-2026-07-20,AC0088,2026-07-20,107,53,0.636,0.564
PU-AC0088-2026-07-27,AC0088,2026-07-27,116,53,0.675,0.71
PU-AC0088-2026-08-03,AC0088,2026-08-03,124,51,0.596,0.523
PU-AC0088-2026-08-10,AC0088,2026-08-10,119,43,0.689,0.834
PU-AC0088-2026-08-17,AC0088,2026-08-17,122,51,0.851,0.551
PU-AC0088-2026-08-24,AC0088,2026-08-24,120,47,0.681,0.592
PU-AC0089-2025-09-01,AC0089,2025-09-01,68,21,0.835,0.636
PU-AC0089-2025-09-08,AC0089,2025-09-08,67,21,0.669,0.404
PU-AC0089-2025-09-15,AC0089,2025-09-15,70,18,0.722,0.821
PU-AC0089-2025-09-22,AC0089,2025-09-22,79,18,0.552,0.755
PU-AC0089-2025-09-29,AC0089,2025-09-29,63,18,0.702,0.635
PU-AC0089-2025-10-06,AC0089,2025-10-06,63,19,0.575,0.658
PU-AC0089-2025-10-13,AC0089,2025-10-13,66,21,0.714,0.544
PU-AC0089-2025-10-20,AC0089,2025-10-20,68,19,0.852,0.568
PU-AC0089-2025-10-27,AC0089,2025-10-27,81,18,0.811,0.512
PU-AC0089-2025-11-03,AC0089,2025-11-03,65,19,0.707,0.634
PU-AC0089-2025-11-10,AC0089,2025-11-10,63,22,0.883,0.79
PU-AC0089-2025-11-17,AC0089,2025-11-17,70,21,0.57,0.718
PU-AC0089-2025-11-24,AC0089,2025-11-24,61,18,0.603,0.621
PU-AC0089-2025-12-01,AC0089,2025-12-01,61,21,0.718,0.731
PU-AC0089-2025-12-08,AC0089,2025-12-08,69,18,0.597,0.686
PU-AC0089-2025-12-15,AC0089,2025-12-15,72,19,0.756,0.749
PU-AC0089-2025-12-22,AC0089,2025-12-22,71,24,0.727,0.478
PU-AC0089-2025-12-29,AC0089,2025-12-29,70,18,0.78,0.827
PU-AC0089-2026-01-05,AC0089,2026-01-05,62,22,1.0,0.584
PU-AC0089-2026-01-12,AC0089,2026-01-12,72,19,0.793,0.673
PU-AC0089-2026-01-19,AC0089,2026-01-19,63,19,0.617,0.563
PU-AC0089-2026-01-26,AC0089,2026-01-26,67,21,0.813,0.447
PU-AC0089-2026-02-02,AC0089,2026-02-02,73,19,1.0,0.583
PU-AC0089-2026-02-09,AC0089,2026-02-09,71,20,0.849,0.661
PU-AC0089-2026-02-16,AC0089,2026-02-16,61,21,0.546,0.79
PU-AC0089-2026-02-23,AC0089,2026-02-23,65,19,0.653,0.743
PU-AC0089-2026-03-02,AC0089,2026-03-02,68,19,0.834,0.71
PU-AC0089-2026-03-09,AC0089,2026-03-09,67,19,0.59,0.565
PU-AC0089-2026-03-16,AC0089,2026-03-16,68,23,0.768,0.601
PU-AC0089-2026-03-23,AC0089,2026-03-23,68,23,0.63,0.769
PU-AC0089-2026-03-30,AC0089,2026-03-30,72,19,0.651,0.565
PU-AC0089-2026-04-06,AC0089,2026-04-06,70,21,0.758,0.618
PU-AC0089-2026-04-13,AC0089,2026-04-13,66,23,0.531,0.441
PU-AC0089-2026-04-20,AC0089,2026-04-20,67,21,0.692,0.794
PU-AC0089-2026-04-27,AC0089,2026-04-27,68,23,0.603,0.62
PU-AC0089-2026-05-04,AC0089,2026-05-04,66,22,0.693,0.56
PU-AC0089-2026-05-11,AC0089,2026-05-11,72,19,0.778,0.585
PU-AC0089-2026-05-18,AC0089,2026-05-18,70,19,0.573,0.881
PU-AC0089-2026-05-25,AC0089,2026-05-25,72,20,0.721,0.684
PU-AC0089-2026-06-01,AC0089,2026-06-01,72,18,0.737,0.859
PU-AC0089-2026-06-08,AC0089,2026-06-08,66,21,0.604,0.693
PU-AC0089-2026-06-15,AC0089,2026-06-15,69,23,0.796,0.551
PU-AC0089-2026-06-22,AC0089,2026-06-22,71,19,0.565,0.47
PU-AC0089-2026-06-29,AC0089,2026-06-29,66,20,0.804,0.872
PU-AC0089-2026-07-06,AC0089,2026-07-06,73,22,0.81,0.609
PU-AC0089-2026-07-13,AC0089,2026-07-13,67,20,0.546,0.481
PU-AC0089-2026-07-20,AC0089,2026-07-20,72,17,0.816,0.756
PU-AC0089-2026-07-27,AC0089,2026-07-27,63,18,0.857,0.62
PU-AC0089-2026-08-03,AC0089,2026-08-03,66,21,0.67,0.626
PU-AC0089-2026-08-10,AC0089,2026-08-10,73,21,0.659,0.457
PU-AC0089-2026-08-17,AC0089,2026-08-17,73,18,0.731,0.6
PU-AC0089-2026-08-24,AC0089,2026-08-24,72,18,0.778,0.533
PU-AC0090-2025-09-01,AC0090,2025-09-01,113,42,0.497,0.751
PU-AC0090-2025-09-08,AC0090,2025-09-08,106,44,0.795,0.668
PU-AC0090-2025-09-15,AC0090,2025-09-15,113,52,0.736,0.544
PU-AC0090-2025-09-22,AC0090,2025-09-22,110,42,0.7,0.98
PU-AC0090-2025-09-29,AC0090,2025-09-29,109,53,0.664,0.655
PU-AC0090-2025-10-06,AC0090,2025-10-06,123,44,0.928,0.61
PU-AC0090-2025-10-13,AC0090,2025-10-13,111,50,0.713,0.82
PU-AC0090-2025-10-20,AC0090,2025-10-20,123,44,0.708,0.828
PU-AC0090-2025-10-27,AC0090,2025-10-27,132,45,0.938,0.594
PU-AC0090-2025-11-03,AC0090,2025-11-03,98,51,0.628,0.463
PU-AC0090-2025-11-10,AC0090,2025-11-10,117,51,0.671,0.613
PU-AC0090-2025-11-17,AC0090,2025-11-17,119,44,0.833,0.774
PU-AC0090-2025-11-24,AC0090,2025-11-24,113,47,0.741,0.683
PU-AC0090-2025-12-01,AC0090,2025-12-01,110,49,0.705,0.599
PU-AC0090-2025-12-08,AC0090,2025-12-08,106,41,0.648,0.775
PU-AC0090-2025-12-15,AC0090,2025-12-15,111,46,0.77,0.618
PU-AC0090-2025-12-22,AC0090,2025-12-22,120,46,0.717,0.59
PU-AC0090-2025-12-29,AC0090,2025-12-29,117,54,0.759,0.364
PU-AC0090-2026-01-05,AC0090,2026-01-05,113,43,0.738,0.465
PU-AC0090-2026-01-12,AC0090,2026-01-12,112,45,0.706,0.742
PU-AC0090-2026-01-19,AC0090,2026-01-19,113,45,0.937,0.294
PU-AC0090-2026-01-26,AC0090,2026-01-26,121,55,0.885,0.638
PU-AC0090-2026-02-02,AC0090,2026-02-02,114,47,0.969,0.542
PU-AC0090-2026-02-09,AC0090,2026-02-09,114,51,0.468,0.693
PU-AC0090-2026-02-16,AC0090,2026-02-16,112,42,0.704,0.673
PU-AC0090-2026-02-23,AC0090,2026-02-23,108,52,0.646,0.691
PU-AC0090-2026-03-02,AC0090,2026-03-02,113,44,0.684,0.593
PU-AC0090-2026-03-09,AC0090,2026-03-09,118,55,0.787,0.61
PU-AC0090-2026-03-16,AC0090,2026-03-16,112,49,0.659,0.873
PU-AC0090-2026-03-23,AC0090,2026-03-23,112,43,0.857,0.865
PU-AC0090-2026-03-30,AC0090,2026-03-30,110,54,0.843,0.401
PU-AC0090-2026-04-06,AC0090,2026-04-06,127,41,0.676,0.581
PU-AC0090-2026-04-13,AC0090,2026-04-13,116,45,1.0,0.536
PU-AC0090-2026-04-20,AC0090,2026-04-20,112,43,0.587,0.634
PU-AC0090-2026-04-27,AC0090,2026-04-27,98,53,0.508,0.709
PU-AC0090-2026-05-04,AC0090,2026-05-04,103,51,0.784,0.655
PU-AC0090-2026-05-11,AC0090,2026-05-11,121,44,0.746,0.848
PU-AC0090-2026-05-18,AC0090,2026-05-18,131,55,0.67,0.595
PU-AC0090-2026-05-25,AC0090,2026-05-25,106,50,0.785,0.559
PU-AC0090-2026-06-01,AC0090,2026-06-01,112,49,0.932,0.763
PU-AC0090-2026-06-08,AC0090,2026-06-08,120,42,0.898,0.879
PU-AC0090-2026-06-15,AC0090,2026-06-15,119,46,0.558,0.709
PU-AC0090-2026-06-22,AC0090,2026-06-22,123,47,0.797,0.685
PU-AC0090-2026-06-29,AC0090,2026-06-29,121,45,0.942,0.619
PU-AC0090-2026-07-06,AC0090,2026-07-06,120,48,0.621,0.656
PU-AC0090-2026-07-13,AC0090,2026-07-13,109,41,1.0,0.548
PU-AC0090-2026-07-20,AC0090,2026-07-20,118,43,0.509,0.734
PU-AC0090-2026-07-27,AC0090,2026-07-27,119,53,0.737,0.517
PU-AC0090-2026-08-03,AC0090,2026-08-03,114,42,0.748,0.707
PU-AC0090-2026-08-10,AC0090,2026-08-10,119,47,0.725,0.511
PU-AC0090-2026-08-17,AC0090,2026-08-17,119,47,0.426,0.855
PU-AC0090-2026-08-24,AC0090,2026-08-24,119,52,0.584,0.713
PU-AC0091-2025-09-01,AC0091,2025-09-01,24,6,0.714,0.578
PU-AC0091-2025-09-08,AC0091,2025-09-08,22,5,0.714,0.465
PU-AC0091-2025-09-15,AC0091,2025-09-15,21,5,0.649,0.735
PU-AC0091-2025-09-22,AC0091,2025-09-22,26,6,0.764,0.597
PU-AC0091-2025-09-29,AC0091,2025-09-29,21,5,0.784,0.533
PU-AC0091-2025-10-06,AC0091,2025-10-06,20,5,0.435,0.596
PU-AC0091-2025-10-13,AC0091,2025-10-13,24,7,0.724,0.633
PU-AC0091-2025-10-20,AC0091,2025-10-20,23,6,0.858,0.466
PU-AC0091-2025-10-27,AC0091,2025-10-27,24,7,0.707,0.622
PU-AC0091-2025-11-03,AC0091,2025-11-03,24,6,0.594,0.706
PU-AC0091-2025-11-10,AC0091,2025-11-10,25,7,0.748,0.245
PU-AC0091-2025-11-17,AC0091,2025-11-17,21,7,0.804,0.666
PU-AC0091-2025-11-24,AC0091,2025-11-24,26,7,0.653,0.621
PU-AC0091-2025-12-01,AC0091,2025-12-01,23,5,0.658,0.772
PU-AC0091-2025-12-08,AC0091,2025-12-08,24,7,0.848,0.861
PU-AC0091-2025-12-15,AC0091,2025-12-15,23,5,0.558,0.619
PU-AC0091-2025-12-22,AC0091,2025-12-22,23,5,0.753,0.791
PU-AC0091-2025-12-29,AC0091,2025-12-29,21,6,0.692,0.774
PU-AC0091-2026-01-05,AC0091,2026-01-05,24,6,0.519,0.862
PU-AC0091-2026-01-12,AC0091,2026-01-12,23,5,0.529,0.451
PU-AC0091-2026-01-19,AC0091,2026-01-19,24,5,0.875,0.602
PU-AC0091-2026-01-26,AC0091,2026-01-26,21,5,0.543,0.594
PU-AC0091-2026-02-02,AC0091,2026-02-02,25,7,0.565,0.84
PU-AC0091-2026-02-09,AC0091,2026-02-09,22,5,0.817,0.65
PU-AC0091-2026-02-16,AC0091,2026-02-16,23,6,0.588,0.623
PU-AC0091-2026-02-23,AC0091,2026-02-23,24,6,0.702,0.689
PU-AC0091-2026-03-02,AC0091,2026-03-02,23,6,0.525,0.587
PU-AC0091-2026-03-09,AC0091,2026-03-09,24,6,0.752,0.708
PU-AC0091-2026-03-16,AC0091,2026-03-16,24,6,0.83,0.667
PU-AC0091-2026-03-23,AC0091,2026-03-23,22,5,0.547,0.433
PU-AC0091-2026-03-30,AC0091,2026-03-30,26,6,0.952,0.717
PU-AC0091-2026-04-06,AC0091,2026-04-06,24,6,0.919,0.576
PU-AC0091-2026-04-13,AC0091,2026-04-13,22,7,0.718,0.598
PU-AC0091-2026-04-20,AC0091,2026-04-20,24,7,0.654,0.827
PU-AC0091-2026-04-27,AC0091,2026-04-27,22,6,0.896,0.756
PU-AC0091-2026-05-04,AC0091,2026-05-04,27,6,0.969,0.706
PU-AC0091-2026-05-11,AC0091,2026-05-11,24,6,0.743,0.689
PU-AC0091-2026-05-18,AC0091,2026-05-18,23,5,0.858,0.458
PU-AC0091-2026-05-25,AC0091,2026-05-25,27,6,0.915,0.72
PU-AC0091-2026-06-01,AC0091,2026-06-01,23,6,0.592,0.925
PU-AC0091-2026-06-08,AC0091,2026-06-08,22,6,0.786,0.66
PU-AC0091-2026-06-15,AC0091,2026-06-15,22,7,0.736,0.592
PU-AC0091-2026-06-22,AC0091,2026-06-22,22,5,0.8,0.557
PU-AC0091-2026-06-29,AC0091,2026-06-29,22,5,0.55,0.457
PU-AC0091-2026-07-06,AC0091,2026-07-06,24,6,0.787,0.399
PU-AC0091-2026-07-13,AC0091,2026-07-13,24,6,0.814,0.413
PU-AC0091-2026-07-20,AC0091,2026-07-20,23,6,0.753,0.765
PU-AC0091-2026-07-27,AC0091,2026-07-27,24,5,0.792,0.595
PU-AC0091-2026-08-03,AC0091,2026-08-03,23,6,0.632,0.463
PU-AC0091-2026-08-10,AC0091,2026-08-10,22,6,1.0,0.734
PU-AC0091-2026-08-17,AC0091,2026-08-17,21,5,0.688,0.737
PU-AC0091-2026-08-24,AC0091,2026-08-24,22,6,0.708,0.394
PU-AC0092-2025-09-01,AC0092,2025-09-01,45,16,0.703,0.843
PU-AC0092-2025-09-08,AC0092,2025-09-08,43,15,0.686,0.38
PU-AC0092-2025-09-15,AC0092,2025-09-15,43,15,0.861,0.689
PU-AC0092-2025-09-22,AC0092,2025-09-22,45,15,0.703,0.773
PU-AC0092-2025-09-29,AC0092,2025-09-29,45,15,0.801,0.927
PU-AC0092-2025-10-06,AC0092,2025-10-06,49,17,0.652,0.626
PU-AC0092-2025-10-13,AC0092,2025-10-13,47,19,0.742,0.603
PU-AC0092-2025-10-20,AC0092,2025-10-20,45,14,0.762,0.687
PU-AC0092-2025-10-27,AC0092,2025-10-27,45,18,0.797,0.683
PU-AC0092-2025-11-03,AC0092,2025-11-03,49,18,0.76,0.524
PU-AC0092-2025-11-10,AC0092,2025-11-10,43,18,0.857,0.699
PU-AC0092-2025-11-17,AC0092,2025-11-17,46,17,0.703,0.637
PU-AC0092-2025-11-24,AC0092,2025-11-24,44,17,0.88,0.744
PU-AC0092-2025-12-01,AC0092,2025-12-01,45,17,0.745,0.511
PU-AC0092-2025-12-08,AC0092,2025-12-08,47,15,0.708,0.818
PU-AC0092-2025-12-15,AC0092,2025-12-15,43,15,0.931,0.655
PU-AC0092-2025-12-22,AC0092,2025-12-22,42,17,0.77,0.85
PU-AC0092-2025-12-29,AC0092,2025-12-29,51,18,0.789,0.546
PU-AC0092-2026-01-05,AC0092,2026-01-05,47,16,0.832,0.437
PU-AC0092-2026-01-12,AC0092,2026-01-12,41,18,0.465,0.636
PU-AC0092-2026-01-19,AC0092,2026-01-19,48,14,0.768,0.98
PU-AC0092-2026-01-26,AC0092,2026-01-26,47,15,0.713,0.751
PU-AC0092-2026-02-02,AC0092,2026-02-02,46,17,0.631,0.631
PU-AC0092-2026-02-09,AC0092,2026-02-09,47,15,0.727,0.625
PU-AC0092-2026-02-16,AC0092,2026-02-16,46,17,0.729,0.492
PU-AC0092-2026-02-23,AC0092,2026-02-23,45,15,0.732,0.379
PU-AC0092-2026-03-02,AC0092,2026-03-02,44,15,0.635,0.617
PU-AC0092-2026-03-09,AC0092,2026-03-09,43,15,0.748,0.777
PU-AC0092-2026-03-16,AC0092,2026-03-16,51,16,0.501,0.685
PU-AC0092-2026-03-23,AC0092,2026-03-23,44,19,0.737,0.687
PU-AC0092-2026-03-30,AC0092,2026-03-30,44,17,0.417,0.583
PU-AC0092-2026-04-06,AC0092,2026-04-06,48,18,0.762,0.38
PU-AC0092-2026-04-13,AC0092,2026-04-13,42,15,0.863,0.669
PU-AC0092-2026-04-20,AC0092,2026-04-20,44,16,0.603,0.972
PU-AC0092-2026-04-27,AC0092,2026-04-27,53,18,0.643,0.827
PU-AC0092-2026-05-04,AC0092,2026-05-04,43,19,0.652,0.605
PU-AC0092-2026-05-11,AC0092,2026-05-11,43,18,0.635,0.71
PU-AC0092-2026-05-18,AC0092,2026-05-18,50,16,0.912,0.707
PU-AC0092-2026-05-25,AC0092,2026-05-25,46,18,0.608,0.806
PU-AC0092-2026-06-01,AC0092,2026-06-01,43,18,0.78,0.778
PU-AC0092-2026-06-08,AC0092,2026-06-08,48,18,0.803,0.483
PU-AC0092-2026-06-15,AC0092,2026-06-15,45,15,0.652,0.485
PU-AC0092-2026-06-22,AC0092,2026-06-22,47,19,0.718,0.622
PU-AC0092-2026-06-29,AC0092,2026-06-29,43,17,0.745,0.607
PU-AC0092-2026-07-06,AC0092,2026-07-06,44,14,0.595,0.96
PU-AC0092-2026-07-13,AC0092,2026-07-13,47,18,0.838,0.414
PU-AC0092-2026-07-20,AC0092,2026-07-20,48,15,0.815,0.565
PU-AC0092-2026-07-27,AC0092,2026-07-27,49,15,0.788,0.553
PU-AC0092-2026-08-03,AC0092,2026-08-03,45,17,1.0,0.587
PU-AC0092-2026-08-10,AC0092,2026-08-10,43,16,0.816,0.587
PU-AC0092-2026-08-17,AC0092,2026-08-17,50,15,0.788,0.528
PU-AC0092-2026-08-24,AC0092,2026-08-24,43,17,0.59,0.417
PU-AC0093-2025-09-01,AC0093,2025-09-01,29,8,0.623,0.865
PU-AC0093-2025-09-08,AC0093,2025-09-08,30,9,0.701,0.552
PU-AC0093-2025-09-15,AC0093,2025-09-15,27,9,0.662,0.569
PU-AC0093-2025-09-22,AC0093,2025-09-22,28,10,0.814,0.49
PU-AC0093-2025-09-29,AC0093,2025-09-29,29,9,0.783,0.82
PU-AC0093-2025-10-06,AC0093,2025-10-06,28,8,0.855,0.686
PU-AC0093-2025-10-13,AC0093,2025-10-13,26,10,0.461,0.618
PU-AC0093-2025-10-20,AC0093,2025-10-20,27,9,0.568,0.583
PU-AC0093-2025-10-27,AC0093,2025-10-27,26,8,0.98,0.469
PU-AC0093-2025-11-03,AC0093,2025-11-03,26,10,0.605,0.447
PU-AC0093-2025-11-10,AC0093,2025-11-10,27,10,0.933,0.585
PU-AC0093-2025-11-17,AC0093,2025-11-17,28,11,0.685,0.712
PU-AC0093-2025-11-24,AC0093,2025-11-24,28,11,0.772,0.782
PU-AC0093-2025-12-01,AC0093,2025-12-01,30,8,0.55,0.624
PU-AC0093-2025-12-08,AC0093,2025-12-08,28,8,0.668,0.64
PU-AC0093-2025-12-15,AC0093,2025-12-15,27,8,1.0,0.533
PU-AC0093-2025-12-22,AC0093,2025-12-22,27,9,0.871,0.78
PU-AC0093-2025-12-29,AC0093,2025-12-29,29,10,0.659,0.721
PU-AC0093-2026-01-05,AC0093,2026-01-05,27,10,0.645,0.658
PU-AC0093-2026-01-12,AC0093,2026-01-12,26,10,0.518,0.623
PU-AC0093-2026-01-19,AC0093,2026-01-19,27,9,0.695,0.675
PU-AC0093-2026-01-26,AC0093,2026-01-26,29,10,0.574,0.627
PU-AC0093-2026-02-02,AC0093,2026-02-02,24,9,0.6,0.891
PU-AC0093-2026-02-09,AC0093,2026-02-09,26,10,0.794,0.793
PU-AC0093-2026-02-16,AC0093,2026-02-16,29,10,0.71,0.44
PU-AC0093-2026-02-23,AC0093,2026-02-23,24,10,0.812,0.277
PU-AC0093-2026-03-02,AC0093,2026-03-02,29,9,0.66,0.772
PU-AC0093-2026-03-09,AC0093,2026-03-09,28,11,0.483,0.548
PU-AC0093-2026-03-16,AC0093,2026-03-16,28,11,0.715,0.496
PU-AC0093-2026-03-23,AC0093,2026-03-23,27,8,0.655,0.631
PU-AC0093-2026-03-30,AC0093,2026-03-30,30,11,0.905,0.577
PU-AC0093-2026-04-06,AC0093,2026-04-06,26,10,0.635,0.635
PU-AC0093-2026-04-13,AC0093,2026-04-13,28,10,0.716,0.734
PU-AC0093-2026-04-20,AC0093,2026-04-20,30,9,0.727,0.693
PU-AC0093-2026-04-27,AC0093,2026-04-27,28,9,0.477,0.73
PU-AC0093-2026-05-04,AC0093,2026-05-04,30,10,0.591,0.548
PU-AC0093-2026-05-11,AC0093,2026-05-11,26,9,0.644,0.793
PU-AC0093-2026-05-18,AC0093,2026-05-18,26,10,0.639,0.397
PU-AC0093-2026-05-25,AC0093,2026-05-25,29,9,0.591,0.789
PU-AC0093-2026-06-01,AC0093,2026-06-01,26,8,0.636,0.575
PU-AC0093-2026-06-08,AC0093,2026-06-08,26,10,0.642,0.582
PU-AC0093-2026-06-15,AC0093,2026-06-15,27,10,0.682,0.815
PU-AC0093-2026-06-22,AC0093,2026-06-22,29,9,0.786,0.527
PU-AC0093-2026-06-29,AC0093,2026-06-29,26,9,0.677,0.776
PU-AC0093-2026-07-06,AC0093,2026-07-06,29,8,0.646,0.769
PU-AC0093-2026-07-13,AC0093,2026-07-13,28,9,0.712,0.412
PU-AC0093-2026-07-20,AC0093,2026-07-20,28,8,0.938,0.667
PU-AC0093-2026-07-27,AC0093,2026-07-27,27,9,0.794,0.793
PU-AC0093-2026-08-03,AC0093,2026-08-03,29,8,0.741,0.689
PU-AC0093-2026-08-10,AC0093,2026-08-10,26,8,0.748,0.766
PU-AC0093-2026-08-17,AC0093,2026-08-17,24,9,0.548,0.725
PU-AC0093-2026-08-24,AC0093,2026-08-24,30,8,0.801,0.615
PU-AC0094-2025-09-01,AC0094,2025-09-01,59,21,0.821,0.481
PU-AC0094-2025-09-08,AC0094,2025-09-08,53,22,0.794,0.396
PU-AC0094-2025-09-15,AC0094,2025-09-15,56,20,0.658,0.672
PU-AC0094-2025-09-22,AC0094,2025-09-22,58,19,0.538,0.721
PU-AC0094-2025-09-29,AC0094,2025-09-29,56,23,0.567,0.794
PU-AC0094-2025-10-06,AC0094,2025-10-06,57,19,0.753,0.98
PU-AC0094-2025-10-13,AC0094,2025-10-13,57,20,0.7,0.619
PU-AC0094-2025-10-20,AC0094,2025-10-20,59,21,0.705,0.548
PU-AC0094-2025-10-27,AC0094,2025-10-27,57,23,0.751,0.792
PU-AC0094-2025-11-03,AC0094,2025-11-03,58,17,0.834,0.617
PU-AC0094-2025-11-10,AC0094,2025-11-10,59,23,0.476,0.837
PU-AC0094-2025-11-17,AC0094,2025-11-17,61,19,0.666,0.565
PU-AC0094-2025-11-24,AC0094,2025-11-24,63,20,0.716,0.815
PU-AC0094-2025-12-01,AC0094,2025-12-01,59,19,0.735,0.616
PU-AC0094-2025-12-08,AC0094,2025-12-08,60,20,0.62,0.693
PU-AC0094-2025-12-15,AC0094,2025-12-15,60,23,0.622,0.542
PU-AC0094-2025-12-22,AC0094,2025-12-22,58,20,0.669,0.698
PU-AC0094-2025-12-29,AC0094,2025-12-29,57,19,0.759,0.677
PU-AC0094-2026-01-05,AC0094,2026-01-05,57,22,0.644,0.571
PU-AC0094-2026-01-12,AC0094,2026-01-12,62,18,0.881,0.768
PU-AC0094-2026-01-19,AC0094,2026-01-19,54,23,0.721,0.756
PU-AC0094-2026-01-26,AC0094,2026-01-26,60,23,0.735,0.703
PU-AC0094-2026-02-02,AC0094,2026-02-02,62,21,0.848,0.601
PU-AC0094-2026-02-09,AC0094,2026-02-09,56,18,0.709,0.746
PU-AC0094-2026-02-16,AC0094,2026-02-16,60,19,0.566,0.56
PU-AC0094-2026-02-23,AC0094,2026-02-23,62,19,0.74,0.778
PU-AC0094-2026-03-02,AC0094,2026-03-02,58,20,0.832,0.546
PU-AC0094-2026-03-09,AC0094,2026-03-09,58,18,0.793,0.57
PU-AC0094-2026-03-16,AC0094,2026-03-16,55,19,0.794,0.804
PU-AC0094-2026-03-23,AC0094,2026-03-23,68,22,0.739,0.629
PU-AC0094-2026-03-30,AC0094,2026-03-30,53,20,0.639,0.494
PU-AC0094-2026-04-06,AC0094,2026-04-06,56,23,0.535,0.557
PU-AC0094-2026-04-13,AC0094,2026-04-13,58,22,0.549,0.677
PU-AC0094-2026-04-20,AC0094,2026-04-20,61,20,0.691,0.744
PU-AC0094-2026-04-27,AC0094,2026-04-27,59,20,0.893,0.595
PU-AC0094-2026-05-04,AC0094,2026-05-04,60,20,0.734,0.725
PU-AC0094-2026-05-11,AC0094,2026-05-11,58,23,0.888,0.62
PU-AC0094-2026-05-18,AC0094,2026-05-18,58,23,0.7,0.489
PU-AC0094-2026-05-25,AC0094,2026-05-25,56,18,0.716,0.539
PU-AC0094-2026-06-01,AC0094,2026-06-01,62,20,0.48,0.772
PU-AC0094-2026-06-08,AC0094,2026-06-08,60,18,0.753,0.455
PU-AC0094-2026-06-15,AC0094,2026-06-15,62,21,0.47,0.614
PU-AC0094-2026-06-22,AC0094,2026-06-22,59,18,0.614,0.744
PU-AC0094-2026-06-29,AC0094,2026-06-29,52,19,0.671,0.73
PU-AC0094-2026-07-06,AC0094,2026-07-06,63,23,0.528,0.564
PU-AC0094-2026-07-13,AC0094,2026-07-13,61,23,0.727,0.735
PU-AC0094-2026-07-20,AC0094,2026-07-20,60,21,0.907,0.742
PU-AC0094-2026-07-27,AC0094,2026-07-27,52,23,0.592,0.764
PU-AC0094-2026-08-03,AC0094,2026-08-03,60,20,0.897,0.448
PU-AC0094-2026-08-10,AC0094,2026-08-10,57,19,0.746,0.446
PU-AC0094-2026-08-17,AC0094,2026-08-17,60,22,0.776,0.391
PU-AC0094-2026-08-24,AC0094,2026-08-24,56,22,0.799,0.768
PU-AC0095-2025-09-01,AC0095,2025-09-01,36,22,0.653,0.693
PU-AC0095-2025-09-08,AC0095,2025-09-08,39,19,0.871,0.668
PU-AC0095-2025-09-15,AC0095,2025-09-15,42,22,0.678,0.61
PU-AC0095-2025-09-22,AC0095,2025-09-22,40,18,0.89,0.595
PU-AC0095-2025-09-29,AC0095,2025-09-29,35,17,0.678,0.787
PU-AC0095-2025-10-06,AC0095,2025-10-06,37,18,0.794,0.687
PU-AC0095-2025-10-13,AC0095,2025-10-13,38,19,0.727,0.904
PU-AC0095-2025-10-20,AC0095,2025-10-20,36,20,0.596,0.399
PU-AC0095-2025-10-27,AC0095,2025-10-27,42,18,0.774,0.699
PU-AC0095-2025-11-03,AC0095,2025-11-03,42,23,0.877,0.759
PU-AC0095-2025-11-10,AC0095,2025-11-10,40,18,0.638,0.58
PU-AC0095-2025-11-17,AC0095,2025-11-17,39,18,0.867,0.547
PU-AC0095-2025-11-24,AC0095,2025-11-24,39,18,0.59,0.54
PU-AC0095-2025-12-01,AC0095,2025-12-01,39,23,0.866,0.616
PU-AC0095-2025-12-08,AC0095,2025-12-08,38,20,0.812,0.735
PU-AC0095-2025-12-15,AC0095,2025-12-15,40,23,0.691,0.544
PU-AC0095-2025-12-22,AC0095,2025-12-22,41,17,0.835,0.804
PU-AC0095-2025-12-29,AC0095,2025-12-29,39,22,0.906,0.564
PU-AC0095-2026-01-05,AC0095,2026-01-05,41,21,0.733,0.774
PU-AC0095-2026-01-12,AC0095,2026-01-12,38,18,0.756,0.719
PU-AC0095-2026-01-19,AC0095,2026-01-19,41,22,0.792,0.551
PU-AC0095-2026-01-26,AC0095,2026-01-26,37,21,0.92,0.591
PU-AC0095-2026-02-02,AC0095,2026-02-02,41,20,0.68,0.716
PU-AC0095-2026-02-09,AC0095,2026-02-09,44,21,0.656,0.802
PU-AC0095-2026-02-16,AC0095,2026-02-16,39,21,0.962,0.472
PU-AC0095-2026-02-23,AC0095,2026-02-23,40,21,0.745,0.555
PU-AC0095-2026-03-02,AC0095,2026-03-02,38,18,0.854,0.501
PU-AC0095-2026-03-09,AC0095,2026-03-09,42,19,0.713,0.859
PU-AC0095-2026-03-16,AC0095,2026-03-16,37,22,0.755,0.695
PU-AC0095-2026-03-23,AC0095,2026-03-23,39,23,0.735,0.693
PU-AC0095-2026-03-30,AC0095,2026-03-30,42,19,0.627,0.61
PU-AC0095-2026-04-06,AC0095,2026-04-06,39,21,0.633,0.766
PU-AC0095-2026-04-13,AC0095,2026-04-13,42,18,0.848,0.776
PU-AC0095-2026-04-20,AC0095,2026-04-20,40,20,0.839,0.796
PU-AC0095-2026-04-27,AC0095,2026-04-27,40,21,0.698,0.506
PU-AC0095-2026-05-04,AC0095,2026-05-04,38,20,0.812,0.825
PU-AC0095-2026-05-11,AC0095,2026-05-11,41,20,0.801,0.682
PU-AC0095-2026-05-18,AC0095,2026-05-18,39,23,0.927,0.537
PU-AC0095-2026-05-25,AC0095,2026-05-25,37,22,0.663,0.475
PU-AC0095-2026-06-01,AC0095,2026-06-01,38,22,0.657,0.964
PU-AC0095-2026-06-08,AC0095,2026-06-08,40,23,0.668,0.679
PU-AC0095-2026-06-15,AC0095,2026-06-15,40,17,0.525,0.422
PU-AC0095-2026-06-22,AC0095,2026-06-22,36,21,0.732,0.715
PU-AC0095-2026-06-29,AC0095,2026-06-29,42,22,0.573,0.695
PU-AC0095-2026-07-06,AC0095,2026-07-06,40,19,0.706,0.619
PU-AC0095-2026-07-13,AC0095,2026-07-13,38,20,1.0,0.477
PU-AC0095-2026-07-20,AC0095,2026-07-20,35,23,0.634,0.665
PU-AC0095-2026-07-27,AC0095,2026-07-27,43,18,0.655,0.665
PU-AC0095-2026-08-03,AC0095,2026-08-03,38,20,0.637,0.374
PU-AC0095-2026-08-10,AC0095,2026-08-10,38,17,0.551,0.596
PU-AC0095-2026-08-17,AC0095,2026-08-17,38,19,0.498,0.727
PU-AC0095-2026-08-24,AC0095,2026-08-24,38,21,0.726,0.791
PU-AC0096-2025-09-01,AC0096,2025-09-01,31,7,1.0,0.783
PU-AC0096-2025-09-08,AC0096,2025-09-08,30,7,0.796,0.684
PU-AC0096-2025-09-15,AC0096,2025-09-15,29,6,0.594,0.808
PU-AC0096-2025-09-22,AC0096,2025-09-22,31,6,0.483,0.774
PU-AC0096-2025-09-29,AC0096,2025-09-29,31,6,0.727,0.709
PU-AC0096-2025-10-06,AC0096,2025-10-06,31,6,0.67,0.537
PU-AC0096-2025-10-13,AC0096,2025-10-13,32,6,0.754,0.52
PU-AC0096-2025-10-20,AC0096,2025-10-20,32,7,0.75,0.897
PU-AC0096-2025-10-27,AC0096,2025-10-27,32,6,0.761,0.564
PU-AC0096-2025-11-03,AC0096,2025-11-03,32,7,0.677,0.847
PU-AC0096-2025-11-10,AC0096,2025-11-10,31,7,0.889,0.673
PU-AC0096-2025-11-17,AC0096,2025-11-17,31,6,0.726,0.657
PU-AC0096-2025-11-24,AC0096,2025-11-24,31,6,0.763,0.687
PU-AC0096-2025-12-01,AC0096,2025-12-01,31,6,0.916,0.346
PU-AC0096-2025-12-08,AC0096,2025-12-08,34,6,0.846,0.66
PU-AC0096-2025-12-15,AC0096,2025-12-15,32,7,0.598,0.894
PU-AC0096-2025-12-22,AC0096,2025-12-22,33,6,0.75,0.634
PU-AC0096-2025-12-29,AC0096,2025-12-29,32,7,0.757,0.697
PU-AC0096-2026-01-05,AC0096,2026-01-05,35,7,0.611,0.858
PU-AC0096-2026-01-12,AC0096,2026-01-12,31,7,1.0,0.781
PU-AC0096-2026-01-19,AC0096,2026-01-19,29,7,0.631,0.543
PU-AC0096-2026-01-26,AC0096,2026-01-26,31,8,0.73,0.684
PU-AC0096-2026-02-02,AC0096,2026-02-02,31,7,0.425,0.6
PU-AC0096-2026-02-09,AC0096,2026-02-09,28,7,0.672,0.628
PU-AC0096-2026-02-16,AC0096,2026-02-16,34,8,0.726,0.646
PU-AC0096-2026-02-23,AC0096,2026-02-23,30,6,0.803,0.472
PU-AC0096-2026-03-02,AC0096,2026-03-02,30,7,0.625,0.665
PU-AC0096-2026-03-09,AC0096,2026-03-09,31,6,0.496,0.595
PU-AC0096-2026-03-16,AC0096,2026-03-16,31,7,0.712,0.801
PU-AC0096-2026-03-23,AC0096,2026-03-23,29,7,0.701,0.603
PU-AC0096-2026-03-30,AC0096,2026-03-30,31,6,0.686,0.696
PU-AC0096-2026-04-06,AC0096,2026-04-06,27,7,0.674,0.805
PU-AC0096-2026-04-13,AC0096,2026-04-13,32,6,0.725,0.748
PU-AC0096-2026-04-20,AC0096,2026-04-20,29,7,0.555,0.587
PU-AC0096-2026-04-27,AC0096,2026-04-27,32,7,0.853,0.587
PU-AC0096-2026-05-04,AC0096,2026-05-04,32,7,0.748,0.613
PU-AC0096-2026-05-11,AC0096,2026-05-11,31,7,0.897,0.77
PU-AC0096-2026-05-18,AC0096,2026-05-18,30,6,0.79,0.578
PU-AC0096-2026-05-25,AC0096,2026-05-25,32,6,0.653,0.414
PU-AC0096-2026-06-01,AC0096,2026-06-01,30,7,0.84,0.69
PU-AC0096-2026-06-08,AC0096,2026-06-08,31,7,0.666,0.584
PU-AC0096-2026-06-15,AC0096,2026-06-15,36,6,0.881,0.491
PU-AC0096-2026-06-22,AC0096,2026-06-22,31,6,0.638,0.96
PU-AC0096-2026-06-29,AC0096,2026-06-29,28,7,0.547,0.694
PU-AC0096-2026-07-06,AC0096,2026-07-06,31,7,0.637,0.579
PU-AC0096-2026-07-13,AC0096,2026-07-13,34,7,0.525,0.338
PU-AC0096-2026-07-20,AC0096,2026-07-20,29,7,0.882,0.474
PU-AC0096-2026-07-27,AC0096,2026-07-27,28,6,0.658,0.669
PU-AC0096-2026-08-03,AC0096,2026-08-03,28,6,0.625,0.667
PU-AC0096-2026-08-10,AC0096,2026-08-10,25,6,0.561,0.798
PU-AC0096-2026-08-17,AC0096,2026-08-17,33,7,0.65,0.622
PU-AC0096-2026-08-24,AC0096,2026-08-24,31,7,0.781,0.681
PU-AC0097-2025-09-01,AC0097,2025-09-01,32,5,0.646,0.597
PU-AC0097-2025-09-08,AC0097,2025-09-08,32,5,0.641,0.609
PU-AC0097-2025-09-15,AC0097,2025-09-15,32,6,0.814,0.356
PU-AC0097-2025-09-22,AC0097,2025-09-22,32,5,0.734,0.407
PU-AC0097-2025-09-29,AC0097,2025-09-29,29,5,0.804,0.567
PU-AC0097-2025-10-06,AC0097,2025-10-06,29,5,0.674,0.704
PU-AC0097-2025-10-13,AC0097,2025-10-13,31,6,0.873,0.659
PU-AC0097-2025-10-20,AC0097,2025-10-20,30,5,0.55,0.714
PU-AC0097-2025-10-27,AC0097,2025-10-27,28,6,0.596,0.608
PU-AC0097-2025-11-03,AC0097,2025-11-03,31,5,0.394,0.498
PU-AC0097-2025-11-10,AC0097,2025-11-10,35,6,0.737,0.757
PU-AC0097-2025-11-17,AC0097,2025-11-17,31,5,0.79,0.654
PU-AC0097-2025-11-24,AC0097,2025-11-24,28,5,0.972,0.578
PU-AC0097-2025-12-01,AC0097,2025-12-01,34,6,0.589,0.513
PU-AC0097-2025-12-08,AC0097,2025-12-08,31,5,0.723,0.539
PU-AC0097-2025-12-15,AC0097,2025-12-15,32,6,0.707,0.797
PU-AC0097-2025-12-22,AC0097,2025-12-22,32,6,0.789,0.42
PU-AC0097-2025-12-29,AC0097,2025-12-29,31,6,0.857,0.714
PU-AC0097-2026-01-05,AC0097,2026-01-05,29,6,0.744,0.571
PU-AC0097-2026-01-12,AC0097,2026-01-12,29,5,0.668,0.787
PU-AC0097-2026-01-19,AC0097,2026-01-19,34,6,0.659,0.847
PU-AC0097-2026-01-26,AC0097,2026-01-26,31,6,0.737,0.734
PU-AC0097-2026-02-02,AC0097,2026-02-02,31,5,0.904,0.664
PU-AC0097-2026-02-09,AC0097,2026-02-09,33,5,0.604,0.332
PU-AC0097-2026-02-16,AC0097,2026-02-16,31,6,0.679,0.694
PU-AC0097-2026-02-23,AC0097,2026-02-23,34,5,0.696,0.421
PU-AC0097-2026-03-02,AC0097,2026-03-02,34,5,0.807,0.571
PU-AC0097-2026-03-09,AC0097,2026-03-09,33,6,0.687,0.959
PU-AC0097-2026-03-16,AC0097,2026-03-16,30,5,0.741,0.581
PU-AC0097-2026-03-23,AC0097,2026-03-23,31,5,0.568,0.696
PU-AC0097-2026-03-30,AC0097,2026-03-30,32,6,0.564,0.655
PU-AC0097-2026-04-06,AC0097,2026-04-06,32,6,0.908,0.56
PU-AC0097-2026-04-13,AC0097,2026-04-13,31,5,0.699,0.776
PU-AC0097-2026-04-20,AC0097,2026-04-20,29,6,0.595,0.938
PU-AC0097-2026-04-27,AC0097,2026-04-27,30,6,0.865,0.644
PU-AC0097-2026-05-04,AC0097,2026-05-04,33,5,0.635,0.763
PU-AC0097-2026-05-11,AC0097,2026-05-11,33,5,0.642,0.579
PU-AC0097-2026-05-18,AC0097,2026-05-18,33,5,0.523,0.597
PU-AC0097-2026-05-25,AC0097,2026-05-25,35,5,0.748,0.518
PU-AC0097-2026-06-01,AC0097,2026-06-01,33,5,0.579,0.662
PU-AC0097-2026-06-08,AC0097,2026-06-08,30,6,0.834,0.66
PU-AC0097-2026-06-15,AC0097,2026-06-15,31,6,0.519,0.571
PU-AC0097-2026-06-22,AC0097,2026-06-22,31,6,0.776,0.529
PU-AC0097-2026-06-29,AC0097,2026-06-29,32,5,0.701,0.598
PU-AC0097-2026-07-06,AC0097,2026-07-06,33,6,0.671,0.642
PU-AC0097-2026-07-13,AC0097,2026-07-13,31,5,0.642,0.49
PU-AC0097-2026-07-20,AC0097,2026-07-20,31,6,0.704,0.687
PU-AC0097-2026-07-27,AC0097,2026-07-27,29,5,0.649,0.747
PU-AC0097-2026-08-03,AC0097,2026-08-03,31,6,0.93,0.589
PU-AC0097-2026-08-10,AC0097,2026-08-10,30,5,0.856,0.71
PU-AC0097-2026-08-17,AC0097,2026-08-17,32,6,0.76,0.511
PU-AC0097-2026-08-24,AC0097,2026-08-24,31,5,0.967,0.754
PU-AC0098-2025-09-01,AC0098,2025-09-01,67,22,0.691,0.579
PU-AC0098-2025-09-08,AC0098,2025-09-08,66,26,0.95,0.41
PU-AC0098-2025-09-15,AC0098,2025-09-15,71,26,0.56,0.585
PU-AC0098-2025-09-22,AC0098,2025-09-22,74,25,0.772,0.526
PU-AC0098-2025-09-29,AC0098,2025-09-29,71,25,0.667,0.833
PU-AC0098-2025-10-06,AC0098,2025-10-06,67,25,0.659,0.519
PU-AC0098-2025-10-13,AC0098,2025-10-13,76,27,0.732,0.684
PU-AC0098-2025-10-20,AC0098,2025-10-20,79,27,0.715,0.598
PU-AC0098-2025-10-27,AC0098,2025-10-27,66,25,0.8,0.628
PU-AC0098-2025-11-03,AC0098,2025-11-03,67,25,0.684,0.619
PU-AC0098-2025-11-10,AC0098,2025-11-10,69,20,0.676,0.677
PU-AC0098-2025-11-17,AC0098,2025-11-17,73,25,0.736,0.736
PU-AC0098-2025-11-24,AC0098,2025-11-24,70,21,0.696,0.517
PU-AC0098-2025-12-01,AC0098,2025-12-01,64,26,0.793,0.531
PU-AC0098-2025-12-08,AC0098,2025-12-08,71,26,0.72,0.631
PU-AC0098-2025-12-15,AC0098,2025-12-15,71,21,0.592,0.642
PU-AC0098-2025-12-22,AC0098,2025-12-22,63,24,0.713,0.631
PU-AC0098-2025-12-29,AC0098,2025-12-29,71,27,0.636,0.556
PU-AC0098-2026-01-05,AC0098,2026-01-05,76,25,0.739,0.515
PU-AC0098-2026-01-12,AC0098,2026-01-12,75,20,0.667,0.51
PU-AC0098-2026-01-19,AC0098,2026-01-19,73,24,0.617,0.622
PU-AC0098-2026-01-26,AC0098,2026-01-26,69,24,0.572,0.771
PU-AC0098-2026-02-02,AC0098,2026-02-02,70,22,0.808,0.784
PU-AC0098-2026-02-09,AC0098,2026-02-09,67,25,0.615,0.772
PU-AC0098-2026-02-16,AC0098,2026-02-16,66,21,0.524,0.498
PU-AC0098-2026-02-23,AC0098,2026-02-23,76,22,0.678,0.419
PU-AC0098-2026-03-02,AC0098,2026-03-02,73,26,0.778,0.451
PU-AC0098-2026-03-09,AC0098,2026-03-09,74,25,0.801,0.784
PU-AC0098-2026-03-16,AC0098,2026-03-16,74,21,0.827,0.539
PU-AC0098-2026-03-23,AC0098,2026-03-23,70,23,0.84,0.664
PU-AC0098-2026-03-30,AC0098,2026-03-30,74,21,0.546,0.701
PU-AC0098-2026-04-06,AC0098,2026-04-06,70,25,0.525,0.679
PU-AC0098-2026-04-13,AC0098,2026-04-13,66,23,0.675,0.69
PU-AC0098-2026-04-20,AC0098,2026-04-20,69,21,0.791,0.516
PU-AC0098-2026-04-27,AC0098,2026-04-27,69,22,0.783,0.459
PU-AC0098-2026-05-04,AC0098,2026-05-04,75,22,0.675,0.698
PU-AC0098-2026-05-11,AC0098,2026-05-11,71,25,0.728,0.526
PU-AC0098-2026-05-18,AC0098,2026-05-18,66,21,0.743,0.896
PU-AC0098-2026-05-25,AC0098,2026-05-25,68,20,0.637,0.714
PU-AC0098-2026-06-01,AC0098,2026-06-01,70,25,0.817,0.787
PU-AC0098-2026-06-08,AC0098,2026-06-08,68,24,0.783,0.595
PU-AC0098-2026-06-15,AC0098,2026-06-15,68,22,0.774,0.49
PU-AC0098-2026-06-22,AC0098,2026-06-22,67,27,0.661,0.502
PU-AC0098-2026-06-29,AC0098,2026-06-29,74,23,0.818,0.728
PU-AC0098-2026-07-06,AC0098,2026-07-06,73,21,0.765,0.583
PU-AC0098-2026-07-13,AC0098,2026-07-13,67,21,0.729,0.53
PU-AC0098-2026-07-20,AC0098,2026-07-20,72,27,0.734,0.727
PU-AC0098-2026-07-27,AC0098,2026-07-27,70,23,0.577,0.749
PU-AC0098-2026-08-03,AC0098,2026-08-03,73,24,0.979,0.518
PU-AC0098-2026-08-10,AC0098,2026-08-10,73,22,0.633,0.706
PU-AC0098-2026-08-17,AC0098,2026-08-17,76,27,0.575,0.644
PU-AC0098-2026-08-24,AC0098,2026-08-24,67,21,0.584,0.585
PU-AC0099-2025-09-01,AC0099,2025-09-01,108,49,0.602,0.665
PU-AC0099-2025-09-08,AC0099,2025-09-08,92,48,0.81,0.538
PU-AC0099-2025-09-15,AC0099,2025-09-15,107,49,0.789,0.683
PU-AC0099-2025-09-22,AC0099,2025-09-22,101,48,0.808,0.714
PU-AC0099-2025-09-29,AC0099,2025-09-29,100,57,0.884,0.753
PU-AC0099-2025-10-06,AC0099,2025-10-06,114,53,0.706,0.575
PU-AC0099-2025-10-13,AC0099,2025-10-13,92,48,0.532,0.752
PU-AC0099-2025-10-20,AC0099,2025-10-20,97,54,0.616,0.664
PU-AC0099-2025-10-27,AC0099,2025-10-27,107,48,0.731,0.69
PU-AC0099-2025-11-03,AC0099,2025-11-03,104,55,0.78,0.561
PU-AC0099-2025-11-10,AC0099,2025-11-10,92,51,0.581,0.616
PU-AC0099-2025-11-17,AC0099,2025-11-17,102,48,0.652,0.714
PU-AC0099-2025-11-24,AC0099,2025-11-24,113,46,0.745,0.481
PU-AC0099-2025-12-01,AC0099,2025-12-01,109,53,0.845,0.851
PU-AC0099-2025-12-08,AC0099,2025-12-08,97,58,0.83,0.695
PU-AC0099-2025-12-15,AC0099,2025-12-15,107,43,0.916,0.733
PU-AC0099-2025-12-22,AC0099,2025-12-22,102,56,0.813,0.624
PU-AC0099-2025-12-29,AC0099,2025-12-29,104,48,0.725,0.68
PU-AC0099-2026-01-05,AC0099,2026-01-05,107,53,0.25,0.623
PU-AC0099-2026-01-12,AC0099,2026-01-12,106,45,0.811,0.653
PU-AC0099-2026-01-19,AC0099,2026-01-19,103,50,0.827,0.53
PU-AC0099-2026-01-26,AC0099,2026-01-26,105,52,0.977,0.57
PU-AC0099-2026-02-02,AC0099,2026-02-02,92,52,0.795,0.488
PU-AC0099-2026-02-09,AC0099,2026-02-09,100,53,0.8,0.597
PU-AC0099-2026-02-16,AC0099,2026-02-16,106,51,0.566,0.605
PU-AC0099-2026-02-23,AC0099,2026-02-23,95,53,0.634,0.596
PU-AC0099-2026-03-02,AC0099,2026-03-02,95,53,0.786,0.41
PU-AC0099-2026-03-09,AC0099,2026-03-09,91,52,0.614,0.407
PU-AC0099-2026-03-16,AC0099,2026-03-16,94,45,0.762,0.519
PU-AC0099-2026-03-23,AC0099,2026-03-23,100,44,0.624,0.573
PU-AC0099-2026-03-30,AC0099,2026-03-30,99,53,0.888,0.571
PU-AC0099-2026-04-06,AC0099,2026-04-06,105,46,0.797,0.669
PU-AC0099-2026-04-13,AC0099,2026-04-13,98,46,0.377,0.447
PU-AC0099-2026-04-20,AC0099,2026-04-20,98,48,0.859,0.79
PU-AC0099-2026-04-27,AC0099,2026-04-27,108,47,0.68,0.835
PU-AC0099-2026-05-04,AC0099,2026-05-04,99,54,0.779,0.496
PU-AC0099-2026-05-11,AC0099,2026-05-11,101,52,0.706,0.429
PU-AC0099-2026-05-18,AC0099,2026-05-18,95,47,0.507,0.614
PU-AC0099-2026-05-25,AC0099,2026-05-25,101,47,0.838,0.502
PU-AC0099-2026-06-01,AC0099,2026-06-01,95,50,0.88,0.468
PU-AC0099-2026-06-08,AC0099,2026-06-08,114,52,0.625,0.733
PU-AC0099-2026-06-15,AC0099,2026-06-15,99,55,0.732,0.931
PU-AC0099-2026-06-22,AC0099,2026-06-22,95,55,0.883,0.606
PU-AC0099-2026-06-29,AC0099,2026-06-29,100,58,0.527,0.855
PU-AC0099-2026-07-06,AC0099,2026-07-06,105,46,0.907,0.635
PU-AC0099-2026-07-13,AC0099,2026-07-13,102,51,0.679,0.477
PU-AC0099-2026-07-20,AC0099,2026-07-20,112,43,0.816,0.582
PU-AC0099-2026-07-27,AC0099,2026-07-27,104,43,0.771,0.515
PU-AC0099-2026-08-03,AC0099,2026-08-03,105,44,0.705,0.63
PU-AC0099-2026-08-10,AC0099,2026-08-10,106,52,0.833,0.535
PU-AC0099-2026-08-17,AC0099,2026-08-17,107,46,0.646,0.634
PU-AC0099-2026-08-24,AC0099,2026-08-24,97,55,0.679,0.629
PU-AC0100-2025-09-01,AC0100,2025-09-01,94,43,0.9,0.411
PU-AC0100-2025-09-08,AC0100,2025-09-08,103,55,0.314,0.683
PU-AC0100-2025-09-15,AC0100,2025-09-15,91,49,0.567,0.725
PU-AC0100-2025-09-22,AC0100,2025-09-22,96,48,0.624,0.577
PU-AC0100-2025-09-29,AC0100,2025-09-29,109,46,0.483,0.745
PU-AC0100-2025-10-06,AC0100,2025-10-06,104,55,1.0,0.734
PU-AC0100-2025-10-13,AC0100,2025-10-13,94,42,0.553,0.495
PU-AC0100-2025-10-20,AC0100,2025-10-20,104,49,0.803,0.459
PU-AC0100-2025-10-27,AC0100,2025-10-27,92,55,0.384,0.506
PU-AC0100-2025-11-03,AC0100,2025-11-03,103,49,0.892,0.619
PU-AC0100-2025-11-10,AC0100,2025-11-10,94,53,0.816,0.711
PU-AC0100-2025-11-17,AC0100,2025-11-17,94,45,0.815,0.581
PU-AC0100-2025-11-24,AC0100,2025-11-24,98,43,0.717,0.863
PU-AC0100-2025-12-01,AC0100,2025-12-01,96,41,0.594,0.59
PU-AC0100-2025-12-08,AC0100,2025-12-08,98,56,0.614,0.496
PU-AC0100-2025-12-15,AC0100,2025-12-15,106,49,0.72,0.65
PU-AC0100-2025-12-22,AC0100,2025-12-22,102,51,0.891,0.567
PU-AC0100-2025-12-29,AC0100,2025-12-29,98,43,0.716,0.646
PU-AC0100-2026-01-05,AC0100,2026-01-05,102,53,0.707,0.546
PU-AC0100-2026-01-12,AC0100,2026-01-12,97,54,0.807,0.726
PU-AC0100-2026-01-19,AC0100,2026-01-19,92,54,0.833,0.569
PU-AC0100-2026-01-26,AC0100,2026-01-26,98,44,0.804,0.484
PU-AC0100-2026-02-02,AC0100,2026-02-02,83,53,0.503,0.371
PU-AC0100-2026-02-09,AC0100,2026-02-09,94,55,0.878,0.706
PU-AC0100-2026-02-16,AC0100,2026-02-16,104,44,0.837,0.68
PU-AC0100-2026-02-23,AC0100,2026-02-23,95,45,0.573,0.525
PU-AC0100-2026-03-02,AC0100,2026-03-02,97,48,0.733,0.498
PU-AC0100-2026-03-09,AC0100,2026-03-09,90,50,0.848,0.598
PU-AC0100-2026-03-16,AC0100,2026-03-16,107,51,0.642,0.609
PU-AC0100-2026-03-23,AC0100,2026-03-23,89,50,0.821,0.713
PU-AC0100-2026-03-30,AC0100,2026-03-30,97,50,0.969,0.827
PU-AC0100-2026-04-06,AC0100,2026-04-06,93,51,0.848,0.671
PU-AC0100-2026-04-13,AC0100,2026-04-13,96,48,0.647,0.714
PU-AC0100-2026-04-20,AC0100,2026-04-20,96,54,0.671,0.741
PU-AC0100-2026-04-27,AC0100,2026-04-27,98,50,0.865,0.743
PU-AC0100-2026-05-04,AC0100,2026-05-04,92,46,0.868,0.457
PU-AC0100-2026-05-11,AC0100,2026-05-11,93,47,0.633,0.549
PU-AC0100-2026-05-18,AC0100,2026-05-18,102,53,0.849,0.793
PU-AC0100-2026-05-25,AC0100,2026-05-25,107,41,0.699,0.781
PU-AC0100-2026-06-01,AC0100,2026-06-01,91,56,0.72,0.622
PU-AC0100-2026-06-08,AC0100,2026-06-08,98,41,0.669,0.553
PU-AC0100-2026-06-15,AC0100,2026-06-15,103,52,0.703,0.665
PU-AC0100-2026-06-22,AC0100,2026-06-22,100,49,0.577,0.575
PU-AC0100-2026-06-29,AC0100,2026-06-29,90,49,0.733,0.792
PU-AC0100-2026-07-06,AC0100,2026-07-06,93,54,0.63,0.618
PU-AC0100-2026-07-13,AC0100,2026-07-13,93,53,0.682,0.676
PU-AC0100-2026-07-20,AC0100,2026-07-20,80,46,0.502,0.671
PU-AC0100-2026-07-27,AC0100,2026-07-27,101,56,0.701,0.555
PU-AC0100-2026-08-03,AC0100,2026-08-03,96,45,0.863,0.924
PU-AC0100-2026-08-10,AC0100,2026-08-10,107,41,0.759,0.708
PU-AC0100-2026-08-17,AC0100,2026-08-17,93,52,0.717,0.812
PU-AC0100-2026-08-24,AC0100,2026-08-24,86,46,0.627,0.492
PU-AC0101-2025-09-01,AC0101,2025-09-01,108,37,0.503,0.657
PU-AC0101-2025-09-08,AC0101,2025-09-08,119,38,0.526,0.734
PU-AC0101-2025-09-15,AC0101,2025-09-15,102,37,0.662,0.576
PU-AC0101-2025-09-22,AC0101,2025-09-22,118,47,0.559,0.628
PU-AC0101-2025-09-29,AC0101,2025-09-29,109,46,0.865,0.422
PU-AC0101-2025-10-06,AC0101,2025-10-06,115,42,0.72,0.537
PU-AC0101-2025-10-13,AC0101,2025-10-13,112,47,0.726,0.492
PU-AC0101-2025-10-20,AC0101,2025-10-20,103,39,0.681,0.79
PU-AC0101-2025-10-27,AC0101,2025-10-27,113,40,0.718,0.703
PU-AC0101-2025-11-03,AC0101,2025-11-03,119,48,0.869,0.591
PU-AC0101-2025-11-10,AC0101,2025-11-10,110,48,0.737,0.496
PU-AC0101-2025-11-17,AC0101,2025-11-17,112,42,0.883,0.889
PU-AC0101-2025-11-24,AC0101,2025-11-24,102,45,0.778,0.612
PU-AC0101-2025-12-01,AC0101,2025-12-01,118,45,0.652,0.654
PU-AC0101-2025-12-08,AC0101,2025-12-08,119,41,0.865,0.741
PU-AC0101-2025-12-15,AC0101,2025-12-15,111,37,0.814,0.655
PU-AC0101-2025-12-22,AC0101,2025-12-22,114,41,0.816,0.668
PU-AC0101-2025-12-29,AC0101,2025-12-29,119,37,0.783,0.452
PU-AC0101-2026-01-05,AC0101,2026-01-05,117,44,0.772,0.873
PU-AC0101-2026-01-12,AC0101,2026-01-12,110,39,0.753,0.586
PU-AC0101-2026-01-19,AC0101,2026-01-19,113,43,0.784,0.421
PU-AC0101-2026-01-26,AC0101,2026-01-26,131,42,0.716,0.727
PU-AC0101-2026-02-02,AC0101,2026-02-02,113,41,0.702,0.722
PU-AC0101-2026-02-09,AC0101,2026-02-09,124,46,0.9,0.517
PU-AC0101-2026-02-16,AC0101,2026-02-16,110,49,0.545,0.705
PU-AC0101-2026-02-23,AC0101,2026-02-23,110,47,0.961,0.651
PU-AC0101-2026-03-02,AC0101,2026-03-02,102,40,0.833,0.49
PU-AC0101-2026-03-09,AC0101,2026-03-09,108,46,0.648,0.822
PU-AC0101-2026-03-16,AC0101,2026-03-16,116,44,0.792,0.581
PU-AC0101-2026-03-23,AC0101,2026-03-23,110,40,0.769,0.641
PU-AC0101-2026-03-30,AC0101,2026-03-30,102,48,0.834,0.574
PU-AC0101-2026-04-06,AC0101,2026-04-06,106,47,0.793,0.759
PU-AC0101-2026-04-13,AC0101,2026-04-13,100,49,0.658,0.648
PU-AC0101-2026-04-20,AC0101,2026-04-20,108,41,0.774,0.555
PU-AC0101-2026-04-27,AC0101,2026-04-27,111,44,0.676,0.445
PU-AC0101-2026-05-04,AC0101,2026-05-04,108,48,0.703,0.732
PU-AC0101-2026-05-11,AC0101,2026-05-11,102,47,0.615,0.53
PU-AC0101-2026-05-18,AC0101,2026-05-18,113,47,0.431,0.769
PU-AC0101-2026-05-25,AC0101,2026-05-25,108,49,0.686,0.562
PU-AC0101-2026-06-01,AC0101,2026-06-01,115,43,0.571,0.667
PU-AC0101-2026-06-08,AC0101,2026-06-08,125,40,0.606,0.537
PU-AC0101-2026-06-15,AC0101,2026-06-15,110,42,0.605,0.667
PU-AC0101-2026-06-22,AC0101,2026-06-22,103,45,0.915,0.727
PU-AC0101-2026-06-29,AC0101,2026-06-29,100,44,0.849,0.744
PU-AC0101-2026-07-06,AC0101,2026-07-06,114,48,0.861,0.589
PU-AC0101-2026-07-13,AC0101,2026-07-13,112,46,0.853,0.706
PU-AC0101-2026-07-20,AC0101,2026-07-20,111,38,0.779,0.701
PU-AC0101-2026-07-27,AC0101,2026-07-27,102,48,0.813,0.66
PU-AC0101-2026-08-03,AC0101,2026-08-03,116,37,0.888,0.583
PU-AC0101-2026-08-10,AC0101,2026-08-10,111,41,0.772,0.305
PU-AC0101-2026-08-17,AC0101,2026-08-17,117,44,0.617,0.783
PU-AC0101-2026-08-24,AC0101,2026-08-24,119,46,0.665,0.606
PU-AC0102-2025-09-01,AC0102,2025-09-01,53,19,0.718,0.454
PU-AC0102-2025-09-08,AC0102,2025-09-08,60,18,0.748,0.683
PU-AC0102-2025-09-15,AC0102,2025-09-15,59,16,0.683,0.54
PU-AC0102-2025-09-22,AC0102,2025-09-22,57,21,0.739,0.744
PU-AC0102-2025-09-29,AC0102,2025-09-29,58,19,0.715,0.494
PU-AC0102-2025-10-06,AC0102,2025-10-06,62,17,0.705,0.544
PU-AC0102-2025-10-13,AC0102,2025-10-13,57,21,0.823,0.653
PU-AC0102-2025-10-20,AC0102,2025-10-20,58,21,0.821,0.774
PU-AC0102-2025-10-27,AC0102,2025-10-27,61,18,0.836,0.419
PU-AC0102-2025-11-03,AC0102,2025-11-03,55,16,0.831,0.627
PU-AC0102-2025-11-10,AC0102,2025-11-10,56,20,0.74,0.547
PU-AC0102-2025-11-17,AC0102,2025-11-17,59,18,0.627,0.656
PU-AC0102-2025-11-24,AC0102,2025-11-24,54,17,0.834,0.551
PU-AC0102-2025-12-01,AC0102,2025-12-01,57,20,0.777,0.575
PU-AC0102-2025-12-08,AC0102,2025-12-08,59,20,0.841,0.677
PU-AC0102-2025-12-15,AC0102,2025-12-15,53,19,0.625,0.684
PU-AC0102-2025-12-22,AC0102,2025-12-22,53,19,0.581,0.692
PU-AC0102-2025-12-29,AC0102,2025-12-29,63,20,0.655,0.646
PU-AC0102-2026-01-05,AC0102,2026-01-05,58,17,0.986,0.631
PU-AC0102-2026-01-12,AC0102,2026-01-12,50,16,0.695,0.703
PU-AC0102-2026-01-19,AC0102,2026-01-19,57,16,0.552,0.626
PU-AC0102-2026-01-26,AC0102,2026-01-26,57,16,0.715,0.74
PU-AC0102-2026-02-02,AC0102,2026-02-02,63,18,0.835,0.83
PU-AC0102-2026-02-09,AC0102,2026-02-09,54,18,0.779,0.98
PU-AC0102-2026-02-16,AC0102,2026-02-16,62,20,0.731,0.698
PU-AC0102-2026-02-23,AC0102,2026-02-23,55,19,0.685,0.925
PU-AC0102-2026-03-02,AC0102,2026-03-02,57,17,0.862,0.605
PU-AC0102-2026-03-09,AC0102,2026-03-09,62,18,0.861,0.738
PU-AC0102-2026-03-16,AC0102,2026-03-16,60,18,0.906,0.448
PU-AC0102-2026-03-23,AC0102,2026-03-23,56,17,0.532,0.523
PU-AC0102-2026-03-30,AC0102,2026-03-30,57,16,0.934,0.737
PU-AC0102-2026-04-06,AC0102,2026-04-06,54,17,0.747,0.697
PU-AC0102-2026-04-13,AC0102,2026-04-13,58,19,0.498,0.561
PU-AC0102-2026-04-20,AC0102,2026-04-20,55,18,0.694,0.717
PU-AC0102-2026-04-27,AC0102,2026-04-27,53,19,0.672,0.588
PU-AC0102-2026-05-04,AC0102,2026-05-04,63,20,0.85,0.506
PU-AC0102-2026-05-11,AC0102,2026-05-11,60,20,0.634,0.561
PU-AC0102-2026-05-18,AC0102,2026-05-18,60,20,0.758,0.643
PU-AC0102-2026-05-25,AC0102,2026-05-25,62,18,0.643,0.523
PU-AC0102-2026-06-01,AC0102,2026-06-01,57,17,0.684,0.602
PU-AC0102-2026-06-08,AC0102,2026-06-08,62,19,0.702,0.642
PU-AC0102-2026-06-15,AC0102,2026-06-15,62,16,0.905,0.772
PU-AC0102-2026-06-22,AC0102,2026-06-22,62,20,0.781,0.806
PU-AC0102-2026-06-29,AC0102,2026-06-29,57,20,0.733,0.506
PU-AC0102-2026-07-06,AC0102,2026-07-06,59,21,0.923,0.678
PU-AC0102-2026-07-13,AC0102,2026-07-13,56,20,0.617,0.838
PU-AC0102-2026-07-20,AC0102,2026-07-20,62,18,0.506,0.52
PU-AC0102-2026-07-27,AC0102,2026-07-27,59,19,0.624,0.707
PU-AC0102-2026-08-03,AC0102,2026-08-03,55,19,0.771,0.393
PU-AC0102-2026-08-10,AC0102,2026-08-10,58,16,0.634,0.826
PU-AC0102-2026-08-17,AC0102,2026-08-17,58,17,0.701,0.698
PU-AC0102-2026-08-24,AC0102,2026-08-24,63,17,0.739,0.544
PU-AC0103-2025-09-01,AC0103,2025-09-01,40,14,0.942,0.944
PU-AC0103-2025-09-08,AC0103,2025-09-08,41,15,0.783,0.662
PU-AC0103-2025-09-15,AC0103,2025-09-15,35,13,0.616,0.779
PU-AC0103-2025-09-22,AC0103,2025-09-22,35,13,0.638,0.838
PU-AC0103-2025-09-29,AC0103,2025-09-29,39,16,0.781,0.32
PU-AC0103-2025-10-06,AC0103,2025-10-06,40,15,0.548,0.569
PU-AC0103-2025-10-13,AC0103,2025-10-13,36,14,0.632,0.62
PU-AC0103-2025-10-20,AC0103,2025-10-20,37,14,0.891,0.607
PU-AC0103-2025-10-27,AC0103,2025-10-27,40,14,0.712,0.582
PU-AC0103-2025-11-03,AC0103,2025-11-03,40,17,0.809,0.533
PU-AC0103-2025-11-10,AC0103,2025-11-10,39,14,0.651,0.788
PU-AC0103-2025-11-17,AC0103,2025-11-17,42,17,0.568,0.867
PU-AC0103-2025-11-24,AC0103,2025-11-24,40,13,0.59,0.571
PU-AC0103-2025-12-01,AC0103,2025-12-01,40,15,0.514,0.796
PU-AC0103-2025-12-08,AC0103,2025-12-08,36,13,0.814,0.629
PU-AC0103-2025-12-15,AC0103,2025-12-15,39,16,0.97,0.652
PU-AC0103-2025-12-22,AC0103,2025-12-22,39,15,0.6,0.706
PU-AC0103-2025-12-29,AC0103,2025-12-29,39,13,0.627,0.792
PU-AC0103-2026-01-05,AC0103,2026-01-05,36,14,0.608,0.467
PU-AC0103-2026-01-12,AC0103,2026-01-12,37,16,0.704,0.594
PU-AC0103-2026-01-19,AC0103,2026-01-19,41,13,0.62,0.485
PU-AC0103-2026-01-26,AC0103,2026-01-26,38,14,0.703,0.848
PU-AC0103-2026-02-02,AC0103,2026-02-02,38,15,0.861,0.666
PU-AC0103-2026-02-09,AC0103,2026-02-09,41,17,0.549,0.635
PU-AC0103-2026-02-16,AC0103,2026-02-16,39,16,0.932,0.696
PU-AC0103-2026-02-23,AC0103,2026-02-23,36,15,0.867,0.484
PU-AC0103-2026-03-02,AC0103,2026-03-02,43,17,0.849,0.766
PU-AC0103-2026-03-09,AC0103,2026-03-09,42,16,0.855,0.596
PU-AC0103-2026-03-16,AC0103,2026-03-16,42,14,0.613,0.454
PU-AC0103-2026-03-23,AC0103,2026-03-23,41,14,0.676,0.649
PU-AC0103-2026-03-30,AC0103,2026-03-30,37,16,0.575,0.789
PU-AC0103-2026-04-06,AC0103,2026-04-06,39,14,0.72,0.723
PU-AC0103-2026-04-13,AC0103,2026-04-13,41,14,0.721,0.796
PU-AC0103-2026-04-20,AC0103,2026-04-20,36,16,0.838,0.728
PU-AC0103-2026-04-27,AC0103,2026-04-27,41,15,0.747,0.671
PU-AC0103-2026-05-04,AC0103,2026-05-04,35,16,0.572,0.736
PU-AC0103-2026-05-11,AC0103,2026-05-11,44,17,0.653,0.679
PU-AC0103-2026-05-18,AC0103,2026-05-18,39,16,0.671,0.721
PU-AC0103-2026-05-25,AC0103,2026-05-25,42,14,0.692,0.596
PU-AC0103-2026-06-01,AC0103,2026-06-01,41,15,0.775,0.396
PU-AC0103-2026-06-08,AC0103,2026-06-08,39,15,0.625,0.777
PU-AC0103-2026-06-15,AC0103,2026-06-15,34,15,0.916,0.631
PU-AC0103-2026-06-22,AC0103,2026-06-22,34,16,0.756,0.821
PU-AC0103-2026-06-29,AC0103,2026-06-29,42,16,0.57,0.781
PU-AC0103-2026-07-06,AC0103,2026-07-06,43,16,0.646,0.384
PU-AC0103-2026-07-13,AC0103,2026-07-13,37,16,0.565,0.625
PU-AC0103-2026-07-20,AC0103,2026-07-20,35,16,0.617,0.791
PU-AC0103-2026-07-27,AC0103,2026-07-27,36,16,0.621,0.629
PU-AC0103-2026-08-03,AC0103,2026-08-03,38,13,0.746,0.558
PU-AC0103-2026-08-10,AC0103,2026-08-10,37,17,0.598,0.845
PU-AC0103-2026-08-17,AC0103,2026-08-17,41,17,0.761,0.675
PU-AC0103-2026-08-24,AC0103,2026-08-24,38,14,0.7,0.351
PU-AC0104-2025-09-01,AC0104,2025-09-01,63,15,0.781,0.797
PU-AC0104-2025-09-08,AC0104,2025-09-08,66,17,0.716,0.642
PU-AC0104-2025-09-15,AC0104,2025-09-15,64,17,0.902,0.584
PU-AC0104-2025-09-22,AC0104,2025-09-22,66,16,0.733,0.717
PU-AC0104-2025-09-29,AC0104,2025-09-29,65,14,0.66,0.711
PU-AC0104-2025-10-06,AC0104,2025-10-06,65,16,0.518,0.543
PU-AC0104-2025-10-13,AC0104,2025-10-13,65,17,0.845,0.475
PU-AC0104-2025-10-20,AC0104,2025-10-20,68,16,0.944,0.531
PU-AC0104-2025-10-27,AC0104,2025-10-27,65,14,0.706,0.303
PU-AC0104-2025-11-03,AC0104,2025-11-03,61,17,0.739,0.582
PU-AC0104-2025-11-10,AC0104,2025-11-10,66,18,0.695,0.401
PU-AC0104-2025-11-17,AC0104,2025-11-17,57,15,0.617,0.644
PU-AC0104-2025-11-24,AC0104,2025-11-24,59,17,0.794,0.828
PU-AC0104-2025-12-01,AC0104,2025-12-01,67,17,0.802,0.612
PU-AC0104-2025-12-08,AC0104,2025-12-08,70,18,0.787,0.648
PU-AC0104-2025-12-15,AC0104,2025-12-15,68,16,0.762,0.691
PU-AC0104-2025-12-22,AC0104,2025-12-22,67,17,0.91,0.774
PU-AC0104-2025-12-29,AC0104,2025-12-29,62,17,0.634,0.541
PU-AC0104-2026-01-05,AC0104,2026-01-05,65,16,0.837,0.695
PU-AC0104-2026-01-12,AC0104,2026-01-12,59,15,0.959,0.596
PU-AC0104-2026-01-19,AC0104,2026-01-19,67,14,0.735,0.616
PU-AC0104-2026-01-26,AC0104,2026-01-26,64,15,0.764,0.562
PU-AC0104-2026-02-02,AC0104,2026-02-02,67,14,0.696,0.665
PU-AC0104-2026-02-09,AC0104,2026-02-09,64,15,0.935,0.574
PU-AC0104-2026-02-16,AC0104,2026-02-16,68,15,0.957,0.752
PU-AC0104-2026-02-23,AC0104,2026-02-23,69,14,0.727,0.707
PU-AC0104-2026-03-02,AC0104,2026-03-02,69,17,0.73,0.642
PU-AC0104-2026-03-09,AC0104,2026-03-09,61,18,0.978,0.755
PU-AC0104-2026-03-16,AC0104,2026-03-16,67,14,0.655,0.703
PU-AC0104-2026-03-23,AC0104,2026-03-23,64,15,0.716,0.804
PU-AC0104-2026-03-30,AC0104,2026-03-30,65,15,0.649,0.579
PU-AC0104-2026-04-06,AC0104,2026-04-06,67,18,0.948,0.453
PU-AC0104-2026-04-13,AC0104,2026-04-13,63,15,0.749,0.765
PU-AC0104-2026-04-20,AC0104,2026-04-20,64,14,0.96,0.748
PU-AC0104-2026-04-27,AC0104,2026-04-27,60,16,0.599,0.622
PU-AC0104-2026-05-04,AC0104,2026-05-04,59,17,0.677,0.779
PU-AC0104-2026-05-11,AC0104,2026-05-11,66,15,0.725,0.827
PU-AC0104-2026-05-18,AC0104,2026-05-18,66,17,0.584,0.606
PU-AC0104-2026-05-25,AC0104,2026-05-25,57,17,0.681,0.79
PU-AC0104-2026-06-01,AC0104,2026-06-01,63,15,0.894,0.37
PU-AC0104-2026-06-08,AC0104,2026-06-08,65,15,0.6,0.572
PU-AC0104-2026-06-15,AC0104,2026-06-15,63,15,0.683,0.779
PU-AC0104-2026-06-22,AC0104,2026-06-22,66,18,1.0,0.554
PU-AC0104-2026-06-29,AC0104,2026-06-29,68,18,0.754,0.731
PU-AC0104-2026-07-06,AC0104,2026-07-06,69,15,0.59,0.747
PU-AC0104-2026-07-13,AC0104,2026-07-13,66,17,0.498,0.599
PU-AC0104-2026-07-20,AC0104,2026-07-20,64,17,0.592,0.866
PU-AC0104-2026-07-27,AC0104,2026-07-27,66,15,0.785,0.47
PU-AC0104-2026-08-03,AC0104,2026-08-03,63,17,0.757,0.782
PU-AC0104-2026-08-10,AC0104,2026-08-10,67,14,0.39,0.764
PU-AC0104-2026-08-17,AC0104,2026-08-17,61,14,0.599,0.577
PU-AC0104-2026-08-24,AC0104,2026-08-24,64,18,0.702,0.783
PU-AC0105-2025-09-01,AC0105,2025-09-01,94,45,0.788,0.781
PU-AC0105-2025-09-08,AC0105,2025-09-08,93,36,0.89,0.781
PU-AC0105-2025-09-15,AC0105,2025-09-15,91,42,0.959,0.709
PU-AC0105-2025-09-22,AC0105,2025-09-22,86,41,0.848,0.549
PU-AC0105-2025-09-29,AC0105,2025-09-29,100,41,0.711,0.648
PU-AC0105-2025-10-06,AC0105,2025-10-06,101,44,0.84,0.568
PU-AC0105-2025-10-13,AC0105,2025-10-13,101,36,0.47,0.67
PU-AC0105-2025-10-20,AC0105,2025-10-20,97,44,0.746,0.367
PU-AC0105-2025-10-27,AC0105,2025-10-27,92,37,0.872,0.829
PU-AC0105-2025-11-03,AC0105,2025-11-03,89,38,0.783,0.833
PU-AC0105-2025-11-10,AC0105,2025-11-10,99,39,0.624,0.786
PU-AC0105-2025-11-17,AC0105,2025-11-17,102,35,0.778,0.757
PU-AC0105-2025-11-24,AC0105,2025-11-24,93,36,0.897,0.727
PU-AC0105-2025-12-01,AC0105,2025-12-01,93,45,0.492,0.618
PU-AC0105-2025-12-08,AC0105,2025-12-08,99,44,0.813,0.511
PU-AC0105-2025-12-15,AC0105,2025-12-15,92,44,0.876,0.657
PU-AC0105-2025-12-22,AC0105,2025-12-22,97,41,0.585,0.669
PU-AC0105-2025-12-29,AC0105,2025-12-29,82,41,0.83,0.756
PU-AC0105-2026-01-05,AC0105,2026-01-05,95,43,0.54,0.429
PU-AC0105-2026-01-12,AC0105,2026-01-12,103,45,0.78,0.642
PU-AC0105-2026-01-19,AC0105,2026-01-19,102,43,0.756,0.659
PU-AC0105-2026-01-26,AC0105,2026-01-26,90,45,0.551,0.71
PU-AC0105-2026-02-02,AC0105,2026-02-02,100,41,0.54,0.645
PU-AC0105-2026-02-09,AC0105,2026-02-09,98,38,0.898,0.657
PU-AC0105-2026-02-16,AC0105,2026-02-16,83,38,0.775,0.545
PU-AC0105-2026-02-23,AC0105,2026-02-23,92,45,0.743,0.601
PU-AC0105-2026-03-02,AC0105,2026-03-02,102,43,0.887,0.433
PU-AC0105-2026-03-09,AC0105,2026-03-09,85,37,0.803,0.66
PU-AC0105-2026-03-16,AC0105,2026-03-16,96,45,0.774,0.58
PU-AC0105-2026-03-23,AC0105,2026-03-23,80,45,0.84,0.709
PU-AC0105-2026-03-30,AC0105,2026-03-30,93,38,0.695,0.678
PU-AC0105-2026-04-06,AC0105,2026-04-06,86,35,0.664,0.557
PU-AC0105-2026-04-13,AC0105,2026-04-13,98,46,0.75,0.385
PU-AC0105-2026-04-20,AC0105,2026-04-20,91,38,0.68,0.627
PU-AC0105-2026-04-27,AC0105,2026-04-27,99,44,0.645,0.803
PU-AC0105-2026-05-04,AC0105,2026-05-04,88,37,0.721,0.539
PU-AC0105-2026-05-11,AC0105,2026-05-11,88,40,0.698,0.753
PU-AC0105-2026-05-18,AC0105,2026-05-18,99,43,0.656,0.742
PU-AC0105-2026-05-25,AC0105,2026-05-25,107,36,0.837,0.57
PU-AC0105-2026-06-01,AC0105,2026-06-01,93,43,0.734,0.74
PU-AC0105-2026-06-08,AC0105,2026-06-08,95,43,0.587,0.766
PU-AC0105-2026-06-15,AC0105,2026-06-15,99,37,0.735,0.703
PU-AC0105-2026-06-22,AC0105,2026-06-22,97,44,0.755,0.765
PU-AC0105-2026-06-29,AC0105,2026-06-29,95,37,0.72,0.51
PU-AC0105-2026-07-06,AC0105,2026-07-06,97,42,0.85,0.76
PU-AC0105-2026-07-13,AC0105,2026-07-13,99,43,0.717,0.658
PU-AC0105-2026-07-20,AC0105,2026-07-20,89,39,0.791,0.445
PU-AC0105-2026-07-27,AC0105,2026-07-27,94,45,0.601,0.769
PU-AC0105-2026-08-03,AC0105,2026-08-03,92,42,0.635,0.642
PU-AC0105-2026-08-10,AC0105,2026-08-10,102,35,0.628,0.479
PU-AC0105-2026-08-17,AC0105,2026-08-17,87,37,0.804,0.73
PU-AC0105-2026-08-24,AC0105,2026-08-24,85,40,0.778,0.749
PU-AC0106-2025-09-01,AC0106,2025-09-01,27,5,0.638,0.61
PU-AC0106-2025-09-08,AC0106,2025-09-08,27,5,0.738,0.614
PU-AC0106-2025-09-15,AC0106,2025-09-15,26,6,0.693,0.786
PU-AC0106-2025-09-22,AC0106,2025-09-22,28,5,0.649,0.805
PU-AC0106-2025-09-29,AC0106,2025-09-29,29,7,0.865,0.475
PU-AC0106-2025-10-06,AC0106,2025-10-06,27,7,0.659,0.438
PU-AC0106-2025-10-13,AC0106,2025-10-13,26,6,0.685,0.335
PU-AC0106-2025-10-20,AC0106,2025-10-20,27,5,0.979,0.551
PU-AC0106-2025-10-27,AC0106,2025-10-27,25,7,0.697,0.533
PU-AC0106-2025-11-03,AC0106,2025-11-03,26,6,0.758,0.665
PU-AC0106-2025-11-10,AC0106,2025-11-10,25,6,0.774,0.444
PU-AC0106-2025-11-17,AC0106,2025-11-17,30,5,0.645,0.718
PU-AC0106-2025-11-24,AC0106,2025-11-24,26,7,0.699,0.521
PU-AC0106-2025-12-01,AC0106,2025-12-01,26,6,0.726,0.78
PU-AC0106-2025-12-08,AC0106,2025-12-08,28,6,0.652,0.836
PU-AC0106-2025-12-15,AC0106,2025-12-15,24,6,0.755,0.638
PU-AC0106-2025-12-22,AC0106,2025-12-22,25,7,0.702,0.707
PU-AC0106-2025-12-29,AC0106,2025-12-29,28,6,0.859,0.644
PU-AC0106-2026-01-05,AC0106,2026-01-05,29,5,0.918,0.628
PU-AC0106-2026-01-12,AC0106,2026-01-12,28,6,0.773,0.731
PU-AC0106-2026-01-19,AC0106,2026-01-19,27,5,0.869,0.497
PU-AC0106-2026-01-26,AC0106,2026-01-26,29,6,0.678,0.263
PU-AC0106-2026-02-02,AC0106,2026-02-02,29,7,0.827,0.776
PU-AC0106-2026-02-09,AC0106,2026-02-09,28,5,0.675,0.784
PU-AC0106-2026-02-16,AC0106,2026-02-16,23,6,0.853,0.533
PU-AC0106-2026-02-23,AC0106,2026-02-23,26,5,0.594,0.622
PU-AC0106-2026-03-02,AC0106,2026-03-02,26,5,0.674,0.685
PU-AC0106-2026-03-09,AC0106,2026-03-09,28,7,0.84,0.694
PU-AC0106-2026-03-16,AC0106,2026-03-16,24,6,1.0,0.787
PU-AC0106-2026-03-23,AC0106,2026-03-23,25,7,0.696,0.833
PU-AC0106-2026-03-30,AC0106,2026-03-30,29,5,0.717,0.595
PU-AC0106-2026-04-06,AC0106,2026-04-06,24,5,0.521,0.639
PU-AC0106-2026-04-13,AC0106,2026-04-13,28,7,0.652,0.384
PU-AC0106-2026-04-20,AC0106,2026-04-20,26,7,0.931,0.64
PU-AC0106-2026-04-27,AC0106,2026-04-27,25,6,0.674,0.577
PU-AC0106-2026-05-04,AC0106,2026-05-04,30,6,0.657,0.741
PU-AC0106-2026-05-11,AC0106,2026-05-11,25,6,0.907,0.718
PU-AC0106-2026-05-18,AC0106,2026-05-18,25,6,0.473,0.618
PU-AC0106-2026-05-25,AC0106,2026-05-25,27,6,0.612,0.657
PU-AC0106-2026-06-01,AC0106,2026-06-01,28,6,0.672,0.657
PU-AC0106-2026-06-08,AC0106,2026-06-08,26,6,0.568,0.752
PU-AC0106-2026-06-15,AC0106,2026-06-15,24,7,0.606,0.528
PU-AC0106-2026-06-22,AC0106,2026-06-22,25,6,0.495,0.629
PU-AC0106-2026-06-29,AC0106,2026-06-29,28,6,0.822,0.762
PU-AC0106-2026-07-06,AC0106,2026-07-06,29,6,0.749,0.591
PU-AC0106-2026-07-13,AC0106,2026-07-13,28,5,0.669,0.791
PU-AC0106-2026-07-20,AC0106,2026-07-20,29,6,0.818,0.766
PU-AC0106-2026-07-27,AC0106,2026-07-27,27,7,0.819,0.742
PU-AC0106-2026-08-03,AC0106,2026-08-03,27,6,0.778,0.613
PU-AC0106-2026-08-10,AC0106,2026-08-10,25,5,0.825,0.697
PU-AC0106-2026-08-17,AC0106,2026-08-17,25,5,0.94,0.53
PU-AC0106-2026-08-24,AC0106,2026-08-24,27,6,0.747,0.468
PU-AC0107-2025-09-01,AC0107,2025-09-01,70,22,0.752,0.609
PU-AC0107-2025-09-08,AC0107,2025-09-08,72,23,0.61,0.688
PU-AC0107-2025-09-15,AC0107,2025-09-15,72,22,0.673,0.65
PU-AC0107-2025-09-22,AC0107,2025-09-22,70,22,0.831,0.489
PU-AC0107-2025-09-29,AC0107,2025-09-29,70,21,0.776,0.491
PU-AC0107-2025-10-06,AC0107,2025-10-06,70,22,0.758,0.789
PU-AC0107-2025-10-13,AC0107,2025-10-13,66,21,0.635,0.487
PU-AC0107-2025-10-20,AC0107,2025-10-20,72,23,0.667,0.624
PU-AC0107-2025-10-27,AC0107,2025-10-27,70,23,0.86,0.56
PU-AC0107-2025-11-03,AC0107,2025-11-03,71,24,0.787,0.826
PU-AC0107-2025-11-10,AC0107,2025-11-10,69,19,0.633,0.839
PU-AC0107-2025-11-17,AC0107,2025-11-17,71,18,0.634,0.722
PU-AC0107-2025-11-24,AC0107,2025-11-24,73,23,0.71,0.758
PU-AC0107-2025-12-01,AC0107,2025-12-01,70,19,0.857,0.853
PU-AC0107-2025-12-08,AC0107,2025-12-08,66,23,0.585,0.641
PU-AC0107-2025-12-15,AC0107,2025-12-15,67,24,0.724,0.572
PU-AC0107-2025-12-22,AC0107,2025-12-22,71,19,0.649,0.636
PU-AC0107-2025-12-29,AC0107,2025-12-29,67,18,0.831,0.464
PU-AC0107-2026-01-05,AC0107,2026-01-05,63,19,0.622,0.65
PU-AC0107-2026-01-12,AC0107,2026-01-12,63,22,0.595,0.623
PU-AC0107-2026-01-19,AC0107,2026-01-19,70,20,0.96,0.508
PU-AC0107-2026-01-26,AC0107,2026-01-26,65,19,0.682,0.625
PU-AC0107-2026-02-02,AC0107,2026-02-02,76,24,0.568,0.826
PU-AC0107-2026-02-09,AC0107,2026-02-09,73,20,0.701,0.499
PU-AC0107-2026-02-16,AC0107,2026-02-16,74,23,0.802,0.53
PU-AC0107-2026-02-23,AC0107,2026-02-23,64,21,0.547,0.684
PU-AC0107-2026-03-02,AC0107,2026-03-02,60,22,0.841,0.733
PU-AC0107-2026-03-09,AC0107,2026-03-09,61,23,0.277,0.786
PU-AC0107-2026-03-16,AC0107,2026-03-16,65,19,0.713,0.66
PU-AC0107-2026-03-23,AC0107,2026-03-23,66,20,0.741,0.587
PU-AC0107-2026-03-30,AC0107,2026-03-30,73,21,0.826,0.57
PU-AC0107-2026-04-06,AC0107,2026-04-06,70,21,0.819,0.636
PU-AC0107-2026-04-13,AC0107,2026-04-13,76,20,0.889,0.655
PU-AC0107-2026-04-20,AC0107,2026-04-20,69,18,0.475,0.75
PU-AC0107-2026-04-27,AC0107,2026-04-27,67,23,0.664,0.934
PU-AC0107-2026-05-04,AC0107,2026-05-04,68,22,0.595,0.845
PU-AC0107-2026-05-11,AC0107,2026-05-11,65,20,0.81,0.586
PU-AC0107-2026-05-18,AC0107,2026-05-18,67,22,0.984,0.644
PU-AC0107-2026-05-25,AC0107,2026-05-25,64,19,0.734,0.664
PU-AC0107-2026-06-01,AC0107,2026-06-01,57,24,0.839,0.829
PU-AC0107-2026-06-08,AC0107,2026-06-08,75,22,0.748,0.652
PU-AC0107-2026-06-15,AC0107,2026-06-15,71,20,0.785,0.713
PU-AC0107-2026-06-22,AC0107,2026-06-22,65,24,0.643,0.766
PU-AC0107-2026-06-29,AC0107,2026-06-29,56,20,0.923,0.623
PU-AC0107-2026-07-06,AC0107,2026-07-06,59,18,0.697,0.726
PU-AC0107-2026-07-13,AC0107,2026-07-13,71,21,0.737,0.665
PU-AC0107-2026-07-20,AC0107,2026-07-20,65,20,0.833,0.523
PU-AC0107-2026-07-27,AC0107,2026-07-27,73,21,0.62,0.896
PU-AC0107-2026-08-03,AC0107,2026-08-03,66,22,0.747,0.772
PU-AC0107-2026-08-10,AC0107,2026-08-10,65,21,0.74,0.532
PU-AC0107-2026-08-17,AC0107,2026-08-17,65,19,0.496,0.62
PU-AC0107-2026-08-24,AC0107,2026-08-24,70,22,0.636,0.551
PU-AC0108-2025-09-01,AC0108,2025-09-01,19,8,0.722,0.481
PU-AC0108-2025-09-08,AC0108,2025-09-08,20,6,0.716,0.633
PU-AC0108-2025-09-15,AC0108,2025-09-15,21,8,0.72,0.576
PU-AC0108-2025-09-22,AC0108,2025-09-22,21,7,0.592,0.482
PU-AC0108-2025-09-29,AC0108,2025-09-29,22,8,0.591,0.449
PU-AC0108-2025-10-06,AC0108,2025-10-06,19,7,0.592,0.786
PU-AC0108-2025-10-13,AC0108,2025-10-13,18,8,0.876,0.459
PU-AC0108-2025-10-20,AC0108,2025-10-20,21,8,0.535,0.494
PU-AC0108-2025-10-27,AC0108,2025-10-27,18,8,0.564,0.743
PU-AC0108-2025-11-03,AC0108,2025-11-03,18,8,0.694,0.631
PU-AC0108-2025-11-10,AC0108,2025-11-10,20,7,0.663,0.593
PU-AC0108-2025-11-17,AC0108,2025-11-17,20,7,0.627,0.52
PU-AC0108-2025-11-24,AC0108,2025-11-24,20,8,0.576,0.699
PU-AC0108-2025-12-01,AC0108,2025-12-01,19,7,0.818,0.57
PU-AC0108-2025-12-08,AC0108,2025-12-08,20,8,0.967,0.714
PU-AC0108-2025-12-15,AC0108,2025-12-15,21,8,0.906,0.515
PU-AC0108-2025-12-22,AC0108,2025-12-22,21,7,0.763,0.561
PU-AC0108-2025-12-29,AC0108,2025-12-29,21,7,0.675,0.675
PU-AC0108-2026-01-05,AC0108,2026-01-05,20,7,0.469,0.496
PU-AC0108-2026-01-12,AC0108,2026-01-12,18,7,0.74,0.832
PU-AC0108-2026-01-19,AC0108,2026-01-19,19,6,0.905,0.565
PU-AC0108-2026-01-26,AC0108,2026-01-26,22,8,0.626,0.812
PU-AC0108-2026-02-02,AC0108,2026-02-02,20,7,0.935,0.455
PU-AC0108-2026-02-09,AC0108,2026-02-09,19,6,0.628,0.553
PU-AC0108-2026-02-16,AC0108,2026-02-16,20,7,0.625,0.799
PU-AC0108-2026-02-23,AC0108,2026-02-23,20,7,0.727,0.356
PU-AC0108-2026-03-02,AC0108,2026-03-02,20,7,0.721,0.531
PU-AC0108-2026-03-09,AC0108,2026-03-09,20,8,0.847,0.675
PU-AC0108-2026-03-16,AC0108,2026-03-16,20,8,0.833,0.592
PU-AC0108-2026-03-23,AC0108,2026-03-23,22,7,0.667,0.485
PU-AC0108-2026-03-30,AC0108,2026-03-30,19,7,0.714,0.65
PU-AC0108-2026-04-06,AC0108,2026-04-06,19,7,0.765,0.814
PU-AC0108-2026-04-13,AC0108,2026-04-13,19,6,0.645,0.666
PU-AC0108-2026-04-20,AC0108,2026-04-20,17,8,0.901,0.656
PU-AC0108-2026-04-27,AC0108,2026-04-27,19,8,0.663,0.71
PU-AC0108-2026-05-04,AC0108,2026-05-04,19,6,0.77,0.71
PU-AC0108-2026-05-11,AC0108,2026-05-11,21,7,0.76,0.601
PU-AC0108-2026-05-18,AC0108,2026-05-18,19,7,0.845,0.621
PU-AC0108-2026-05-25,AC0108,2026-05-25,20,8,0.76,0.661
PU-AC0108-2026-06-01,AC0108,2026-06-01,22,7,0.61,0.681
PU-AC0108-2026-06-08,AC0108,2026-06-08,20,6,0.553,0.641
PU-AC0108-2026-06-15,AC0108,2026-06-15,20,7,0.686,0.491
PU-AC0108-2026-06-22,AC0108,2026-06-22,19,8,0.689,0.756
PU-AC0108-2026-06-29,AC0108,2026-06-29,18,6,0.741,0.744
PU-AC0108-2026-07-06,AC0108,2026-07-06,21,7,0.797,0.624
PU-AC0108-2026-07-13,AC0108,2026-07-13,19,7,0.415,0.594
PU-AC0108-2026-07-20,AC0108,2026-07-20,19,7,0.803,0.642
PU-AC0108-2026-07-27,AC0108,2026-07-27,20,6,0.675,0.585
PU-AC0108-2026-08-03,AC0108,2026-08-03,19,8,0.756,0.38
PU-AC0108-2026-08-10,AC0108,2026-08-10,18,8,0.736,0.68
PU-AC0108-2026-08-17,AC0108,2026-08-17,21,8,0.65,0.577
PU-AC0108-2026-08-24,AC0108,2026-08-24,19,7,0.666,0.502
PU-AC0109-2025-09-01,AC0109,2025-09-01,25,10,0.603,0.791
PU-AC0109-2025-09-08,AC0109,2025-09-08,26,10,0.647,0.617
PU-AC0109-2025-09-15,AC0109,2025-09-15,29,8,0.77,0.882
PU-AC0109-2025-09-22,AC0109,2025-09-22,25,9,0.883,0.689
PU-AC0109-2025-09-29,AC0109,2025-09-29,28,10,0.823,0.651
PU-AC0109-2025-10-06,AC0109,2025-10-06,28,8,0.878,0.912
PU-AC0109-2025-10-13,AC0109,2025-10-13,28,10,0.557,0.716
PU-AC0109-2025-10-20,AC0109,2025-10-20,25,10,0.943,0.665
PU-AC0109-2025-10-27,AC0109,2025-10-27,27,10,0.689,0.717
PU-AC0109-2025-11-03,AC0109,2025-11-03,27,9,0.471,0.622
PU-AC0109-2025-11-10,AC0109,2025-11-10,28,9,0.754,0.873
PU-AC0109-2025-11-17,AC0109,2025-11-17,27,10,0.72,0.677
PU-AC0109-2025-11-24,AC0109,2025-11-24,27,9,0.879,0.482
PU-AC0109-2025-12-01,AC0109,2025-12-01,31,9,0.607,0.749
PU-AC0109-2025-12-08,AC0109,2025-12-08,29,10,0.818,0.753
PU-AC0109-2025-12-15,AC0109,2025-12-15,26,10,0.866,0.727
PU-AC0109-2025-12-22,AC0109,2025-12-22,28,9,0.706,0.532
PU-AC0109-2025-12-29,AC0109,2025-12-29,24,9,0.812,0.536
PU-AC0109-2026-01-05,AC0109,2026-01-05,27,9,0.552,0.695
PU-AC0109-2026-01-12,AC0109,2026-01-12,28,10,0.742,0.742
PU-AC0109-2026-01-19,AC0109,2026-01-19,26,10,0.789,0.513
PU-AC0109-2026-01-26,AC0109,2026-01-26,26,8,0.693,0.467
PU-AC0109-2026-02-02,AC0109,2026-02-02,28,8,0.726,0.732
PU-AC0109-2026-02-09,AC0109,2026-02-09,25,8,0.695,0.758
PU-AC0109-2026-02-16,AC0109,2026-02-16,25,8,0.772,0.598
PU-AC0109-2026-02-23,AC0109,2026-02-23,29,10,0.865,0.651
PU-AC0109-2026-03-02,AC0109,2026-03-02,29,9,0.82,0.689
PU-AC0109-2026-03-09,AC0109,2026-03-09,25,10,0.73,0.659
PU-AC0109-2026-03-16,AC0109,2026-03-16,28,10,0.674,0.493
PU-AC0109-2026-03-23,AC0109,2026-03-23,26,10,0.724,0.707
PU-AC0109-2026-03-30,AC0109,2026-03-30,27,9,0.739,0.703
PU-AC0109-2026-04-06,AC0109,2026-04-06,26,9,0.714,0.833
PU-AC0109-2026-04-13,AC0109,2026-04-13,28,9,0.631,0.576
PU-AC0109-2026-04-20,AC0109,2026-04-20,26,9,0.714,0.597
PU-AC0109-2026-04-27,AC0109,2026-04-27,27,9,0.962,0.51
PU-AC0109-2026-05-04,AC0109,2026-05-04,26,10,0.723,0.759
PU-AC0109-2026-05-11,AC0109,2026-05-11,27,10,0.488,0.744
PU-AC0109-2026-05-18,AC0109,2026-05-18,27,8,0.833,0.81
PU-AC0109-2026-05-25,AC0109,2026-05-25,28,9,1.0,0.662
PU-AC0109-2026-06-01,AC0109,2026-06-01,25,10,0.69,0.505
PU-AC0109-2026-06-08,AC0109,2026-06-08,26,9,0.827,0.663
PU-AC0109-2026-06-15,AC0109,2026-06-15,28,7,0.72,0.672
PU-AC0109-2026-06-22,AC0109,2026-06-22,30,7,0.664,0.894
PU-AC0109-2026-06-29,AC0109,2026-06-29,28,8,0.627,0.826
PU-AC0109-2026-07-06,AC0109,2026-07-06,26,10,0.773,0.652
PU-AC0109-2026-07-13,AC0109,2026-07-13,28,9,0.656,0.531
PU-AC0109-2026-07-20,AC0109,2026-07-20,23,9,0.682,0.714
PU-AC0109-2026-07-27,AC0109,2026-07-27,25,8,0.588,0.578
PU-AC0109-2026-08-03,AC0109,2026-08-03,28,8,0.761,0.673
PU-AC0109-2026-08-10,AC0109,2026-08-10,27,10,0.506,0.747
PU-AC0109-2026-08-17,AC0109,2026-08-17,25,9,0.538,0.922
PU-AC0109-2026-08-24,AC0109,2026-08-24,26,7,0.803,0.528
PU-AC0110-2025-09-01,AC0110,2025-09-01,19,9,0.769,0.645
PU-AC0110-2025-09-08,AC0110,2025-09-08,20,9,0.784,0.688
PU-AC0110-2025-09-15,AC0110,2025-09-15,18,7,0.628,0.777
PU-AC0110-2025-09-22,AC0110,2025-09-22,18,9,0.59,0.538
PU-AC0110-2025-09-29,AC0110,2025-09-29,18,9,0.696,0.706
PU-AC0110-2025-10-06,AC0110,2025-10-06,19,8,0.882,0.789
PU-AC0110-2025-10-13,AC0110,2025-10-13,19,8,0.62,0.717
PU-AC0110-2025-10-20,AC0110,2025-10-20,20,9,0.593,0.572
PU-AC0110-2025-10-27,AC0110,2025-10-27,19,8,0.702,0.772
PU-AC0110-2025-11-03,AC0110,2025-11-03,19,9,0.599,0.649
PU-AC0110-2025-11-10,AC0110,2025-11-10,18,9,0.514,0.759
PU-AC0110-2025-11-17,AC0110,2025-11-17,20,9,0.704,0.662
PU-AC0110-2025-11-24,AC0110,2025-11-24,19,8,0.644,0.468
PU-AC0110-2025-12-01,AC0110,2025-12-01,20,9,0.79,0.609
PU-AC0110-2025-12-08,AC0110,2025-12-08,18,7,0.718,0.525
PU-AC0110-2025-12-15,AC0110,2025-12-15,19,9,0.703,0.811
PU-AC0110-2025-12-22,AC0110,2025-12-22,17,7,0.842,0.682
PU-AC0110-2025-12-29,AC0110,2025-12-29,16,7,0.831,0.663
PU-AC0110-2026-01-05,AC0110,2026-01-05,18,9,0.803,0.5
PU-AC0110-2026-01-12,AC0110,2026-01-12,18,8,0.789,0.426
PU-AC0110-2026-01-19,AC0110,2026-01-19,19,8,0.599,0.618
PU-AC0110-2026-01-26,AC0110,2026-01-26,16,9,0.874,0.64
PU-AC0110-2026-02-02,AC0110,2026-02-02,19,9,0.619,0.573
PU-AC0110-2026-02-09,AC0110,2026-02-09,19,8,0.541,0.771
PU-AC0110-2026-02-16,AC0110,2026-02-16,17,8,0.903,0.635
PU-AC0110-2026-02-23,AC0110,2026-02-23,20,8,0.604,0.596
PU-AC0110-2026-03-02,AC0110,2026-03-02,17,9,0.686,0.934
PU-AC0110-2026-03-09,AC0110,2026-03-09,19,9,0.978,0.718
PU-AC0110-2026-03-16,AC0110,2026-03-16,20,8,0.827,0.796
PU-AC0110-2026-03-23,AC0110,2026-03-23,20,9,0.898,0.564
PU-AC0110-2026-03-30,AC0110,2026-03-30,18,9,0.528,0.456
PU-AC0110-2026-04-06,AC0110,2026-04-06,20,7,0.893,0.73
PU-AC0110-2026-04-13,AC0110,2026-04-13,19,9,0.77,0.547
PU-AC0110-2026-04-20,AC0110,2026-04-20,20,8,0.791,0.917
PU-AC0110-2026-04-27,AC0110,2026-04-27,19,9,0.583,0.872
PU-AC0110-2026-05-04,AC0110,2026-05-04,18,8,0.847,0.38
PU-AC0110-2026-05-11,AC0110,2026-05-11,19,9,0.547,0.549
PU-AC0110-2026-05-18,AC0110,2026-05-18,20,7,0.643,0.747
PU-AC0110-2026-05-25,AC0110,2026-05-25,19,9,0.643,0.562
PU-AC0110-2026-06-01,AC0110,2026-06-01,18,8,0.65,0.728
PU-AC0110-2026-06-08,AC0110,2026-06-08,17,9,0.524,0.404
PU-AC0110-2026-06-15,AC0110,2026-06-15,19,8,0.887,0.695
PU-AC0110-2026-06-22,AC0110,2026-06-22,17,8,0.483,0.628
PU-AC0110-2026-06-29,AC0110,2026-06-29,16,7,0.801,0.628
PU-AC0110-2026-07-06,AC0110,2026-07-06,18,8,0.761,0.728
PU-AC0110-2026-07-13,AC0110,2026-07-13,19,7,0.744,0.691
PU-AC0110-2026-07-20,AC0110,2026-07-20,20,7,0.831,0.603
PU-AC0110-2026-07-27,AC0110,2026-07-27,18,7,0.724,0.668
PU-AC0110-2026-08-03,AC0110,2026-08-03,20,9,0.712,0.56
PU-AC0110-2026-08-10,AC0110,2026-08-10,19,7,0.866,0.757
PU-AC0110-2026-08-17,AC0110,2026-08-17,17,9,0.73,0.764
PU-AC0110-2026-08-24,AC0110,2026-08-24,18,7,0.763,0.754
PU-AC0111-2025-09-01,AC0111,2025-09-01,28,5,0.414,0.363
PU-AC0111-2025-09-08,AC0111,2025-09-08,27,6,0.517,0.63
PU-AC0111-2025-09-15,AC0111,2025-09-15,28,6,0.878,0.766
PU-AC0111-2025-09-22,AC0111,2025-09-22,26,6,0.722,0.41
PU-AC0111-2025-09-29,AC0111,2025-09-29,26,7,0.61,0.734
PU-AC0111-2025-10-06,AC0111,2025-10-06,25,5,0.7,0.691
PU-AC0111-2025-10-13,AC0111,2025-10-13,28,6,0.513,0.859
PU-AC0111-2025-10-20,AC0111,2025-10-20,30,6,0.959,0.458
PU-AC0111-2025-10-27,AC0111,2025-10-27,25,6,0.818,0.653
PU-AC0111-2025-11-03,AC0111,2025-11-03,27,5,0.418,0.484
PU-AC0111-2025-11-10,AC0111,2025-11-10,26,6,0.467,0.56
PU-AC0111-2025-11-17,AC0111,2025-11-17,25,5,0.763,0.696
PU-AC0111-2025-11-24,AC0111,2025-11-24,28,5,0.701,0.499
PU-AC0111-2025-12-01,AC0111,2025-12-01,27,7,0.78,0.603
PU-AC0111-2025-12-08,AC0111,2025-12-08,26,6,0.621,0.595
PU-AC0111-2025-12-15,AC0111,2025-12-15,29,6,0.861,0.357
PU-AC0111-2025-12-22,AC0111,2025-12-22,26,7,0.649,0.608
PU-AC0111-2025-12-29,AC0111,2025-12-29,29,6,0.632,0.755
PU-AC0111-2026-01-05,AC0111,2026-01-05,26,5,0.644,0.649
PU-AC0111-2026-01-12,AC0111,2026-01-12,27,7,0.52,0.843
PU-AC0111-2026-01-19,AC0111,2026-01-19,27,6,0.527,0.5
PU-AC0111-2026-01-26,AC0111,2026-01-26,26,6,0.655,0.63
PU-AC0111-2026-02-02,AC0111,2026-02-02,25,5,0.781,0.626
PU-AC0111-2026-02-09,AC0111,2026-02-09,26,6,0.445,0.618
PU-AC0111-2026-02-16,AC0111,2026-02-16,25,5,0.694,0.649
PU-AC0111-2026-02-23,AC0111,2026-02-23,23,5,0.628,0.867
PU-AC0111-2026-03-02,AC0111,2026-03-02,27,6,0.632,0.533
PU-AC0111-2026-03-09,AC0111,2026-03-09,31,7,0.775,0.695
PU-AC0111-2026-03-16,AC0111,2026-03-16,27,5,0.695,0.861
PU-AC0111-2026-03-23,AC0111,2026-03-23,28,6,0.746,0.676
PU-AC0111-2026-03-30,AC0111,2026-03-30,26,5,0.78,0.566
PU-AC0111-2026-04-06,AC0111,2026-04-06,28,6,0.656,0.718
PU-AC0111-2026-04-13,AC0111,2026-04-13,26,5,0.5,0.607
PU-AC0111-2026-04-20,AC0111,2026-04-20,27,5,0.683,0.794
PU-AC0111-2026-04-27,AC0111,2026-04-27,25,6,0.798,0.529
PU-AC0111-2026-05-04,AC0111,2026-05-04,27,6,0.741,0.665
PU-AC0111-2026-05-11,AC0111,2026-05-11,28,5,0.726,0.481
PU-AC0111-2026-05-18,AC0111,2026-05-18,28,6,0.645,0.718
PU-AC0111-2026-05-25,AC0111,2026-05-25,29,5,0.802,0.606
PU-AC0111-2026-06-01,AC0111,2026-06-01,25,5,0.49,0.856
PU-AC0111-2026-06-08,AC0111,2026-06-08,30,7,0.487,0.71
PU-AC0111-2026-06-15,AC0111,2026-06-15,29,6,0.626,0.82
PU-AC0111-2026-06-22,AC0111,2026-06-22,28,6,0.681,0.844
PU-AC0111-2026-06-29,AC0111,2026-06-29,26,6,1.0,0.687
PU-AC0111-2026-07-06,AC0111,2026-07-06,29,5,0.872,0.697
PU-AC0111-2026-07-13,AC0111,2026-07-13,28,7,0.565,0.772
PU-AC0111-2026-07-20,AC0111,2026-07-20,24,6,0.798,0.619
PU-AC0111-2026-07-27,AC0111,2026-07-27,26,5,0.657,0.62
PU-AC0111-2026-08-03,AC0111,2026-08-03,26,5,0.762,0.888
PU-AC0111-2026-08-10,AC0111,2026-08-10,31,6,0.643,0.294
PU-AC0111-2026-08-17,AC0111,2026-08-17,26,6,0.599,0.715
PU-AC0111-2026-08-24,AC0111,2026-08-24,25,6,0.882,0.505
PU-AC0112-2025-09-01,AC0112,2025-09-01,52,19,0.789,0.552
PU-AC0112-2025-09-08,AC0112,2025-09-08,49,19,0.864,0.509
PU-AC0112-2025-09-15,AC0112,2025-09-15,49,21,0.728,0.75
PU-AC0112-2025-09-22,AC0112,2025-09-22,45,20,1.0,0.545
PU-AC0112-2025-09-29,AC0112,2025-09-29,48,22,0.74,0.501
PU-AC0112-2025-10-06,AC0112,2025-10-06,48,19,0.803,0.651
PU-AC0112-2025-10-13,AC0112,2025-10-13,49,19,0.821,0.866
PU-AC0112-2025-10-20,AC0112,2025-10-20,48,24,0.867,0.564
PU-AC0112-2025-10-27,AC0112,2025-10-27,47,22,0.748,0.713
PU-AC0112-2025-11-03,AC0112,2025-11-03,46,22,0.809,0.779
PU-AC0112-2025-11-10,AC0112,2025-11-10,47,23,0.819,0.427
PU-AC0112-2025-11-17,AC0112,2025-11-17,48,18,0.732,0.78
PU-AC0112-2025-11-24,AC0112,2025-11-24,49,18,0.628,0.381
PU-AC0112-2025-12-01,AC0112,2025-12-01,51,22,0.519,0.678
PU-AC0112-2025-12-08,AC0112,2025-12-08,48,24,0.583,0.845
PU-AC0112-2025-12-15,AC0112,2025-12-15,48,18,0.867,0.399
PU-AC0112-2025-12-22,AC0112,2025-12-22,49,21,0.917,0.541
PU-AC0112-2025-12-29,AC0112,2025-12-29,52,19,0.602,0.583
PU-AC0112-2026-01-05,AC0112,2026-01-05,49,21,0.776,0.77
PU-AC0112-2026-01-12,AC0112,2026-01-12,48,18,0.679,0.731
PU-AC0112-2026-01-19,AC0112,2026-01-19,44,24,0.776,0.628
PU-AC0112-2026-01-26,AC0112,2026-01-26,47,22,0.892,0.73
PU-AC0112-2026-02-02,AC0112,2026-02-02,51,19,0.8,0.461
PU-AC0112-2026-02-09,AC0112,2026-02-09,44,24,0.553,0.581
PU-AC0112-2026-02-16,AC0112,2026-02-16,46,20,0.95,0.526
PU-AC0112-2026-02-23,AC0112,2026-02-23,51,22,0.502,0.549
PU-AC0112-2026-03-02,AC0112,2026-03-02,48,20,0.766,0.598
PU-AC0112-2026-03-09,AC0112,2026-03-09,47,22,0.896,0.437
PU-AC0112-2026-03-16,AC0112,2026-03-16,47,22,0.635,0.59
PU-AC0112-2026-03-23,AC0112,2026-03-23,45,22,0.445,0.526
PU-AC0112-2026-03-30,AC0112,2026-03-30,48,20,0.812,0.379
PU-AC0112-2026-04-06,AC0112,2026-04-06,47,23,0.796,0.492
PU-AC0112-2026-04-13,AC0112,2026-04-13,48,22,0.763,0.681
PU-AC0112-2026-04-20,AC0112,2026-04-20,45,23,0.779,0.736
PU-AC0112-2026-04-27,AC0112,2026-04-27,51,20,0.763,0.606
PU-AC0112-2026-05-04,AC0112,2026-05-04,49,23,0.737,0.549
PU-AC0112-2026-05-11,AC0112,2026-05-11,44,18,0.816,0.647
PU-AC0112-2026-05-18,AC0112,2026-05-18,51,22,0.824,0.673
PU-AC0112-2026-05-25,AC0112,2026-05-25,48,22,0.709,0.772
PU-AC0112-2026-06-01,AC0112,2026-06-01,41,20,0.687,0.788
PU-AC0112-2026-06-08,AC0112,2026-06-08,51,21,0.476,0.511
PU-AC0112-2026-06-15,AC0112,2026-06-15,52,21,0.752,0.693
PU-AC0112-2026-06-22,AC0112,2026-06-22,54,20,0.822,0.815
PU-AC0112-2026-06-29,AC0112,2026-06-29,48,20,0.672,0.498
PU-AC0112-2026-07-06,AC0112,2026-07-06,49,19,0.68,0.723
PU-AC0112-2026-07-13,AC0112,2026-07-13,48,21,0.782,0.389
PU-AC0112-2026-07-20,AC0112,2026-07-20,54,24,0.81,0.69
PU-AC0112-2026-07-27,AC0112,2026-07-27,51,19,0.74,0.694
PU-AC0112-2026-08-03,AC0112,2026-08-03,47,21,0.851,0.691
PU-AC0112-2026-08-10,AC0112,2026-08-10,50,18,0.659,0.51
PU-AC0112-2026-08-17,AC0112,2026-08-17,51,19,0.66,0.963
PU-AC0112-2026-08-24,AC0112,2026-08-24,52,21,0.91,0.561
PU-AC0113-2025-09-01,AC0113,2025-09-01,46,23,0.59,0.767
PU-AC0113-2025-09-08,AC0113,2025-09-08,48,22,0.664,0.581
PU-AC0113-2025-09-15,AC0113,2025-09-15,47,25,0.989,0.783
PU-AC0113-2025-09-22,AC0113,2025-09-22,45,19,0.583,0.735
PU-AC0113-2025-09-29,AC0113,2025-09-29,46,25,0.605,0.8
PU-AC0113-2025-10-06,AC0113,2025-10-06,43,22,0.722,0.636
PU-AC0113-2025-10-13,AC0113,2025-10-13,47,24,0.966,0.666
PU-AC0113-2025-10-20,AC0113,2025-10-20,46,24,0.784,0.689
PU-AC0113-2025-10-27,AC0113,2025-10-27,46,23,0.548,0.648
PU-AC0113-2025-11-03,AC0113,2025-11-03,41,20,0.744,0.512
PU-AC0113-2025-11-10,AC0113,2025-11-10,46,21,0.492,0.78
PU-AC0113-2025-11-17,AC0113,2025-11-17,44,22,0.631,0.377
PU-AC0113-2025-11-24,AC0113,2025-11-24,43,19,0.62,0.797
PU-AC0113-2025-12-01,AC0113,2025-12-01,44,23,0.675,0.651
PU-AC0113-2025-12-08,AC0113,2025-12-08,43,26,0.841,0.575
PU-AC0113-2025-12-15,AC0113,2025-12-15,44,26,0.811,0.387
PU-AC0113-2025-12-22,AC0113,2025-12-22,46,25,0.766,0.783
PU-AC0113-2025-12-29,AC0113,2025-12-29,43,26,0.838,0.615
PU-AC0113-2026-01-05,AC0113,2026-01-05,39,22,0.713,0.856
PU-AC0113-2026-01-12,AC0113,2026-01-12,43,23,0.709,0.674
PU-AC0113-2026-01-19,AC0113,2026-01-19,48,22,0.741,0.893
PU-AC0113-2026-01-26,AC0113,2026-01-26,43,25,0.831,0.322
PU-AC0113-2026-02-02,AC0113,2026-02-02,50,19,0.625,0.561
PU-AC0113-2026-02-09,AC0113,2026-02-09,44,25,0.851,0.393
PU-AC0113-2026-02-16,AC0113,2026-02-16,42,21,0.655,0.598
PU-AC0113-2026-02-23,AC0113,2026-02-23,40,24,0.975,0.777
PU-AC0113-2026-03-02,AC0113,2026-03-02,39,20,0.679,0.817
PU-AC0113-2026-03-09,AC0113,2026-03-09,41,24,0.979,0.58
PU-AC0113-2026-03-16,AC0113,2026-03-16,45,25,0.678,0.706
PU-AC0113-2026-03-23,AC0113,2026-03-23,39,23,0.825,0.632
PU-AC0113-2026-03-30,AC0113,2026-03-30,46,23,0.861,0.513
PU-AC0113-2026-04-06,AC0113,2026-04-06,42,26,0.838,0.609
PU-AC0113-2026-04-13,AC0113,2026-04-13,45,21,0.778,0.394
PU-AC0113-2026-04-20,AC0113,2026-04-20,43,26,0.678,0.709
PU-AC0113-2026-04-27,AC0113,2026-04-27,45,21,0.486,0.696
PU-AC0113-2026-05-04,AC0113,2026-05-04,45,24,0.776,0.885
PU-AC0113-2026-05-11,AC0113,2026-05-11,47,25,0.666,0.624
PU-AC0113-2026-05-18,AC0113,2026-05-18,43,19,0.678,0.688
PU-AC0113-2026-05-25,AC0113,2026-05-25,41,25,0.886,0.375
PU-AC0113-2026-06-01,AC0113,2026-06-01,44,22,0.85,0.556
PU-AC0113-2026-06-08,AC0113,2026-06-08,41,23,0.86,0.709
PU-AC0113-2026-06-15,AC0113,2026-06-15,43,23,0.576,0.671
PU-AC0113-2026-06-22,AC0113,2026-06-22,44,23,0.63,0.437
PU-AC0113-2026-06-29,AC0113,2026-06-29,43,25,0.689,0.711
PU-AC0113-2026-07-06,AC0113,2026-07-06,46,26,0.863,0.534
PU-AC0113-2026-07-13,AC0113,2026-07-13,40,22,0.829,0.498
PU-AC0113-2026-07-20,AC0113,2026-07-20,40,20,0.812,0.511
PU-AC0113-2026-07-27,AC0113,2026-07-27,40,22,0.666,0.622
PU-AC0113-2026-08-03,AC0113,2026-08-03,47,21,0.704,0.628
PU-AC0113-2026-08-10,AC0113,2026-08-10,41,22,0.796,0.651
PU-AC0113-2026-08-17,AC0113,2026-08-17,46,22,0.85,0.684
PU-AC0113-2026-08-24,AC0113,2026-08-24,39,25,0.702,0.774
PU-AC0114-2025-09-01,AC0114,2025-09-01,44,18,0.56,0.626
PU-AC0114-2025-09-08,AC0114,2025-09-08,43,15,0.648,0.63
PU-AC0114-2025-09-15,AC0114,2025-09-15,50,18,0.73,0.808
PU-AC0114-2025-09-22,AC0114,2025-09-22,46,15,0.656,0.742
PU-AC0114-2025-09-29,AC0114,2025-09-29,44,15,0.68,0.687
PU-AC0114-2025-10-06,AC0114,2025-10-06,40,16,0.644,0.605
PU-AC0114-2025-10-13,AC0114,2025-10-13,46,16,0.544,0.845
PU-AC0114-2025-10-20,AC0114,2025-10-20,45,16,0.655,0.491
PU-AC0114-2025-10-27,AC0114,2025-10-27,45,15,0.908,0.457
PU-AC0114-2025-11-03,AC0114,2025-11-03,40,16,0.818,0.697
PU-AC0114-2025-11-10,AC0114,2025-11-10,49,16,0.795,0.558
PU-AC0114-2025-11-17,AC0114,2025-11-17,46,16,0.886,0.451
PU-AC0114-2025-11-24,AC0114,2025-11-24,53,18,0.628,0.584
PU-AC0114-2025-12-01,AC0114,2025-12-01,45,17,0.614,0.761
PU-AC0114-2025-12-08,AC0114,2025-12-08,50,15,0.587,0.549
PU-AC0114-2025-12-15,AC0114,2025-12-15,48,18,0.808,0.623
PU-AC0114-2025-12-22,AC0114,2025-12-22,45,17,0.716,0.715
PU-AC0114-2025-12-29,AC0114,2025-12-29,49,19,0.731,0.798
PU-AC0114-2026-01-05,AC0114,2026-01-05,48,18,0.557,0.79
PU-AC0114-2026-01-12,AC0114,2026-01-12,47,15,0.692,0.751
PU-AC0114-2026-01-19,AC0114,2026-01-19,38,17,0.604,0.846
PU-AC0114-2026-01-26,AC0114,2026-01-26,48,17,0.587,0.805
PU-AC0114-2026-02-02,AC0114,2026-02-02,44,16,0.731,0.646
PU-AC0114-2026-02-09,AC0114,2026-02-09,46,14,0.879,0.574
PU-AC0114-2026-02-16,AC0114,2026-02-16,48,19,0.662,0.518
PU-AC0114-2026-02-23,AC0114,2026-02-23,48,16,0.672,0.585
PU-AC0114-2026-03-02,AC0114,2026-03-02,40,16,0.76,0.385
PU-AC0114-2026-03-09,AC0114,2026-03-09,48,19,0.759,0.608
PU-AC0114-2026-03-16,AC0114,2026-03-16,47,14,0.734,0.64
PU-AC0114-2026-03-23,AC0114,2026-03-23,44,19,0.81,0.825
PU-AC0114-2026-03-30,AC0114,2026-03-30,46,16,0.688,0.424
PU-AC0114-2026-04-06,AC0114,2026-04-06,47,16,0.786,0.66
PU-AC0114-2026-04-13,AC0114,2026-04-13,50,19,0.865,0.588
PU-AC0114-2026-04-20,AC0114,2026-04-20,51,16,0.725,0.439
PU-AC0114-2026-04-27,AC0114,2026-04-27,41,16,0.631,0.717
PU-AC0114-2026-05-04,AC0114,2026-05-04,46,19,0.805,0.577
PU-AC0114-2026-05-11,AC0114,2026-05-11,50,15,0.652,0.743
PU-AC0114-2026-05-18,AC0114,2026-05-18,45,18,0.967,0.642
PU-AC0114-2026-05-25,AC0114,2026-05-25,48,14,0.597,0.648
PU-AC0114-2026-06-01,AC0114,2026-06-01,50,19,0.401,0.527
PU-AC0114-2026-06-08,AC0114,2026-06-08,40,15,0.631,0.594
PU-AC0114-2026-06-15,AC0114,2026-06-15,49,17,0.835,0.672
PU-AC0114-2026-06-22,AC0114,2026-06-22,43,15,0.717,0.679
PU-AC0114-2026-06-29,AC0114,2026-06-29,48,19,0.983,0.83
PU-AC0114-2026-07-06,AC0114,2026-07-06,51,19,0.694,0.77
PU-AC0114-2026-07-13,AC0114,2026-07-13,49,18,0.595,0.808
PU-AC0114-2026-07-20,AC0114,2026-07-20,49,14,0.639,0.731
PU-AC0114-2026-07-27,AC0114,2026-07-27,48,17,0.713,0.755
PU-AC0114-2026-08-03,AC0114,2026-08-03,45,19,0.589,0.639
PU-AC0114-2026-08-10,AC0114,2026-08-10,46,15,0.773,0.412
PU-AC0114-2026-08-17,AC0114,2026-08-17,52,18,0.848,0.509
PU-AC0114-2026-08-24,AC0114,2026-08-24,49,16,0.769,0.776
PU-AC0115-2025-09-01,AC0115,2025-09-01,19,7,0.778,0.492
PU-AC0115-2025-09-08,AC0115,2025-09-08,20,7,0.684,0.504
PU-AC0115-2025-09-15,AC0115,2025-09-15,21,7,0.586,0.694
PU-AC0115-2025-09-22,AC0115,2025-09-22,19,6,0.911,0.98
PU-AC0115-2025-09-29,AC0115,2025-09-29,18,6,0.797,0.54
PU-AC0115-2025-10-06,AC0115,2025-10-06,19,8,0.686,0.479
PU-AC0115-2025-10-13,AC0115,2025-10-13,21,7,0.47,0.581
PU-AC0115-2025-10-20,AC0115,2025-10-20,19,7,0.747,0.553
PU-AC0115-2025-10-27,AC0115,2025-10-27,19,7,0.826,0.51
PU-AC0115-2025-11-03,AC0115,2025-11-03,20,7,0.6,0.82
PU-AC0115-2025-11-10,AC0115,2025-11-10,20,7,0.57,0.541
PU-AC0115-2025-11-17,AC0115,2025-11-17,19,8,0.73,0.422
PU-AC0115-2025-11-24,AC0115,2025-11-24,18,7,0.858,0.944
PU-AC0115-2025-12-01,AC0115,2025-12-01,18,7,0.78,0.774
PU-AC0115-2025-12-08,AC0115,2025-12-08,19,6,0.716,0.636
PU-AC0115-2025-12-15,AC0115,2025-12-15,18,6,0.568,0.641
PU-AC0115-2025-12-22,AC0115,2025-12-22,18,7,0.616,0.407
PU-AC0115-2025-12-29,AC0115,2025-12-29,18,6,0.863,0.633
PU-AC0115-2026-01-05,AC0115,2026-01-05,21,7,0.836,0.601
PU-AC0115-2026-01-12,AC0115,2026-01-12,22,6,0.595,0.61
PU-AC0115-2026-01-19,AC0115,2026-01-19,18,7,0.574,0.788
PU-AC0115-2026-01-26,AC0115,2026-01-26,20,6,0.728,0.636
PU-AC0115-2026-02-02,AC0115,2026-02-02,21,7,0.687,0.487
PU-AC0115-2026-02-09,AC0115,2026-02-09,19,8,0.692,0.574
PU-AC0115-2026-02-16,AC0115,2026-02-16,20,8,0.967,0.654
PU-AC0115-2026-02-23,AC0115,2026-02-23,19,7,0.777,0.553
PU-AC0115-2026-03-02,AC0115,2026-03-02,21,8,0.428,0.811
PU-AC0115-2026-03-09,AC0115,2026-03-09,19,7,0.807,0.679
PU-AC0115-2026-03-16,AC0115,2026-03-16,20,7,0.653,0.636
PU-AC0115-2026-03-23,AC0115,2026-03-23,21,8,0.746,0.755
PU-AC0115-2026-03-30,AC0115,2026-03-30,21,6,0.725,0.634
PU-AC0115-2026-04-06,AC0115,2026-04-06,19,7,0.616,0.444
PU-AC0115-2026-04-13,AC0115,2026-04-13,19,6,0.64,0.501
PU-AC0115-2026-04-20,AC0115,2026-04-20,18,7,0.589,0.644
PU-AC0115-2026-04-27,AC0115,2026-04-27,21,6,0.608,0.629
PU-AC0115-2026-05-04,AC0115,2026-05-04,20,7,0.72,0.68
PU-AC0115-2026-05-11,AC0115,2026-05-11,18,7,0.563,0.637
PU-AC0115-2026-05-18,AC0115,2026-05-18,20,6,0.648,0.803
PU-AC0115-2026-05-25,AC0115,2026-05-25,20,7,0.743,0.82
PU-AC0115-2026-06-01,AC0115,2026-06-01,21,7,0.701,0.482
PU-AC0115-2026-06-08,AC0115,2026-06-08,17,7,0.809,0.423
PU-AC0115-2026-06-15,AC0115,2026-06-15,19,6,0.813,0.744
PU-AC0115-2026-06-22,AC0115,2026-06-22,22,7,0.69,0.584
PU-AC0115-2026-06-29,AC0115,2026-06-29,21,8,0.95,0.935
PU-AC0115-2026-07-06,AC0115,2026-07-06,18,7,0.873,0.519
PU-AC0115-2026-07-13,AC0115,2026-07-13,18,7,0.573,0.576
PU-AC0115-2026-07-20,AC0115,2026-07-20,21,8,0.777,0.741
PU-AC0115-2026-07-27,AC0115,2026-07-27,20,6,0.685,0.657
PU-AC0115-2026-08-03,AC0115,2026-08-03,20,7,0.777,0.764
PU-AC0115-2026-08-10,AC0115,2026-08-10,20,8,0.834,0.518
PU-AC0115-2026-08-17,AC0115,2026-08-17,19,6,0.701,0.838
PU-AC0115-2026-08-24,AC0115,2026-08-24,19,6,0.704,0.831
PU-AC0116-2025-09-01,AC0116,2025-09-01,57,12,0.704,0.615
PU-AC0116-2025-09-08,AC0116,2025-09-08,56,16,0.58,0.631
PU-AC0116-2025-09-15,AC0116,2025-09-15,58,15,0.74,0.708
PU-AC0116-2025-09-22,AC0116,2025-09-22,61,16,0.635,0.65
PU-AC0116-2025-09-29,AC0116,2025-09-29,63,14,0.595,0.444
PU-AC0116-2025-10-06,AC0116,2025-10-06,58,13,0.85,0.87
PU-AC0116-2025-10-13,AC0116,2025-10-13,61,14,0.781,0.471
PU-AC0116-2025-10-20,AC0116,2025-10-20,60,15,0.631,0.691
PU-AC0116-2025-10-27,AC0116,2025-10-27,53,13,0.867,0.241
PU-AC0116-2025-11-03,AC0116,2025-11-03,57,16,0.7,0.611
PU-AC0116-2025-11-10,AC0116,2025-11-10,47,17,0.871,0.416
PU-AC0116-2025-11-17,AC0116,2025-11-17,60,16,0.585,0.519
PU-AC0116-2025-11-24,AC0116,2025-11-24,60,16,0.719,0.792
PU-AC0116-2025-12-01,AC0116,2025-12-01,60,15,0.635,0.718
PU-AC0116-2025-12-08,AC0116,2025-12-08,55,16,0.589,0.709
PU-AC0116-2025-12-15,AC0116,2025-12-15,63,12,0.804,0.56
PU-AC0116-2025-12-22,AC0116,2025-12-22,60,13,0.611,0.85
PU-AC0116-2025-12-29,AC0116,2025-12-29,61,16,0.961,0.519
PU-AC0116-2026-01-05,AC0116,2026-01-05,59,15,0.718,0.722
PU-AC0116-2026-01-12,AC0116,2026-01-12,53,15,0.659,0.702
PU-AC0116-2026-01-19,AC0116,2026-01-19,58,17,0.699,0.562
PU-AC0116-2026-01-26,AC0116,2026-01-26,56,14,0.659,0.445
PU-AC0116-2026-02-02,AC0116,2026-02-02,60,12,0.658,0.817
PU-AC0116-2026-02-09,AC0116,2026-02-09,61,15,1.0,0.698
PU-AC0116-2026-02-16,AC0116,2026-02-16,59,12,0.793,0.711
PU-AC0116-2026-02-23,AC0116,2026-02-23,57,14,0.707,0.47
PU-AC0116-2026-03-02,AC0116,2026-03-02,59,16,0.39,0.501
PU-AC0116-2026-03-09,AC0116,2026-03-09,59,16,0.906,0.876
PU-AC0116-2026-03-16,AC0116,2026-03-16,59,14,0.943,0.816
PU-AC0116-2026-03-23,AC0116,2026-03-23,60,13,0.343,0.611
PU-AC0116-2026-03-30,AC0116,2026-03-30,54,14,0.697,0.705
PU-AC0116-2026-04-06,AC0116,2026-04-06,54,15,0.776,0.409
PU-AC0116-2026-04-13,AC0116,2026-04-13,57,17,0.89,0.745
PU-AC0116-2026-04-20,AC0116,2026-04-20,49,16,0.763,0.717
PU-AC0116-2026-04-27,AC0116,2026-04-27,55,13,0.695,0.629
PU-AC0116-2026-05-04,AC0116,2026-05-04,57,13,0.817,0.71
PU-AC0116-2026-05-11,AC0116,2026-05-11,53,13,0.606,0.54
PU-AC0116-2026-05-18,AC0116,2026-05-18,56,15,0.782,0.772
PU-AC0116-2026-05-25,AC0116,2026-05-25,51,14,0.645,0.877
PU-AC0116-2026-06-01,AC0116,2026-06-01,54,16,0.652,0.516
PU-AC0116-2026-06-08,AC0116,2026-06-08,53,13,0.741,0.824
PU-AC0116-2026-06-15,AC0116,2026-06-15,55,16,0.604,0.578
PU-AC0116-2026-06-22,AC0116,2026-06-22,60,17,0.81,0.696
PU-AC0116-2026-06-29,AC0116,2026-06-29,54,14,0.699,0.743
PU-AC0116-2026-07-06,AC0116,2026-07-06,53,14,0.702,0.609
PU-AC0116-2026-07-13,AC0116,2026-07-13,57,14,0.849,0.565
PU-AC0116-2026-07-20,AC0116,2026-07-20,58,16,0.671,0.609
PU-AC0116-2026-07-27,AC0116,2026-07-27,56,16,0.646,0.584
PU-AC0116-2026-08-03,AC0116,2026-08-03,53,14,0.517,0.605
PU-AC0116-2026-08-10,AC0116,2026-08-10,60,17,0.83,0.706
PU-AC0116-2026-08-17,AC0116,2026-08-17,52,16,0.72,0.706
PU-AC0116-2026-08-24,AC0116,2026-08-24,57,13,0.868,0.415
PU-AC0117-2025-09-01,AC0117,2025-09-01,100,49,0.715,0.799
PU-AC0117-2025-09-08,AC0117,2025-09-08,97,45,0.77,0.628
PU-AC0117-2025-09-15,AC0117,2025-09-15,107,43,0.625,0.684
PU-AC0117-2025-09-22,AC0117,2025-09-22,99,49,0.843,0.657
PU-AC0117-2025-09-29,AC0117,2025-09-29,104,49,1.0,0.66
PU-AC0117-2025-10-06,AC0117,2025-10-06,116,44,0.675,0.517
PU-AC0117-2025-10-13,AC0117,2025-10-13,114,45,0.783,0.92
PU-AC0117-2025-10-20,AC0117,2025-10-20,107,49,0.611,0.353
PU-AC0117-2025-10-27,AC0117,2025-10-27,110,46,0.854,0.557
PU-AC0117-2025-11-03,AC0117,2025-11-03,106,48,0.88,0.53
PU-AC0117-2025-11-10,AC0117,2025-11-10,107,48,0.792,0.62
PU-AC0117-2025-11-17,AC0117,2025-11-17,97,50,0.883,0.509
PU-AC0117-2025-11-24,AC0117,2025-11-24,106,49,0.558,0.476
PU-AC0117-2025-12-01,AC0117,2025-12-01,112,52,0.688,0.804
PU-AC0117-2025-12-08,AC0117,2025-12-08,103,43,0.884,0.543
PU-AC0117-2025-12-15,AC0117,2025-12-15,116,56,0.822,0.578
PU-AC0117-2025-12-22,AC0117,2025-12-22,111,46,0.773,0.809
PU-AC0117-2025-12-29,AC0117,2025-12-29,105,52,0.743,0.348
PU-AC0117-2026-01-05,AC0117,2026-01-05,113,49,0.768,0.649
PU-AC0117-2026-01-12,AC0117,2026-01-12,109,47,0.694,0.545
PU-AC0117-2026-01-19,AC0117,2026-01-19,117,55,0.791,0.856
PU-AC0117-2026-01-26,AC0117,2026-01-26,112,45,0.481,0.712
PU-AC0117-2026-02-02,AC0117,2026-02-02,109,53,0.885,0.537
PU-AC0117-2026-02-09,AC0117,2026-02-09,108,44,0.648,0.449
PU-AC0117-2026-02-16,AC0117,2026-02-16,107,46,0.773,0.66
PU-AC0117-2026-02-23,AC0117,2026-02-23,103,51,0.58,0.751
PU-AC0117-2026-03-02,AC0117,2026-03-02,91,54,0.753,0.619
PU-AC0117-2026-03-09,AC0117,2026-03-09,104,51,0.795,0.502
PU-AC0117-2026-03-16,AC0117,2026-03-16,103,44,0.823,0.687
PU-AC0117-2026-03-23,AC0117,2026-03-23,106,54,0.72,0.846
PU-AC0117-2026-03-30,AC0117,2026-03-30,103,54,0.868,0.741
PU-AC0117-2026-04-06,AC0117,2026-04-06,113,47,0.734,0.941
PU-AC0117-2026-04-13,AC0117,2026-04-13,107,50,0.718,0.652
PU-AC0117-2026-04-20,AC0117,2026-04-20,103,53,0.755,0.751
PU-AC0117-2026-04-27,AC0117,2026-04-27,103,54,0.658,0.495
PU-AC0117-2026-05-04,AC0117,2026-05-04,98,53,0.639,0.622
PU-AC0117-2026-05-11,AC0117,2026-05-11,99,51,0.748,0.616
PU-AC0117-2026-05-18,AC0117,2026-05-18,103,52,0.66,0.393
PU-AC0117-2026-05-25,AC0117,2026-05-25,105,56,0.982,0.659
PU-AC0117-2026-06-01,AC0117,2026-06-01,113,53,0.73,0.702
PU-AC0117-2026-06-08,AC0117,2026-06-08,98,44,0.749,0.632
PU-AC0117-2026-06-15,AC0117,2026-06-15,99,49,0.678,0.949
PU-AC0117-2026-06-22,AC0117,2026-06-22,116,54,0.857,0.456
PU-AC0117-2026-06-29,AC0117,2026-06-29,106,47,0.652,0.431
PU-AC0117-2026-07-06,AC0117,2026-07-06,120,55,0.785,0.63
PU-AC0117-2026-07-13,AC0117,2026-07-13,111,43,0.707,0.827
PU-AC0117-2026-07-20,AC0117,2026-07-20,120,52,0.85,0.548
PU-AC0117-2026-07-27,AC0117,2026-07-27,109,47,0.692,0.47
PU-AC0117-2026-08-03,AC0117,2026-08-03,102,54,0.707,0.69
PU-AC0117-2026-08-10,AC0117,2026-08-10,109,55,0.935,0.856
PU-AC0117-2026-08-17,AC0117,2026-08-17,103,43,0.83,0.531
PU-AC0117-2026-08-24,AC0117,2026-08-24,111,49,0.8,0.571
PU-AC0118-2025-09-01,AC0118,2025-09-01,30,6,0.65,0.458
PU-AC0118-2025-09-08,AC0118,2025-09-08,27,5,0.517,0.545
PU-AC0118-2025-09-15,AC0118,2025-09-15,29,6,0.782,0.443
PU-AC0118-2025-09-22,AC0118,2025-09-22,29,5,0.801,0.884
PU-AC0118-2025-09-29,AC0118,2025-09-29,31,5,0.791,0.573
PU-AC0118-2025-10-06,AC0118,2025-10-06,29,5,0.707,0.532
PU-AC0118-2025-10-13,AC0118,2025-10-13,34,6,0.816,0.852
PU-AC0118-2025-10-20,AC0118,2025-10-20,31,5,0.705,0.773
PU-AC0118-2025-10-27,AC0118,2025-10-27,35,5,0.793,0.602
PU-AC0118-2025-11-03,AC0118,2025-11-03,34,6,0.628,0.915
PU-AC0118-2025-11-10,AC0118,2025-11-10,31,5,0.634,0.526
PU-AC0118-2025-11-17,AC0118,2025-11-17,35,5,0.547,0.578
PU-AC0118-2025-11-24,AC0118,2025-11-24,29,6,0.838,0.635
PU-AC0118-2025-12-01,AC0118,2025-12-01,31,6,0.976,0.739
PU-AC0118-2025-12-08,AC0118,2025-12-08,32,7,0.537,0.638
PU-AC0118-2025-12-15,AC0118,2025-12-15,29,5,0.699,0.602
PU-AC0118-2025-12-22,AC0118,2025-12-22,31,6,0.634,0.639
PU-AC0118-2025-12-29,AC0118,2025-12-29,31,6,0.765,0.651
PU-AC0118-2026-01-05,AC0118,2026-01-05,31,6,0.764,0.648
PU-AC0118-2026-01-12,AC0118,2026-01-12,30,6,0.541,0.687
PU-AC0118-2026-01-19,AC0118,2026-01-19,31,6,0.646,0.882
PU-AC0118-2026-01-26,AC0118,2026-01-26,30,5,0.703,0.674
PU-AC0118-2026-02-02,AC0118,2026-02-02,30,6,0.586,0.647
PU-AC0118-2026-02-09,AC0118,2026-02-09,31,5,0.462,0.9
PU-AC0118-2026-02-16,AC0118,2026-02-16,30,6,0.581,0.526
PU-AC0118-2026-02-23,AC0118,2026-02-23,32,6,0.684,0.602
PU-AC0118-2026-03-02,AC0118,2026-03-02,30,5,0.825,0.537
PU-AC0118-2026-03-09,AC0118,2026-03-09,32,6,0.733,0.747
PU-AC0118-2026-03-16,AC0118,2026-03-16,32,5,0.652,0.737
PU-AC0118-2026-03-23,AC0118,2026-03-23,30,5,0.695,0.555
PU-AC0118-2026-03-30,AC0118,2026-03-30,32,6,0.576,0.724
PU-AC0118-2026-04-06,AC0118,2026-04-06,31,5,0.63,0.584
PU-AC0118-2026-04-13,AC0118,2026-04-13,29,6,0.861,0.825
PU-AC0118-2026-04-20,AC0118,2026-04-20,31,6,0.698,0.836
PU-AC0118-2026-04-27,AC0118,2026-04-27,32,7,0.705,0.873
PU-AC0118-2026-05-04,AC0118,2026-05-04,29,6,0.751,0.649
PU-AC0118-2026-05-11,AC0118,2026-05-11,33,6,0.644,0.539
PU-AC0118-2026-05-18,AC0118,2026-05-18,33,5,0.914,0.208
PU-AC0118-2026-05-25,AC0118,2026-05-25,33,6,0.591,0.654
PU-AC0118-2026-06-01,AC0118,2026-06-01,29,6,0.598,0.634
PU-AC0118-2026-06-08,AC0118,2026-06-08,31,5,0.471,0.376
PU-AC0118-2026-06-15,AC0118,2026-06-15,32,6,0.906,0.686
PU-AC0118-2026-06-22,AC0118,2026-06-22,32,6,0.956,0.353
PU-AC0118-2026-06-29,AC0118,2026-06-29,33,6,0.747,0.796
PU-AC0118-2026-07-06,AC0118,2026-07-06,29,6,0.667,0.605
PU-AC0118-2026-07-13,AC0118,2026-07-13,31,5,0.66,0.606
PU-AC0118-2026-07-20,AC0118,2026-07-20,33,7,0.746,0.891
PU-AC0118-2026-07-27,AC0118,2026-07-27,29,6,0.773,0.698
PU-AC0118-2026-08-03,AC0118,2026-08-03,31,5,0.728,0.55
PU-AC0118-2026-08-10,AC0118,2026-08-10,29,6,0.888,0.601
PU-AC0118-2026-08-17,AC0118,2026-08-17,30,6,0.687,0.648
PU-AC0118-2026-08-24,AC0118,2026-08-24,33,6,0.781,0.71
PU-AC0119-2025-09-01,AC0119,2025-09-01,18,9,0.747,0.379
PU-AC0119-2025-09-08,AC0119,2025-09-08,18,9,0.836,0.638
PU-AC0119-2025-09-15,AC0119,2025-09-15,18,7,0.805,0.535
PU-AC0119-2025-09-22,AC0119,2025-09-22,21,10,0.815,0.638
PU-AC0119-2025-09-29,AC0119,2025-09-29,19,8,0.834,0.629
PU-AC0119-2025-10-06,AC0119,2025-10-06,20,9,0.576,0.664
PU-AC0119-2025-10-13,AC0119,2025-10-13,18,10,0.65,0.823
PU-AC0119-2025-10-20,AC0119,2025-10-20,18,9,0.705,0.695
PU-AC0119-2025-10-27,AC0119,2025-10-27,18,8,0.943,0.63
PU-AC0119-2025-11-03,AC0119,2025-11-03,17,9,0.531,0.898
PU-AC0119-2025-11-10,AC0119,2025-11-10,17,9,0.732,0.582
PU-AC0119-2025-11-17,AC0119,2025-11-17,18,10,0.615,0.95
PU-AC0119-2025-11-24,AC0119,2025-11-24,19,9,0.715,0.615
PU-AC0119-2025-12-01,AC0119,2025-12-01,17,9,0.51,0.548
PU-AC0119-2025-12-08,AC0119,2025-12-08,18,9,0.537,0.728
PU-AC0119-2025-12-15,AC0119,2025-12-15,19,10,0.634,0.75
PU-AC0119-2025-12-22,AC0119,2025-12-22,17,8,0.56,0.748
PU-AC0119-2025-12-29,AC0119,2025-12-29,17,7,0.815,0.712
PU-AC0119-2026-01-05,AC0119,2026-01-05,17,9,0.639,0.783
PU-AC0119-2026-01-12,AC0119,2026-01-12,20,8,0.991,0.637
PU-AC0119-2026-01-19,AC0119,2026-01-19,18,10,0.669,0.783
PU-AC0119-2026-01-26,AC0119,2026-01-26,17,8,0.72,0.563
PU-AC0119-2026-02-02,AC0119,2026-02-02,18,8,0.694,0.98
PU-AC0119-2026-02-09,AC0119,2026-02-09,17,7,0.745,0.692
PU-AC0119-2026-02-16,AC0119,2026-02-16,19,9,0.878,0.844
PU-AC0119-2026-02-23,AC0119,2026-02-23,17,10,0.559,0.802
PU-AC0119-2026-03-02,AC0119,2026-03-02,19,8,0.658,0.849
PU-AC0119-2026-03-09,AC0119,2026-03-09,18,8,0.656,0.635
PU-AC0119-2026-03-16,AC0119,2026-03-16,18,7,0.74,0.615
PU-AC0119-2026-03-23,AC0119,2026-03-23,19,8,0.783,0.968
PU-AC0119-2026-03-30,AC0119,2026-03-30,19,9,0.698,0.67
PU-AC0119-2026-04-06,AC0119,2026-04-06,17,7,0.758,0.614
PU-AC0119-2026-04-13,AC0119,2026-04-13,19,8,0.709,0.565
PU-AC0119-2026-04-20,AC0119,2026-04-20,17,8,0.792,0.832
PU-AC0119-2026-04-27,AC0119,2026-04-27,20,9,0.854,0.614
PU-AC0119-2026-05-04,AC0119,2026-05-04,19,9,0.936,0.635
PU-AC0119-2026-05-11,AC0119,2026-05-11,18,8,0.723,0.607
PU-AC0119-2026-05-18,AC0119,2026-05-18,18,9,0.697,0.776
PU-AC0119-2026-05-25,AC0119,2026-05-25,17,7,0.717,0.798
PU-AC0119-2026-06-01,AC0119,2026-06-01,18,10,0.842,0.704
PU-AC0119-2026-06-08,AC0119,2026-06-08,19,9,0.846,0.235
PU-AC0119-2026-06-15,AC0119,2026-06-15,19,8,0.738,0.414
PU-AC0119-2026-06-22,AC0119,2026-06-22,20,10,0.616,0.369
PU-AC0119-2026-06-29,AC0119,2026-06-29,20,9,0.792,0.604
PU-AC0119-2026-07-06,AC0119,2026-07-06,19,9,0.832,0.515
PU-AC0119-2026-07-13,AC0119,2026-07-13,17,9,0.771,0.809
PU-AC0119-2026-07-20,AC0119,2026-07-20,17,7,0.877,0.708
PU-AC0119-2026-07-27,AC0119,2026-07-27,16,9,0.646,0.709
PU-AC0119-2026-08-03,AC0119,2026-08-03,18,7,0.635,0.382
PU-AC0119-2026-08-10,AC0119,2026-08-10,19,8,0.513,0.796
PU-AC0119-2026-08-17,AC0119,2026-08-17,19,9,0.617,0.533
PU-AC0119-2026-08-24,AC0119,2026-08-24,17,7,0.873,0.654
PU-AC0120-2025-09-01,AC0120,2025-09-01,45,16,0.583,0.674
PU-AC0120-2025-09-08,AC0120,2025-09-08,48,18,0.706,0.658
PU-AC0120-2025-09-15,AC0120,2025-09-15,47,20,0.699,0.698
PU-AC0120-2025-09-22,AC0120,2025-09-22,44,19,0.839,0.741
PU-AC0120-2025-09-29,AC0120,2025-09-29,48,21,0.771,0.761
PU-AC0120-2025-10-06,AC0120,2025-10-06,46,20,0.685,0.527
PU-AC0120-2025-10-13,AC0120,2025-10-13,49,16,0.736,0.784
PU-AC0120-2025-10-20,AC0120,2025-10-20,44,17,0.707,0.841
PU-AC0120-2025-10-27,AC0120,2025-10-27,45,20,0.774,0.558
PU-AC0120-2025-11-03,AC0120,2025-11-03,48,21,0.734,0.7
PU-AC0120-2025-11-10,AC0120,2025-11-10,47,20,0.898,0.642
PU-AC0120-2025-11-17,AC0120,2025-11-17,45,20,0.604,0.705
PU-AC0120-2025-11-24,AC0120,2025-11-24,49,17,0.624,0.443
PU-AC0120-2025-12-01,AC0120,2025-12-01,45,19,0.625,0.46
PU-AC0120-2025-12-08,AC0120,2025-12-08,47,18,0.679,0.619
PU-AC0120-2025-12-15,AC0120,2025-12-15,46,22,0.626,0.743
PU-AC0120-2025-12-22,AC0120,2025-12-22,43,17,0.843,0.888
PU-AC0120-2025-12-29,AC0120,2025-12-29,43,17,0.983,0.98
PU-AC0120-2026-01-05,AC0120,2026-01-05,43,16,0.801,0.516
PU-AC0120-2026-01-12,AC0120,2026-01-12,42,20,0.645,0.678
PU-AC0120-2026-01-19,AC0120,2026-01-19,46,20,0.554,0.695
PU-AC0120-2026-01-26,AC0120,2026-01-26,48,16,0.833,0.709
PU-AC0120-2026-02-02,AC0120,2026-02-02,48,16,0.723,0.571
PU-AC0120-2026-02-09,AC0120,2026-02-09,49,20,0.588,0.783
PU-AC0120-2026-02-16,AC0120,2026-02-16,45,20,0.611,0.705
PU-AC0120-2026-02-23,AC0120,2026-02-23,47,22,0.481,0.729
PU-AC0120-2026-03-02,AC0120,2026-03-02,45,17,0.779,0.483
PU-AC0120-2026-03-09,AC0120,2026-03-09,46,19,0.527,0.465
PU-AC0120-2026-03-16,AC0120,2026-03-16,43,18,0.773,0.692
PU-AC0120-2026-03-23,AC0120,2026-03-23,48,16,0.612,0.644
PU-AC0120-2026-03-30,AC0120,2026-03-30,41,21,0.794,0.598
PU-AC0120-2026-04-06,AC0120,2026-04-06,45,17,0.522,0.753
PU-AC0120-2026-04-13,AC0120,2026-04-13,43,22,0.634,0.735
PU-AC0120-2026-04-20,AC0120,2026-04-20,45,18,0.79,0.517
PU-AC0120-2026-04-27,AC0120,2026-04-27,46,17,0.516,0.555
PU-AC0120-2026-05-04,AC0120,2026-05-04,51,17,0.664,0.677
PU-AC0120-2026-05-11,AC0120,2026-05-11,52,22,0.879,0.694
PU-AC0120-2026-05-18,AC0120,2026-05-18,44,18,0.726,0.309
PU-AC0120-2026-05-25,AC0120,2026-05-25,46,20,0.533,0.565
PU-AC0120-2026-06-01,AC0120,2026-06-01,46,18,0.563,0.466
PU-AC0120-2026-06-08,AC0120,2026-06-08,46,20,0.622,0.665
PU-AC0120-2026-06-15,AC0120,2026-06-15,42,17,0.629,0.779
PU-AC0120-2026-06-22,AC0120,2026-06-22,44,18,0.635,0.678
PU-AC0120-2026-06-29,AC0120,2026-06-29,43,18,0.657,0.746
PU-AC0120-2026-07-06,AC0120,2026-07-06,46,17,0.925,0.569
PU-AC0120-2026-07-13,AC0120,2026-07-13,49,19,0.662,0.629
PU-AC0120-2026-07-20,AC0120,2026-07-20,48,19,0.832,0.656
PU-AC0120-2026-07-27,AC0120,2026-07-27,50,17,0.688,0.422
PU-AC0120-2026-08-03,AC0120,2026-08-03,47,17,0.61,0.661
PU-AC0120-2026-08-10,AC0120,2026-08-10,46,22,0.977,0.757
PU-AC0120-2026-08-17,AC0120,2026-08-17,48,17,0.837,0.764
PU-AC0120-2026-08-24,AC0120,2026-08-24,40,18,0.786,0.541
PU-AC0121-2025-09-01,AC0121,2025-09-01,74,43,0.659,0.786
PU-AC0121-2025-09-08,AC0121,2025-09-08,79,39,1.0,0.692
PU-AC0121-2025-09-15,AC0121,2025-09-15,77,40,0.441,0.599
PU-AC0121-2025-09-22,AC0121,2025-09-22,78,34,0.668,0.51
PU-AC0121-2025-09-29,AC0121,2025-09-29,81,45,0.395,0.46
PU-AC0121-2025-10-06,AC0121,2025-10-06,74,40,0.873,0.597
PU-AC0121-2025-10-13,AC0121,2025-10-13,80,41,0.743,0.876
PU-AC0121-2025-10-20,AC0121,2025-10-20,82,43,0.686,0.703
PU-AC0121-2025-10-27,AC0121,2025-10-27,82,34,0.674,0.885
PU-AC0121-2025-11-03,AC0121,2025-11-03,79,43,0.568,0.684
PU-AC0121-2025-11-10,AC0121,2025-11-10,76,35,0.735,0.674
PU-AC0121-2025-11-17,AC0121,2025-11-17,79,38,0.641,0.916
PU-AC0121-2025-11-24,AC0121,2025-11-24,78,42,0.685,0.654
PU-AC0121-2025-12-01,AC0121,2025-12-01,82,41,0.497,0.558
PU-AC0121-2025-12-08,AC0121,2025-12-08,81,35,0.699,0.719
PU-AC0121-2025-12-15,AC0121,2025-12-15,71,35,0.64,0.815
PU-AC0121-2025-12-22,AC0121,2025-12-22,73,37,0.564,0.98
PU-AC0121-2025-12-29,AC0121,2025-12-29,76,38,0.727,0.369
PU-AC0121-2026-01-05,AC0121,2026-01-05,78,40,0.685,0.533
PU-AC0121-2026-01-12,AC0121,2026-01-12,75,34,0.902,0.89
PU-AC0121-2026-01-19,AC0121,2026-01-19,79,39,0.723,0.564
PU-AC0121-2026-01-26,AC0121,2026-01-26,79,37,0.786,0.427
PU-AC0121-2026-02-02,AC0121,2026-02-02,83,41,0.553,0.652
PU-AC0121-2026-02-09,AC0121,2026-02-09,76,35,0.929,0.605
PU-AC0121-2026-02-16,AC0121,2026-02-16,72,36,0.848,0.468
PU-AC0121-2026-02-23,AC0121,2026-02-23,76,45,0.793,0.611
PU-AC0121-2026-03-02,AC0121,2026-03-02,76,36,0.808,0.545
PU-AC0121-2026-03-09,AC0121,2026-03-09,81,39,0.689,0.526
PU-AC0121-2026-03-16,AC0121,2026-03-16,76,41,0.671,0.301
PU-AC0121-2026-03-23,AC0121,2026-03-23,71,35,0.899,0.735
PU-AC0121-2026-03-30,AC0121,2026-03-30,79,41,0.649,0.712
PU-AC0121-2026-04-06,AC0121,2026-04-06,72,38,0.715,0.902
PU-AC0121-2026-04-13,AC0121,2026-04-13,85,35,0.771,0.558
PU-AC0121-2026-04-20,AC0121,2026-04-20,85,43,0.517,0.79
PU-AC0121-2026-04-27,AC0121,2026-04-27,80,40,0.658,0.769
PU-AC0121-2026-05-04,AC0121,2026-05-04,84,41,0.643,0.695
PU-AC0121-2026-05-11,AC0121,2026-05-11,80,37,1.0,0.744
PU-AC0121-2026-05-18,AC0121,2026-05-18,65,37,0.843,0.524
PU-AC0121-2026-05-25,AC0121,2026-05-25,76,41,0.667,0.685
PU-AC0121-2026-06-01,AC0121,2026-06-01,71,37,0.668,0.768
PU-AC0121-2026-06-08,AC0121,2026-06-08,78,35,0.534,0.721
PU-AC0121-2026-06-15,AC0121,2026-06-15,82,42,0.857,0.595
PU-AC0121-2026-06-22,AC0121,2026-06-22,73,36,0.718,0.715
PU-AC0121-2026-06-29,AC0121,2026-06-29,79,34,0.757,0.689
PU-AC0121-2026-07-06,AC0121,2026-07-06,84,35,0.595,0.709
PU-AC0121-2026-07-13,AC0121,2026-07-13,82,38,0.773,0.84
PU-AC0121-2026-07-20,AC0121,2026-07-20,74,43,0.921,0.494
PU-AC0121-2026-07-27,AC0121,2026-07-27,73,37,0.717,0.841
PU-AC0121-2026-08-03,AC0121,2026-08-03,83,43,0.737,0.663
PU-AC0121-2026-08-10,AC0121,2026-08-10,72,35,0.726,0.647
PU-AC0121-2026-08-17,AC0121,2026-08-17,80,39,0.815,0.424
PU-AC0121-2026-08-24,AC0121,2026-08-24,70,34,0.712,0.722
PU-AC0122-2025-09-01,AC0122,2025-09-01,32,8,0.864,0.765
PU-AC0122-2025-09-08,AC0122,2025-09-08,28,8,0.732,0.607
PU-AC0122-2025-09-15,AC0122,2025-09-15,33,8,0.838,0.769
PU-AC0122-2025-09-22,AC0122,2025-09-22,33,9,0.854,0.573
PU-AC0122-2025-09-29,AC0122,2025-09-29,30,9,0.532,0.749
PU-AC0122-2025-10-06,AC0122,2025-10-06,32,8,0.737,0.687
PU-AC0122-2025-10-13,AC0122,2025-10-13,30,8,0.569,0.488
PU-AC0122-2025-10-20,AC0122,2025-10-20,32,10,0.702,0.863
PU-AC0122-2025-10-27,AC0122,2025-10-27,31,9,0.624,0.642
PU-AC0122-2025-11-03,AC0122,2025-11-03,32,8,0.869,0.719
PU-AC0122-2025-11-10,AC0122,2025-11-10,31,10,0.574,0.793
PU-AC0122-2025-11-17,AC0122,2025-11-17,33,10,0.525,0.447
PU-AC0122-2025-11-24,AC0122,2025-11-24,34,9,0.758,0.488
PU-AC0122-2025-12-01,AC0122,2025-12-01,28,10,0.609,0.65
PU-AC0122-2025-12-08,AC0122,2025-12-08,31,10,0.701,0.499
PU-AC0122-2025-12-15,AC0122,2025-12-15,28,8,0.669,0.447
PU-AC0122-2025-12-22,AC0122,2025-12-22,33,9,0.593,0.713
PU-AC0122-2025-12-29,AC0122,2025-12-29,32,8,0.704,0.812
PU-AC0122-2026-01-05,AC0122,2026-01-05,35,10,0.767,0.72
PU-AC0122-2026-01-12,AC0122,2026-01-12,31,8,0.695,0.572
PU-AC0122-2026-01-19,AC0122,2026-01-19,33,10,0.821,0.523
PU-AC0122-2026-01-26,AC0122,2026-01-26,30,9,0.725,0.447
PU-AC0122-2026-02-02,AC0122,2026-02-02,28,8,0.661,0.396
PU-AC0122-2026-02-09,AC0122,2026-02-09,29,9,0.631,0.708
PU-AC0122-2026-02-16,AC0122,2026-02-16,34,10,0.847,0.61
PU-AC0122-2026-02-23,AC0122,2026-02-23,31,8,0.886,0.72
PU-AC0122-2026-03-02,AC0122,2026-03-02,31,10,0.509,0.73
PU-AC0122-2026-03-09,AC0122,2026-03-09,33,8,0.704,0.57
PU-AC0122-2026-03-16,AC0122,2026-03-16,32,9,0.59,0.737
PU-AC0122-2026-03-23,AC0122,2026-03-23,32,9,0.814,0.543
PU-AC0122-2026-03-30,AC0122,2026-03-30,30,10,0.446,0.676
PU-AC0122-2026-04-06,AC0122,2026-04-06,30,8,0.742,0.576
PU-AC0122-2026-04-13,AC0122,2026-04-13,32,8,0.656,0.588
PU-AC0122-2026-04-20,AC0122,2026-04-20,33,8,0.995,0.62
PU-AC0122-2026-04-27,AC0122,2026-04-27,31,9,0.783,0.616
PU-AC0122-2026-05-04,AC0122,2026-05-04,33,10,0.719,0.577
PU-AC0122-2026-05-11,AC0122,2026-05-11,32,10,0.554,0.751
PU-AC0122-2026-05-18,AC0122,2026-05-18,33,10,0.61,0.715
PU-AC0122-2026-05-25,AC0122,2026-05-25,32,8,0.798,0.64
PU-AC0122-2026-06-01,AC0122,2026-06-01,29,10,0.606,0.587
PU-AC0122-2026-06-08,AC0122,2026-06-08,34,9,0.559,0.7
PU-AC0122-2026-06-15,AC0122,2026-06-15,33,8,0.635,0.652
PU-AC0122-2026-06-22,AC0122,2026-06-22,27,8,0.881,0.722
PU-AC0122-2026-06-29,AC0122,2026-06-29,30,9,0.697,0.751
PU-AC0122-2026-07-06,AC0122,2026-07-06,31,10,0.731,0.556
PU-AC0122-2026-07-13,AC0122,2026-07-13,30,10,0.8,0.711
PU-AC0122-2026-07-20,AC0122,2026-07-20,33,8,0.594,0.686
PU-AC0122-2026-07-27,AC0122,2026-07-27,31,9,0.734,0.701
PU-AC0122-2026-08-03,AC0122,2026-08-03,27,10,0.734,0.6
PU-AC0122-2026-08-10,AC0122,2026-08-10,33,10,0.918,0.593
PU-AC0122-2026-08-17,AC0122,2026-08-17,28,9,0.901,0.595
PU-AC0122-2026-08-24,AC0122,2026-08-24,33,8,0.751,0.82
PU-AC0123-2025-09-01,AC0123,2025-09-01,23,7,0.662,0.838
PU-AC0123-2025-09-08,AC0123,2025-09-08,21,5,0.578,0.753
PU-AC0123-2025-09-15,AC0123,2025-09-15,23,6,0.456,0.665
PU-AC0123-2025-09-22,AC0123,2025-09-22,24,5,0.877,0.782
PU-AC0123-2025-09-29,AC0123,2025-09-29,24,6,0.768,0.282
PU-AC0123-2025-10-06,AC0123,2025-10-06,25,7,0.723,0.645
PU-AC0123-2025-10-13,AC0123,2025-10-13,23,5,0.797,0.844
PU-AC0123-2025-10-20,AC0123,2025-10-20,23,6,0.727,0.851
PU-AC0123-2025-10-27,AC0123,2025-10-27,22,6,0.643,0.629
PU-AC0123-2025-11-03,AC0123,2025-11-03,23,5,0.744,0.771
PU-AC0123-2025-11-10,AC0123,2025-11-10,22,6,0.831,0.77
PU-AC0123-2025-11-17,AC0123,2025-11-17,26,5,0.644,0.818
PU-AC0123-2025-11-24,AC0123,2025-11-24,24,6,0.575,0.46
PU-AC0123-2025-12-01,AC0123,2025-12-01,23,5,0.782,0.804
PU-AC0123-2025-12-08,AC0123,2025-12-08,24,7,0.872,0.822
PU-AC0123-2025-12-15,AC0123,2025-12-15,23,7,0.75,0.729
PU-AC0123-2025-12-22,AC0123,2025-12-22,20,6,0.664,0.654
PU-AC0123-2025-12-29,AC0123,2025-12-29,23,6,0.843,0.593
PU-AC0123-2026-01-05,AC0123,2026-01-05,21,6,0.806,0.518
PU-AC0123-2026-01-12,AC0123,2026-01-12,21,5,0.753,0.528
PU-AC0123-2026-01-19,AC0123,2026-01-19,25,7,0.89,0.458
PU-AC0123-2026-01-26,AC0123,2026-01-26,23,6,0.85,0.675
PU-AC0123-2026-02-02,AC0123,2026-02-02,24,6,0.941,0.702
PU-AC0123-2026-02-09,AC0123,2026-02-09,24,7,0.731,0.837
PU-AC0123-2026-02-16,AC0123,2026-02-16,24,6,0.582,0.645
PU-AC0123-2026-02-23,AC0123,2026-02-23,24,7,0.834,0.436
PU-AC0123-2026-03-02,AC0123,2026-03-02,25,7,0.712,0.507
PU-AC0123-2026-03-09,AC0123,2026-03-09,23,7,0.565,0.686
PU-AC0123-2026-03-16,AC0123,2026-03-16,23,7,0.753,0.618
PU-AC0123-2026-03-23,AC0123,2026-03-23,23,5,0.727,0.515
PU-AC0123-2026-03-30,AC0123,2026-03-30,25,7,0.8,0.751
PU-AC0123-2026-04-06,AC0123,2026-04-06,21,7,0.549,0.556
PU-AC0123-2026-04-13,AC0123,2026-04-13,21,6,0.742,0.683
PU-AC0123-2026-04-20,AC0123,2026-04-20,24,6,0.645,0.712
PU-AC0123-2026-04-27,AC0123,2026-04-27,27,6,0.808,0.684
PU-AC0123-2026-05-04,AC0123,2026-05-04,23,7,0.591,0.697
PU-AC0123-2026-05-11,AC0123,2026-05-11,23,5,0.665,0.705
PU-AC0123-2026-05-18,AC0123,2026-05-18,25,6,0.63,0.699
PU-AC0123-2026-05-25,AC0123,2026-05-25,24,5,0.793,0.468
PU-AC0123-2026-06-01,AC0123,2026-06-01,24,5,0.646,0.7
PU-AC0123-2026-06-08,AC0123,2026-06-08,24,5,0.795,0.707
PU-AC0123-2026-06-15,AC0123,2026-06-15,22,6,0.89,0.66
PU-AC0123-2026-06-22,AC0123,2026-06-22,25,7,0.837,0.573
PU-AC0123-2026-06-29,AC0123,2026-06-29,23,7,0.736,0.377
PU-AC0123-2026-07-06,AC0123,2026-07-06,23,5,0.896,0.767
PU-AC0123-2026-07-13,AC0123,2026-07-13,25,5,0.572,0.968
PU-AC0123-2026-07-20,AC0123,2026-07-20,23,6,0.66,0.677
PU-AC0123-2026-07-27,AC0123,2026-07-27,26,7,0.579,0.647
PU-AC0123-2026-08-03,AC0123,2026-08-03,24,7,0.593,0.741
PU-AC0123-2026-08-10,AC0123,2026-08-10,26,6,0.748,0.595
PU-AC0123-2026-08-17,AC0123,2026-08-17,23,7,0.767,0.558
PU-AC0123-2026-08-24,AC0123,2026-08-24,23,6,0.566,0.416
PU-AC0124-2025-09-01,AC0124,2025-09-01,49,22,0.71,0.653
PU-AC0124-2025-09-08,AC0124,2025-09-08,50,21,0.781,0.553
PU-AC0124-2025-09-15,AC0124,2025-09-15,47,17,0.67,0.403
PU-AC0124-2025-09-22,AC0124,2025-09-22,48,23,0.788,0.589
PU-AC0124-2025-09-29,AC0124,2025-09-29,51,21,0.621,0.378
PU-AC0124-2025-10-06,AC0124,2025-10-06,53,21,0.858,0.351
PU-AC0124-2025-10-13,AC0124,2025-10-13,44,19,0.792,0.548
PU-AC0124-2025-10-20,AC0124,2025-10-20,50,19,0.503,0.528
PU-AC0124-2025-10-27,AC0124,2025-10-27,50,21,0.823,0.666
PU-AC0124-2025-11-03,AC0124,2025-11-03,51,20,0.833,0.79
PU-AC0124-2025-11-10,AC0124,2025-11-10,49,17,0.777,0.667
PU-AC0124-2025-11-17,AC0124,2025-11-17,50,17,0.643,0.801
PU-AC0124-2025-11-24,AC0124,2025-11-24,50,21,0.669,0.504
PU-AC0124-2025-12-01,AC0124,2025-12-01,53,17,0.603,0.635
PU-AC0124-2025-12-08,AC0124,2025-12-08,52,23,0.72,0.565
PU-AC0124-2025-12-15,AC0124,2025-12-15,46,22,0.822,0.632
PU-AC0124-2025-12-22,AC0124,2025-12-22,50,17,0.824,0.636
PU-AC0124-2025-12-29,AC0124,2025-12-29,48,18,0.671,0.871
PU-AC0124-2026-01-05,AC0124,2026-01-05,52,20,0.732,0.797
PU-AC0124-2026-01-12,AC0124,2026-01-12,49,19,0.725,0.53
PU-AC0124-2026-01-19,AC0124,2026-01-19,49,18,1.0,0.562
PU-AC0124-2026-01-26,AC0124,2026-01-26,45,18,0.85,0.844
PU-AC0124-2026-02-02,AC0124,2026-02-02,45,18,0.793,0.728
PU-AC0124-2026-02-09,AC0124,2026-02-09,51,22,0.851,0.351
PU-AC0124-2026-02-16,AC0124,2026-02-16,49,17,0.818,0.506
PU-AC0124-2026-02-23,AC0124,2026-02-23,51,17,0.846,0.745
PU-AC0124-2026-03-02,AC0124,2026-03-02,45,20,0.891,0.656
PU-AC0124-2026-03-09,AC0124,2026-03-09,49,20,0.805,0.66
PU-AC0124-2026-03-16,AC0124,2026-03-16,46,19,0.693,0.433
PU-AC0124-2026-03-23,AC0124,2026-03-23,46,20,0.645,0.6
PU-AC0124-2026-03-30,AC0124,2026-03-30,44,19,0.842,0.907
PU-AC0124-2026-04-06,AC0124,2026-04-06,48,20,0.742,0.721
PU-AC0124-2026-04-13,AC0124,2026-04-13,49,18,0.788,0.68
PU-AC0124-2026-04-20,AC0124,2026-04-20,43,17,0.797,0.722
PU-AC0124-2026-04-27,AC0124,2026-04-27,47,23,0.697,0.631
PU-AC0124-2026-05-04,AC0124,2026-05-04,48,19,0.489,0.615
PU-AC0124-2026-05-11,AC0124,2026-05-11,47,21,0.714,0.646
PU-AC0124-2026-05-18,AC0124,2026-05-18,45,20,0.663,0.611
PU-AC0124-2026-05-25,AC0124,2026-05-25,48,17,0.734,0.497
PU-AC0124-2026-06-01,AC0124,2026-06-01,48,23,0.66,0.724
PU-AC0124-2026-06-08,AC0124,2026-06-08,47,17,0.789,0.633
PU-AC0124-2026-06-15,AC0124,2026-06-15,48,20,0.593,0.432
PU-AC0124-2026-06-22,AC0124,2026-06-22,49,18,0.516,0.548
PU-AC0124-2026-06-29,AC0124,2026-06-29,48,18,0.846,0.543
PU-AC0124-2026-07-06,AC0124,2026-07-06,48,19,0.669,0.483
PU-AC0124-2026-07-13,AC0124,2026-07-13,50,20,0.626,0.653
PU-AC0124-2026-07-20,AC0124,2026-07-20,43,19,0.457,0.521
PU-AC0124-2026-07-27,AC0124,2026-07-27,46,17,0.62,0.572
PU-AC0124-2026-08-03,AC0124,2026-08-03,49,22,0.955,0.709
PU-AC0124-2026-08-10,AC0124,2026-08-10,50,17,0.869,0.779
PU-AC0124-2026-08-17,AC0124,2026-08-17,46,20,0.825,0.449
PU-AC0124-2026-08-24,AC0124,2026-08-24,53,21,0.749,0.55
PU-AC0125-2025-09-01,AC0125,2025-09-01,59,15,0.741,0.663
PU-AC0125-2025-09-08,AC0125,2025-09-08,55,17,0.901,0.586
PU-AC0125-2025-09-15,AC0125,2025-09-15,58,14,0.779,0.862
PU-AC0125-2025-09-22,AC0125,2025-09-22,62,18,0.734,0.456
PU-AC0125-2025-09-29,AC0125,2025-09-29,65,14,0.644,0.644
PU-AC0125-2025-10-06,AC0125,2025-10-06,62,19,0.87,0.471
PU-AC0125-2025-10-13,AC0125,2025-10-13,56,16,0.703,0.694
PU-AC0125-2025-10-20,AC0125,2025-10-20,54,18,0.894,0.649
PU-AC0125-2025-10-27,AC0125,2025-10-27,57,16,0.563,0.623
PU-AC0125-2025-11-03,AC0125,2025-11-03,58,17,1.0,0.656
PU-AC0125-2025-11-10,AC0125,2025-11-10,55,15,0.581,0.523
PU-AC0125-2025-11-17,AC0125,2025-11-17,61,16,0.728,0.647
PU-AC0125-2025-11-24,AC0125,2025-11-24,65,17,0.656,0.805
PU-AC0125-2025-12-01,AC0125,2025-12-01,53,18,0.85,0.699
PU-AC0125-2025-12-08,AC0125,2025-12-08,56,16,0.585,0.607
PU-AC0125-2025-12-15,AC0125,2025-12-15,53,19,0.504,0.682
PU-AC0125-2025-12-22,AC0125,2025-12-22,62,16,0.531,0.414
PU-AC0125-2025-12-29,AC0125,2025-12-29,59,16,0.802,0.856
PU-AC0125-2026-01-05,AC0125,2026-01-05,62,14,0.843,0.601
PU-AC0125-2026-01-12,AC0125,2026-01-12,58,19,0.608,0.716
PU-AC0125-2026-01-19,AC0125,2026-01-19,59,17,0.579,0.782
PU-AC0125-2026-01-26,AC0125,2026-01-26,57,17,0.947,0.604
PU-AC0125-2026-02-02,AC0125,2026-02-02,57,18,0.661,0.757
PU-AC0125-2026-02-09,AC0125,2026-02-09,58,14,0.593,0.462
PU-AC0125-2026-02-16,AC0125,2026-02-16,59,16,0.716,0.98
PU-AC0125-2026-02-23,AC0125,2026-02-23,63,18,1.0,0.694
PU-AC0125-2026-03-02,AC0125,2026-03-02,57,19,0.751,0.595
PU-AC0125-2026-03-09,AC0125,2026-03-09,62,18,0.79,0.697
PU-AC0125-2026-03-16,AC0125,2026-03-16,60,14,0.611,0.676
PU-AC0125-2026-03-23,AC0125,2026-03-23,57,18,0.908,0.87
PU-AC0125-2026-03-30,AC0125,2026-03-30,59,16,0.747,0.527
PU-AC0125-2026-04-06,AC0125,2026-04-06,57,17,0.619,0.972
PU-AC0125-2026-04-13,AC0125,2026-04-13,56,14,0.801,0.355
PU-AC0125-2026-04-20,AC0125,2026-04-20,61,18,0.684,0.819
PU-AC0125-2026-04-27,AC0125,2026-04-27,57,17,0.551,0.715
PU-AC0125-2026-05-04,AC0125,2026-05-04,56,16,0.723,0.739
PU-AC0125-2026-05-11,AC0125,2026-05-11,59,17,0.847,0.768
PU-AC0125-2026-05-18,AC0125,2026-05-18,60,17,0.652,0.71
PU-AC0125-2026-05-25,AC0125,2026-05-25,55,18,0.629,0.546
PU-AC0125-2026-06-01,AC0125,2026-06-01,57,16,0.811,0.426
PU-AC0125-2026-06-08,AC0125,2026-06-08,51,18,0.69,0.54
PU-AC0125-2026-06-15,AC0125,2026-06-15,49,18,0.695,0.539
PU-AC0125-2026-06-22,AC0125,2026-06-22,58,15,0.413,0.616
PU-AC0125-2026-06-29,AC0125,2026-06-29,55,14,0.626,0.556
PU-AC0125-2026-07-06,AC0125,2026-07-06,57,18,0.719,0.698
PU-AC0125-2026-07-13,AC0125,2026-07-13,61,18,0.734,0.93
PU-AC0125-2026-07-20,AC0125,2026-07-20,55,16,0.61,0.456
PU-AC0125-2026-07-27,AC0125,2026-07-27,67,18,0.604,0.674
PU-AC0125-2026-08-03,AC0125,2026-08-03,62,17,0.913,0.708
PU-AC0125-2026-08-10,AC0125,2026-08-10,58,18,0.931,0.563
PU-AC0125-2026-08-17,AC0125,2026-08-17,57,15,0.606,0.623
PU-AC0125-2026-08-24,AC0125,2026-08-24,54,19,0.36,0.562
PU-AC0126-2025-09-01,AC0126,2025-09-01,110,43,0.709,0.559
PU-AC0126-2025-09-08,AC0126,2025-09-08,113,41,0.539,0.828
PU-AC0126-2025-09-15,AC0126,2025-09-15,134,43,0.735,0.914
PU-AC0126-2025-09-22,AC0126,2025-09-22,120,37,0.765,0.54
PU-AC0126-2025-09-29,AC0126,2025-09-29,107,37,0.562,0.505
PU-AC0126-2025-10-06,AC0126,2025-10-06,117,40,0.887,0.613
PU-AC0126-2025-10-13,AC0126,2025-10-13,118,33,0.695,0.515
PU-AC0126-2025-10-20,AC0126,2025-10-20,116,38,0.846,0.593
PU-AC0126-2025-10-27,AC0126,2025-10-27,113,45,0.635,0.782
PU-AC0126-2025-11-03,AC0126,2025-11-03,110,35,0.509,0.551
PU-AC0126-2025-11-10,AC0126,2025-11-10,121,34,0.622,0.65
PU-AC0126-2025-11-17,AC0126,2025-11-17,111,42,0.722,0.566
PU-AC0126-2025-11-24,AC0126,2025-11-24,106,37,0.68,0.479
PU-AC0126-2025-12-01,AC0126,2025-12-01,115,39,0.65,0.624
PU-AC0126-2025-12-08,AC0126,2025-12-08,120,45,0.9,0.552
PU-AC0126-2025-12-15,AC0126,2025-12-15,100,38,0.7,0.739
PU-AC0126-2025-12-22,AC0126,2025-12-22,100,33,0.676,0.683
PU-AC0126-2025-12-29,AC0126,2025-12-29,107,41,0.683,0.38
PU-AC0126-2026-01-05,AC0126,2026-01-05,118,43,0.61,0.471
PU-AC0126-2026-01-12,AC0126,2026-01-12,120,41,0.614,0.85
PU-AC0126-2026-01-19,AC0126,2026-01-19,112,43,0.617,0.557
PU-AC0126-2026-01-26,AC0126,2026-01-26,109,41,0.869,0.529
PU-AC0126-2026-02-02,AC0126,2026-02-02,93,37,0.666,0.633
PU-AC0126-2026-02-09,AC0126,2026-02-09,126,34,0.641,0.648
PU-AC0126-2026-02-16,AC0126,2026-02-16,114,37,0.722,0.763
PU-AC0126-2026-02-23,AC0126,2026-02-23,117,38,0.632,0.959
PU-AC0126-2026-03-02,AC0126,2026-03-02,117,42,0.621,0.671
PU-AC0126-2026-03-09,AC0126,2026-03-09,116,38,0.819,0.832
PU-AC0126-2026-03-16,AC0126,2026-03-16,118,44,0.762,0.568
PU-AC0126-2026-03-23,AC0126,2026-03-23,105,41,0.958,0.737
PU-AC0126-2026-03-30,AC0126,2026-03-30,98,35,0.541,0.493
PU-AC0126-2026-04-06,AC0126,2026-04-06,114,41,0.567,0.57
PU-AC0126-2026-04-13,AC0126,2026-04-13,133,37,0.589,0.689
PU-AC0126-2026-04-20,AC0126,2026-04-20,112,36,0.713,0.647
PU-AC0126-2026-04-27,AC0126,2026-04-27,113,37,0.541,0.742
PU-AC0126-2026-05-04,AC0126,2026-05-04,117,35,0.597,0.567
PU-AC0126-2026-05-11,AC0126,2026-05-11,108,34,0.667,0.38
PU-AC0126-2026-05-18,AC0126,2026-05-18,113,44,0.768,0.48
PU-AC0126-2026-05-25,AC0126,2026-05-25,92,44,0.833,0.482
PU-AC0126-2026-06-01,AC0126,2026-06-01,120,42,0.503,0.767
PU-AC0126-2026-06-08,AC0126,2026-06-08,115,33,0.853,0.603
PU-AC0126-2026-06-15,AC0126,2026-06-15,118,41,0.832,0.607
PU-AC0126-2026-06-22,AC0126,2026-06-22,117,45,0.94,0.602
PU-AC0126-2026-06-29,AC0126,2026-06-29,110,39,0.557,0.347
PU-AC0126-2026-07-06,AC0126,2026-07-06,121,38,0.902,0.689
PU-AC0126-2026-07-13,AC0126,2026-07-13,117,44,0.581,0.789
PU-AC0126-2026-07-20,AC0126,2026-07-20,114,36,0.808,0.662
PU-AC0126-2026-07-27,AC0126,2026-07-27,114,45,0.762,0.603
PU-AC0126-2026-08-03,AC0126,2026-08-03,115,43,0.954,0.828
PU-AC0126-2026-08-10,AC0126,2026-08-10,118,36,0.781,0.78
PU-AC0126-2026-08-17,AC0126,2026-08-17,108,37,0.838,0.482
PU-AC0126-2026-08-24,AC0126,2026-08-24,103,42,0.764,0.611
PU-AC0127-2025-09-01,AC0127,2025-09-01,95,53,0.65,0.528
PU-AC0127-2025-09-08,AC0127,2025-09-08,101,53,0.823,0.775
PU-AC0127-2025-09-15,AC0127,2025-09-15,99,56,0.628,0.51
PU-AC0127-2025-09-22,AC0127,2025-09-22,90,61,0.729,0.436
PU-AC0127-2025-09-29,AC0127,2025-09-29,92,62,0.766,0.528
PU-AC0127-2025-10-06,AC0127,2025-10-06,90,58,0.745,0.552
PU-AC0127-2025-10-13,AC0127,2025-10-13,96,53,0.755,0.725
PU-AC0127-2025-10-20,AC0127,2025-10-20,93,50,0.852,0.423
PU-AC0127-2025-10-27,AC0127,2025-10-27,93,63,0.702,0.554
PU-AC0127-2025-11-03,AC0127,2025-11-03,85,50,0.671,0.734
PU-AC0127-2025-11-10,AC0127,2025-11-10,97,53,0.667,0.726
PU-AC0127-2025-11-17,AC0127,2025-11-17,102,50,0.663,0.649
PU-AC0127-2025-11-24,AC0127,2025-11-24,107,54,0.661,0.511
PU-AC0127-2025-12-01,AC0127,2025-12-01,94,63,0.556,0.98
PU-AC0127-2025-12-08,AC0127,2025-12-08,92,56,0.783,0.715
PU-AC0127-2025-12-15,AC0127,2025-12-15,108,63,0.796,0.585
PU-AC0127-2025-12-22,AC0127,2025-12-22,93,50,0.506,0.602
PU-AC0127-2025-12-29,AC0127,2025-12-29,99,61,0.869,0.619
PU-AC0127-2026-01-05,AC0127,2026-01-05,93,56,0.672,0.35
PU-AC0127-2026-01-12,AC0127,2026-01-12,98,58,0.748,0.538
PU-AC0127-2026-01-19,AC0127,2026-01-19,94,62,0.683,0.844
PU-AC0127-2026-01-26,AC0127,2026-01-26,95,48,0.719,0.549
PU-AC0127-2026-02-02,AC0127,2026-02-02,94,52,0.647,0.613
PU-AC0127-2026-02-09,AC0127,2026-02-09,102,58,0.626,0.501
PU-AC0127-2026-02-16,AC0127,2026-02-16,96,61,0.655,0.74
PU-AC0127-2026-02-23,AC0127,2026-02-23,95,61,0.7,0.591
PU-AC0127-2026-03-02,AC0127,2026-03-02,98,60,0.742,0.728
PU-AC0127-2026-03-09,AC0127,2026-03-09,99,58,0.639,0.624
PU-AC0127-2026-03-16,AC0127,2026-03-16,97,55,0.731,0.329
PU-AC0127-2026-03-23,AC0127,2026-03-23,101,61,0.712,0.739
PU-AC0127-2026-03-30,AC0127,2026-03-30,105,52,0.618,0.484
PU-AC0127-2026-04-06,AC0127,2026-04-06,100,47,0.806,0.699
PU-AC0127-2026-04-13,AC0127,2026-04-13,92,58,0.699,0.539
PU-AC0127-2026-04-20,AC0127,2026-04-20,94,55,1.0,0.309
PU-AC0127-2026-04-27,AC0127,2026-04-27,96,62,0.878,0.697
PU-AC0127-2026-05-04,AC0127,2026-05-04,102,48,0.777,0.343
PU-AC0127-2026-05-11,AC0127,2026-05-11,90,50,0.713,0.784
PU-AC0127-2026-05-18,AC0127,2026-05-18,96,61,0.718,0.71
PU-AC0127-2026-05-25,AC0127,2026-05-25,104,58,0.745,0.589
PU-AC0127-2026-06-01,AC0127,2026-06-01,90,62,0.675,0.58
PU-AC0127-2026-06-08,AC0127,2026-06-08,100,49,0.703,0.533
PU-AC0127-2026-06-15,AC0127,2026-06-15,99,55,0.65,0.646
PU-AC0127-2026-06-22,AC0127,2026-06-22,92,52,0.672,0.629
PU-AC0127-2026-06-29,AC0127,2026-06-29,84,47,0.796,0.44
PU-AC0127-2026-07-06,AC0127,2026-07-06,101,62,0.674,0.817
PU-AC0127-2026-07-13,AC0127,2026-07-13,82,57,0.661,0.664
PU-AC0127-2026-07-20,AC0127,2026-07-20,99,57,0.552,0.704
PU-AC0127-2026-07-27,AC0127,2026-07-27,93,61,0.798,0.592
PU-AC0127-2026-08-03,AC0127,2026-08-03,103,51,0.939,0.734
PU-AC0127-2026-08-10,AC0127,2026-08-10,95,54,0.799,0.659
PU-AC0127-2026-08-17,AC0127,2026-08-17,83,62,0.637,0.608
PU-AC0127-2026-08-24,AC0127,2026-08-24,101,57,0.722,0.565
PU-AC0128-2025-09-01,AC0128,2025-09-01,21,9,0.739,0.539
PU-AC0128-2025-09-08,AC0128,2025-09-08,19,7,0.681,0.684
PU-AC0128-2025-09-15,AC0128,2025-09-15,22,7,0.741,0.698
PU-AC0128-2025-09-22,AC0128,2025-09-22,20,8,0.793,0.685
PU-AC0128-2025-09-29,AC0128,2025-09-29,20,8,0.744,0.535
PU-AC0128-2025-10-06,AC0128,2025-10-06,19,9,0.581,0.664
PU-AC0128-2025-10-13,AC0128,2025-10-13,19,7,0.682,0.753
PU-AC0128-2025-10-20,AC0128,2025-10-20,23,8,0.505,0.54
PU-AC0128-2025-10-27,AC0128,2025-10-27,21,9,0.656,0.729
PU-AC0128-2025-11-03,AC0128,2025-11-03,24,7,0.743,0.55
PU-AC0128-2025-11-10,AC0128,2025-11-10,23,8,0.711,0.635
PU-AC0128-2025-11-17,AC0128,2025-11-17,22,7,0.687,0.768
PU-AC0128-2025-11-24,AC0128,2025-11-24,21,7,0.745,0.501
PU-AC0128-2025-12-01,AC0128,2025-12-01,23,7,0.631,0.499
PU-AC0128-2025-12-08,AC0128,2025-12-08,22,9,0.79,0.695
PU-AC0128-2025-12-15,AC0128,2025-12-15,19,7,0.681,0.624
PU-AC0128-2025-12-22,AC0128,2025-12-22,21,7,0.542,0.683
PU-AC0128-2025-12-29,AC0128,2025-12-29,22,7,0.481,0.643
PU-AC0128-2026-01-05,AC0128,2026-01-05,21,8,0.693,0.641
PU-AC0128-2026-01-12,AC0128,2026-01-12,21,7,0.413,0.544
PU-AC0128-2026-01-19,AC0128,2026-01-19,21,8,0.499,0.703
PU-AC0128-2026-01-26,AC0128,2026-01-26,23,8,0.746,0.685
PU-AC0128-2026-02-02,AC0128,2026-02-02,21,8,0.653,0.794
PU-AC0128-2026-02-09,AC0128,2026-02-09,21,7,0.493,0.442
PU-AC0128-2026-02-16,AC0128,2026-02-16,18,8,0.773,0.537
PU-AC0128-2026-02-23,AC0128,2026-02-23,21,8,0.692,0.763
PU-AC0128-2026-03-02,AC0128,2026-03-02,21,7,0.85,0.551
PU-AC0128-2026-03-09,AC0128,2026-03-09,22,7,0.555,0.425
PU-AC0128-2026-03-16,AC0128,2026-03-16,20,8,0.407,0.698
PU-AC0128-2026-03-23,AC0128,2026-03-23,20,7,0.769,0.856
PU-AC0128-2026-03-30,AC0128,2026-03-30,24,7,0.786,0.884
PU-AC0128-2026-04-06,AC0128,2026-04-06,19,8,0.517,0.586
PU-AC0128-2026-04-13,AC0128,2026-04-13,23,7,0.591,0.597
PU-AC0128-2026-04-20,AC0128,2026-04-20,20,9,0.722,0.577
PU-AC0128-2026-04-27,AC0128,2026-04-27,20,9,0.78,0.533
PU-AC0128-2026-05-04,AC0128,2026-05-04,23,9,0.765,0.732
PU-AC0128-2026-05-11,AC0128,2026-05-11,22,7,0.648,0.606
PU-AC0128-2026-05-18,AC0128,2026-05-18,22,8,0.743,0.471
PU-AC0128-2026-05-25,AC0128,2026-05-25,21,7,0.647,0.805
PU-AC0128-2026-06-01,AC0128,2026-06-01,21,8,0.58,0.438
PU-AC0128-2026-06-08,AC0128,2026-06-08,20,7,0.786,0.575
PU-AC0128-2026-06-15,AC0128,2026-06-15,21,7,0.737,0.813
PU-AC0128-2026-06-22,AC0128,2026-06-22,20,7,0.772,0.702
PU-AC0128-2026-06-29,AC0128,2026-06-29,20,8,0.698,0.736
PU-AC0128-2026-07-06,AC0128,2026-07-06,19,7,0.434,0.758
PU-AC0128-2026-07-13,AC0128,2026-07-13,21,7,0.672,0.738
PU-AC0128-2026-07-20,AC0128,2026-07-20,22,7,0.487,0.634
PU-AC0128-2026-07-27,AC0128,2026-07-27,21,9,0.711,0.639
PU-AC0128-2026-08-03,AC0128,2026-08-03,21,8,0.578,0.616
PU-AC0128-2026-08-10,AC0128,2026-08-10,20,7,0.835,0.633
PU-AC0128-2026-08-17,AC0128,2026-08-17,20,7,0.969,0.604
PU-AC0128-2026-08-24,AC0128,2026-08-24,22,8,0.821,0.768
PU-AC0129-2025-09-01,AC0129,2025-09-01,50,17,0.778,0.715
PU-AC0129-2025-09-08,AC0129,2025-09-08,61,19,0.743,0.528
PU-AC0129-2025-09-15,AC0129,2025-09-15,53,22,0.626,0.53
PU-AC0129-2025-09-22,AC0129,2025-09-22,56,20,0.756,0.676
PU-AC0129-2025-09-29,AC0129,2025-09-29,56,22,0.855,0.622
PU-AC0129-2025-10-06,AC0129,2025-10-06,61,19,0.788,0.677
PU-AC0129-2025-10-13,AC0129,2025-10-13,57,19,0.793,0.724
PU-AC0129-2025-10-20,AC0129,2025-10-20,58,21,0.796,0.629
PU-AC0129-2025-10-27,AC0129,2025-10-27,57,19,0.729,0.79
PU-AC0129-2025-11-03,AC0129,2025-11-03,56,22,0.717,0.686
PU-AC0129-2025-11-10,AC0129,2025-11-10,59,18,0.772,0.751
PU-AC0129-2025-11-17,AC0129,2025-11-17,65,22,0.832,0.716
PU-AC0129-2025-11-24,AC0129,2025-11-24,53,22,0.638,0.461
PU-AC0129-2025-12-01,AC0129,2025-12-01,54,19,0.772,0.868
PU-AC0129-2025-12-08,AC0129,2025-12-08,54,19,0.892,0.61
PU-AC0129-2025-12-15,AC0129,2025-12-15,61,18,0.625,0.796
PU-AC0129-2025-12-22,AC0129,2025-12-22,57,18,0.778,0.698
PU-AC0129-2025-12-29,AC0129,2025-12-29,58,20,0.711,0.605
PU-AC0129-2026-01-05,AC0129,2026-01-05,59,20,0.564,0.815
PU-AC0129-2026-01-12,AC0129,2026-01-12,53,21,0.744,0.747
PU-AC0129-2026-01-19,AC0129,2026-01-19,62,18,0.724,0.74
PU-AC0129-2026-01-26,AC0129,2026-01-26,55,20,0.832,0.612
PU-AC0129-2026-02-02,AC0129,2026-02-02,61,22,0.774,0.683
PU-AC0129-2026-02-09,AC0129,2026-02-09,54,23,0.929,0.621
PU-AC0129-2026-02-16,AC0129,2026-02-16,52,18,0.758,0.549
PU-AC0129-2026-02-23,AC0129,2026-02-23,48,20,0.755,0.332
PU-AC0129-2026-03-02,AC0129,2026-03-02,57,22,0.786,0.694
PU-AC0129-2026-03-09,AC0129,2026-03-09,62,18,0.636,0.541
PU-AC0129-2026-03-16,AC0129,2026-03-16,57,21,0.669,0.606
PU-AC0129-2026-03-23,AC0129,2026-03-23,56,21,0.698,0.618
PU-AC0129-2026-03-30,AC0129,2026-03-30,57,22,0.713,0.566
PU-AC0129-2026-04-06,AC0129,2026-04-06,57,21,0.719,0.502
PU-AC0129-2026-04-13,AC0129,2026-04-13,54,20,0.772,0.75
PU-AC0129-2026-04-20,AC0129,2026-04-20,57,23,0.831,0.693
PU-AC0129-2026-04-27,AC0129,2026-04-27,60,20,0.76,0.781
PU-AC0129-2026-05-04,AC0129,2026-05-04,58,23,0.734,0.735
PU-AC0129-2026-05-11,AC0129,2026-05-11,56,19,0.861,0.764
PU-AC0129-2026-05-18,AC0129,2026-05-18,58,22,0.916,0.617
PU-AC0129-2026-05-25,AC0129,2026-05-25,59,19,0.751,0.629
PU-AC0129-2026-06-01,AC0129,2026-06-01,53,19,0.909,0.618
PU-AC0129-2026-06-08,AC0129,2026-06-08,60,21,0.747,0.473
PU-AC0129-2026-06-15,AC0129,2026-06-15,58,18,0.85,0.63
PU-AC0129-2026-06-22,AC0129,2026-06-22,56,19,0.834,0.555
PU-AC0129-2026-06-29,AC0129,2026-06-29,56,23,0.534,0.784
PU-AC0129-2026-07-06,AC0129,2026-07-06,56,18,0.516,0.644
PU-AC0129-2026-07-13,AC0129,2026-07-13,61,22,0.723,0.434
PU-AC0129-2026-07-20,AC0129,2026-07-20,59,22,0.656,0.86
PU-AC0129-2026-07-27,AC0129,2026-07-27,65,18,0.729,0.979
PU-AC0129-2026-08-03,AC0129,2026-08-03,49,22,0.738,0.624
PU-AC0129-2026-08-10,AC0129,2026-08-10,54,19,0.669,0.71
PU-AC0129-2026-08-17,AC0129,2026-08-17,59,23,0.884,0.805
PU-AC0129-2026-08-24,AC0129,2026-08-24,64,22,0.861,0.668
PU-AC0130-2025-09-01,AC0130,2025-09-01,70,49,0.761,0.583
PU-AC0130-2025-09-08,AC0130,2025-09-08,67,38,0.829,0.448
PU-AC0130-2025-09-15,AC0130,2025-09-15,63,44,0.735,0.654
PU-AC0130-2025-09-22,AC0130,2025-09-22,65,39,0.598,0.692
PU-AC0130-2025-09-29,AC0130,2025-09-29,64,43,0.736,0.803
PU-AC0130-2025-10-06,AC0130,2025-10-06,66,46,0.829,0.739
PU-AC0130-2025-10-13,AC0130,2025-10-13,75,46,0.836,0.502
PU-AC0130-2025-10-20,AC0130,2025-10-20,63,45,0.639,0.845
PU-AC0130-2025-10-27,AC0130,2025-10-27,68,51,0.583,0.72
PU-AC0130-2025-11-03,AC0130,2025-11-03,64,51,0.824,0.604
PU-AC0130-2025-11-10,AC0130,2025-11-10,67,39,0.825,0.58
PU-AC0130-2025-11-17,AC0130,2025-11-17,64,51,0.76,0.617
PU-AC0130-2025-11-24,AC0130,2025-11-24,73,39,0.55,0.513
PU-AC0130-2025-12-01,AC0130,2025-12-01,66,38,0.757,0.494
PU-AC0130-2025-12-08,AC0130,2025-12-08,75,47,0.631,0.687
PU-AC0130-2025-12-15,AC0130,2025-12-15,70,49,0.497,0.574
PU-AC0130-2025-12-22,AC0130,2025-12-22,82,42,0.746,0.515
PU-AC0130-2025-12-29,AC0130,2025-12-29,69,41,0.631,0.715
PU-AC0130-2026-01-05,AC0130,2026-01-05,67,43,0.633,0.498
PU-AC0130-2026-01-12,AC0130,2026-01-12,63,40,0.661,0.559
PU-AC0130-2026-01-19,AC0130,2026-01-19,62,48,0.599,0.974
PU-AC0130-2026-01-26,AC0130,2026-01-26,72,45,0.752,0.633
PU-AC0130-2026-02-02,AC0130,2026-02-02,71,50,0.677,0.605
PU-AC0130-2026-02-09,AC0130,2026-02-09,74,50,0.753,0.545
PU-AC0130-2026-02-16,AC0130,2026-02-16,73,42,0.602,0.683
PU-AC0130-2026-02-23,AC0130,2026-02-23,66,40,0.736,0.513
PU-AC0130-2026-03-02,AC0130,2026-03-02,67,38,0.737,0.713
PU-AC0130-2026-03-09,AC0130,2026-03-09,69,45,0.684,0.507
PU-AC0130-2026-03-16,AC0130,2026-03-16,74,46,0.795,0.828
PU-AC0130-2026-03-23,AC0130,2026-03-23,65,46,0.829,0.672
PU-AC0130-2026-03-30,AC0130,2026-03-30,67,43,0.401,0.763
PU-AC0130-2026-04-06,AC0130,2026-04-06,72,47,0.83,0.458
PU-AC0130-2026-04-13,AC0130,2026-04-13,73,38,0.663,0.613
PU-AC0130-2026-04-20,AC0130,2026-04-20,67,39,0.737,0.518
PU-AC0130-2026-04-27,AC0130,2026-04-27,62,42,0.827,0.392
PU-AC0130-2026-05-04,AC0130,2026-05-04,70,50,0.564,0.569
PU-AC0130-2026-05-11,AC0130,2026-05-11,70,42,0.601,0.562
PU-AC0130-2026-05-18,AC0130,2026-05-18,65,42,0.586,0.696
PU-AC0130-2026-05-25,AC0130,2026-05-25,65,44,0.85,0.715
PU-AC0130-2026-06-01,AC0130,2026-06-01,77,47,0.739,0.632
PU-AC0130-2026-06-08,AC0130,2026-06-08,61,42,0.666,0.651
PU-AC0130-2026-06-15,AC0130,2026-06-15,68,41,0.926,0.668
PU-AC0130-2026-06-22,AC0130,2026-06-22,70,49,0.836,0.933
PU-AC0130-2026-06-29,AC0130,2026-06-29,77,45,0.645,0.749
PU-AC0130-2026-07-06,AC0130,2026-07-06,66,42,0.693,0.538
PU-AC0130-2026-07-13,AC0130,2026-07-13,70,50,0.672,0.789
PU-AC0130-2026-07-20,AC0130,2026-07-20,65,43,0.49,0.561
PU-AC0130-2026-07-27,AC0130,2026-07-27,72,51,0.715,0.601
PU-AC0130-2026-08-03,AC0130,2026-08-03,67,40,0.729,0.754
PU-AC0130-2026-08-10,AC0130,2026-08-10,65,50,0.842,0.902
PU-AC0130-2026-08-17,AC0130,2026-08-17,60,49,0.782,0.44
PU-AC0130-2026-08-24,AC0130,2026-08-24,70,39,0.565,0.773
PU-AC0131-2025-09-01,AC0131,2025-09-01,29,7,0.639,0.677
PU-AC0131-2025-09-08,AC0131,2025-09-08,31,8,0.733,0.561
PU-AC0131-2025-09-15,AC0131,2025-09-15,31,8,0.629,0.533
PU-AC0131-2025-09-22,AC0131,2025-09-22,30,7,0.869,0.574
PU-AC0131-2025-09-29,AC0131,2025-09-29,30,7,0.656,0.841
PU-AC0131-2025-10-06,AC0131,2025-10-06,32,8,0.736,0.582
PU-AC0131-2025-10-13,AC0131,2025-10-13,26,8,0.74,0.505
PU-AC0131-2025-10-20,AC0131,2025-10-20,31,9,0.674,0.646
PU-AC0131-2025-10-27,AC0131,2025-10-27,29,8,0.985,0.59
PU-AC0131-2025-11-03,AC0131,2025-11-03,30,9,0.729,0.604
PU-AC0131-2025-11-10,AC0131,2025-11-10,29,7,0.655,0.543
PU-AC0131-2025-11-17,AC0131,2025-11-17,27,8,0.845,0.294
PU-AC0131-2025-11-24,AC0131,2025-11-24,31,6,0.836,0.578
PU-AC0131-2025-12-01,AC0131,2025-12-01,28,9,0.746,0.583
PU-AC0131-2025-12-08,AC0131,2025-12-08,30,8,0.682,0.53
PU-AC0131-2025-12-15,AC0131,2025-12-15,26,9,0.726,0.543
PU-AC0131-2025-12-22,AC0131,2025-12-22,31,8,0.708,0.859
PU-AC0131-2025-12-29,AC0131,2025-12-29,30,8,0.638,0.98
PU-AC0131-2026-01-05,AC0131,2026-01-05,28,8,0.794,0.693
PU-AC0131-2026-01-12,AC0131,2026-01-12,29,9,0.925,0.604
PU-AC0131-2026-01-19,AC0131,2026-01-19,30,8,0.771,0.642
PU-AC0131-2026-01-26,AC0131,2026-01-26,29,7,0.768,0.548
PU-AC0131-2026-02-02,AC0131,2026-02-02,34,7,0.751,0.567
PU-AC0131-2026-02-09,AC0131,2026-02-09,29,7,0.761,0.696
PU-AC0131-2026-02-16,AC0131,2026-02-16,31,8,0.801,0.416
PU-AC0131-2026-02-23,AC0131,2026-02-23,30,8,0.724,0.493
PU-AC0131-2026-03-02,AC0131,2026-03-02,30,7,0.551,0.641
PU-AC0131-2026-03-09,AC0131,2026-03-09,29,7,0.675,0.498
PU-AC0131-2026-03-16,AC0131,2026-03-16,32,8,0.678,0.742
PU-AC0131-2026-03-23,AC0131,2026-03-23,26,7,0.764,0.531
PU-AC0131-2026-03-30,AC0131,2026-03-30,28,7,0.804,0.573
PU-AC0131-2026-04-06,AC0131,2026-04-06,31,9,0.698,0.707
PU-AC0131-2026-04-13,AC0131,2026-04-13,28,7,0.615,0.696
PU-AC0131-2026-04-20,AC0131,2026-04-20,30,8,0.576,0.768
PU-AC0131-2026-04-27,AC0131,2026-04-27,27,7,0.753,0.674
PU-AC0131-2026-05-04,AC0131,2026-05-04,28,7,0.692,0.493
PU-AC0131-2026-05-11,AC0131,2026-05-11,29,7,0.777,0.573
PU-AC0131-2026-05-18,AC0131,2026-05-18,27,7,0.631,0.749
PU-AC0131-2026-05-25,AC0131,2026-05-25,29,7,0.781,0.408
PU-AC0131-2026-06-01,AC0131,2026-06-01,29,8,0.832,0.612
PU-AC0131-2026-06-08,AC0131,2026-06-08,32,7,1.0,0.712
PU-AC0131-2026-06-15,AC0131,2026-06-15,30,7,0.786,0.689
PU-AC0131-2026-06-22,AC0131,2026-06-22,28,8,0.641,0.585
PU-AC0131-2026-06-29,AC0131,2026-06-29,29,7,0.579,0.397
PU-AC0131-2026-07-06,AC0131,2026-07-06,31,7,0.73,0.729
PU-AC0131-2026-07-13,AC0131,2026-07-13,32,7,0.827,0.768
PU-AC0131-2026-07-20,AC0131,2026-07-20,28,8,0.834,0.728
PU-AC0131-2026-07-27,AC0131,2026-07-27,32,8,0.585,0.761
PU-AC0131-2026-08-03,AC0131,2026-08-03,31,8,0.598,0.608
PU-AC0131-2026-08-10,AC0131,2026-08-10,29,6,1.0,0.874
PU-AC0131-2026-08-17,AC0131,2026-08-17,26,7,0.72,0.554
PU-AC0131-2026-08-24,AC0131,2026-08-24,31,7,0.821,0.69
PU-AC0132-2025-09-01,AC0132,2025-09-01,94,52,0.682,0.581
PU-AC0132-2025-09-08,AC0132,2025-09-08,86,54,0.732,0.429
PU-AC0132-2025-09-15,AC0132,2025-09-15,94,55,0.74,0.718
PU-AC0132-2025-09-22,AC0132,2025-09-22,97,62,0.8,0.739
PU-AC0132-2025-09-29,AC0132,2025-09-29,88,52,0.992,0.56
PU-AC0132-2025-10-06,AC0132,2025-10-06,88,47,0.625,0.698
PU-AC0132-2025-10-13,AC0132,2025-10-13,86,56,0.753,0.776
PU-AC0132-2025-10-20,AC0132,2025-10-20,78,54,0.748,0.626
PU-AC0132-2025-10-27,AC0132,2025-10-27,88,59,0.641,0.649
PU-AC0132-2025-11-03,AC0132,2025-11-03,89,55,0.808,0.727
PU-AC0132-2025-11-10,AC0132,2025-11-10,82,49,0.719,0.484
PU-AC0132-2025-11-17,AC0132,2025-11-17,94,56,0.472,0.867
PU-AC0132-2025-11-24,AC0132,2025-11-24,89,61,0.607,0.584
PU-AC0132-2025-12-01,AC0132,2025-12-01,87,55,0.758,0.791
PU-AC0132-2025-12-08,AC0132,2025-12-08,77,51,0.662,0.546
PU-AC0132-2025-12-15,AC0132,2025-12-15,82,56,0.928,0.649
PU-AC0132-2025-12-22,AC0132,2025-12-22,83,57,0.492,0.627
PU-AC0132-2025-12-29,AC0132,2025-12-29,87,51,0.927,0.589
PU-AC0132-2026-01-05,AC0132,2026-01-05,86,59,0.786,0.567
PU-AC0132-2026-01-12,AC0132,2026-01-12,85,61,0.632,0.585
PU-AC0132-2026-01-19,AC0132,2026-01-19,83,54,0.625,0.608
PU-AC0132-2026-01-26,AC0132,2026-01-26,82,57,0.697,0.739
PU-AC0132-2026-02-02,AC0132,2026-02-02,96,47,0.833,0.808
PU-AC0132-2026-02-09,AC0132,2026-02-09,80,58,0.722,0.613
PU-AC0132-2026-02-16,AC0132,2026-02-16,96,58,0.944,0.657
PU-AC0132-2026-02-23,AC0132,2026-02-23,95,48,0.865,0.389
PU-AC0132-2026-03-02,AC0132,2026-03-02,89,50,0.803,0.607
PU-AC0132-2026-03-09,AC0132,2026-03-09,86,51,0.959,0.843
PU-AC0132-2026-03-16,AC0132,2026-03-16,87,46,0.724,0.806
PU-AC0132-2026-03-23,AC0132,2026-03-23,67,51,0.963,0.678
PU-AC0132-2026-03-30,AC0132,2026-03-30,82,59,0.751,0.688
PU-AC0132-2026-04-06,AC0132,2026-04-06,72,48,0.545,0.642
PU-AC0132-2026-04-13,AC0132,2026-04-13,85,62,0.806,0.776
PU-AC0132-2026-04-20,AC0132,2026-04-20,85,55,0.657,0.849
PU-AC0132-2026-04-27,AC0132,2026-04-27,86,56,0.677,0.292
PU-AC0132-2026-05-04,AC0132,2026-05-04,79,58,0.91,0.498
PU-AC0132-2026-05-11,AC0132,2026-05-11,90,56,0.883,0.713
PU-AC0132-2026-05-18,AC0132,2026-05-18,91,60,0.596,0.694
PU-AC0132-2026-05-25,AC0132,2026-05-25,80,48,0.573,0.746
PU-AC0132-2026-06-01,AC0132,2026-06-01,94,56,1.0,0.463
PU-AC0132-2026-06-08,AC0132,2026-06-08,80,48,0.824,0.487
PU-AC0132-2026-06-15,AC0132,2026-06-15,81,47,0.674,0.631
PU-AC0132-2026-06-22,AC0132,2026-06-22,89,51,0.502,0.66
PU-AC0132-2026-06-29,AC0132,2026-06-29,87,52,0.668,0.595
PU-AC0132-2026-07-06,AC0132,2026-07-06,84,50,0.907,0.615
PU-AC0132-2026-07-13,AC0132,2026-07-13,89,55,0.744,0.668
PU-AC0132-2026-07-20,AC0132,2026-07-20,90,62,0.755,0.616
PU-AC0132-2026-07-27,AC0132,2026-07-27,88,53,0.797,0.576
PU-AC0132-2026-08-03,AC0132,2026-08-03,84,46,0.617,0.863
PU-AC0132-2026-08-10,AC0132,2026-08-10,91,50,0.634,0.825
PU-AC0132-2026-08-17,AC0132,2026-08-17,86,56,0.71,0.846
PU-AC0132-2026-08-24,AC0132,2026-08-24,79,58,0.854,0.326
PU-AC0133-2025-09-01,AC0133,2025-09-01,47,20,0.494,0.812
PU-AC0133-2025-09-08,AC0133,2025-09-08,47,16,0.698,0.684
PU-AC0133-2025-09-15,AC0133,2025-09-15,50,20,0.971,0.543
PU-AC0133-2025-09-22,AC0133,2025-09-22,50,20,0.638,0.762
PU-AC0133-2025-09-29,AC0133,2025-09-29,46,21,0.801,0.701
PU-AC0133-2025-10-06,AC0133,2025-10-06,51,18,0.644,0.673
PU-AC0133-2025-10-13,AC0133,2025-10-13,45,21,0.669,0.59
PU-AC0133-2025-10-20,AC0133,2025-10-20,45,18,0.68,0.716
PU-AC0133-2025-10-27,AC0133,2025-10-27,44,18,0.911,0.508
PU-AC0133-2025-11-03,AC0133,2025-11-03,46,17,0.85,0.345
PU-AC0133-2025-11-10,AC0133,2025-11-10,44,21,0.621,0.629
PU-AC0133-2025-11-17,AC0133,2025-11-17,44,17,0.786,0.538
PU-AC0133-2025-11-24,AC0133,2025-11-24,40,20,0.413,0.574
PU-AC0133-2025-12-01,AC0133,2025-12-01,47,17,0.618,0.661
PU-AC0133-2025-12-08,AC0133,2025-12-08,48,16,0.613,0.697
PU-AC0133-2025-12-15,AC0133,2025-12-15,47,17,0.751,0.528
PU-AC0133-2025-12-22,AC0133,2025-12-22,46,19,0.653,0.633
PU-AC0133-2025-12-29,AC0133,2025-12-29,48,17,0.838,0.483
PU-AC0133-2026-01-05,AC0133,2026-01-05,45,22,0.672,0.512
PU-AC0133-2026-01-12,AC0133,2026-01-12,47,17,0.935,0.681
PU-AC0133-2026-01-19,AC0133,2026-01-19,48,22,0.941,0.575
PU-AC0133-2026-01-26,AC0133,2026-01-26,45,21,0.602,0.48
PU-AC0133-2026-02-02,AC0133,2026-02-02,40,18,0.826,0.58
PU-AC0133-2026-02-09,AC0133,2026-02-09,47,21,0.688,0.496
PU-AC0133-2026-02-16,AC0133,2026-02-16,43,18,0.832,0.505
PU-AC0133-2026-02-23,AC0133,2026-02-23,47,22,0.791,0.544
PU-AC0133-2026-03-02,AC0133,2026-03-02,45,17,0.864,0.591
PU-AC0133-2026-03-09,AC0133,2026-03-09,51,18,0.645,0.7
PU-AC0133-2026-03-16,AC0133,2026-03-16,44,20,0.867,0.665
PU-AC0133-2026-03-23,AC0133,2026-03-23,48,22,0.807,0.621
PU-AC0133-2026-03-30,AC0133,2026-03-30,46,20,0.623,0.47
PU-AC0133-2026-04-06,AC0133,2026-04-06,44,20,0.847,0.656
PU-AC0133-2026-04-13,AC0133,2026-04-13,44,20,0.934,0.691
PU-AC0133-2026-04-20,AC0133,2026-04-20,51,18,0.742,0.671
PU-AC0133-2026-04-27,AC0133,2026-04-27,47,19,0.664,0.66
PU-AC0133-2026-05-04,AC0133,2026-05-04,43,17,0.597,0.766
PU-AC0133-2026-05-11,AC0133,2026-05-11,42,21,0.715,0.746
PU-AC0133-2026-05-18,AC0133,2026-05-18,46,17,0.751,0.534
PU-AC0133-2026-05-25,AC0133,2026-05-25,43,16,0.894,0.454
PU-AC0133-2026-06-01,AC0133,2026-06-01,45,18,0.948,0.648
PU-AC0133-2026-06-08,AC0133,2026-06-08,43,18,0.809,0.804
PU-AC0133-2026-06-15,AC0133,2026-06-15,48,22,0.65,0.7
PU-AC0133-2026-06-22,AC0133,2026-06-22,48,19,0.629,0.607
PU-AC0133-2026-06-29,AC0133,2026-06-29,41,22,0.683,0.846
PU-AC0133-2026-07-06,AC0133,2026-07-06,40,21,0.807,0.606
PU-AC0133-2026-07-13,AC0133,2026-07-13,47,21,0.442,0.739
PU-AC0133-2026-07-20,AC0133,2026-07-20,47,20,0.891,0.657
PU-AC0133-2026-07-27,AC0133,2026-07-27,44,18,0.536,0.635
PU-AC0133-2026-08-03,AC0133,2026-08-03,43,17,0.761,0.703
PU-AC0133-2026-08-10,AC0133,2026-08-10,45,16,0.713,0.644
PU-AC0133-2026-08-17,AC0133,2026-08-17,50,18,0.777,0.559
PU-AC0133-2026-08-24,AC0133,2026-08-24,43,20,0.721,0.421
PU-AC0134-2025-09-01,AC0134,2025-09-01,41,21,0.743,0.538
PU-AC0134-2025-09-08,AC0134,2025-09-08,45,20,0.814,0.586
PU-AC0134-2025-09-15,AC0134,2025-09-15,45,21,0.67,0.582
PU-AC0134-2025-09-22,AC0134,2025-09-22,41,21,0.785,0.623
PU-AC0134-2025-09-29,AC0134,2025-09-29,43,19,0.76,0.67
PU-AC0134-2025-10-06,AC0134,2025-10-06,42,17,0.544,0.504
PU-AC0134-2025-10-13,AC0134,2025-10-13,42,16,0.837,0.575
PU-AC0134-2025-10-20,AC0134,2025-10-20,43,18,0.666,0.691
PU-AC0134-2025-10-27,AC0134,2025-10-27,40,20,0.551,0.554
PU-AC0134-2025-11-03,AC0134,2025-11-03,44,17,0.653,0.47
PU-AC0134-2025-11-10,AC0134,2025-11-10,42,21,0.723,0.644
PU-AC0134-2025-11-17,AC0134,2025-11-17,41,21,0.809,0.602
PU-AC0134-2025-11-24,AC0134,2025-11-24,41,18,0.719,0.448
PU-AC0134-2025-12-01,AC0134,2025-12-01,42,16,0.725,0.622
PU-AC0134-2025-12-08,AC0134,2025-12-08,42,17,0.466,0.387
PU-AC0134-2025-12-15,AC0134,2025-12-15,38,16,0.775,0.902
PU-AC0134-2025-12-22,AC0134,2025-12-22,46,18,0.719,0.576
PU-AC0134-2025-12-29,AC0134,2025-12-29,45,17,0.516,0.617
PU-AC0134-2026-01-05,AC0134,2026-01-05,42,19,0.711,0.524
PU-AC0134-2026-01-12,AC0134,2026-01-12,43,21,0.703,0.673
PU-AC0134-2026-01-19,AC0134,2026-01-19,41,21,0.618,0.707
PU-AC0134-2026-01-26,AC0134,2026-01-26,41,20,0.618,0.89
PU-AC0134-2026-02-02,AC0134,2026-02-02,41,18,0.693,0.752
PU-AC0134-2026-02-09,AC0134,2026-02-09,43,21,0.736,0.603
PU-AC0134-2026-02-16,AC0134,2026-02-16,39,20,0.554,0.561
PU-AC0134-2026-02-23,AC0134,2026-02-23,45,20,0.755,0.933
PU-AC0134-2026-03-02,AC0134,2026-03-02,42,16,0.726,0.806
PU-AC0134-2026-03-09,AC0134,2026-03-09,49,17,0.915,0.633
PU-AC0134-2026-03-16,AC0134,2026-03-16,46,20,1.0,0.619
PU-AC0134-2026-03-23,AC0134,2026-03-23,39,17,1.0,0.724
PU-AC0134-2026-03-30,AC0134,2026-03-30,43,17,0.578,0.763
PU-AC0134-2026-04-06,AC0134,2026-04-06,40,18,0.803,0.619
PU-AC0134-2026-04-13,AC0134,2026-04-13,41,20,0.807,0.731
PU-AC0134-2026-04-20,AC0134,2026-04-20,43,19,0.836,0.66
PU-AC0134-2026-04-27,AC0134,2026-04-27,43,19,0.657,0.57
PU-AC0134-2026-05-04,AC0134,2026-05-04,40,18,0.715,0.517
PU-AC0134-2026-05-11,AC0134,2026-05-11,49,20,0.779,0.662
PU-AC0134-2026-05-18,AC0134,2026-05-18,41,22,0.605,0.626
PU-AC0134-2026-05-25,AC0134,2026-05-25,42,21,0.665,0.741
PU-AC0134-2026-06-01,AC0134,2026-06-01,41,21,0.498,0.588
PU-AC0134-2026-06-08,AC0134,2026-06-08,46,17,0.767,0.658
PU-AC0134-2026-06-15,AC0134,2026-06-15,44,19,0.429,0.657
PU-AC0134-2026-06-22,AC0134,2026-06-22,47,17,0.532,0.572
PU-AC0134-2026-06-29,AC0134,2026-06-29,41,19,0.889,0.534
PU-AC0134-2026-07-06,AC0134,2026-07-06,45,18,0.887,0.776
PU-AC0134-2026-07-13,AC0134,2026-07-13,41,20,0.712,0.643
PU-AC0134-2026-07-20,AC0134,2026-07-20,46,18,0.691,0.581
PU-AC0134-2026-07-27,AC0134,2026-07-27,43,16,1.0,0.525
PU-AC0134-2026-08-03,AC0134,2026-08-03,45,19,0.604,0.798
PU-AC0134-2026-08-10,AC0134,2026-08-10,46,16,0.75,0.661
PU-AC0134-2026-08-17,AC0134,2026-08-17,38,19,0.885,0.732
PU-AC0134-2026-08-24,AC0134,2026-08-24,44,20,0.792,0.571
PU-AC0135-2025-09-01,AC0135,2025-09-01,27,6,0.719,0.577
PU-AC0135-2025-09-08,AC0135,2025-09-08,26,7,0.724,0.636
PU-AC0135-2025-09-15,AC0135,2025-09-15,28,6,0.548,0.541
PU-AC0135-2025-09-22,AC0135,2025-09-22,26,7,0.833,0.587
PU-AC0135-2025-09-29,AC0135,2025-09-29,26,6,0.62,0.514
PU-AC0135-2025-10-06,AC0135,2025-10-06,27,6,0.657,0.668
PU-AC0135-2025-10-13,AC0135,2025-10-13,26,7,0.754,0.7
PU-AC0135-2025-10-20,AC0135,2025-10-20,26,7,1.0,0.596
PU-AC0135-2025-10-27,AC0135,2025-10-27,28,7,0.667,0.716
PU-AC0135-2025-11-03,AC0135,2025-11-03,27,7,0.773,0.641
PU-AC0135-2025-11-10,AC0135,2025-11-10,26,6,0.678,0.501
PU-AC0135-2025-11-17,AC0135,2025-11-17,25,5,0.945,0.457
PU-AC0135-2025-11-24,AC0135,2025-11-24,28,7,0.715,0.66
PU-AC0135-2025-12-01,AC0135,2025-12-01,28,5,0.624,0.67
PU-AC0135-2025-12-08,AC0135,2025-12-08,26,6,0.679,0.416
PU-AC0135-2025-12-15,AC0135,2025-12-15,28,6,0.736,0.576
PU-AC0135-2025-12-22,AC0135,2025-12-22,26,7,0.754,0.62
PU-AC0135-2025-12-29,AC0135,2025-12-29,30,6,0.639,0.641
PU-AC0135-2026-01-05,AC0135,2026-01-05,27,6,0.928,0.792
PU-AC0135-2026-01-12,AC0135,2026-01-12,28,6,0.695,0.824
PU-AC0135-2026-01-19,AC0135,2026-01-19,28,7,0.595,0.654
PU-AC0135-2026-01-26,AC0135,2026-01-26,27,7,0.679,0.788
PU-AC0135-2026-02-02,AC0135,2026-02-02,27,7,0.758,0.625
PU-AC0135-2026-02-09,AC0135,2026-02-09,27,6,0.714,0.396
PU-AC0135-2026-02-16,AC0135,2026-02-16,28,7,0.822,0.461
PU-AC0135-2026-02-23,AC0135,2026-02-23,26,5,0.867,0.708
PU-AC0135-2026-03-02,AC0135,2026-03-02,27,7,0.839,0.649
PU-AC0135-2026-03-09,AC0135,2026-03-09,24,6,0.619,0.554
PU-AC0135-2026-03-16,AC0135,2026-03-16,27,7,0.623,0.465
PU-AC0135-2026-03-23,AC0135,2026-03-23,26,6,0.863,0.562
PU-AC0135-2026-03-30,AC0135,2026-03-30,25,5,0.61,0.67
PU-AC0135-2026-04-06,AC0135,2026-04-06,26,7,0.668,0.501
PU-AC0135-2026-04-13,AC0135,2026-04-13,25,7,0.666,0.375
PU-AC0135-2026-04-20,AC0135,2026-04-20,29,7,0.551,0.731
PU-AC0135-2026-04-27,AC0135,2026-04-27,25,7,0.676,0.773
PU-AC0135-2026-05-04,AC0135,2026-05-04,27,7,0.741,0.799
PU-AC0135-2026-05-11,AC0135,2026-05-11,29,6,0.799,0.527
PU-AC0135-2026-05-18,AC0135,2026-05-18,26,6,0.663,0.718
PU-AC0135-2026-05-25,AC0135,2026-05-25,26,7,0.905,0.67
PU-AC0135-2026-06-01,AC0135,2026-06-01,27,6,0.694,0.722
PU-AC0135-2026-06-08,AC0135,2026-06-08,25,7,0.771,0.516
PU-AC0135-2026-06-15,AC0135,2026-06-15,30,6,0.506,0.531
PU-AC0135-2026-06-22,AC0135,2026-06-22,27,6,0.791,0.881
PU-AC0135-2026-06-29,AC0135,2026-06-29,28,5,0.661,0.734
PU-AC0135-2026-07-06,AC0135,2026-07-06,29,7,0.708,0.467
PU-AC0135-2026-07-13,AC0135,2026-07-13,26,7,0.778,0.694
PU-AC0135-2026-07-20,AC0135,2026-07-20,27,6,0.928,0.77
PU-AC0135-2026-07-27,AC0135,2026-07-27,30,6,0.708,0.413
PU-AC0135-2026-08-03,AC0135,2026-08-03,24,6,0.69,0.571
PU-AC0135-2026-08-10,AC0135,2026-08-10,28,6,0.66,0.704
PU-AC0135-2026-08-17,AC0135,2026-08-17,24,6,0.722,0.544
PU-AC0135-2026-08-24,AC0135,2026-08-24,30,5,0.564,0.703
PU-AC0136-2025-09-01,AC0136,2025-09-01,31,7,0.862,0.721
PU-AC0136-2025-09-08,AC0136,2025-09-08,31,8,0.645,0.8
PU-AC0136-2025-09-15,AC0136,2025-09-15,30,9,0.797,0.813
PU-AC0136-2025-09-22,AC0136,2025-09-22,31,9,0.852,0.696
PU-AC0136-2025-09-29,AC0136,2025-09-29,33,9,1.0,0.216
PU-AC0136-2025-10-06,AC0136,2025-10-06,31,8,0.386,0.765
PU-AC0136-2025-10-13,AC0136,2025-10-13,29,7,0.576,0.843
PU-AC0136-2025-10-20,AC0136,2025-10-20,27,8,0.692,0.621
PU-AC0136-2025-10-27,AC0136,2025-10-27,30,8,0.921,0.609
PU-AC0136-2025-11-03,AC0136,2025-11-03,28,8,0.62,0.662
PU-AC0136-2025-11-10,AC0136,2025-11-10,27,9,0.765,0.8
PU-AC0136-2025-11-17,AC0136,2025-11-17,28,7,0.745,0.486
PU-AC0136-2025-11-24,AC0136,2025-11-24,28,9,0.868,0.823
PU-AC0136-2025-12-01,AC0136,2025-12-01,31,7,0.784,0.676
PU-AC0136-2025-12-08,AC0136,2025-12-08,30,7,0.677,0.395
PU-AC0136-2025-12-15,AC0136,2025-12-15,31,8,0.593,0.526
PU-AC0136-2025-12-22,AC0136,2025-12-22,28,7,0.807,0.52
PU-AC0136-2025-12-29,AC0136,2025-12-29,28,8,0.872,0.663
PU-AC0136-2026-01-05,AC0136,2026-01-05,31,8,0.607,0.656
PU-AC0136-2026-01-12,AC0136,2026-01-12,29,8,0.768,0.612
PU-AC0136-2026-01-19,AC0136,2026-01-19,28,7,0.846,0.411
PU-AC0136-2026-01-26,AC0136,2026-01-26,29,7,0.679,0.631
PU-AC0136-2026-02-02,AC0136,2026-02-02,27,7,0.662,0.662
PU-AC0136-2026-02-09,AC0136,2026-02-09,28,8,0.677,0.563
PU-AC0136-2026-02-16,AC0136,2026-02-16,28,7,0.812,0.619
PU-AC0136-2026-02-23,AC0136,2026-02-23,28,8,0.716,0.7
PU-AC0136-2026-03-02,AC0136,2026-03-02,30,7,0.964,0.666
PU-AC0136-2026-03-09,AC0136,2026-03-09,29,7,0.837,0.579
PU-AC0136-2026-03-16,AC0136,2026-03-16,30,8,0.907,0.66
PU-AC0136-2026-03-23,AC0136,2026-03-23,29,8,0.943,0.744
PU-AC0136-2026-03-30,AC0136,2026-03-30,36,8,0.723,0.856
PU-AC0136-2026-04-06,AC0136,2026-04-06,30,8,0.698,0.812
PU-AC0136-2026-04-13,AC0136,2026-04-13,31,8,0.755,0.599
PU-AC0136-2026-04-20,AC0136,2026-04-20,27,9,0.674,0.693
PU-AC0136-2026-04-27,AC0136,2026-04-27,30,8,0.695,0.793
PU-AC0136-2026-05-04,AC0136,2026-05-04,31,7,0.607,0.491
PU-AC0136-2026-05-11,AC0136,2026-05-11,31,9,0.617,0.718
PU-AC0136-2026-05-18,AC0136,2026-05-18,29,7,0.725,0.505
PU-AC0136-2026-05-25,AC0136,2026-05-25,29,9,0.668,0.7
PU-AC0136-2026-06-01,AC0136,2026-06-01,29,6,0.709,0.94
PU-AC0136-2026-06-08,AC0136,2026-06-08,32,7,0.706,0.52
PU-AC0136-2026-06-15,AC0136,2026-06-15,26,7,0.88,0.229
PU-AC0136-2026-06-22,AC0136,2026-06-22,32,8,0.858,0.475
PU-AC0136-2026-06-29,AC0136,2026-06-29,28,7,0.746,0.681
PU-AC0136-2026-07-06,AC0136,2026-07-06,27,8,0.915,0.409
PU-AC0136-2026-07-13,AC0136,2026-07-13,30,7,0.759,0.757
PU-AC0136-2026-07-20,AC0136,2026-07-20,32,8,0.601,0.722
PU-AC0136-2026-07-27,AC0136,2026-07-27,30,9,0.676,0.756
PU-AC0136-2026-08-03,AC0136,2026-08-03,26,8,0.526,0.601
PU-AC0136-2026-08-10,AC0136,2026-08-10,31,8,0.521,0.652
PU-AC0136-2026-08-17,AC0136,2026-08-17,27,7,0.735,0.705
PU-AC0136-2026-08-24,AC0136,2026-08-24,31,7,0.688,0.601
PU-AC0137-2025-09-01,AC0137,2025-09-01,114,59,0.831,0.303
PU-AC0137-2025-09-08,AC0137,2025-09-08,117,59,0.586,0.481
PU-AC0137-2025-09-15,AC0137,2025-09-15,124,56,0.574,0.633
PU-AC0137-2025-09-22,AC0137,2025-09-22,110,58,0.85,0.642
PU-AC0137-2025-09-29,AC0137,2025-09-29,111,52,0.717,0.588
PU-AC0137-2025-10-06,AC0137,2025-10-06,108,53,0.579,0.794
PU-AC0137-2025-10-13,AC0137,2025-10-13,110,49,0.801,0.347
PU-AC0137-2025-10-20,AC0137,2025-10-20,105,48,0.829,0.781
PU-AC0137-2025-10-27,AC0137,2025-10-27,122,53,0.605,0.659
PU-AC0137-2025-11-03,AC0137,2025-11-03,110,63,0.562,0.753
PU-AC0137-2025-11-10,AC0137,2025-11-10,114,52,0.701,0.726
PU-AC0137-2025-11-17,AC0137,2025-11-17,121,57,0.757,0.639
PU-AC0137-2025-11-24,AC0137,2025-11-24,113,58,0.553,0.826
PU-AC0137-2025-12-01,AC0137,2025-12-01,89,58,0.655,0.774
PU-AC0137-2025-12-08,AC0137,2025-12-08,112,58,0.834,0.638
PU-AC0137-2025-12-15,AC0137,2025-12-15,106,47,0.652,0.622
PU-AC0137-2025-12-22,AC0137,2025-12-22,114,61,0.803,0.793
PU-AC0137-2025-12-29,AC0137,2025-12-29,111,62,0.566,0.445
PU-AC0137-2026-01-05,AC0137,2026-01-05,108,64,0.721,0.581
PU-AC0137-2026-01-12,AC0137,2026-01-12,97,60,0.606,0.557
PU-AC0137-2026-01-19,AC0137,2026-01-19,113,47,0.591,0.596
PU-AC0137-2026-01-26,AC0137,2026-01-26,124,56,0.628,0.567
PU-AC0137-2026-02-02,AC0137,2026-02-02,106,60,0.801,0.702
PU-AC0137-2026-02-09,AC0137,2026-02-09,104,58,0.739,0.64
PU-AC0137-2026-02-16,AC0137,2026-02-16,118,50,0.686,0.522
PU-AC0137-2026-02-23,AC0137,2026-02-23,109,57,0.635,0.914
PU-AC0137-2026-03-02,AC0137,2026-03-02,117,60,0.768,0.539
PU-AC0137-2026-03-09,AC0137,2026-03-09,105,54,0.654,0.487
PU-AC0137-2026-03-16,AC0137,2026-03-16,115,63,0.764,0.509
PU-AC0137-2026-03-23,AC0137,2026-03-23,116,60,0.778,0.681
PU-AC0137-2026-03-30,AC0137,2026-03-30,108,52,0.677,0.467
PU-AC0137-2026-04-06,AC0137,2026-04-06,121,63,0.717,0.603
PU-AC0137-2026-04-13,AC0137,2026-04-13,115,49,0.531,0.582
PU-AC0137-2026-04-20,AC0137,2026-04-20,113,52,0.844,0.472
PU-AC0137-2026-04-27,AC0137,2026-04-27,96,51,0.516,0.345
PU-AC0137-2026-05-04,AC0137,2026-05-04,111,51,0.783,0.54
PU-AC0137-2026-05-11,AC0137,2026-05-11,111,57,0.693,0.611
PU-AC0137-2026-05-18,AC0137,2026-05-18,102,56,0.614,0.475
PU-AC0137-2026-05-25,AC0137,2026-05-25,111,64,0.546,0.822
PU-AC0137-2026-06-01,AC0137,2026-06-01,104,58,0.803,0.762
PU-AC0137-2026-06-08,AC0137,2026-06-08,113,49,0.85,0.516
PU-AC0137-2026-06-15,AC0137,2026-06-15,106,62,0.977,0.777
PU-AC0137-2026-06-22,AC0137,2026-06-22,108,48,0.7,0.479
PU-AC0137-2026-06-29,AC0137,2026-06-29,110,49,0.827,0.527
PU-AC0137-2026-07-06,AC0137,2026-07-06,112,61,0.628,0.521
PU-AC0137-2026-07-13,AC0137,2026-07-13,105,62,0.856,0.714
PU-AC0137-2026-07-20,AC0137,2026-07-20,113,57,0.829,0.546
PU-AC0137-2026-07-27,AC0137,2026-07-27,119,56,0.751,0.7
PU-AC0137-2026-08-03,AC0137,2026-08-03,114,60,0.612,0.738
PU-AC0137-2026-08-10,AC0137,2026-08-10,105,48,0.468,0.638
PU-AC0137-2026-08-17,AC0137,2026-08-17,118,49,0.756,0.356
PU-AC0137-2026-08-24,AC0137,2026-08-24,103,53,0.845,0.633
PU-AC0138-2025-09-01,AC0138,2025-09-01,73,17,0.892,0.394
PU-AC0138-2025-09-08,AC0138,2025-09-08,73,15,0.629,0.421
PU-AC0138-2025-09-15,AC0138,2025-09-15,62,14,0.66,0.472
PU-AC0138-2025-09-22,AC0138,2025-09-22,70,16,0.892,0.664
PU-AC0138-2025-09-29,AC0138,2025-09-29,71,17,0.695,0.467
PU-AC0138-2025-10-06,AC0138,2025-10-06,66,15,0.62,0.678
PU-AC0138-2025-10-13,AC0138,2025-10-13,70,16,0.815,0.468
PU-AC0138-2025-10-20,AC0138,2025-10-20,67,13,0.851,0.714
PU-AC0138-2025-10-27,AC0138,2025-10-27,79,14,0.834,0.65
PU-AC0138-2025-11-03,AC0138,2025-11-03,76,16,0.454,0.702
PU-AC0138-2025-11-10,AC0138,2025-11-10,73,13,0.589,0.656
PU-AC0138-2025-11-17,AC0138,2025-11-17,72,17,0.866,0.697
PU-AC0138-2025-11-24,AC0138,2025-11-24,70,15,0.56,0.452
PU-AC0138-2025-12-01,AC0138,2025-12-01,67,16,0.787,0.609
PU-AC0138-2025-12-08,AC0138,2025-12-08,62,14,0.842,0.962
PU-AC0138-2025-12-15,AC0138,2025-12-15,66,15,0.623,0.719
PU-AC0138-2025-12-22,AC0138,2025-12-22,66,13,0.622,0.721
PU-AC0138-2025-12-29,AC0138,2025-12-29,64,14,0.745,0.842
PU-AC0138-2026-01-05,AC0138,2026-01-05,69,15,0.544,0.657
PU-AC0138-2026-01-12,AC0138,2026-01-12,71,14,0.559,0.768
PU-AC0138-2026-01-19,AC0138,2026-01-19,73,15,0.748,0.771
PU-AC0138-2026-01-26,AC0138,2026-01-26,64,16,0.713,0.493
PU-AC0138-2026-02-02,AC0138,2026-02-02,65,14,0.627,0.47
PU-AC0138-2026-02-09,AC0138,2026-02-09,68,14,0.692,0.649
PU-AC0138-2026-02-16,AC0138,2026-02-16,64,14,0.819,0.922
PU-AC0138-2026-02-23,AC0138,2026-02-23,74,16,0.731,0.83
PU-AC0138-2026-03-02,AC0138,2026-03-02,71,14,0.626,0.494
PU-AC0138-2026-03-09,AC0138,2026-03-09,66,14,0.677,0.84
PU-AC0138-2026-03-16,AC0138,2026-03-16,72,16,0.558,0.796
PU-AC0138-2026-03-23,AC0138,2026-03-23,75,16,0.859,0.738
PU-AC0138-2026-03-30,AC0138,2026-03-30,69,16,0.76,0.598
PU-AC0138-2026-04-06,AC0138,2026-04-06,63,16,0.756,0.577
PU-AC0138-2026-04-13,AC0138,2026-04-13,69,17,0.712,0.677
PU-AC0138-2026-04-20,AC0138,2026-04-20,68,14,0.792,0.736
PU-AC0138-2026-04-27,AC0138,2026-04-27,73,13,0.74,0.719
PU-AC0138-2026-05-04,AC0138,2026-05-04,75,14,0.97,0.726
PU-AC0138-2026-05-11,AC0138,2026-05-11,67,13,0.791,0.6
PU-AC0138-2026-05-18,AC0138,2026-05-18,68,13,0.43,0.818
PU-AC0138-2026-05-25,AC0138,2026-05-25,71,13,0.789,0.702
PU-AC0138-2026-06-01,AC0138,2026-06-01,74,15,0.716,0.424
PU-AC0138-2026-06-08,AC0138,2026-06-08,67,14,0.794,0.651
PU-AC0138-2026-06-15,AC0138,2026-06-15,66,15,0.479,0.943
PU-AC0138-2026-06-22,AC0138,2026-06-22,76,13,0.8,0.61
PU-AC0138-2026-06-29,AC0138,2026-06-29,70,12,0.675,0.382
PU-AC0138-2026-07-06,AC0138,2026-07-06,74,16,0.742,0.777
PU-AC0138-2026-07-13,AC0138,2026-07-13,66,15,0.667,0.821
PU-AC0138-2026-07-20,AC0138,2026-07-20,71,15,0.627,0.594
PU-AC0138-2026-07-27,AC0138,2026-07-27,79,14,0.789,0.71
PU-AC0138-2026-08-03,AC0138,2026-08-03,68,14,0.748,0.623
PU-AC0138-2026-08-10,AC0138,2026-08-10,68,15,0.946,0.663
PU-AC0138-2026-08-17,AC0138,2026-08-17,79,15,0.943,0.534
PU-AC0138-2026-08-24,AC0138,2026-08-24,61,13,0.775,0.829
PU-AC0139-2025-09-01,AC0139,2025-09-01,55,22,0.559,0.658
PU-AC0139-2025-09-08,AC0139,2025-09-08,53,21,0.985,0.512
PU-AC0139-2025-09-15,AC0139,2025-09-15,57,21,0.872,0.806
PU-AC0139-2025-09-22,AC0139,2025-09-22,54,16,0.768,0.509
PU-AC0139-2025-09-29,AC0139,2025-09-29,61,18,0.696,0.571
PU-AC0139-2025-10-06,AC0139,2025-10-06,58,22,0.546,0.583
PU-AC0139-2025-10-13,AC0139,2025-10-13,56,20,0.743,0.864
PU-AC0139-2025-10-20,AC0139,2025-10-20,58,19,0.843,0.629
PU-AC0139-2025-10-27,AC0139,2025-10-27,58,20,0.768,0.589
PU-AC0139-2025-11-03,AC0139,2025-11-03,57,21,0.552,0.767
PU-AC0139-2025-11-10,AC0139,2025-11-10,58,22,0.767,0.817
PU-AC0139-2025-11-17,AC0139,2025-11-17,49,22,0.843,0.558
PU-AC0139-2025-11-24,AC0139,2025-11-24,57,17,0.763,0.712
PU-AC0139-2025-12-01,AC0139,2025-12-01,54,16,0.608,0.696
PU-AC0139-2025-12-08,AC0139,2025-12-08,63,21,0.792,0.736
PU-AC0139-2025-12-15,AC0139,2025-12-15,57,19,0.787,0.446
PU-AC0139-2025-12-22,AC0139,2025-12-22,57,21,0.977,0.55
PU-AC0139-2025-12-29,AC0139,2025-12-29,59,17,0.842,0.582
PU-AC0139-2026-01-05,AC0139,2026-01-05,57,18,0.605,0.762
PU-AC0139-2026-01-12,AC0139,2026-01-12,53,19,0.654,0.698
PU-AC0139-2026-01-19,AC0139,2026-01-19,52,20,0.737,0.516
PU-AC0139-2026-01-26,AC0139,2026-01-26,51,19,0.605,0.961
PU-AC0139-2026-02-02,AC0139,2026-02-02,56,17,0.675,0.688
PU-AC0139-2026-02-09,AC0139,2026-02-09,55,20,0.93,0.647
PU-AC0139-2026-02-16,AC0139,2026-02-16,56,18,0.78,0.704
PU-AC0139-2026-02-23,AC0139,2026-02-23,61,19,0.963,0.728
PU-AC0139-2026-03-02,AC0139,2026-03-02,61,22,0.653,0.387
PU-AC0139-2026-03-09,AC0139,2026-03-09,61,20,0.655,0.666
PU-AC0139-2026-03-16,AC0139,2026-03-16,62,18,0.743,0.638
PU-AC0139-2026-03-23,AC0139,2026-03-23,55,21,0.822,0.514
PU-AC0139-2026-03-30,AC0139,2026-03-30,55,18,0.704,0.72
PU-AC0139-2026-04-06,AC0139,2026-04-06,56,22,0.68,0.458
PU-AC0139-2026-04-13,AC0139,2026-04-13,57,18,0.76,0.678
PU-AC0139-2026-04-20,AC0139,2026-04-20,55,19,0.739,0.933
PU-AC0139-2026-04-27,AC0139,2026-04-27,55,22,0.67,0.673
PU-AC0139-2026-05-04,AC0139,2026-05-04,60,16,0.858,0.312
PU-AC0139-2026-05-11,AC0139,2026-05-11,59,16,0.709,0.47
PU-AC0139-2026-05-18,AC0139,2026-05-18,61,20,0.631,0.895
PU-AC0139-2026-05-25,AC0139,2026-05-25,57,22,0.578,0.504
PU-AC0139-2026-06-01,AC0139,2026-06-01,57,21,0.649,0.475
PU-AC0139-2026-06-08,AC0139,2026-06-08,50,19,0.62,0.558
PU-AC0139-2026-06-15,AC0139,2026-06-15,59,19,0.721,0.588
PU-AC0139-2026-06-22,AC0139,2026-06-22,56,18,0.649,0.611
PU-AC0139-2026-06-29,AC0139,2026-06-29,54,19,0.518,0.571
PU-AC0139-2026-07-06,AC0139,2026-07-06,60,20,0.55,0.689
PU-AC0139-2026-07-13,AC0139,2026-07-13,57,22,0.688,0.582
PU-AC0139-2026-07-20,AC0139,2026-07-20,59,20,0.733,0.669
PU-AC0139-2026-07-27,AC0139,2026-07-27,56,18,0.694,0.695
PU-AC0139-2026-08-03,AC0139,2026-08-03,63,18,0.698,0.742
PU-AC0139-2026-08-10,AC0139,2026-08-10,57,18,0.735,0.58
PU-AC0139-2026-08-17,AC0139,2026-08-17,57,19,0.637,0.478
PU-AC0139-2026-08-24,AC0139,2026-08-24,56,17,0.62,0.746
PU-AC0140-2025-09-01,AC0140,2025-09-01,114,49,0.662,0.642
PU-AC0140-2025-09-08,AC0140,2025-09-08,115,50,0.745,0.751
PU-AC0140-2025-09-15,AC0140,2025-09-15,108,55,0.527,0.769
PU-AC0140-2025-09-22,AC0140,2025-09-22,104,44,0.776,0.858
PU-AC0140-2025-09-29,AC0140,2025-09-29,117,45,0.571,0.51
PU-AC0140-2025-10-06,AC0140,2025-10-06,100,55,0.688,0.625
PU-AC0140-2025-10-13,AC0140,2025-10-13,114,43,0.577,0.658
PU-AC0140-2025-10-20,AC0140,2025-10-20,112,50,0.681,0.878
PU-AC0140-2025-10-27,AC0140,2025-10-27,106,51,0.659,0.609
PU-AC0140-2025-11-03,AC0140,2025-11-03,110,49,0.65,0.878
PU-AC0140-2025-11-10,AC0140,2025-11-10,114,52,0.789,0.69
PU-AC0140-2025-11-17,AC0140,2025-11-17,111,48,0.632,0.572
PU-AC0140-2025-11-24,AC0140,2025-11-24,126,57,0.944,0.631
PU-AC0140-2025-12-01,AC0140,2025-12-01,109,47,0.698,0.643
PU-AC0140-2025-12-08,AC0140,2025-12-08,111,53,0.942,0.471
PU-AC0140-2025-12-15,AC0140,2025-12-15,94,56,0.643,0.554
PU-AC0140-2025-12-22,AC0140,2025-12-22,125,48,0.807,0.438
PU-AC0140-2025-12-29,AC0140,2025-12-29,112,45,0.746,0.622
PU-AC0140-2026-01-05,AC0140,2026-01-05,109,43,0.759,0.604
PU-AC0140-2026-01-12,AC0140,2026-01-12,108,55,0.601,0.567
PU-AC0140-2026-01-19,AC0140,2026-01-19,105,50,0.688,0.499
PU-AC0140-2026-01-26,AC0140,2026-01-26,121,45,0.907,0.604
PU-AC0140-2026-02-02,AC0140,2026-02-02,106,46,0.512,0.537
PU-AC0140-2026-02-09,AC0140,2026-02-09,111,54,0.469,0.856
PU-AC0140-2026-02-16,AC0140,2026-02-16,126,58,0.751,0.669
PU-AC0140-2026-02-23,AC0140,2026-02-23,122,54,0.486,0.607
PU-AC0140-2026-03-02,AC0140,2026-03-02,107,43,0.54,0.618
PU-AC0140-2026-03-09,AC0140,2026-03-09,111,57,0.72,0.543
PU-AC0140-2026-03-16,AC0140,2026-03-16,113,50,0.808,0.539
PU-AC0140-2026-03-23,AC0140,2026-03-23,120,46,0.67,0.939
PU-AC0140-2026-03-30,AC0140,2026-03-30,111,53,0.781,0.55
PU-AC0140-2026-04-06,AC0140,2026-04-06,113,54,0.661,0.473
PU-AC0140-2026-04-13,AC0140,2026-04-13,118,50,1.0,0.464
PU-AC0140-2026-04-20,AC0140,2026-04-20,122,46,0.768,0.596
PU-AC0140-2026-04-27,AC0140,2026-04-27,111,52,0.766,0.253
PU-AC0140-2026-05-04,AC0140,2026-05-04,125,52,0.844,0.459
PU-AC0140-2026-05-11,AC0140,2026-05-11,118,54,0.778,0.572
PU-AC0140-2026-05-18,AC0140,2026-05-18,99,45,0.737,0.42
PU-AC0140-2026-05-25,AC0140,2026-05-25,113,49,0.612,0.631
PU-AC0140-2026-06-01,AC0140,2026-06-01,108,47,0.699,0.592
PU-AC0140-2026-06-08,AC0140,2026-06-08,105,48,0.557,0.529
PU-AC0140-2026-06-15,AC0140,2026-06-15,111,43,0.618,0.8
PU-AC0140-2026-06-22,AC0140,2026-06-22,101,58,0.829,0.759
PU-AC0140-2026-06-29,AC0140,2026-06-29,101,46,1.0,0.717
PU-AC0140-2026-07-06,AC0140,2026-07-06,110,58,0.701,0.68
PU-AC0140-2026-07-13,AC0140,2026-07-13,117,56,0.752,0.579
PU-AC0140-2026-07-20,AC0140,2026-07-20,114,54,0.505,0.408
PU-AC0140-2026-07-27,AC0140,2026-07-27,99,57,0.589,0.902
PU-AC0140-2026-08-03,AC0140,2026-08-03,107,44,0.605,0.526
PU-AC0140-2026-08-10,AC0140,2026-08-10,125,49,0.696,0.493
PU-AC0140-2026-08-17,AC0140,2026-08-17,101,46,0.544,0.608
PU-AC0140-2026-08-24,AC0140,2026-08-24,109,53,0.698,0.553
PU-AC0141-2025-09-01,AC0141,2025-09-01,56,27,0.868,0.385
PU-AC0141-2025-09-08,AC0141,2025-09-08,58,23,0.879,0.676
PU-AC0141-2025-09-15,AC0141,2025-09-15,57,27,0.86,0.567
PU-AC0141-2025-09-22,AC0141,2025-09-22,51,27,0.653,0.475
PU-AC0141-2025-09-29,AC0141,2025-09-29,58,26,0.655,0.591
PU-AC0141-2025-10-06,AC0141,2025-10-06,59,25,0.376,0.868
PU-AC0141-2025-10-13,AC0141,2025-10-13,58,24,0.597,0.451
PU-AC0141-2025-10-20,AC0141,2025-10-20,52,22,0.779,0.642
PU-AC0141-2025-10-27,AC0141,2025-10-27,53,24,0.64,0.795
PU-AC0141-2025-11-03,AC0141,2025-11-03,61,24,0.803,0.702
PU-AC0141-2025-11-10,AC0141,2025-11-10,59,27,0.887,0.732
PU-AC0141-2025-11-17,AC0141,2025-11-17,55,23,0.679,0.61
PU-AC0141-2025-11-24,AC0141,2025-11-24,60,22,0.814,0.728
PU-AC0141-2025-12-01,AC0141,2025-12-01,56,22,0.798,0.846
PU-AC0141-2025-12-08,AC0141,2025-12-08,57,24,0.655,0.502
PU-AC0141-2025-12-15,AC0141,2025-12-15,59,26,0.627,0.464
PU-AC0141-2025-12-22,AC0141,2025-12-22,51,27,0.663,0.661
PU-AC0141-2025-12-29,AC0141,2025-12-29,52,26,0.507,0.748
PU-AC0141-2026-01-05,AC0141,2026-01-05,55,22,0.902,0.75
PU-AC0141-2026-01-12,AC0141,2026-01-12,49,25,0.515,0.687
PU-AC0141-2026-01-19,AC0141,2026-01-19,49,22,0.835,0.621
PU-AC0141-2026-01-26,AC0141,2026-01-26,56,23,0.886,0.694
PU-AC0141-2026-02-02,AC0141,2026-02-02,57,26,0.662,0.505
PU-AC0141-2026-02-09,AC0141,2026-02-09,55,28,0.758,0.943
PU-AC0141-2026-02-16,AC0141,2026-02-16,54,25,0.835,0.6
PU-AC0141-2026-02-23,AC0141,2026-02-23,58,26,0.824,0.505
PU-AC0141-2026-03-02,AC0141,2026-03-02,51,21,0.725,0.874
PU-AC0141-2026-03-09,AC0141,2026-03-09,54,25,0.681,0.775
PU-AC0141-2026-03-16,AC0141,2026-03-16,53,27,0.696,0.383
PU-AC0141-2026-03-23,AC0141,2026-03-23,54,24,0.864,0.655
PU-AC0141-2026-03-30,AC0141,2026-03-30,47,28,0.89,0.524
PU-AC0141-2026-04-06,AC0141,2026-04-06,60,25,0.55,0.789
PU-AC0141-2026-04-13,AC0141,2026-04-13,59,22,0.778,0.516
PU-AC0141-2026-04-20,AC0141,2026-04-20,53,26,0.644,0.742
PU-AC0141-2026-04-27,AC0141,2026-04-27,58,24,0.9,0.608
PU-AC0141-2026-05-04,AC0141,2026-05-04,49,21,0.567,0.714
PU-AC0141-2026-05-11,AC0141,2026-05-11,61,27,0.577,0.472
PU-AC0141-2026-05-18,AC0141,2026-05-18,56,27,0.691,0.545
PU-AC0141-2026-05-25,AC0141,2026-05-25,56,25,0.808,0.577
PU-AC0141-2026-06-01,AC0141,2026-06-01,54,23,0.536,0.555
PU-AC0141-2026-06-08,AC0141,2026-06-08,53,25,0.577,0.653
PU-AC0141-2026-06-15,AC0141,2026-06-15,56,26,0.643,0.599
PU-AC0141-2026-06-22,AC0141,2026-06-22,52,26,0.528,0.741
PU-AC0141-2026-06-29,AC0141,2026-06-29,53,23,0.701,0.472
PU-AC0141-2026-07-06,AC0141,2026-07-06,60,23,0.764,0.518
PU-AC0141-2026-07-13,AC0141,2026-07-13,53,28,0.62,0.769
PU-AC0141-2026-07-20,AC0141,2026-07-20,48,24,0.753,0.89
PU-AC0141-2026-07-27,AC0141,2026-07-27,52,21,0.769,0.483
PU-AC0141-2026-08-03,AC0141,2026-08-03,57,22,0.836,0.673
PU-AC0141-2026-08-10,AC0141,2026-08-10,54,22,0.897,0.515
PU-AC0141-2026-08-17,AC0141,2026-08-17,58,22,0.627,0.845
PU-AC0141-2026-08-24,AC0141,2026-08-24,55,28,0.65,0.593
PU-AC0142-2025-09-01,AC0142,2025-09-01,55,14,0.555,0.676
PU-AC0142-2025-09-08,AC0142,2025-09-08,52,17,0.598,0.399
PU-AC0142-2025-09-15,AC0142,2025-09-15,55,17,0.691,0.669
PU-AC0142-2025-09-22,AC0142,2025-09-22,55,13,0.678,0.783
PU-AC0142-2025-09-29,AC0142,2025-09-29,48,17,0.703,0.513
PU-AC0142-2025-10-06,AC0142,2025-10-06,53,15,0.616,0.438
PU-AC0142-2025-10-13,AC0142,2025-10-13,48,16,0.563,0.759
PU-AC0142-2025-10-20,AC0142,2025-10-20,49,15,0.674,0.523
PU-AC0142-2025-10-27,AC0142,2025-10-27,51,14,0.647,0.825
PU-AC0142-2025-11-03,AC0142,2025-11-03,52,15,0.609,0.583
PU-AC0142-2025-11-10,AC0142,2025-11-10,46,13,0.853,0.774
PU-AC0142-2025-11-17,AC0142,2025-11-17,51,17,0.726,0.631
PU-AC0142-2025-11-24,AC0142,2025-11-24,49,15,0.551,0.674
PU-AC0142-2025-12-01,AC0142,2025-12-01,48,17,0.561,0.808
PU-AC0142-2025-12-08,AC0142,2025-12-08,53,16,0.793,0.554
PU-AC0142-2025-12-15,AC0142,2025-12-15,50,15,0.755,0.764
PU-AC0142-2025-12-22,AC0142,2025-12-22,53,14,0.504,0.667
PU-AC0142-2025-12-29,AC0142,2025-12-29,55,14,0.802,0.636
PU-AC0142-2026-01-05,AC0142,2026-01-05,48,17,0.887,0.78
PU-AC0142-2026-01-12,AC0142,2026-01-12,50,16,0.831,0.798
PU-AC0142-2026-01-19,AC0142,2026-01-19,52,14,0.583,0.669
PU-AC0142-2026-01-26,AC0142,2026-01-26,47,17,0.638,0.614
PU-AC0142-2026-02-02,AC0142,2026-02-02,55,14,0.794,0.576
PU-AC0142-2026-02-09,AC0142,2026-02-09,52,14,0.9,0.622
PU-AC0142-2026-02-16,AC0142,2026-02-16,50,16,0.479,0.683
PU-AC0142-2026-02-23,AC0142,2026-02-23,59,14,0.834,0.702
PU-AC0142-2026-03-02,AC0142,2026-03-02,50,16,0.606,0.741
PU-AC0142-2026-03-09,AC0142,2026-03-09,53,16,0.982,0.598
PU-AC0142-2026-03-16,AC0142,2026-03-16,50,17,0.671,0.666
PU-AC0142-2026-03-23,AC0142,2026-03-23,52,14,0.881,0.779
PU-AC0142-2026-03-30,AC0142,2026-03-30,56,13,0.732,0.744
PU-AC0142-2026-04-06,AC0142,2026-04-06,49,17,0.765,0.725
PU-AC0142-2026-04-13,AC0142,2026-04-13,50,13,0.592,0.543
PU-AC0142-2026-04-20,AC0142,2026-04-20,58,15,0.713,0.678
PU-AC0142-2026-04-27,AC0142,2026-04-27,49,13,0.665,0.856
PU-AC0142-2026-05-04,AC0142,2026-05-04,52,15,0.675,0.74
PU-AC0142-2026-05-11,AC0142,2026-05-11,57,14,0.841,0.835
PU-AC0142-2026-05-18,AC0142,2026-05-18,46,13,0.472,0.644
PU-AC0142-2026-05-25,AC0142,2026-05-25,49,14,0.706,0.614
PU-AC0142-2026-06-01,AC0142,2026-06-01,50,16,0.5,0.748
PU-AC0142-2026-06-08,AC0142,2026-06-08,53,13,0.785,0.657
PU-AC0142-2026-06-15,AC0142,2026-06-15,50,14,0.566,0.601
PU-AC0142-2026-06-22,AC0142,2026-06-22,56,13,0.792,0.756
PU-AC0142-2026-06-29,AC0142,2026-06-29,47,15,0.841,0.744
PU-AC0142-2026-07-06,AC0142,2026-07-06,51,16,0.676,0.748
PU-AC0142-2026-07-13,AC0142,2026-07-13,50,17,0.502,0.714
PU-AC0142-2026-07-20,AC0142,2026-07-20,46,14,0.696,0.865
PU-AC0142-2026-07-27,AC0142,2026-07-27,51,14,0.897,0.681
PU-AC0142-2026-08-03,AC0142,2026-08-03,49,13,0.604,0.637
PU-AC0142-2026-08-10,AC0142,2026-08-10,53,13,0.751,0.8
PU-AC0142-2026-08-17,AC0142,2026-08-17,51,15,0.64,0.608
PU-AC0142-2026-08-24,AC0142,2026-08-24,48,14,0.569,0.606
PU-AC0143-2025-09-01,AC0143,2025-09-01,30,9,0.609,0.745
PU-AC0143-2025-09-08,AC0143,2025-09-08,30,9,0.741,0.625
PU-AC0143-2025-09-15,AC0143,2025-09-15,31,10,0.62,0.559
PU-AC0143-2025-09-22,AC0143,2025-09-22,29,10,0.695,0.564
PU-AC0143-2025-09-29,AC0143,2025-09-29,27,10,0.749,0.665
PU-AC0143-2025-10-06,AC0143,2025-10-06,30,9,0.441,0.733
PU-AC0143-2025-10-13,AC0143,2025-10-13,30,9,0.684,0.647
PU-AC0143-2025-10-20,AC0143,2025-10-20,31,8,0.687,0.558
PU-AC0143-2025-10-27,AC0143,2025-10-27,30,10,0.798,0.586
PU-AC0143-2025-11-03,AC0143,2025-11-03,29,8,0.581,0.502
PU-AC0143-2025-11-10,AC0143,2025-11-10,29,8,0.849,0.419
PU-AC0143-2025-11-17,AC0143,2025-11-17,29,9,0.802,0.568
PU-AC0143-2025-11-24,AC0143,2025-11-24,29,10,0.972,0.763
PU-AC0143-2025-12-01,AC0143,2025-12-01,28,8,0.668,0.445
PU-AC0143-2025-12-08,AC0143,2025-12-08,27,9,0.848,0.553
PU-AC0143-2025-12-15,AC0143,2025-12-15,28,10,0.882,0.618
PU-AC0143-2025-12-22,AC0143,2025-12-22,28,9,0.738,0.923
PU-AC0143-2025-12-29,AC0143,2025-12-29,29,8,0.841,0.806
PU-AC0143-2026-01-05,AC0143,2026-01-05,26,10,0.62,0.615
PU-AC0143-2026-01-12,AC0143,2026-01-12,27,10,0.794,0.98
PU-AC0143-2026-01-19,AC0143,2026-01-19,31,10,0.694,0.741
PU-AC0143-2026-01-26,AC0143,2026-01-26,25,8,0.687,0.63
PU-AC0143-2026-02-02,AC0143,2026-02-02,29,10,0.908,0.658
PU-AC0143-2026-02-09,AC0143,2026-02-09,31,10,0.799,0.625
PU-AC0143-2026-02-16,AC0143,2026-02-16,31,9,0.873,0.394
PU-AC0143-2026-02-23,AC0143,2026-02-23,29,9,0.766,0.848
PU-AC0143-2026-03-02,AC0143,2026-03-02,31,8,0.688,0.694
PU-AC0143-2026-03-09,AC0143,2026-03-09,29,10,0.722,0.613
PU-AC0143-2026-03-16,AC0143,2026-03-16,27,9,0.602,0.858
PU-AC0143-2026-03-23,AC0143,2026-03-23,28,8,0.734,0.738
PU-AC0143-2026-03-30,AC0143,2026-03-30,31,10,0.913,0.643
PU-AC0143-2026-04-06,AC0143,2026-04-06,29,9,0.537,0.764
PU-AC0143-2026-04-13,AC0143,2026-04-13,28,9,0.568,0.643
PU-AC0143-2026-04-20,AC0143,2026-04-20,28,9,0.856,0.651
PU-AC0143-2026-04-27,AC0143,2026-04-27,27,10,0.793,0.179
PU-AC0143-2026-05-04,AC0143,2026-05-04,28,9,0.708,0.58
PU-AC0143-2026-05-11,AC0143,2026-05-11,29,9,0.77,0.55
PU-AC0143-2026-05-18,AC0143,2026-05-18,30,9,1.0,0.784
PU-AC0143-2026-05-25,AC0143,2026-05-25,30,9,0.623,0.557
PU-AC0143-2026-06-01,AC0143,2026-06-01,32,10,0.594,0.633
PU-AC0143-2026-06-08,AC0143,2026-06-08,28,8,0.766,0.669
PU-AC0143-2026-06-15,AC0143,2026-06-15,26,8,0.772,0.574
PU-AC0143-2026-06-22,AC0143,2026-06-22,25,10,0.517,0.876
PU-AC0143-2026-06-29,AC0143,2026-06-29,29,8,0.922,0.699
PU-AC0143-2026-07-06,AC0143,2026-07-06,31,9,0.585,0.863
PU-AC0143-2026-07-13,AC0143,2026-07-13,28,8,0.77,0.869
PU-AC0143-2026-07-20,AC0143,2026-07-20,30,10,0.579,0.764
PU-AC0143-2026-07-27,AC0143,2026-07-27,28,8,0.732,0.779
PU-AC0143-2026-08-03,AC0143,2026-08-03,31,8,0.757,0.845
PU-AC0143-2026-08-10,AC0143,2026-08-10,27,9,0.73,0.608
PU-AC0143-2026-08-17,AC0143,2026-08-17,28,8,0.714,0.647
PU-AC0143-2026-08-24,AC0143,2026-08-24,26,8,0.877,0.546
PU-AC0144-2025-09-01,AC0144,2025-09-01,66,23,0.945,0.582
PU-AC0144-2025-09-08,AC0144,2025-09-08,73,24,0.742,0.98
PU-AC0144-2025-09-15,AC0144,2025-09-15,64,23,0.709,0.419
PU-AC0144-2025-09-22,AC0144,2025-09-22,61,23,0.563,0.619
PU-AC0144-2025-09-29,AC0144,2025-09-29,63,23,0.596,0.871
PU-AC0144-2025-10-06,AC0144,2025-10-06,59,24,0.65,0.831
PU-AC0144-2025-10-13,AC0144,2025-10-13,62,23,0.772,0.632
PU-AC0144-2025-10-20,AC0144,2025-10-20,64,23,0.669,0.673
PU-AC0144-2025-10-27,AC0144,2025-10-27,60,20,0.607,0.651
PU-AC0144-2025-11-03,AC0144,2025-11-03,72,20,0.772,0.932
PU-AC0144-2025-11-10,AC0144,2025-11-10,65,19,0.721,0.766
PU-AC0144-2025-11-17,AC0144,2025-11-17,64,23,0.747,0.759
PU-AC0144-2025-11-24,AC0144,2025-11-24,66,20,0.551,0.691
PU-AC0144-2025-12-01,AC0144,2025-12-01,61,26,0.88,0.692
PU-AC0144-2025-12-08,AC0144,2025-12-08,66,24,0.598,0.6
PU-AC0144-2025-12-15,AC0144,2025-12-15,70,22,0.807,0.725
PU-AC0144-2025-12-22,AC0144,2025-12-22,62,26,0.653,0.781
PU-AC0144-2025-12-29,AC0144,2025-12-29,69,21,0.623,0.566
PU-AC0144-2026-01-05,AC0144,2026-01-05,69,23,0.839,0.509
PU-AC0144-2026-01-12,AC0144,2026-01-12,62,26,0.708,0.615
PU-AC0144-2026-01-19,AC0144,2026-01-19,67,24,0.89,0.772
PU-AC0144-2026-01-26,AC0144,2026-01-26,69,21,0.639,0.408
PU-AC0144-2026-02-02,AC0144,2026-02-02,61,25,0.709,0.66
PU-AC0144-2026-02-09,AC0144,2026-02-09,69,21,0.82,0.59
PU-AC0144-2026-02-16,AC0144,2026-02-16,60,25,0.831,0.617
PU-AC0144-2026-02-23,AC0144,2026-02-23,63,22,0.712,0.643
PU-AC0144-2026-03-02,AC0144,2026-03-02,66,21,0.812,0.703
PU-AC0144-2026-03-09,AC0144,2026-03-09,73,21,0.726,0.58
PU-AC0144-2026-03-16,AC0144,2026-03-16,64,22,0.62,0.569
PU-AC0144-2026-03-23,AC0144,2026-03-23,65,20,0.771,0.473
PU-AC0144-2026-03-30,AC0144,2026-03-30,62,19,0.667,0.547
PU-AC0144-2026-04-06,AC0144,2026-04-06,71,20,0.405,0.441
PU-AC0144-2026-04-13,AC0144,2026-04-13,57,22,0.573,0.537
PU-AC0144-2026-04-20,AC0144,2026-04-20,63,21,0.675,0.597
PU-AC0144-2026-04-27,AC0144,2026-04-27,62,24,0.531,0.298
PU-AC0144-2026-05-04,AC0144,2026-05-04,58,20,0.667,0.715
PU-AC0144-2026-05-11,AC0144,2026-05-11,61,25,0.694,0.732
PU-AC0144-2026-05-18,AC0144,2026-05-18,58,20,0.656,0.707
PU-AC0144-2026-05-25,AC0144,2026-05-25,63,23,0.87,0.715
PU-AC0144-2026-06-01,AC0144,2026-06-01,63,24,0.846,0.406
PU-AC0144-2026-06-08,AC0144,2026-06-08,73,23,0.782,0.851
PU-AC0144-2026-06-15,AC0144,2026-06-15,66,25,0.81,0.343
PU-AC0144-2026-06-22,AC0144,2026-06-22,64,22,0.836,0.7
PU-AC0144-2026-06-29,AC0144,2026-06-29,66,24,0.71,0.519
PU-AC0144-2026-07-06,AC0144,2026-07-06,62,22,0.595,0.651
PU-AC0144-2026-07-13,AC0144,2026-07-13,59,23,0.686,0.688
PU-AC0144-2026-07-20,AC0144,2026-07-20,61,21,0.521,0.74
PU-AC0144-2026-07-27,AC0144,2026-07-27,63,20,0.498,0.568
PU-AC0144-2026-08-03,AC0144,2026-08-03,67,24,0.767,0.839
PU-AC0144-2026-08-10,AC0144,2026-08-10,66,20,0.673,0.825
PU-AC0144-2026-08-17,AC0144,2026-08-17,61,25,0.809,0.621
PU-AC0144-2026-08-24,AC0144,2026-08-24,65,23,0.677,0.62
PU-AC0145-2025-09-01,AC0145,2025-09-01,23,6,0.583,0.553
PU-AC0145-2025-09-08,AC0145,2025-09-08,23,6,0.658,0.721
PU-AC0145-2025-09-15,AC0145,2025-09-15,25,6,0.909,0.513
PU-AC0145-2025-09-22,AC0145,2025-09-22,25,7,0.68,0.557
PU-AC0145-2025-09-29,AC0145,2025-09-29,22,6,0.849,0.642
PU-AC0145-2025-10-06,AC0145,2025-10-06,24,8,0.542,0.629
PU-AC0145-2025-10-13,AC0145,2025-10-13,27,7,0.62,0.474
PU-AC0145-2025-10-20,AC0145,2025-10-20,23,6,0.693,0.685
PU-AC0145-2025-10-27,AC0145,2025-10-27,22,7,0.831,0.696
PU-AC0145-2025-11-03,AC0145,2025-11-03,20,6,0.502,0.739
PU-AC0145-2025-11-10,AC0145,2025-11-10,24,7,0.963,0.772
PU-AC0145-2025-11-17,AC0145,2025-11-17,23,6,0.785,0.402
PU-AC0145-2025-11-24,AC0145,2025-11-24,28,7,0.914,0.763
PU-AC0145-2025-12-01,AC0145,2025-12-01,24,7,0.739,0.505
PU-AC0145-2025-12-08,AC0145,2025-12-08,24,8,0.657,0.578
PU-AC0145-2025-12-15,AC0145,2025-12-15,23,7,0.738,0.457
PU-AC0145-2025-12-22,AC0145,2025-12-22,25,7,0.574,0.63
PU-AC0145-2025-12-29,AC0145,2025-12-29,25,8,0.818,0.659
PU-AC0145-2026-01-05,AC0145,2026-01-05,24,7,0.505,0.656
PU-AC0145-2026-01-12,AC0145,2026-01-12,23,7,0.514,0.697
PU-AC0145-2026-01-19,AC0145,2026-01-19,22,8,0.625,0.427
PU-AC0145-2026-01-26,AC0145,2026-01-26,22,7,0.699,0.611
PU-AC0145-2026-02-02,AC0145,2026-02-02,26,8,0.725,0.669
PU-AC0145-2026-02-09,AC0145,2026-02-09,22,7,0.587,0.831
PU-AC0145-2026-02-16,AC0145,2026-02-16,25,6,0.454,0.828
PU-AC0145-2026-02-23,AC0145,2026-02-23,23,7,0.791,0.454
PU-AC0145-2026-03-02,AC0145,2026-03-02,25,7,0.583,0.668
PU-AC0145-2026-03-09,AC0145,2026-03-09,21,8,0.633,0.614
PU-AC0145-2026-03-16,AC0145,2026-03-16,24,6,0.652,0.633
PU-AC0145-2026-03-23,AC0145,2026-03-23,24,7,0.689,0.61
PU-AC0145-2026-03-30,AC0145,2026-03-30,25,6,0.751,0.537
PU-AC0145-2026-04-06,AC0145,2026-04-06,24,7,0.748,0.737
PU-AC0145-2026-04-13,AC0145,2026-04-13,23,6,0.738,0.566
PU-AC0145-2026-04-20,AC0145,2026-04-20,23,7,0.626,0.624
PU-AC0145-2026-04-27,AC0145,2026-04-27,25,6,0.362,0.442
PU-AC0145-2026-05-04,AC0145,2026-05-04,22,8,0.857,0.724
PU-AC0145-2026-05-11,AC0145,2026-05-11,23,6,0.598,0.557
PU-AC0145-2026-05-18,AC0145,2026-05-18,24,7,0.671,0.17
PU-AC0145-2026-05-25,AC0145,2026-05-25,24,7,0.606,0.635
PU-AC0145-2026-06-01,AC0145,2026-06-01,25,6,0.746,0.911
PU-AC0145-2026-06-08,AC0145,2026-06-08,25,7,0.565,0.785
PU-AC0145-2026-06-15,AC0145,2026-06-15,25,7,0.645,0.62
PU-AC0145-2026-06-22,AC0145,2026-06-22,21,6,0.715,0.559
PU-AC0145-2026-06-29,AC0145,2026-06-29,23,7,0.896,0.642
PU-AC0145-2026-07-06,AC0145,2026-07-06,23,7,0.553,0.902
PU-AC0145-2026-07-13,AC0145,2026-07-13,24,7,0.961,0.474
PU-AC0145-2026-07-20,AC0145,2026-07-20,22,7,0.628,0.589
PU-AC0145-2026-07-27,AC0145,2026-07-27,25,7,0.507,0.563
PU-AC0145-2026-08-03,AC0145,2026-08-03,25,6,0.739,0.539
PU-AC0145-2026-08-10,AC0145,2026-08-10,25,7,0.813,0.739
PU-AC0145-2026-08-17,AC0145,2026-08-17,26,7,0.559,0.774
PU-AC0145-2026-08-24,AC0145,2026-08-24,25,6,0.527,0.672
PU-AC0146-2025-09-01,AC0146,2025-09-01,29,6,0.641,0.448
PU-AC0146-2025-09-08,AC0146,2025-09-08,29,5,0.633,0.369
PU-AC0146-2025-09-15,AC0146,2025-09-15,32,5,0.62,0.715
PU-AC0146-2025-09-22,AC0146,2025-09-22,33,5,0.797,0.631
PU-AC0146-2025-09-29,AC0146,2025-09-29,26,6,0.713,0.646
PU-AC0146-2025-10-06,AC0146,2025-10-06,31,6,0.842,0.708
PU-AC0146-2025-10-13,AC0146,2025-10-13,28,6,0.713,0.673
PU-AC0146-2025-10-20,AC0146,2025-10-20,32,6,0.824,0.802
PU-AC0146-2025-10-27,AC0146,2025-10-27,30,5,0.698,0.545
PU-AC0146-2025-11-03,AC0146,2025-11-03,31,6,0.771,0.776
PU-AC0146-2025-11-10,AC0146,2025-11-10,27,7,0.701,0.549
PU-AC0146-2025-11-17,AC0146,2025-11-17,29,6,0.913,0.423
PU-AC0146-2025-11-24,AC0146,2025-11-24,28,7,0.56,0.57
PU-AC0146-2025-12-01,AC0146,2025-12-01,30,6,0.608,0.756
PU-AC0146-2025-12-08,AC0146,2025-12-08,29,6,0.665,0.616
PU-AC0146-2025-12-15,AC0146,2025-12-15,28,6,0.772,0.437
PU-AC0146-2025-12-22,AC0146,2025-12-22,31,6,0.715,0.62
PU-AC0146-2025-12-29,AC0146,2025-12-29,29,6,0.705,0.573
PU-AC0146-2026-01-05,AC0146,2026-01-05,27,5,0.669,0.559
PU-AC0146-2026-01-12,AC0146,2026-01-12,28,7,0.78,0.68
PU-AC0146-2026-01-19,AC0146,2026-01-19,29,6,0.451,0.898
PU-AC0146-2026-01-26,AC0146,2026-01-26,28,6,0.577,0.539
PU-AC0146-2026-02-02,AC0146,2026-02-02,29,6,0.711,0.802
PU-AC0146-2026-02-09,AC0146,2026-02-09,29,6,0.627,0.589
PU-AC0146-2026-02-16,AC0146,2026-02-16,28,6,0.713,0.497
PU-AC0146-2026-02-23,AC0146,2026-02-23,29,6,0.59,0.65
PU-AC0146-2026-03-02,AC0146,2026-03-02,30,7,0.833,0.361
PU-AC0146-2026-03-09,AC0146,2026-03-09,30,7,0.679,0.644
PU-AC0146-2026-03-16,AC0146,2026-03-16,29,6,0.719,0.516
PU-AC0146-2026-03-23,AC0146,2026-03-23,29,6,0.599,0.652
PU-AC0146-2026-03-30,AC0146,2026-03-30,30,5,0.675,0.743
PU-AC0146-2026-04-06,AC0146,2026-04-06,28,6,0.768,0.617
PU-AC0146-2026-04-13,AC0146,2026-04-13,30,6,0.672,0.659
PU-AC0146-2026-04-20,AC0146,2026-04-20,27,6,0.787,0.94
PU-AC0146-2026-04-27,AC0146,2026-04-27,31,6,0.652,0.748
PU-AC0146-2026-05-04,AC0146,2026-05-04,31,5,0.629,0.727
PU-AC0146-2026-05-11,AC0146,2026-05-11,32,6,0.705,0.597
PU-AC0146-2026-05-18,AC0146,2026-05-18,30,5,0.763,0.657
PU-AC0146-2026-05-25,AC0146,2026-05-25,29,6,0.832,0.364
PU-AC0146-2026-06-01,AC0146,2026-06-01,30,5,0.894,0.859
PU-AC0146-2026-06-08,AC0146,2026-06-08,28,6,0.673,0.867
PU-AC0146-2026-06-15,AC0146,2026-06-15,29,5,0.704,0.618
PU-AC0146-2026-06-22,AC0146,2026-06-22,29,5,0.733,0.353
PU-AC0146-2026-06-29,AC0146,2026-06-29,30,6,0.697,0.643
PU-AC0146-2026-07-06,AC0146,2026-07-06,28,6,0.84,0.56
PU-AC0146-2026-07-13,AC0146,2026-07-13,30,5,0.721,0.757
PU-AC0146-2026-07-20,AC0146,2026-07-20,31,5,0.66,0.58
PU-AC0146-2026-07-27,AC0146,2026-07-27,28,6,0.847,0.545
PU-AC0146-2026-08-03,AC0146,2026-08-03,29,5,0.663,0.703
PU-AC0146-2026-08-10,AC0146,2026-08-10,28,6,0.663,0.649
PU-AC0146-2026-08-17,AC0146,2026-08-17,28,6,0.83,0.58
PU-AC0146-2026-08-24,AC0146,2026-08-24,30,5,0.609,0.74
PU-AC0147-2025-09-01,AC0147,2025-09-01,63,16,0.695,0.591
PU-AC0147-2025-09-08,AC0147,2025-09-08,61,17,0.855,0.531
PU-AC0147-2025-09-15,AC0147,2025-09-15,69,16,0.722,0.553
PU-AC0147-2025-09-22,AC0147,2025-09-22,62,15,0.71,0.727
PU-AC0147-2025-09-29,AC0147,2025-09-29,61,20,0.712,0.557
PU-AC0147-2025-10-06,AC0147,2025-10-06,73,20,0.552,0.693
PU-AC0147-2025-10-13,AC0147,2025-10-13,66,19,0.865,0.822
PU-AC0147-2025-10-20,AC0147,2025-10-20,67,17,0.739,0.694
PU-AC0147-2025-10-27,AC0147,2025-10-27,59,20,0.853,0.767
PU-AC0147-2025-11-03,AC0147,2025-11-03,64,17,0.747,0.659
PU-AC0147-2025-11-10,AC0147,2025-11-10,74,17,0.421,0.661
PU-AC0147-2025-11-17,AC0147,2025-11-17,64,16,0.559,0.471
PU-AC0147-2025-11-24,AC0147,2025-11-24,68,16,0.61,0.546
PU-AC0147-2025-12-01,AC0147,2025-12-01,69,16,0.606,0.584
PU-AC0147-2025-12-08,AC0147,2025-12-08,63,17,0.705,0.476
PU-AC0147-2025-12-15,AC0147,2025-12-15,61,18,0.64,0.801
PU-AC0147-2025-12-22,AC0147,2025-12-22,66,19,0.513,0.595
PU-AC0147-2025-12-29,AC0147,2025-12-29,66,18,0.511,0.577
PU-AC0147-2026-01-05,AC0147,2026-01-05,61,16,0.719,0.546
PU-AC0147-2026-01-12,AC0147,2026-01-12,68,20,0.802,0.412
PU-AC0147-2026-01-19,AC0147,2026-01-19,65,20,0.479,0.892
PU-AC0147-2026-01-26,AC0147,2026-01-26,69,15,0.66,0.686
PU-AC0147-2026-02-02,AC0147,2026-02-02,69,16,0.718,0.651
PU-AC0147-2026-02-09,AC0147,2026-02-09,62,19,0.567,0.886
PU-AC0147-2026-02-16,AC0147,2026-02-16,63,20,0.626,0.574
PU-AC0147-2026-02-23,AC0147,2026-02-23,61,15,0.841,0.585
PU-AC0147-2026-03-02,AC0147,2026-03-02,68,20,0.771,0.658
PU-AC0147-2026-03-09,AC0147,2026-03-09,67,18,0.688,0.644
PU-AC0147-2026-03-16,AC0147,2026-03-16,62,19,0.81,0.676
PU-AC0147-2026-03-23,AC0147,2026-03-23,66,16,0.764,0.865
PU-AC0147-2026-03-30,AC0147,2026-03-30,65,15,0.748,0.815
PU-AC0147-2026-04-06,AC0147,2026-04-06,77,17,0.528,0.7
PU-AC0147-2026-04-13,AC0147,2026-04-13,71,19,0.713,0.617
PU-AC0147-2026-04-20,AC0147,2026-04-20,71,20,0.575,0.412
PU-AC0147-2026-04-27,AC0147,2026-04-27,65,20,0.524,0.798
PU-AC0147-2026-05-04,AC0147,2026-05-04,67,16,0.739,0.554
PU-AC0147-2026-05-11,AC0147,2026-05-11,64,15,0.882,0.623
PU-AC0147-2026-05-18,AC0147,2026-05-18,71,16,0.744,0.561
PU-AC0147-2026-05-25,AC0147,2026-05-25,63,17,0.853,0.676
PU-AC0147-2026-06-01,AC0147,2026-06-01,66,18,0.598,0.649
PU-AC0147-2026-06-08,AC0147,2026-06-08,72,20,1.0,0.546
PU-AC0147-2026-06-15,AC0147,2026-06-15,61,16,0.668,0.592
PU-AC0147-2026-06-22,AC0147,2026-06-22,70,18,0.724,0.783
PU-AC0147-2026-06-29,AC0147,2026-06-29,64,15,0.447,0.597
PU-AC0147-2026-07-06,AC0147,2026-07-06,65,17,0.553,0.679
PU-AC0147-2026-07-13,AC0147,2026-07-13,67,18,0.62,0.677
PU-AC0147-2026-07-20,AC0147,2026-07-20,59,17,0.785,0.673
PU-AC0147-2026-07-27,AC0147,2026-07-27,63,18,0.634,0.529
PU-AC0147-2026-08-03,AC0147,2026-08-03,69,18,0.797,0.761
PU-AC0147-2026-08-10,AC0147,2026-08-10,62,18,0.692,0.874
PU-AC0147-2026-08-17,AC0147,2026-08-17,65,15,0.916,0.457
PU-AC0147-2026-08-24,AC0147,2026-08-24,69,19,0.764,0.521
PU-AC0148-2025-09-01,AC0148,2025-09-01,32,6,0.583,0.64
PU-AC0148-2025-09-08,AC0148,2025-09-08,31,5,0.816,0.513
PU-AC0148-2025-09-15,AC0148,2025-09-15,34,5,0.831,0.597
PU-AC0148-2025-09-22,AC0148,2025-09-22,35,6,0.851,0.608
PU-AC0148-2025-09-29,AC0148,2025-09-29,32,7,0.963,0.563
PU-AC0148-2025-10-06,AC0148,2025-10-06,32,6,0.518,0.51
PU-AC0148-2025-10-13,AC0148,2025-10-13,32,6,0.964,0.721
PU-AC0148-2025-10-20,AC0148,2025-10-20,31,6,0.731,0.556
PU-AC0148-2025-10-27,AC0148,2025-10-27,34,5,0.601,0.602
PU-AC0148-2025-11-03,AC0148,2025-11-03,28,7,0.635,0.698
PU-AC0148-2025-11-10,AC0148,2025-11-10,35,7,0.449,0.462
PU-AC0148-2025-11-17,AC0148,2025-11-17,36,7,0.732,0.667
PU-AC0148-2025-11-24,AC0148,2025-11-24,31,6,0.831,0.714
PU-AC0148-2025-12-01,AC0148,2025-12-01,31,6,0.853,0.654
PU-AC0148-2025-12-08,AC0148,2025-12-08,31,5,0.845,0.58
PU-AC0148-2025-12-15,AC0148,2025-12-15,30,6,0.711,0.572
PU-AC0148-2025-12-22,AC0148,2025-12-22,31,7,0.684,0.336
PU-AC0148-2025-12-29,AC0148,2025-12-29,32,5,0.819,0.645
PU-AC0148-2026-01-05,AC0148,2026-01-05,30,5,0.71,0.68
PU-AC0148-2026-01-12,AC0148,2026-01-12,30,6,0.734,0.926
PU-AC0148-2026-01-19,AC0148,2026-01-19,30,5,0.64,0.718
PU-AC0148-2026-01-26,AC0148,2026-01-26,33,6,0.662,0.549
PU-AC0148-2026-02-02,AC0148,2026-02-02,32,6,0.639,0.652
PU-AC0148-2026-02-09,AC0148,2026-02-09,33,7,0.804,0.756
PU-AC0148-2026-02-16,AC0148,2026-02-16,33,5,0.858,0.467
PU-AC0148-2026-02-23,AC0148,2026-02-23,31,6,0.591,0.629
PU-AC0148-2026-03-02,AC0148,2026-03-02,33,7,0.79,0.52
PU-AC0148-2026-03-09,AC0148,2026-03-09,30,5,0.442,0.569
PU-AC0148-2026-03-16,AC0148,2026-03-16,33,5,0.83,0.522
PU-AC0148-2026-03-23,AC0148,2026-03-23,33,7,0.495,0.609
PU-AC0148-2026-03-30,AC0148,2026-03-30,30,7,0.794,0.625
PU-AC0148-2026-04-06,AC0148,2026-04-06,34,5,0.577,0.638
PU-AC0148-2026-04-13,AC0148,2026-04-13,32,5,0.51,0.549
PU-AC0148-2026-04-20,AC0148,2026-04-20,33,7,0.723,0.586
PU-AC0148-2026-04-27,AC0148,2026-04-27,30,7,0.811,0.751
PU-AC0148-2026-05-04,AC0148,2026-05-04,35,6,0.788,0.802
PU-AC0148-2026-05-11,AC0148,2026-05-11,34,6,0.762,0.565
PU-AC0148-2026-05-18,AC0148,2026-05-18,29,5,0.601,0.417
PU-AC0148-2026-05-25,AC0148,2026-05-25,29,7,0.716,0.738
PU-AC0148-2026-06-01,AC0148,2026-06-01,31,6,0.649,0.683
PU-AC0148-2026-06-08,AC0148,2026-06-08,33,6,0.726,0.566
PU-AC0148-2026-06-15,AC0148,2026-06-15,33,7,0.694,0.356
PU-AC0148-2026-06-22,AC0148,2026-06-22,32,6,0.556,0.764
PU-AC0148-2026-06-29,AC0148,2026-06-29,32,6,0.553,0.576
PU-AC0148-2026-07-06,AC0148,2026-07-06,31,5,0.797,0.608
PU-AC0148-2026-07-13,AC0148,2026-07-13,32,7,0.733,0.722
PU-AC0148-2026-07-20,AC0148,2026-07-20,32,5,0.611,0.889
PU-AC0148-2026-07-27,AC0148,2026-07-27,33,5,0.786,0.638
PU-AC0148-2026-08-03,AC0148,2026-08-03,33,6,0.812,0.509
PU-AC0148-2026-08-10,AC0148,2026-08-10,28,7,0.904,0.681
PU-AC0148-2026-08-17,AC0148,2026-08-17,32,6,0.752,0.473
PU-AC0148-2026-08-24,AC0148,2026-08-24,31,6,0.656,0.643
PU-AC0149-2025-09-01,AC0149,2025-09-01,24,9,0.683,0.732
PU-AC0149-2025-09-08,AC0149,2025-09-08,23,8,0.513,0.583
PU-AC0149-2025-09-15,AC0149,2025-09-15,26,10,0.77,0.627
PU-AC0149-2025-09-22,AC0149,2025-09-22,25,10,0.92,0.744
PU-AC0149-2025-09-29,AC0149,2025-09-29,24,8,0.798,0.797
PU-AC0149-2025-10-06,AC0149,2025-10-06,23,9,0.61,0.751
PU-AC0149-2025-10-13,AC0149,2025-10-13,25,8,0.625,0.551
PU-AC0149-2025-10-20,AC0149,2025-10-20,23,8,0.529,0.577
PU-AC0149-2025-10-27,AC0149,2025-10-27,25,10,0.799,0.852
PU-AC0149-2025-11-03,AC0149,2025-11-03,22,9,0.63,0.687
PU-AC0149-2025-11-10,AC0149,2025-11-10,24,10,0.64,0.701
PU-AC0149-2025-11-17,AC0149,2025-11-17,25,8,0.751,0.606
PU-AC0149-2025-11-24,AC0149,2025-11-24,23,8,0.72,0.791
PU-AC0149-2025-12-01,AC0149,2025-12-01,20,10,0.704,0.446
PU-AC0149-2025-12-08,AC0149,2025-12-08,25,10,0.541,0.694
PU-AC0149-2025-12-15,AC0149,2025-12-15,28,10,0.931,0.735
PU-AC0149-2025-12-22,AC0149,2025-12-22,25,9,0.854,0.694
PU-AC0149-2025-12-29,AC0149,2025-12-29,24,8,0.565,0.662
PU-AC0149-2026-01-05,AC0149,2026-01-05,26,9,0.605,0.726
PU-AC0149-2026-01-12,AC0149,2026-01-12,24,10,0.689,0.416
PU-AC0149-2026-01-19,AC0149,2026-01-19,22,8,0.773,0.694
PU-AC0149-2026-01-26,AC0149,2026-01-26,24,8,0.932,0.616
PU-AC0149-2026-02-02,AC0149,2026-02-02,26,9,0.734,0.739
PU-AC0149-2026-02-09,AC0149,2026-02-09,24,8,0.975,0.62
PU-AC0149-2026-02-16,AC0149,2026-02-16,24,10,0.869,0.407
PU-AC0149-2026-02-23,AC0149,2026-02-23,23,10,0.622,0.878
PU-AC0149-2026-03-02,AC0149,2026-03-02,25,9,0.81,0.761
PU-AC0149-2026-03-09,AC0149,2026-03-09,25,9,0.82,0.619
PU-AC0149-2026-03-16,AC0149,2026-03-16,22,9,0.718,0.449
PU-AC0149-2026-03-23,AC0149,2026-03-23,23,10,0.721,0.706
PU-AC0149-2026-03-30,AC0149,2026-03-30,22,9,0.776,0.783
PU-AC0149-2026-04-06,AC0149,2026-04-06,24,9,0.583,0.715
PU-AC0149-2026-04-13,AC0149,2026-04-13,22,10,0.685,0.723
PU-AC0149-2026-04-20,AC0149,2026-04-20,26,10,0.788,0.594
PU-AC0149-2026-04-27,AC0149,2026-04-27,23,8,0.814,0.612
PU-AC0149-2026-05-04,AC0149,2026-05-04,26,8,0.61,0.559
PU-AC0149-2026-05-11,AC0149,2026-05-11,26,9,0.789,0.768
PU-AC0149-2026-05-18,AC0149,2026-05-18,23,9,0.959,0.634
PU-AC0149-2026-05-25,AC0149,2026-05-25,24,9,0.556,0.738
PU-AC0149-2026-06-01,AC0149,2026-06-01,25,8,0.754,0.711
PU-AC0149-2026-06-08,AC0149,2026-06-08,25,8,0.719,0.709
PU-AC0149-2026-06-15,AC0149,2026-06-15,24,8,0.916,0.616
PU-AC0149-2026-06-22,AC0149,2026-06-22,25,9,0.779,0.689
PU-AC0149-2026-06-29,AC0149,2026-06-29,21,9,0.746,0.474
PU-AC0149-2026-07-06,AC0149,2026-07-06,24,9,0.663,0.36
PU-AC0149-2026-07-13,AC0149,2026-07-13,24,8,0.584,0.572
PU-AC0149-2026-07-20,AC0149,2026-07-20,23,9,0.756,0.392
PU-AC0149-2026-07-27,AC0149,2026-07-27,24,8,0.791,0.866
PU-AC0149-2026-08-03,AC0149,2026-08-03,23,10,0.803,0.558
PU-AC0149-2026-08-10,AC0149,2026-08-10,24,8,0.804,0.501
PU-AC0149-2026-08-17,AC0149,2026-08-17,25,8,0.549,0.748
PU-AC0149-2026-08-24,AC0149,2026-08-24,24,9,0.571,0.692
PU-AC0150-2025-09-01,AC0150,2025-09-01,103,44,0.789,0.708
PU-AC0150-2025-09-08,AC0150,2025-09-08,102,37,0.544,0.69
PU-AC0150-2025-09-15,AC0150,2025-09-15,101,45,0.667,0.683
PU-AC0150-2025-09-22,AC0150,2025-09-22,95,43,0.741,0.704
PU-AC0150-2025-09-29,AC0150,2025-09-29,93,44,0.864,0.755
PU-AC0150-2025-10-06,AC0150,2025-10-06,98,42,0.881,0.757
PU-AC0150-2025-10-13,AC0150,2025-10-13,96,38,0.829,0.745
PU-AC0150-2025-10-20,AC0150,2025-10-20,96,39,0.515,0.708
PU-AC0150-2025-10-27,AC0150,2025-10-27,102,44,0.816,0.691
PU-AC0150-2025-11-03,AC0150,2025-11-03,91,43,0.865,0.728
PU-AC0150-2025-11-10,AC0150,2025-11-10,91,46,0.617,0.732
PU-AC0150-2025-11-17,AC0150,2025-11-17,104,36,0.607,0.714
PU-AC0150-2025-11-24,AC0150,2025-11-24,105,47,0.779,0.735
PU-AC0150-2025-12-01,AC0150,2025-12-01,91,42,0.89,0.74
PU-AC0150-2025-12-08,AC0150,2025-12-08,109,44,0.788,0.743
PU-AC0150-2025-12-15,AC0150,2025-12-15,94,41,0.79,0.72
PU-AC0150-2025-12-22,AC0150,2025-12-22,91,45,0.625,0.743
PU-AC0150-2025-12-29,AC0150,2025-12-29,109,44,0.574,0.682
PU-AC0150-2026-01-05,AC0150,2026-01-05,96,45,0.549,0.734
PU-AC0150-2026-01-12,AC0150,2026-01-12,94,38,0.784,0.699
PU-AC0150-2026-01-19,AC0150,2026-01-19,100,42,0.932,0.702
PU-AC0150-2026-01-26,AC0150,2026-01-26,97,38,0.569,0.687
PU-AC0150-2026-02-02,AC0150,2026-02-02,106,42,0.56,0.695
PU-AC0150-2026-02-09,AC0150,2026-02-09,103,45,0.693,0.759
PU-AC0150-2026-02-16,AC0150,2026-02-16,94,48,0.639,0.713
PU-AC0150-2026-02-23,AC0150,2026-02-23,93,44,0.627,0.754
PU-AC0150-2026-03-02,AC0150,2026-03-02,92,43,0.726,0.693
PU-AC0150-2026-03-09,AC0150,2026-03-09,96,40,0.685,0.696
PU-AC0150-2026-03-16,AC0150,2026-03-16,100,42,0.812,0.725
PU-AC0150-2026-03-23,AC0150,2026-03-23,90,42,0.679,0.708
PU-AC0150-2026-03-30,AC0150,2026-03-30,107,37,0.681,0.732
PU-AC0150-2026-04-06,AC0150,2026-04-06,90,48,0.604,0.714
PU-AC0150-2026-04-13,AC0150,2026-04-13,105,42,0.663,0.745
PU-AC0150-2026-04-20,AC0150,2026-04-20,102,48,0.834,0.715
PU-AC0150-2026-04-27,AC0150,2026-04-27,95,47,0.748,0.726
PU-AC0150-2026-05-04,AC0150,2026-05-04,95,42,0.74,0.706
PU-AC0150-2026-05-11,AC0150,2026-05-11,110,44,0.696,0.736
PU-AC0150-2026-05-18,AC0150,2026-05-18,103,37,0.713,0.732
PU-AC0150-2026-05-25,AC0150,2026-05-25,94,44,0.817,0.712
PU-AC0150-2026-06-01,AC0150,2026-06-01,97,41,0.839,0.702
PU-AC0150-2026-06-08,AC0150,2026-06-08,107,49,0.822,0.729
PU-AC0150-2026-06-15,AC0150,2026-06-15,95,46,0.908,0.755
PU-AC0150-2026-06-22,AC0150,2026-06-22,94,43,0.771,0.691
PU-AC0150-2026-06-29,AC0150,2026-06-29,99,38,0.801,0.744
PU-AC0150-2026-07-06,AC0150,2026-07-06,107,43,0.609,0.723
PU-AC0150-2026-07-13,AC0150,2026-07-13,102,47,0.649,0.722
PU-AC0150-2026-07-20,AC0150,2026-07-20,78,48,0.583,0.66
PU-AC0150-2026-07-27,AC0150,2026-07-27,72,38,0.894,0.63
PU-AC0150-2026-08-03,AC0150,2026-08-03,68,44,0.742,0.6
PU-AC0150-2026-08-10,AC0150,2026-08-10,64,41,0.784,0.58
PU-AC0150-2026-08-17,AC0150,2026-08-17,61,41,0.729,0.56
PU-AC0150-2026-08-24,AC0150,2026-08-24,60,42,0.546,0.55
