ticket_id,account_id,agent_id,created_at,resolved_at,contact_reason,resolution_status,first_response_minutes,escalation_required,escalation_reason,complaint_flag,repeat_contact,related_sop
TK00001,AC0126,A032,2025-09-01 12:00:00,2025-09-02 21:37:05.908735460,How-to,Resolved,9,0,None,0,0,SOP-12
TK00002,AC0037,A011,2025-09-01 12:00:00,2025-09-01 19:15:00.619886631,Integration,Resolved,25,0,None,0,0,SOP-12
TK00003,AC0105,A005,2025-09-01 18:00:00,2025-09-02 20:06:25.126555360,Bug,Resolved,35,0,None,0,0,None
TK00004,AC0150,A025,2025-09-01 17:00:00,,Billing,Waiting Internally,26,1,Operations,0,0,None
TK00005,AC0077,A013,2025-09-01 10:00:00,,Technical,Unresolved,16,0,None,0,0,SOP-18
TK00006,AC0004,A001,2025-09-01 13:00:00,2025-09-02 17:19:37.545120098,How-to,Resolved,19,0,None,0,0,SOP-12
TK00007,AC0087,A002,2025-09-01 17:00:00,2025-09-02 07:05:13.765892643,Technical,Resolved,51,0,None,0,0,None
TK00008,AC0137,A029,2025-09-01 10:00:00,2025-09-01 19:52:22.373677418,How-to,Resolved,80,0,None,0,0,None
TK00009,AC0021,A023,2025-09-01 17:00:00,2025-09-03 12:34:30.207237962,How-to,Resolved,68,0,None,0,0,SOP-07
TK00010,AC0140,A015,2025-09-01 15:00:00,2025-09-02 10:06:12.537096380,Account,Resolved,12,0,None,0,0,SOP-18
TK00011,AC0142,A020,2025-09-01 08:00:00,2025-09-02 03:00:24.282775721,Technical,Resolved,27,0,None,0,1,None
TK00012,AC0120,A011,2025-09-01 18:00:00,2025-09-02 15:22:19.120839408,How-to,Resolved,14,0,None,0,0,SOP-07
TK00013,AC0088,A021,2025-09-01 08:00:00,2025-09-02 13:03:43.388961788,Account,Resolved,90,0,None,0,0,SOP-07
TK00014,AC0117,A021,2025-09-01 12:00:00,2025-09-02 01:38:46.288325153,How-to,Resolved,49,0,None,0,0,SOP-07
TK00015,AC0059,A007,2025-09-01 16:00:00,2025-09-02 02:21:58.150495379,Integration,Resolved,103,0,None,0,0,SOP-12
TK00016,AC0088,A012,2025-09-01 10:00:00,2025-09-02 05:52:32.264287424,Technical,Resolved,51,0,None,0,0,SOP-12
TK00017,AC0137,A016,2025-09-01 19:00:00,,Integration,Partially Resolved,57,0,None,0,0,None
TK00018,AC0117,A006,2025-09-01 11:00:00,2025-09-01 17:04:51.591647997,Technical,Resolved,24,0,None,0,1,None
TK00019,AC0030,A029,2025-09-02 16:00:00,2025-09-03 03:14:30.597336076,Billing,Resolved,85,0,None,0,1,None
TK00020,AC0099,A032,2025-09-02 13:00:00,2025-09-03 06:24:17.190509160,How-to,Resolved,20,0,None,0,0,None
TK00021,AC0037,A037,2025-09-02 09:00:00,2025-09-03 09:18:49.814148970,Technical,Resolved,81,0,None,0,0,None
TK00022,AC0105,A024,2025-09-02 16:00:00,2025-09-03 05:34:02.625979885,Account,Resolved,14,0,None,0,0,None
TK00023,AC0099,A013,2025-09-02 16:00:00,2025-09-02 20:47:11.163871131,How-to,Resolved,29,0,None,0,1,SOP-18
TK00024,AC0116,A032,2025-09-02 14:00:00,,How-to,Waiting Internally,8,1,Billing,0,0,None
TK00025,AC0103,A032,2025-09-02 09:00:00,2025-09-02 18:59:32.318070297,Account,Resolved,39,0,None,0,0,SOP-18
TK00026,AC0006,A033,2025-09-02 19:00:00,2025-09-03 02:22:34.065688648,Bug,Resolved,48,0,None,0,0,SOP-12
TK00027,AC0138,A020,2025-09-02 10:00:00,2025-09-03 00:54:27.469267760,Technical,Resolved,14,0,None,0,0,None
TK00028,AC0118,A010,2025-09-03 15:00:00,,How-to,Escalated,53,1,Technical,0,0,None
TK00029,AC0019,A037,2025-09-03 19:00:00,2025-09-04 12:15:39.167467759,How-to,Resolved,5,0,None,0,0,SOP-12
TK00030,AC0099,A017,2025-09-03 11:00:00,2025-09-04 02:35:14.138759122,Integration,Resolved,89,0,None,0,0,None
TK00031,AC0057,A014,2025-09-04 13:00:00,,How-to,Unresolved,76,0,None,0,0,None
TK00032,AC0073,A029,2025-09-04 09:00:00,2025-09-04 23:10:21.350948244,How-to,Resolved,16,0,None,0,0,SOP-23
TK00033,AC0101,A019,2025-09-04 08:00:00,2025-09-04 22:52:25.818822243,Billing,Resolved,50,0,None,0,0,SOP-23
TK00034,AC0078,A034,2025-09-04 10:00:00,,Billing,Escalated,30,1,Product,0,0,SOP-18
TK00035,AC0062,A031,2025-09-04 15:00:00,2025-09-05 02:19:41.360382630,Integration,Resolved,14,0,None,0,0,None
TK00036,AC0082,A021,2025-09-04 10:00:00,2025-09-05 00:21:46.673805715,Account,Resolved,8,0,None,0,0,SOP-18
TK00037,AC0115,A017,2025-09-04 14:00:00,2025-09-05 06:27:39.882378471,Billing,Resolved,12,0,None,1,1,SOP-12
TK00038,AC0105,A037,2025-09-04 08:00:00,2025-09-04 17:20:06.887442936,Technical,Resolved,33,0,None,0,0,SOP-12
TK00039,AC0117,A025,2025-09-05 12:00:00,,How-to,Waiting Customer,14,0,None,0,1,SOP-23
TK00040,AC0047,A001,2025-09-05 10:00:00,2025-09-05 21:24:26.986351454,Technical,Resolved,35,0,None,0,0,SOP-18
TK00041,AC0056,A006,2025-09-05 18:00:00,2025-09-07 01:06:50.068822389,Account,Resolved,3,0,None,1,0,SOP-23
TK00042,AC0089,A005,2025-09-05 13:00:00,,Bug,Waiting Customer,75,0,None,0,0,None
TK00043,AC0008,A035,2025-09-05 11:00:00,,Technical,Escalated,18,1,Product,0,0,None
TK00044,AC0096,A030,2025-09-05 09:00:00,,How-to,Escalated,34,1,Operations,0,0,SOP-18
TK00045,AC0088,A004,2025-09-05 08:00:00,,Integration,Waiting Customer,44,0,None,0,1,None
TK00046,AC0140,A028,2025-09-05 16:00:00,2025-09-06 08:27:28.169818709,How-to,Resolved,35,0,None,0,0,SOP-12
TK00047,AC0047,A016,2025-09-06 12:00:00,2025-09-06 17:17:22.064292605,How-to,Resolved,45,0,None,0,0,SOP-07
TK00048,AC0114,A024,2025-09-06 16:00:00,2025-09-06 23:32:55.788869297,Integration,Resolved,17,0,None,0,0,SOP-18
TK00049,AC0136,A028,2025-09-06 19:00:00,2025-09-07 01:45:48.270243003,Bug,Resolved,32,1,Technical,0,0,None
TK00050,AC0121,A028,2025-09-06 11:00:00,2025-09-07 13:10:11.789336995,Feature Request,Resolved,14,0,None,0,1,SOP-18
TK00051,AC0132,A009,2025-09-07 11:00:00,2025-09-07 19:16:01.356085751,Technical,Resolved,86,0,None,0,0,None
TK00052,AC0127,A020,2025-09-07 08:00:00,2025-09-08 01:18:01.058385683,Billing,Resolved,41,0,None,0,0,None
TK00053,AC0087,A034,2025-09-07 16:00:00,2025-09-08 13:48:18.782788901,Billing,Resolved,29,0,None,0,0,SOP-23
TK00054,AC0061,A002,2025-09-07 16:00:00,2025-09-07 21:42:49.305112158,Technical,Resolved,48,0,None,1,0,None
TK00055,AC0091,A010,2025-09-07 15:00:00,2025-09-08 04:51:46.072907316,Integration,Resolved,49,0,None,0,0,SOP-07
TK00056,AC0092,A038,2025-09-07 16:00:00,2025-09-08 05:14:00.730351760,How-to,Resolved,41,0,None,0,0,None
TK00057,AC0004,A005,2025-09-07 18:00:00,2025-09-08 22:18:50.630370068,How-to,Resolved,12,0,None,1,1,SOP-23
TK00058,AC0042,A032,2025-09-07 14:00:00,2025-09-07 18:08:18.028834757,How-to,Resolved,52,0,None,0,0,None
TK00059,AC0054,A009,2025-09-07 10:00:00,2025-09-07 17:32:16.037774777,Technical,Resolved,60,0,None,0,0,SOP-18
TK00060,AC0126,A019,2025-09-07 19:00:00,2025-09-08 13:17:52.602182040,How-to,Resolved,10,0,None,0,0,None
TK00061,AC0067,A029,2025-09-08 09:00:00,2025-09-09 23:50:12.688206048,How-to,Resolved,46,0,None,0,0,SOP-23
TK00062,AC0013,A020,2025-09-08 17:00:00,2025-09-08 21:58:11.722202818,Feature Request,Resolved,37,0,None,0,0,SOP-23
TK00063,AC0068,A027,2025-09-08 17:00:00,2025-09-09 01:13:57.602353184,Account,Resolved,11,0,None,0,0,None
TK00064,AC0147,A015,2025-09-08 11:00:00,2025-09-09 04:38:50.660027044,Technical,Resolved,18,0,None,0,0,SOP-23
TK00065,AC0062,A009,2025-09-08 18:00:00,2025-09-10 01:18:48.780197606,Integration,Resolved,29,0,None,0,1,SOP-23
TK00066,AC0056,A013,2025-09-08 10:00:00,2025-09-09 02:33:59.451713177,Feature Request,Resolved,38,0,None,0,0,SOP-07
TK00067,AC0105,A029,2025-09-08 18:00:00,2025-09-09 08:09:33.352927287,Bug,Resolved,21,0,None,1,0,None
TK00068,AC0065,A033,2025-09-08 14:00:00,2025-09-09 04:45:54.069258692,Billing,Resolved,21,0,None,0,0,None
TK00069,AC0059,A017,2025-09-08 10:00:00,2025-09-09 02:47:55.379131961,How-to,Resolved,88,0,None,0,0,None
TK00070,AC0004,A023,2025-09-08 14:00:00,,How-to,Waiting Internally,5,1,Operations,0,0,SOP-23
TK00071,AC0099,A008,2025-09-08 13:00:00,2025-09-08 21:14:57.148063461,Bug,Resolved,32,0,None,0,0,None
TK00072,AC0101,A019,2025-09-08 16:00:00,,Account,Waiting Customer,34,0,None,0,0,None
TK00073,AC0104,A017,2025-09-08 09:00:00,2025-09-09 20:18:27.866833351,Bug,Resolved,13,0,None,0,0,SOP-18
TK00074,AC0047,A014,2025-09-09 16:00:00,,Billing,Waiting Internally,15,1,Technical,0,0,None
TK00075,AC0130,A025,2025-09-09 08:00:00,,Bug,Partially Resolved,8,1,Operations,0,0,SOP-18
TK00076,AC0100,A020,2025-09-09 20:00:00,,Integration,Partially Resolved,76,0,None,0,1,None
TK00077,AC0127,A029,2025-09-09 14:00:00,,How-to,Waiting Internally,29,1,Technical,0,0,None
TK00078,AC0088,A004,2025-09-10 12:00:00,2025-09-10 23:56:34.480006186,How-to,Resolved,13,0,None,0,0,SOP-07
TK00079,AC0062,A035,2025-09-10 13:00:00,2025-09-11 03:32:36.361352862,Account,Resolved,25,0,None,0,0,SOP-12
TK00080,AC0008,A025,2025-09-10 16:00:00,2025-09-11 05:45:03.537395462,Integration,Resolved,7,0,None,0,0,None
TK00081,AC0013,A030,2025-09-10 14:00:00,,Integration,Partially Resolved,59,0,None,0,0,SOP-18
TK00082,AC0117,A029,2025-09-10 10:00:00,2025-09-11 08:05:24.780466381,How-to,Resolved,10,0,None,0,0,None
TK00083,AC0023,A015,2025-09-10 09:00:00,2025-09-11 13:02:27.510023994,Integration,Resolved,28,0,None,1,0,SOP-07
TK00084,AC0057,A037,2025-09-10 09:00:00,2025-09-11 04:55:08.063588092,How-to,Resolved,26,0,None,1,0,None
TK00085,AC0064,A022,2025-09-10 15:00:00,2025-09-12 03:47:46.849929230,Bug,Resolved,54,1,Technical,0,0,SOP-23
TK00086,AC0046,A036,2025-09-10 09:00:00,2025-09-11 07:16:37.086263424,How-to,Resolved,22,0,None,1,0,None
TK00087,AC0030,A015,2025-09-11 19:00:00,2025-09-12 12:59:06.545380819,Technical,Resolved,44,0,None,0,0,SOP-07
TK00088,AC0138,A032,2025-09-11 16:00:00,2025-09-12 19:08:36.956618748,How-to,Resolved,39,0,None,0,0,SOP-23
TK00089,AC0099,A016,2025-09-11 12:00:00,2025-09-12 03:12:55.732159061,Account,Resolved,11,0,None,0,1,SOP-07
TK00090,AC0102,A022,2025-09-11 12:00:00,2025-09-11 16:38:48.781593724,Feature Request,Resolved,12,0,None,0,0,None
TK00091,AC0065,A020,2025-09-11 09:00:00,2025-09-11 15:53:27.405784854,Bug,Resolved,27,0,None,0,0,None
TK00092,AC0099,A011,2025-09-11 12:00:00,2025-09-11 18:47:36.651447644,How-to,Resolved,75,0,None,0,0,SOP-18
TK00093,AC0039,A002,2025-09-11 13:00:00,2025-09-11 19:10:38.143060344,Billing,Resolved,9,0,None,0,0,None
TK00094,AC0018,A022,2025-09-11 17:00:00,2025-09-12 02:33:52.527766052,Feature Request,Resolved,17,0,None,0,0,SOP-07
TK00095,AC0140,A026,2025-09-11 12:00:00,2025-09-11 23:47:07.323689105,How-to,Resolved,97,0,None,0,0,None
TK00096,AC0046,A011,2025-09-11 15:00:00,2025-09-12 02:52:11.957533450,How-to,Resolved,49,0,None,0,0,SOP-07
TK00097,AC0086,A034,2025-09-12 11:00:00,2025-09-13 17:29:33.624019723,Technical,Resolved,16,0,None,0,1,None
TK00098,AC0018,A031,2025-09-12 14:00:00,2025-09-12 23:05:26.859359721,Account,Resolved,32,0,None,0,0,SOP-23
TK00099,AC0030,A023,2025-09-12 11:00:00,,Integration,Waiting Customer,44,0,None,0,0,SOP-07
TK00100,AC0087,A002,2025-09-12 08:00:00,2025-09-12 19:06:32.063750271,Feature Request,Resolved,42,0,None,0,0,None
TK00101,AC0076,A021,2025-09-12 15:00:00,2025-09-13 07:55:01.492068817,Technical,Resolved,22,0,None,0,0,None
TK00102,AC0101,A001,2025-09-12 19:00:00,2025-09-13 21:53:53.079774637,Integration,Resolved,61,0,None,0,0,None
TK00103,AC0050,A033,2025-09-12 11:00:00,2025-09-12 14:01:38.394200937,Billing,Resolved,12,0,None,0,0,None
TK00104,AC0099,A008,2025-09-12 17:00:00,2025-09-13 07:10:25.590327385,Technical,Resolved,80,0,None,0,0,SOP-12
TK00105,AC0143,A002,2025-09-12 18:00:00,2025-09-12 23:01:39.878132915,Bug,Resolved,43,0,None,0,0,SOP-07
TK00106,AC0127,A006,2025-09-13 15:00:00,2025-09-14 11:37:12.198917575,Technical,Resolved,21,0,None,0,0,SOP-23
TK00107,AC0085,A016,2025-09-13 09:00:00,2025-09-14 07:13:18.906754758,Account,Resolved,64,0,None,0,1,SOP-18
TK00108,AC0009,A022,2025-09-13 15:00:00,,How-to,Escalated,5,1,Product,0,0,None
TK00109,AC0116,A015,2025-09-13 16:00:00,2025-09-14 05:22:13.830210102,Account,Resolved,26,0,None,0,0,SOP-12
TK00110,AC0120,A036,2025-09-13 19:00:00,2025-09-14 02:23:46.873600871,Integration,Resolved,43,0,None,0,0,SOP-18
TK00111,AC0030,A036,2025-09-13 10:00:00,2025-09-14 21:55:37.043163882,Bug,Resolved,11,0,None,0,0,SOP-23
TK00112,AC0094,A002,2025-09-13 09:00:00,2025-09-13 20:46:35.351151138,Bug,Resolved,26,0,None,0,0,None
TK00113,AC0066,A029,2025-09-13 15:00:00,2025-09-15 11:48:48.992878245,How-to,Resolved,50,0,None,0,0,SOP-23
TK00114,AC0045,A024,2025-09-13 17:00:00,,Feature Request,Partially Resolved,22,0,None,0,0,None
TK00115,AC0013,A019,2025-09-13 15:00:00,2025-09-14 07:21:45.153714116,Billing,Resolved,20,0,None,0,0,SOP-12
TK00116,AC0046,A007,2025-09-13 15:00:00,,Billing,Partially Resolved,22,0,None,0,0,None
TK00117,AC0150,A030,2025-09-14 17:00:00,2025-09-16 01:02:15.636404070,Feature Request,Resolved,12,0,None,0,0,SOP-23
TK00118,AC0094,A033,2025-09-14 18:00:00,2025-09-15 01:54:17.800143292,Account,Resolved,14,0,None,0,1,SOP-07
TK00119,AC0132,A025,2025-09-14 14:00:00,,Billing,Partially Resolved,70,0,None,0,0,SOP-23
TK00120,AC0062,A025,2025-09-14 09:00:00,2025-09-14 15:19:24.605077875,Feature Request,Resolved,6,0,None,0,0,None
TK00121,AC0057,A002,2025-09-14 17:00:00,,Feature Request,Escalated,39,1,Operations,0,0,SOP-18
TK00122,AC0020,A017,2025-09-14 20:00:00,2025-09-17 13:51:27.556860801,How-to,Resolved,28,0,None,0,0,None
TK00123,AC0135,A014,2025-09-14 12:00:00,2025-09-15 20:53:17.882317095,How-to,Resolved,14,0,None,0,0,None
TK00124,AC0113,A032,2025-09-14 14:00:00,2025-09-15 01:25:56.843653901,Technical,Resolved,20,0,None,0,1,SOP-23
TK00125,AC0117,A026,2025-09-15 19:00:00,,Technical,Waiting Customer,47,0,None,0,1,None
TK00126,AC0140,A037,2025-09-15 17:00:00,2025-09-16 21:04:13.032408471,How-to,Resolved,19,0,None,0,0,SOP-12
TK00127,AC0100,A033,2025-09-15 09:00:00,2025-09-16 01:28:34.103958760,How-to,Resolved,28,0,None,0,0,SOP-18
TK00128,AC0018,A013,2025-09-15 16:00:00,2025-09-16 02:53:44.825810836,Technical,Resolved,27,0,None,0,0,SOP-12
TK00129,AC0071,A012,2025-09-15 09:00:00,2025-09-15 17:36:28.959832237,How-to,Resolved,27,0,None,0,0,None
TK00130,AC0117,A012,2025-09-15 17:00:00,2025-09-16 12:14:20.875250322,Account,Resolved,32,0,None,0,1,SOP-23
TK00131,AC0126,A017,2025-09-16 16:00:00,2025-09-16 17:29:33.142796922,Feature Request,Resolved,21,0,None,1,0,SOP-23
TK00132,AC0037,A027,2025-09-16 18:00:00,,Billing,Waiting Internally,76,1,Billing,0,0,SOP-12
TK00133,AC0051,A001,2025-09-16 11:00:00,2025-09-16 12:27:32.706447025,Integration,Resolved,36,0,None,0,0,None
TK00134,AC0072,A017,2025-09-16 11:00:00,2025-09-17 11:51:58.107747729,Feature Request,Resolved,28,0,None,0,0,None
TK00135,AC0064,A021,2025-09-16 18:00:00,2025-09-17 11:23:06.432522148,How-to,Resolved,6,0,None,1,0,SOP-18
TK00136,AC0008,A021,2025-09-16 19:00:00,2025-09-17 08:12:38.222647104,Bug,Resolved,58,1,Technical,0,0,SOP-07
TK00137,AC0146,A018,2025-09-16 09:00:00,2025-09-17 07:37:12.316599455,How-to,Resolved,42,0,None,0,0,SOP-12
TK00138,AC0049,A021,2025-09-16 16:00:00,2025-09-17 09:06:49.997083515,Billing,Resolved,61,0,None,1,0,None
TK00139,AC0008,A007,2025-09-16 19:00:00,2025-09-17 02:15:21.221536553,Technical,Resolved,14,0,None,0,0,None
TK00140,AC0137,A001,2025-09-16 19:00:00,2025-09-17 09:45:57.989829766,Account,Resolved,16,0,None,0,0,SOP-12
TK00141,AC0050,A023,2025-09-16 19:00:00,2025-09-17 06:21:08.674028297,Technical,Resolved,12,0,None,1,0,SOP-07
TK00142,AC0132,A020,2025-09-17 19:00:00,2025-09-18 03:27:03.046994078,Technical,Resolved,54,0,None,0,0,SOP-12
TK00143,AC0047,A010,2025-09-17 19:00:00,,Bug,Escalated,25,1,Operations,0,0,None
TK00144,AC0116,A027,2025-09-17 17:00:00,,Feature Request,Waiting Internally,43,1,Billing,0,0,SOP-18
TK00145,AC0043,A033,2025-09-17 17:00:00,2025-09-18 07:56:34.659052306,Feature Request,Resolved,33,0,None,0,0,SOP-18
TK00146,AC0087,A032,2025-09-17 08:00:00,2025-09-17 22:40:36.270329086,Technical,Resolved,23,0,None,0,1,SOP-23
TK00147,AC0021,A027,2025-09-17 10:00:00,2025-09-18 03:12:04.141272559,Account,Resolved,49,0,None,0,0,None
TK00148,AC0138,A014,2025-09-17 20:00:00,2025-09-18 17:12:22.041159877,Bug,Resolved,24,0,None,0,0,None
TK00149,AC0046,A026,2025-09-18 14:00:00,2025-09-19 06:54:25.213081358,Integration,Resolved,30,0,None,0,0,SOP-23
TK00150,AC0019,A027,2025-09-18 13:00:00,2025-09-18 21:00:23.512604604,Bug,Resolved,33,0,None,1,0,SOP-18
TK00151,AC0018,A019,2025-09-18 12:00:00,2025-09-19 03:52:39.253850892,Integration,Resolved,20,0,None,0,0,SOP-07
TK00152,AC0001,A030,2025-09-18 15:00:00,2025-09-19 19:38:25.737359801,Billing,Resolved,16,0,None,0,0,SOP-12
TK00153,AC0015,A028,2025-09-18 13:00:00,2025-09-19 11:58:26.511796182,Integration,Resolved,30,0,None,0,0,SOP-18
TK00154,AC0088,A003,2025-09-18 12:00:00,2025-09-20 04:47:59.033781448,Account,Resolved,80,0,None,0,0,None
TK00155,AC0122,A024,2025-09-18 12:00:00,2025-09-18 18:27:54.101363616,Feature Request,Resolved,13,0,None,0,0,SOP-23
TK00156,AC0037,A024,2025-09-18 10:00:00,,Technical,Waiting Internally,34,1,Billing,0,0,None
TK00157,AC0042,A006,2025-09-18 14:00:00,2025-09-19 08:51:43.667267127,Billing,Resolved,27,0,None,0,0,SOP-23
TK00158,AC0148,A028,2025-09-18 10:00:00,2025-09-18 18:08:19.916003109,Billing,Resolved,33,0,None,0,1,SOP-23
TK00159,AC0092,A036,2025-09-18 08:00:00,2025-09-19 22:27:57.964681012,Technical,Resolved,41,0,None,0,0,SOP-23
TK00160,AC0061,A015,2025-09-19 14:00:00,2025-09-19 22:51:51.557519881,Bug,Resolved,86,0,None,0,0,SOP-23
TK00161,AC0004,A036,2025-09-19 09:00:00,2025-09-20 10:21:06.052586059,Integration,Resolved,50,0,None,0,0,SOP-18
TK00162,AC0144,A006,2025-09-19 14:00:00,2025-09-20 16:44:46.246141019,Bug,Resolved,10,1,Billing,0,0,None
TK00163,AC0144,A027,2025-09-19 10:00:00,2025-09-21 08:47:06.604854697,Technical,Resolved,39,0,None,0,0,SOP-23
TK00164,AC0049,A010,2025-09-19 14:00:00,,Account,Waiting Internally,116,1,Operations,0,0,SOP-23
TK00165,AC0099,A029,2025-09-19 13:00:00,2025-09-19 22:42:30.724699695,Billing,Resolved,31,0,None,0,1,SOP-18
TK00166,AC0039,A019,2025-09-19 18:00:00,2025-09-20 07:37:06.377271828,Integration,Resolved,19,0,None,0,0,None
TK00167,AC0139,A005,2025-09-19 10:00:00,2025-09-21 01:33:36.951432637,Bug,Resolved,4,0,None,0,0,None
TK00168,AC0142,A005,2025-09-19 17:00:00,2025-09-19 23:19:23.252066598,How-to,Resolved,32,0,None,0,0,None
TK00169,AC0068,A008,2025-09-20 08:00:00,2025-09-20 17:47:43.671562811,Bug,Resolved,24,0,None,0,0,None
TK00170,AC0139,A037,2025-09-20 14:00:00,2025-09-22 01:53:23.864719584,How-to,Resolved,24,0,None,0,0,SOP-23
TK00171,AC0103,A007,2025-09-20 12:00:00,2025-09-20 14:45:40.428847194,How-to,Resolved,34,0,None,0,0,SOP-23
TK00172,AC0016,A019,2025-09-20 16:00:00,,Technical,Escalated,8,1,Product,0,0,SOP-18
TK00173,AC0087,A019,2025-09-20 09:00:00,2025-09-21 08:48:37.422644423,How-to,Resolved,32,0,None,0,0,SOP-07
TK00174,AC0016,A023,2025-09-20 13:00:00,2025-09-20 17:13:43.727058187,Technical,Resolved,93,0,None,0,0,None
TK00175,AC0140,A038,2025-09-20 14:00:00,2025-09-20 18:39:34.306659658,Account,Resolved,114,0,None,0,0,SOP-07
TK00176,AC0058,A014,2025-09-20 17:00:00,2025-09-21 02:27:15.570368790,Account,Resolved,13,0,None,0,0,SOP-23
TK00177,AC0009,A021,2025-09-20 20:00:00,2025-09-20 21:53:34.444623539,How-to,Resolved,36,0,None,0,0,SOP-23
TK00178,AC0134,A016,2025-09-21 16:00:00,2025-09-22 12:14:37.155339156,Bug,Resolved,3,0,None,1,0,None
TK00179,AC0138,A009,2025-09-21 20:00:00,2025-09-22 13:08:52.320089620,Account,Resolved,34,0,None,0,0,SOP-18
TK00180,AC0117,A003,2025-09-21 16:00:00,2025-09-22 13:13:47.014368176,How-to,Resolved,36,0,None,0,0,None
TK00181,AC0141,A022,2025-09-21 20:00:00,2025-09-22 09:45:29.836295746,How-to,Resolved,6,0,None,0,0,SOP-23
TK00182,AC0047,A018,2025-09-22 10:00:00,2025-09-22 15:37:03.704030100,How-to,Resolved,32,0,None,0,0,None
TK00183,AC0088,A002,2025-09-22 12:00:00,,Integration,Unresolved,27,0,None,0,1,SOP-18
TK00184,AC0024,A003,2025-09-22 11:00:00,,Technical,Waiting Internally,34,1,Billing,0,0,None
TK00185,AC0127,A017,2025-09-22 10:00:00,2025-09-22 22:39:54.497108093,Billing,Resolved,41,0,None,0,0,SOP-23
TK00186,AC0090,A021,2025-09-22 16:00:00,2025-09-23 02:12:52.398315072,Technical,Resolved,49,0,None,0,0,SOP-12
TK00187,AC0113,A019,2025-09-22 10:00:00,2025-09-23 01:52:28.829049744,Billing,Resolved,15,0,None,0,0,None
TK00188,AC0126,A001,2025-09-23 20:00:00,2025-09-24 10:36:32.116114315,Feature Request,Resolved,27,0,None,0,1,SOP-07
TK00189,AC0025,A030,2025-09-23 15:00:00,2025-09-24 03:02:47.296079763,Billing,Resolved,2,0,None,0,0,SOP-23
TK00190,AC0064,A011,2025-09-23 19:00:00,2025-09-24 17:55:13.817303941,Technical,Resolved,16,0,None,0,0,None
TK00191,AC0107,A015,2025-09-23 19:00:00,2025-09-24 04:26:15.827239202,Technical,Resolved,9,0,None,0,0,None
TK00192,AC0019,A034,2025-09-23 09:00:00,,Billing,Partially Resolved,26,0,None,0,0,SOP-18
TK00193,AC0058,A006,2025-09-23 12:00:00,2025-09-24 08:22:27.472536354,Technical,Resolved,3,0,None,0,0,None
TK00194,AC0140,A037,2025-09-23 18:00:00,2025-09-25 17:50:18.884478013,Bug,Resolved,24,0,None,0,0,SOP-23
TK00195,AC0129,A004,2025-09-24 15:00:00,2025-09-25 00:56:20.167703448,Integration,Resolved,5,0,None,0,0,SOP-07
TK00196,AC0057,A019,2025-09-24 10:00:00,2025-09-24 20:19:26.954803018,Billing,Resolved,8,0,None,0,0,SOP-18
TK00197,AC0030,A017,2025-09-24 16:00:00,,Bug,Waiting Customer,26,0,None,0,1,None
TK00198,AC0030,A004,2025-09-24 15:00:00,2025-09-25 12:33:16.873266870,Technical,Resolved,13,0,None,0,0,SOP-07
TK00199,AC0047,A027,2025-09-24 15:00:00,2025-09-24 19:26:51.411407618,Bug,Resolved,14,1,Product,0,0,SOP-12
TK00200,AC0133,A036,2025-09-24 15:00:00,2025-09-26 11:52:14.308676483,How-to,Resolved,13,0,None,0,0,SOP-18
TK00201,AC0024,A019,2025-09-24 14:00:00,,How-to,Unresolved,47,0,None,0,0,SOP-12
TK00202,AC0047,A029,2025-09-24 09:00:00,,Account,Waiting Internally,65,1,Product,0,0,SOP-23
TK00203,AC0061,A006,2025-09-25 14:00:00,,Bug,Waiting Customer,46,0,None,0,1,None
TK00204,AC0016,A005,2025-09-25 15:00:00,2025-09-26 06:39:58.309790391,Billing,Resolved,37,0,None,0,0,SOP-12
TK00205,AC0059,A007,2025-09-25 12:00:00,2025-09-26 23:31:10.084138881,Bug,Resolved,15,1,Technical,0,0,None
TK00206,AC0132,A011,2025-09-25 10:00:00,2025-09-25 16:17:59.175152402,Billing,Resolved,42,0,None,0,0,None
TK00207,AC0140,A035,2025-09-25 09:00:00,2025-09-26 13:36:42.763207961,Billing,Resolved,7,0,None,0,0,SOP-18
TK00208,AC0123,A025,2025-09-25 20:00:00,2025-09-26 09:49:10.663350037,Technical,Resolved,31,0,None,0,0,None
TK00209,AC0057,A006,2025-09-25 10:00:00,2025-09-26 07:05:06.461160136,Technical,Resolved,34,0,None,1,0,SOP-12
TK00210,AC0008,A005,2025-09-25 09:00:00,2025-09-25 23:52:41.391553764,Bug,Resolved,32,0,None,0,0,None
TK00211,AC0087,A024,2025-09-25 20:00:00,,How-to,Waiting Customer,56,0,None,0,0,None
TK00212,AC0143,A034,2025-09-25 10:00:00,,How-to,Waiting Internally,28,1,Operations,1,0,SOP-18
TK00213,AC0040,A035,2025-09-26 16:00:00,2025-09-27 11:17:11.306072557,Integration,Resolved,4,0,None,1,0,None
TK00214,AC0140,A016,2025-09-26 08:00:00,2025-09-27 03:28:08.241522300,Bug,Resolved,74,0,None,1,0,None
TK00215,AC0007,A003,2025-09-26 12:00:00,,Technical,Escalated,157,1,Technical,0,0,SOP-18
TK00216,AC0150,A020,2025-09-26 09:00:00,2025-09-27 14:12:43.064296553,Integration,Resolved,7,0,None,0,0,SOP-07
TK00217,AC0005,A009,2025-09-26 19:00:00,2025-09-27 03:45:20.965021075,Technical,Resolved,56,0,None,0,0,SOP-18
TK00218,AC0033,A025,2025-09-26 15:00:00,,Bug,Escalated,39,1,Operations,0,0,SOP-23
TK00219,AC0105,A016,2025-09-26 13:00:00,,Technical,Escalated,48,1,Operations,0,0,SOP-18
TK00220,AC0105,A013,2025-09-26 08:00:00,2025-09-26 14:38:35.320927158,Bug,Resolved,57,1,Technical,0,0,SOP-18
TK00221,AC0082,A037,2025-09-26 13:00:00,2025-09-26 19:12:57.774309784,How-to,Resolved,9,0,None,0,0,SOP-07
TK00222,AC0088,A031,2025-09-26 10:00:00,2025-09-27 23:20:23.264473139,Technical,Resolved,42,0,None,0,0,SOP-23
TK00223,AC0087,A028,2025-09-26 11:00:00,,How-to,Escalated,72,1,Product,0,0,None
TK00224,AC0121,A010,2025-09-27 19:00:00,2025-09-28 06:41:07.767358027,Technical,Resolved,49,0,None,0,1,SOP-12
TK00225,AC0020,A007,2025-09-27 19:00:00,2025-09-28 11:02:05.110300582,Billing,Resolved,4,0,None,0,0,None
TK00226,AC0088,A028,2025-09-27 12:00:00,2025-09-28 04:08:10.916495593,Integration,Resolved,29,0,None,0,0,None
TK00227,AC0074,A003,2025-09-27 16:00:00,2025-09-28 09:02:31.409796230,Account,Resolved,9,0,None,0,0,None
TK00228,AC0024,A020,2025-09-27 08:00:00,2025-09-27 19:28:14.280079857,How-to,Resolved,56,0,None,0,0,None
TK00229,AC0092,A028,2025-09-27 08:00:00,2025-09-27 11:42:06.746813740,Account,Resolved,17,0,None,0,0,SOP-12
TK00230,AC0095,A014,2025-09-27 17:00:00,2025-09-29 00:38:41.783470721,Bug,Resolved,65,1,Billing,0,0,None
TK00231,AC0084,A038,2025-09-27 10:00:00,,Technical,Partially Resolved,43,0,None,0,0,SOP-12
TK00232,AC0140,A016,2025-09-27 14:00:00,2025-09-28 08:55:51.964597664,Integration,Resolved,8,0,None,0,0,SOP-23
TK00233,AC0130,A030,2025-09-27 10:00:00,,Integration,Waiting Customer,34,0,None,0,0,None
TK00234,AC0107,A029,2025-09-27 20:00:00,2025-09-28 19:20:40.164202403,Integration,Resolved,48,0,None,1,0,SOP-23
TK00235,AC0024,A005,2025-09-28 15:00:00,,Bug,Waiting Customer,61,1,Billing,0,0,SOP-23
TK00236,AC0129,A028,2025-09-28 16:00:00,,How-to,Unresolved,72,0,None,0,0,None
TK00237,AC0132,A025,2025-09-28 14:00:00,2025-09-28 23:32:06.937966446,How-to,Resolved,28,0,None,0,0,None
TK00238,AC0023,A013,2025-09-28 18:00:00,2025-09-29 03:35:02.936030684,Bug,Resolved,2,0,None,0,0,None
TK00239,AC0027,A027,2025-09-28 19:00:00,,How-to,Partially Resolved,21,0,None,0,0,SOP-12
TK00240,AC0100,A016,2025-09-28 14:00:00,,Billing,Unresolved,27,0,None,0,0,SOP-12
TK00241,AC0008,A002,2025-09-28 09:00:00,2025-09-28 23:37:31.872258948,Technical,Resolved,43,0,None,0,0,SOP-07
TK00242,AC0025,A016,2025-09-28 08:00:00,2025-09-28 11:02:34.098288826,Technical,Resolved,97,0,None,0,0,SOP-07
TK00243,AC0023,A035,2025-09-28 16:00:00,2025-09-29 08:16:50.889686340,How-to,Resolved,37,0,None,0,0,None
TK00244,AC0150,A015,2025-09-28 14:00:00,2025-09-29 02:34:04.290325723,How-to,Resolved,17,0,None,0,0,SOP-12
TK00245,AC0088,A001,2025-09-28 10:00:00,2025-09-29 01:23:08.062191887,Billing,Resolved,39,0,None,0,0,SOP-23
TK00246,AC0084,A011,2025-09-28 18:00:00,2025-09-29 02:29:46.488998237,How-to,Resolved,15,0,None,0,0,None
TK00247,AC0061,A001,2025-09-29 09:00:00,2025-09-30 09:20:19.364623734,Billing,Resolved,36,0,None,0,0,SOP-18
TK00248,AC0025,A028,2025-09-29 20:00:00,,Feature Request,Unresolved,19,0,None,0,0,SOP-23
TK00249,AC0068,A027,2025-09-29 09:00:00,,Bug,Unresolved,19,0,None,0,0,None
TK00250,AC0050,A004,2025-09-29 18:00:00,,Bug,Waiting Customer,32,1,Billing,0,0,None
TK00251,AC0150,A007,2025-09-29 19:00:00,2025-09-30 01:51:58.579282772,Technical,Resolved,21,0,None,0,0,SOP-12
TK00252,AC0023,A008,2025-09-30 20:00:00,2025-10-01 01:19:09.955421453,Account,Resolved,44,0,None,1,0,None
TK00253,AC0014,A001,2025-09-30 09:00:00,2025-10-01 07:26:06.328462750,Integration,Resolved,21,0,None,0,0,None
TK00254,AC0127,A032,2025-09-30 15:00:00,2025-10-01 07:53:22.811589740,Technical,Resolved,44,0,None,0,0,SOP-23
TK00255,AC0121,A015,2025-09-30 20:00:00,2025-10-01 10:37:05.937886233,How-to,Resolved,39,0,None,0,1,None
TK00256,AC0058,A004,2025-09-30 13:00:00,2025-10-01 02:39:08.858718212,Technical,Resolved,15,0,None,0,0,None
TK00257,AC0122,A033,2025-09-30 16:00:00,2025-10-01 19:26:30.580660803,Account,Resolved,3,0,None,0,0,SOP-18
TK00258,AC0100,A008,2025-09-30 09:00:00,2025-10-02 01:05:23.719386444,Technical,Resolved,52,0,None,0,0,None
TK00259,AC0100,A019,2025-09-30 09:00:00,2025-09-30 17:42:41.800118870,How-to,Resolved,15,0,None,0,0,None
TK00260,AC0137,A032,2025-10-01 08:00:00,2025-10-04 21:44:15.938755449,Technical,Resolved,4,0,None,0,0,None
TK00261,AC0030,A001,2025-10-01 16:00:00,2025-10-02 08:33:44.262847235,Feature Request,Resolved,54,0,None,0,0,SOP-12
TK00262,AC0046,A023,2025-10-01 08:00:00,2025-10-02 04:02:00.885370678,Technical,Resolved,39,0,None,0,0,SOP-12
TK00263,AC0121,A023,2025-10-01 14:00:00,,Integration,Waiting Customer,113,0,None,0,0,SOP-07
TK00264,AC0027,A001,2025-10-01 12:00:00,2025-10-01 21:36:28.015794192,Account,Resolved,62,0,None,0,0,None
TK00265,AC0060,A019,2025-10-01 11:00:00,2025-10-01 16:42:12.773498360,Integration,Resolved,24,0,None,0,0,None
TK00266,AC0031,A033,2025-10-01 15:00:00,2025-10-01 22:10:48.577678769,Integration,Resolved,10,0,None,0,0,SOP-12
TK00267,AC0107,A009,2025-10-01 15:00:00,2025-10-01 22:10:42.734887399,Bug,Resolved,29,0,None,0,0,SOP-12
TK00268,AC0045,A004,2025-10-01 17:00:00,2025-10-02 13:07:47.837847816,Feature Request,Resolved,41,0,None,1,0,SOP-07
TK00269,AC0007,A005,2025-10-01 09:00:00,2025-10-02 03:54:19.280597441,How-to,Resolved,19,0,None,0,0,None
TK00270,AC0009,A017,2025-10-01 17:00:00,2025-10-02 16:28:34.706352867,Billing,Resolved,32,0,None,0,0,SOP-07
TK00271,AC0132,A036,2025-10-01 10:00:00,2025-10-01 12:34:27.951859582,Feature Request,Resolved,8,0,None,0,1,SOP-18
TK00272,AC0140,A015,2025-10-02 20:00:00,2025-10-03 09:27:34.961117065,Technical,Resolved,81,0,None,0,0,SOP-18
TK00273,AC0066,A019,2025-10-02 19:00:00,2025-10-03 04:31:36.406810664,Feature Request,Resolved,22,0,None,0,0,None
TK00274,AC0020,A014,2025-10-03 19:00:00,2025-10-03 21:29:42.729115122,Billing,Resolved,47,0,None,0,0,SOP-12
TK00275,AC0147,A007,2025-10-03 12:00:00,,How-to,Waiting Customer,59,0,None,1,0,None
TK00276,AC0018,A024,2025-10-03 11:00:00,,Account,Unresolved,31,0,None,0,0,None
TK00277,AC0008,A013,2025-10-03 15:00:00,2025-10-04 08:23:58.776425664,Integration,Resolved,39,0,None,0,0,SOP-12
TK00278,AC0140,A002,2025-10-03 08:00:00,2025-10-04 10:34:06.606113751,How-to,Resolved,105,0,None,0,0,None
TK00279,AC0018,A034,2025-10-04 09:00:00,2025-10-06 05:01:03.103680408,Feature Request,Resolved,44,0,None,0,0,SOP-12
TK00280,AC0140,A013,2025-10-04 19:00:00,2025-10-05 04:21:53.786428301,Account,Resolved,11,0,None,1,0,None
TK00281,AC0024,A011,2025-10-04 13:00:00,2025-10-04 17:10:25.254160905,Integration,Resolved,17,0,None,0,1,None
TK00282,AC0061,A004,2025-10-04 09:00:00,2025-10-04 11:42:53.686316065,Technical,Resolved,31,0,None,0,0,None
TK00283,AC0015,A024,2025-10-04 08:00:00,,Technical,Partially Resolved,4,0,None,0,0,None
TK00284,AC0147,A001,2025-10-04 15:00:00,2025-10-05 04:39:44.513749854,Bug,Resolved,15,1,Operations,0,0,None
TK00285,AC0080,A020,2025-10-04 19:00:00,,Account,Escalated,39,1,Operations,0,0,SOP-12
TK00286,AC0030,A017,2025-10-04 17:00:00,2025-10-05 02:53:47.018071310,Technical,Resolved,51,0,None,0,0,None
TK00287,AC0071,A003,2025-10-04 13:00:00,,How-to,Escalated,17,1,Operations,0,1,SOP-12
TK00288,AC0070,A035,2025-10-05 15:00:00,2025-10-07 04:15:46.643866103,How-to,Resolved,7,0,None,0,0,None
TK00289,AC0113,A024,2025-10-05 19:00:00,2025-10-06 08:55:24.223759265,Integration,Resolved,13,0,None,0,0,SOP-07
TK00290,AC0028,A015,2025-10-05 14:00:00,2025-10-05 19:59:43.509290671,Feature Request,Resolved,4,0,None,0,0,None
TK00291,AC0100,A023,2025-10-05 12:00:00,2025-10-07 01:01:42.642053653,Technical,Resolved,57,0,None,0,0,SOP-23
TK00292,AC0047,A010,2025-10-05 11:00:00,2025-10-05 22:05:37.538568644,Technical,Resolved,33,0,None,0,0,None
TK00293,AC0014,A021,2025-10-05 11:00:00,2025-10-05 19:40:37.088723480,How-to,Resolved,18,0,None,0,0,SOP-23
TK00294,AC0062,A028,2025-10-05 19:00:00,2025-10-05 21:26:31.798375931,Technical,Resolved,60,0,None,0,0,SOP-12
TK00295,AC0135,A022,2025-10-06 11:00:00,,Account,Waiting Internally,14,1,Operations,0,0,SOP-18
TK00296,AC0148,A022,2025-10-06 13:00:00,2025-10-07 02:10:51.542018605,Account,Resolved,5,0,None,0,1,SOP-23
TK00297,AC0105,A029,2025-10-06 13:00:00,2025-10-07 15:50:58.988200280,Technical,Resolved,56,0,None,0,0,SOP-12
TK00298,AC0123,A033,2025-10-06 08:00:00,,Billing,Partially Resolved,64,0,None,0,0,SOP-18
TK00299,AC0006,A030,2025-10-06 13:00:00,,Billing,Waiting Internally,38,1,Operations,0,0,SOP-12
TK00300,AC0109,A013,2025-10-06 18:00:00,,Integration,Unresolved,42,0,None,0,0,None
TK00301,AC0062,A023,2025-10-07 15:00:00,2025-10-07 23:20:02.728847809,Billing,Resolved,55,0,None,0,1,SOP-07
TK00302,AC0137,A016,2025-10-07 09:00:00,2025-10-08 12:47:45.582486210,Billing,Resolved,71,0,None,0,0,SOP-18
TK00303,AC0129,A008,2025-10-07 13:00:00,2025-10-08 03:57:59.755461344,Technical,Resolved,34,0,None,0,0,SOP-18
TK00304,AC0014,A038,2025-10-07 19:00:00,2025-10-08 03:57:38.835845989,Feature Request,Resolved,31,0,None,0,1,SOP-07
TK00305,AC0055,A033,2025-10-07 17:00:00,2025-10-07 22:04:31.131775817,Technical,Resolved,65,0,None,0,0,None
TK00306,AC0050,A033,2025-10-07 10:00:00,2025-10-08 02:49:44.019311535,Integration,Resolved,59,0,None,0,0,SOP-12
TK00307,AC0100,A012,2025-10-07 17:00:00,2025-10-09 04:35:26.073094482,How-to,Resolved,51,0,None,0,0,SOP-23
TK00308,AC0088,A014,2025-10-07 15:00:00,,How-to,Waiting Customer,35,0,None,0,0,SOP-07
TK00309,AC0101,A022,2025-10-07 19:00:00,2025-10-08 06:09:23.067211814,Bug,Resolved,21,0,None,0,0,SOP-18
TK00310,AC0006,A003,2025-10-07 14:00:00,2025-10-08 06:42:17.502662966,Technical,Resolved,21,0,None,0,0,SOP-12
TK00311,AC0080,A006,2025-10-07 15:00:00,2025-10-07 23:55:08.782968595,Technical,Resolved,5,0,None,0,0,None
TK00312,AC0020,A028,2025-10-08 10:00:00,2025-10-09 12:14:52.735894349,Integration,Resolved,12,0,None,0,0,None
TK00313,AC0100,A038,2025-10-08 18:00:00,2025-10-08 20:17:28.535991977,Technical,Resolved,14,0,None,0,0,None
TK00314,AC0030,A031,2025-10-08 20:00:00,2025-10-09 03:22:34.213872864,Bug,Resolved,11,0,None,0,0,None
TK00315,AC0117,A032,2025-10-08 19:00:00,2025-10-09 13:06:31.881208456,Bug,Resolved,77,0,None,1,0,SOP-07
TK00316,AC0028,A007,2025-10-08 11:00:00,2025-10-09 05:32:22.059875292,How-to,Resolved,44,0,None,0,0,SOP-18
TK00317,AC0094,A037,2025-10-08 16:00:00,2025-10-09 13:11:29.456324862,How-to,Resolved,13,0,None,0,0,None
TK00318,AC0073,A008,2025-10-08 15:00:00,2025-10-09 16:38:23.386847202,Technical,Resolved,19,0,None,0,0,None
TK00319,AC0134,A029,2025-10-08 10:00:00,2025-10-08 21:47:25.111309538,Bug,Resolved,51,0,None,0,0,None
TK00320,AC0015,A028,2025-10-08 12:00:00,2025-10-08 16:19:48.561386977,How-to,Resolved,21,0,None,0,0,SOP-18
TK00321,AC0084,A035,2025-10-08 10:00:00,2025-10-08 16:16:05.540399427,How-to,Resolved,50,0,None,0,0,SOP-07
TK00322,AC0132,A031,2025-10-08 18:00:00,2025-10-10 15:35:07.506292499,Billing,Resolved,11,0,None,0,0,SOP-12
TK00323,AC0137,A011,2025-10-09 11:00:00,,Billing,Unresolved,43,0,None,0,0,None
TK00324,AC0086,A036,2025-10-09 08:00:00,2025-10-10 01:38:09.793673359,Billing,Resolved,14,0,None,0,0,None
TK00325,AC0047,A027,2025-10-09 17:00:00,,Account,Escalated,69,1,Product,1,0,None
TK00326,AC0047,A037,2025-10-09 14:00:00,2025-10-10 01:58:03.002487406,Feature Request,Resolved,121,0,None,0,0,None
TK00327,AC0145,A014,2025-10-09 18:00:00,2025-10-10 03:43:35.040211009,How-to,Resolved,27,0,None,0,0,None
TK00328,AC0042,A013,2025-10-10 10:00:00,2025-10-10 19:13:33.703719642,Bug,Resolved,32,1,Product,0,0,None
TK00329,AC0065,A022,2025-10-10 10:00:00,2025-10-10 23:49:44.778829449,Billing,Resolved,79,0,None,0,0,SOP-07
TK00330,AC0147,A021,2025-10-10 10:00:00,2025-10-10 23:01:13.202937913,Technical,Resolved,14,0,None,0,0,None
TK00331,AC0142,A017,2025-10-10 15:00:00,2025-10-10 18:41:37.623326708,Billing,Resolved,10,0,None,0,0,None
TK00332,AC0107,A010,2025-10-10 18:00:00,2025-10-11 11:39:07.486713183,Feature Request,Resolved,11,0,None,0,0,SOP-23
TK00333,AC0108,A033,2025-10-11 09:00:00,2025-10-11 20:09:19.706184691,Bug,Resolved,11,0,None,0,0,SOP-23
TK00334,AC0047,A016,2025-10-11 08:00:00,,Integration,Waiting Customer,24,0,None,0,0,None
TK00335,AC0023,A033,2025-10-11 11:00:00,2025-10-12 06:37:12.907783718,Integration,Resolved,23,0,None,0,0,SOP-12
TK00336,AC0125,A028,2025-10-11 08:00:00,2025-10-11 11:46:10.109142588,Integration,Resolved,15,0,None,0,0,SOP-12
TK00337,AC0107,A027,2025-10-11 16:00:00,2025-10-12 07:29:55.215980465,Integration,Resolved,18,0,None,0,0,None
TK00338,AC0027,A010,2025-10-11 15:00:00,2025-10-12 04:51:29.174062271,Integration,Resolved,21,0,None,0,0,SOP-18
TK00339,AC0058,A028,2025-10-11 08:00:00,2025-10-12 02:09:44.625091034,Technical,Resolved,62,0,None,0,0,None
TK00340,AC0050,A035,2025-10-11 10:00:00,2025-10-11 11:59:14.558233365,Billing,Resolved,2,0,None,0,0,None
TK00341,AC0003,A023,2025-10-12 12:00:00,2025-10-13 06:40:41.848471874,Technical,Resolved,40,0,None,0,0,SOP-12
TK00342,AC0085,A022,2025-10-12 16:00:00,2025-10-12 21:06:11.805659799,How-to,Resolved,26,0,None,0,0,SOP-07
TK00343,AC0064,A021,2025-10-12 12:00:00,2025-10-13 03:32:04.769276159,Technical,Resolved,22,0,None,0,0,SOP-12
TK00344,AC0087,A027,2025-10-12 16:00:00,2025-10-12 23:26:23.792563388,Billing,Resolved,54,0,None,0,0,None
TK00345,AC0080,A002,2025-10-12 08:00:00,,Billing,Escalated,22,1,Product,0,0,SOP-18
TK00346,AC0021,A015,2025-10-12 15:00:00,2025-10-12 19:55:48.885913627,Technical,Resolved,28,0,None,0,0,SOP-23
TK00347,AC0103,A035,2025-10-12 12:00:00,2025-10-13 09:13:43.602052593,Feature Request,Resolved,14,0,None,0,1,SOP-23
TK00348,AC0064,A016,2025-10-12 16:00:00,2025-10-13 01:25:45.846047863,Integration,Resolved,19,0,None,0,0,SOP-12
TK00349,AC0097,A035,2025-10-12 20:00:00,2025-10-13 10:41:12.360420460,How-to,Resolved,64,0,None,0,0,None
TK00350,AC0073,A021,2025-10-12 15:00:00,2025-10-14 19:05:43.481573168,How-to,Resolved,18,0,None,0,0,None
TK00351,AC0028,A002,2025-10-12 20:00:00,2025-10-13 10:55:46.055206539,Billing,Resolved,14,0,None,0,0,None
TK00352,AC0003,A012,2025-10-12 14:00:00,2025-10-13 03:39:19.659118672,Integration,Resolved,27,0,None,0,0,None
TK00353,AC0088,A006,2025-10-12 11:00:00,,Technical,Waiting Customer,29,0,None,0,1,None
TK00354,AC0085,A033,2025-10-12 13:00:00,2025-10-13 06:58:56.854890337,How-to,Resolved,8,0,None,0,0,SOP-18
TK00355,AC0105,A029,2025-10-12 17:00:00,2025-10-14 10:54:43.728402139,Account,Resolved,3,0,None,0,0,SOP-18
TK00356,AC0140,A033,2025-10-12 18:00:00,2025-10-13 06:48:26.547424967,Technical,Resolved,72,0,None,0,0,SOP-07
TK00357,AC0070,A003,2025-10-12 16:00:00,,How-to,Waiting Internally,80,1,Billing,0,0,SOP-18
TK00358,AC0024,A018,2025-10-13 10:00:00,2025-10-13 12:48:16.970286540,How-to,Resolved,37,0,None,0,0,SOP-23
TK00359,AC0065,A023,2025-10-13 12:00:00,2025-10-13 20:18:19.524993024,Account,Resolved,4,0,None,0,1,None
TK00360,AC0117,A011,2025-10-13 16:00:00,2025-10-14 08:24:24.422300951,Account,Resolved,109,0,None,0,0,SOP-12
TK00361,AC0111,A006,2025-10-13 20:00:00,,Technical,Partially Resolved,42,0,None,0,0,SOP-18
TK00362,AC0111,A023,2025-10-13 11:00:00,2025-10-13 19:23:49.359856916,Account,Resolved,48,0,None,0,1,SOP-07
TK00363,AC0061,A006,2025-10-13 08:00:00,2025-10-14 05:53:35.946447490,Account,Resolved,14,0,None,0,0,None
TK00364,AC0137,A022,2025-10-13 11:00:00,2025-10-14 00:07:09.794253990,How-to,Resolved,19,0,None,0,0,SOP-23
TK00365,AC0003,A034,2025-10-13 12:00:00,2025-10-13 14:43:09.188658274,Account,Resolved,61,0,None,0,0,None
TK00366,AC0067,A010,2025-10-13 08:00:00,,Technical,Unresolved,33,0,None,0,0,SOP-07
TK00367,AC0052,A017,2025-10-13 11:00:00,2025-10-14 19:22:59.542571414,Billing,Resolved,42,0,None,0,0,None
TK00368,AC0129,A013,2025-10-13 18:00:00,2025-10-14 12:59:56.164218225,Integration,Resolved,19,0,None,0,0,None
TK00369,AC0063,A009,2025-10-13 17:00:00,2025-10-14 08:15:08.506195503,Feature Request,Resolved,47,0,None,0,0,SOP-12
TK00370,AC0142,A020,2025-10-13 08:00:00,2025-10-13 16:32:19.875576226,Technical,Resolved,10,0,None,0,0,None
TK00371,AC0015,A014,2025-10-13 08:00:00,2025-10-13 21:50:09.193321310,How-to,Resolved,40,0,None,0,0,None
TK00372,AC0116,A009,2025-10-13 20:00:00,2025-10-14 23:14:39.018862826,How-to,Resolved,81,0,None,0,0,SOP-07
TK00373,AC0065,A018,2025-10-14 15:00:00,2025-10-16 15:48:48.347970593,Technical,Resolved,4,0,None,0,0,SOP-18
TK00374,AC0014,A030,2025-10-14 09:00:00,2025-10-15 17:38:02.167607962,Billing,Resolved,42,0,None,0,0,SOP-23
TK00375,AC0085,A026,2025-10-14 10:00:00,2025-10-15 02:22:21.647948101,Account,Resolved,20,0,None,0,1,SOP-18
TK00376,AC0008,A013,2025-10-14 10:00:00,2025-10-15 00:20:37.062634695,Account,Resolved,61,0,None,0,0,SOP-18
TK00377,AC0034,A023,2025-10-14 11:00:00,2025-10-15 05:54:21.284137172,Feature Request,Resolved,22,0,None,0,0,SOP-07
TK00378,AC0134,A031,2025-10-14 16:00:00,2025-10-15 03:52:33.590931098,Bug,Resolved,30,1,Technical,0,0,SOP-23
TK00379,AC0142,A006,2025-10-14 13:00:00,2025-10-15 07:50:31.713314341,Technical,Resolved,16,0,None,0,0,None
TK00380,AC0113,A017,2025-10-14 11:00:00,2025-10-14 22:27:30.392959085,How-to,Resolved,54,0,None,0,0,None
TK00381,AC0114,A021,2025-10-14 17:00:00,2025-10-14 21:46:51.339658849,Feature Request,Resolved,7,0,None,0,0,SOP-07
TK00382,AC0030,A032,2025-10-14 12:00:00,2025-10-15 20:24:58.576993796,Account,Resolved,23,0,None,0,0,SOP-12
TK00383,AC0057,A019,2025-10-14 15:00:00,2025-10-15 15:58:39.359943253,Account,Resolved,34,0,None,0,0,SOP-18
TK00384,AC0114,A016,2025-10-14 10:00:00,2025-10-15 04:51:12.488992743,Bug,Resolved,102,0,None,0,0,SOP-07
TK00385,AC0103,A033,2025-10-14 15:00:00,2025-10-15 07:30:48.321180337,How-to,Resolved,83,0,None,0,0,SOP-12
TK00386,AC0087,A025,2025-10-14 08:00:00,2025-10-14 10:37:16.642498005,Technical,Resolved,34,0,None,0,1,SOP-12
TK00387,AC0148,A009,2025-10-15 14:00:00,2025-10-16 07:26:45.927325540,Account,Resolved,12,0,None,0,0,SOP-07
TK00388,AC0071,A029,2025-10-15 16:00:00,,Billing,Waiting Internally,22,1,Billing,0,0,SOP-23
TK00389,AC0117,A009,2025-10-15 09:00:00,,Technical,Escalated,89,1,Product,0,0,None
TK00390,AC0075,A014,2025-10-15 13:00:00,2025-10-16 04:41:01.517032435,How-to,Resolved,6,0,None,0,0,SOP-18
TK00391,AC0018,A001,2025-10-15 18:00:00,,Feature Request,Waiting Customer,3,0,None,0,0,SOP-12
TK00392,AC0137,A002,2025-10-15 14:00:00,2025-10-16 18:30:14.583699353,Technical,Resolved,52,0,None,0,0,None
TK00393,AC0024,A007,2025-10-15 16:00:00,2025-10-16 03:15:45.873236494,Feature Request,Resolved,34,0,None,0,0,None
TK00394,AC0138,A013,2025-10-15 20:00:00,2025-10-16 23:56:27.432557973,Account,Resolved,23,0,None,0,0,None
TK00395,AC0145,A008,2025-10-15 09:00:00,2025-10-15 16:27:32.118621892,Technical,Resolved,9,0,None,0,0,SOP-07
TK00396,AC0003,A020,2025-10-15 15:00:00,,Bug,Escalated,3,1,Product,0,0,None
TK00397,AC0100,A027,2025-10-15 15:00:00,2025-10-15 21:56:07.196577369,Technical,Resolved,79,0,None,1,1,None
TK00398,AC0105,A025,2025-10-15 17:00:00,2025-10-16 03:23:13.071456883,Integration,Resolved,37,0,None,0,0,SOP-07
TK00399,AC0024,A030,2025-10-15 14:00:00,2025-10-17 03:51:35.077136655,How-to,Resolved,52,0,None,0,0,SOP-07
TK00400,AC0071,A014,2025-10-15 14:00:00,2025-10-15 23:20:24.583040559,How-to,Resolved,27,0,None,0,0,SOP-23
TK00401,AC0110,A003,2025-10-15 16:00:00,2025-10-16 12:02:45.331492923,Bug,Resolved,4,0,None,0,0,SOP-07
TK00402,AC0085,A028,2025-10-16 09:00:00,2025-10-17 07:32:02.594184566,How-to,Resolved,17,0,None,0,0,SOP-12
TK00403,AC0008,A033,2025-10-16 10:00:00,2025-10-17 14:27:13.485351247,Account,Resolved,107,0,None,0,0,SOP-23
TK00404,AC0127,A033,2025-10-16 09:00:00,2025-10-16 17:48:42.075737292,How-to,Resolved,145,0,None,0,0,SOP-12
TK00405,AC0020,A028,2025-10-16 10:00:00,2025-10-16 18:53:20.156174360,Billing,Resolved,4,0,None,0,0,SOP-18
TK00406,AC0125,A021,2025-10-16 17:00:00,2025-10-17 05:30:20.551798147,Billing,Resolved,29,0,None,0,0,SOP-23
TK00407,AC0010,A007,2025-10-16 13:00:00,2025-10-16 19:55:23.931912760,Bug,Resolved,68,0,None,0,0,SOP-18
TK00408,AC0137,A033,2025-10-16 10:00:00,2025-10-17 09:28:29.865396301,Technical,Resolved,6,0,None,0,1,None
TK00409,AC0083,A011,2025-10-16 16:00:00,2025-10-17 18:02:54.676281528,Technical,Resolved,39,0,None,0,0,SOP-07
TK00410,AC0003,A022,2025-10-16 19:00:00,2025-10-17 11:19:37.687280795,Technical,Resolved,22,0,None,1,0,SOP-12
TK00411,AC0061,A002,2025-10-16 19:00:00,2025-10-17 06:54:26.912908158,How-to,Resolved,14,0,None,0,0,SOP-23
TK00412,AC0141,A003,2025-10-16 16:00:00,2025-10-17 00:21:37.211588243,Account,Resolved,76,0,None,0,0,SOP-23
TK00413,AC0140,A027,2025-10-17 09:00:00,,Technical,Unresolved,2,0,None,0,0,None
TK00414,AC0065,A021,2025-10-17 09:00:00,,How-to,Waiting Internally,14,1,Billing,1,0,SOP-07
TK00415,AC0064,A036,2025-10-17 15:00:00,2025-10-18 10:46:05.353113592,Account,Resolved,18,0,None,0,0,SOP-07
TK00416,AC0104,A037,2025-10-17 18:00:00,2025-10-18 22:54:38.264740637,Technical,Resolved,33,0,None,0,0,None
TK00417,AC0029,A027,2025-10-17 20:00:00,,How-to,Partially Resolved,75,0,None,0,0,SOP-23
TK00418,AC0065,A023,2025-10-17 12:00:00,,Billing,Unresolved,34,0,None,0,0,None
TK00419,AC0100,A005,2025-10-17 09:00:00,2025-10-17 17:43:02.135778845,How-to,Resolved,42,0,None,0,0,None
TK00420,AC0042,A005,2025-10-17 10:00:00,2025-10-17 22:46:33.388000799,Billing,Resolved,37,0,None,0,0,None
TK00421,AC0102,A017,2025-10-18 17:00:00,2025-10-19 03:25:50.654774121,Bug,Resolved,8,0,None,0,0,None
TK00422,AC0024,A022,2025-10-18 17:00:00,2025-10-18 23:14:23.664188621,Technical,Resolved,7,0,None,0,0,None
TK00423,AC0014,A001,2025-10-18 11:00:00,2025-10-19 05:53:48.222292195,Billing,Resolved,24,0,None,0,0,SOP-07
TK00424,AC0059,A038,2025-10-18 16:00:00,2025-10-19 07:46:51.670730995,Technical,Resolved,20,0,None,0,0,SOP-12
TK00425,AC0018,A035,2025-10-18 11:00:00,2025-10-19 01:46:18.313268761,Account,Resolved,20,0,None,0,0,None
TK00426,AC0098,A030,2025-10-18 09:00:00,2025-10-18 19:38:59.360235091,Bug,Resolved,18,0,None,0,0,None
TK00427,AC0058,A038,2025-10-18 19:00:00,2025-10-19 09:56:51.592219017,Technical,Resolved,85,0,None,0,0,SOP-23
TK00428,AC0037,A008,2025-10-18 20:00:00,,Bug,Partially Resolved,19,0,None,0,0,SOP-23
TK00429,AC0020,A018,2025-10-18 13:00:00,2025-10-18 19:25:13.671507146,Account,Resolved,55,0,None,0,0,SOP-23
TK00430,AC0124,A028,2025-10-18 09:00:00,,Bug,Partially Resolved,29,1,Technical,0,0,None
TK00431,AC0142,A015,2025-10-18 13:00:00,2025-10-19 10:13:27.356816994,Bug,Resolved,50,0,None,0,0,SOP-23
TK00432,AC0018,A023,2025-10-18 11:00:00,2025-10-19 13:55:54.651492608,Technical,Resolved,56,0,None,1,0,SOP-07
TK00433,AC0062,A001,2025-10-18 20:00:00,2025-10-19 09:29:56.355812267,Bug,Resolved,34,0,None,0,0,SOP-12
TK00434,AC0017,A012,2025-10-18 19:00:00,,How-to,Escalated,132,1,Product,0,0,SOP-07
TK00435,AC0062,A038,2025-10-18 11:00:00,2025-10-19 02:36:20.171957736,Integration,Resolved,27,0,None,0,1,SOP-12
TK00436,AC0046,A008,2025-10-18 10:00:00,2025-10-19 22:46:06.712427003,Integration,Resolved,9,0,None,0,1,SOP-23
TK00437,AC0009,A036,2025-10-18 13:00:00,2025-10-19 02:53:09.575372722,Feature Request,Resolved,29,0,None,0,0,SOP-12
TK00438,AC0087,A026,2025-10-19 18:00:00,,How-to,Waiting Internally,35,1,Product,0,0,SOP-23
TK00439,AC0073,A028,2025-10-19 15:00:00,,Technical,Partially Resolved,9,0,None,0,0,SOP-12
TK00440,AC0140,A026,2025-10-19 16:00:00,2025-10-20 11:19:39.303215202,Account,Resolved,51,0,None,0,1,SOP-23
TK00441,AC0023,A002,2025-10-19 11:00:00,,Technical,Waiting Customer,24,0,None,0,0,SOP-18
TK00442,AC0130,A027,2025-10-19 19:00:00,2025-10-20 06:20:34.558550792,Integration,Resolved,27,0,None,0,0,SOP-07
TK00443,AC0117,A035,2025-10-19 09:00:00,,Feature Request,Partially Resolved,45,0,None,0,0,SOP-07
TK00444,AC0105,A032,2025-10-19 18:00:00,2025-10-20 11:41:04.898849254,Feature Request,Resolved,41,0,None,0,0,None
TK00445,AC0102,A003,2025-10-19 16:00:00,2025-10-20 03:24:17.298385198,Integration,Resolved,28,0,None,0,0,SOP-18
TK00446,AC0099,A025,2025-10-19 10:00:00,2025-10-19 21:06:01.055515960,Feature Request,Resolved,3,0,None,1,0,SOP-23
TK00447,AC0013,A017,2025-10-19 14:00:00,,How-to,Partially Resolved,8,0,None,1,0,None
TK00448,AC0129,A019,2025-10-19 16:00:00,2025-10-20 15:16:58.388280842,Technical,Resolved,38,0,None,0,0,None
TK00449,AC0121,A038,2025-10-19 13:00:00,,Bug,Waiting Internally,25,1,Billing,0,0,None
TK00450,AC0104,A020,2025-10-19 15:00:00,,Technical,Waiting Internally,21,1,Billing,0,0,None
TK00451,AC0024,A010,2025-10-20 10:00:00,2025-10-21 00:18:40.820783542,How-to,Resolved,36,0,None,0,0,None
TK00452,AC0085,A022,2025-10-20 09:00:00,2025-10-21 10:35:32.530773792,Integration,Resolved,11,0,None,0,0,SOP-07
TK00453,AC0066,A027,2025-10-20 08:00:00,,How-to,Unresolved,122,0,None,0,0,None
TK00454,AC0106,A001,2025-10-20 17:00:00,2025-10-22 07:41:34.224110304,Account,Resolved,2,0,None,0,0,None
TK00455,AC0066,A021,2025-10-20 12:00:00,2025-10-21 07:48:22.559887917,Account,Resolved,29,0,None,0,0,SOP-12
TK00456,AC0069,A024,2025-10-20 11:00:00,,Technical,Partially Resolved,36,0,None,1,0,None
TK00457,AC0094,A018,2025-10-20 08:00:00,2025-10-21 08:24:19.263745991,How-to,Resolved,7,0,None,0,0,SOP-23
TK00458,AC0065,A023,2025-10-20 12:00:00,2025-10-21 06:03:07.288660263,Billing,Resolved,48,0,None,0,0,None
TK00459,AC0068,A001,2025-10-20 15:00:00,2025-10-21 00:55:19.807678597,Integration,Resolved,25,0,None,0,0,SOP-07
TK00460,AC0084,A010,2025-10-21 16:00:00,2025-10-22 02:28:45.667155091,Feature Request,Resolved,12,0,None,0,0,SOP-07
TK00461,AC0061,A003,2025-10-21 13:00:00,2025-10-22 00:29:25.635793922,Billing,Resolved,37,0,None,0,0,None
TK00462,AC0065,A007,2025-10-21 10:00:00,2025-10-21 19:00:42.163217834,Billing,Resolved,13,0,None,0,0,SOP-12
TK00463,AC0019,A028,2025-10-21 08:00:00,2025-10-22 00:22:16.040330430,Account,Resolved,22,0,None,0,0,SOP-23
TK00464,AC0122,A001,2025-10-21 09:00:00,2025-10-21 11:52:07.474250135,How-to,Resolved,36,0,None,1,0,None
TK00465,AC0013,A036,2025-10-21 14:00:00,2025-10-22 20:44:31.349535516,Technical,Resolved,74,0,None,0,0,SOP-12
TK00466,AC0099,A034,2025-10-21 10:00:00,2025-10-22 09:24:03.371673813,Technical,Resolved,15,0,None,0,0,None
TK00467,AC0008,A008,2025-10-21 13:00:00,,How-to,Partially Resolved,25,0,None,0,0,None
TK00468,AC0144,A014,2025-10-21 16:00:00,2025-10-22 10:32:15.406321860,Feature Request,Resolved,8,0,None,0,0,SOP-23
TK00469,AC0132,A002,2025-10-22 20:00:00,2025-10-24 02:16:57.073902224,Account,Resolved,87,0,None,0,0,SOP-12
TK00470,AC0143,A037,2025-10-22 12:00:00,,How-to,Partially Resolved,9,0,None,0,0,None
TK00471,AC0132,A036,2025-10-22 17:00:00,2025-10-23 16:38:56.083878129,Account,Resolved,33,0,None,0,0,SOP-23
TK00472,AC0024,A017,2025-10-22 19:00:00,2025-10-23 01:29:30.897625017,Integration,Resolved,23,0,None,0,0,None
TK00473,AC0053,A006,2025-10-22 12:00:00,2025-10-23 15:37:19.620586040,Account,Resolved,28,0,None,1,0,None
TK00474,AC0045,A026,2025-10-23 15:00:00,2025-10-23 22:07:32.343945623,Technical,Resolved,19,0,None,0,0,None
TK00475,AC0012,A011,2025-10-23 14:00:00,2025-10-23 19:01:06.304107611,Bug,Resolved,85,1,Operations,0,1,None
TK00476,AC0113,A031,2025-10-23 18:00:00,2025-10-25 00:59:20.889421205,Technical,Resolved,178,0,None,0,0,None
TK00477,AC0014,A033,2025-10-23 14:00:00,2025-10-24 07:21:47.628711371,Account,Resolved,42,0,None,0,0,SOP-18
TK00478,AC0132,A036,2025-10-23 19:00:00,2025-10-25 03:30:40.488984945,Feature Request,Resolved,24,0,None,0,0,None
TK00479,AC0088,A022,2025-10-23 14:00:00,2025-10-23 16:07:58.174905997,Technical,Resolved,3,0,None,0,0,SOP-23
TK00480,AC0004,A016,2025-10-23 17:00:00,2025-10-24 05:28:42.380847548,Account,Resolved,19,0,None,0,0,SOP-18
TK00481,AC0078,A006,2025-10-23 08:00:00,2025-10-23 15:20:34.429473106,Billing,Resolved,9,0,None,0,0,None
TK00482,AC0003,A011,2025-10-23 16:00:00,2025-10-27 02:36:03.439872324,Technical,Resolved,15,0,None,0,0,SOP-18
TK00483,AC0016,A030,2025-10-23 14:00:00,2025-10-24 00:20:09.682027915,Billing,Resolved,60,0,None,0,0,SOP-18
TK00484,AC0018,A003,2025-10-23 19:00:00,2025-10-25 01:39:52.137753561,Technical,Resolved,22,0,None,0,0,SOP-18
TK00485,AC0141,A009,2025-10-23 14:00:00,2025-10-24 04:36:11.627673758,Bug,Resolved,11,1,Operations,0,0,SOP-07
TK00486,AC0113,A017,2025-10-23 14:00:00,,Feature Request,Unresolved,50,0,None,0,0,SOP-18
TK00487,AC0059,A009,2025-10-24 14:00:00,,Bug,Waiting Internally,61,1,Product,0,0,SOP-23
TK00488,AC0065,A024,2025-10-24 12:00:00,2025-10-25 19:16:18.636491756,Billing,Resolved,67,0,None,0,0,SOP-18
TK00489,AC0040,A025,2025-10-24 16:00:00,2025-10-25 15:03:20.149598671,How-to,Resolved,8,0,None,0,0,SOP-18
TK00490,AC0099,A015,2025-10-24 08:00:00,,Integration,Escalated,3,1,Billing,0,0,None
TK00491,AC0147,A026,2025-10-24 15:00:00,2025-10-25 02:36:04.792648921,Integration,Resolved,49,0,None,0,0,SOP-12
TK00492,AC0031,A038,2025-10-24 16:00:00,2025-10-25 12:46:00.227102475,Bug,Resolved,79,0,None,0,0,None
TK00493,AC0066,A005,2025-10-24 11:00:00,,Billing,Partially Resolved,107,0,None,0,0,SOP-23
TK00494,AC0105,A011,2025-10-24 13:00:00,2025-10-25 05:02:25.323330655,How-to,Resolved,28,0,None,0,0,SOP-07
TK00495,AC0024,A030,2025-10-24 08:00:00,,Integration,Waiting Customer,10,0,None,0,0,SOP-18
TK00496,AC0046,A024,2025-10-24 08:00:00,2025-10-25 09:20:00.795330923,Billing,Resolved,78,0,None,0,0,SOP-12
TK00497,AC0137,A004,2025-10-24 08:00:00,2025-10-24 19:36:11.015360203,Bug,Resolved,98,1,Technical,0,0,SOP-12
TK00498,AC0105,A011,2025-10-24 12:00:00,,Integration,Escalated,39,1,Billing,0,0,SOP-23
TK00499,AC0027,A028,2025-10-25 12:00:00,2025-10-25 23:01:48.477161261,Billing,Resolved,43,0,None,0,0,None
TK00500,AC0114,A007,2025-10-25 12:00:00,2025-10-26 00:58:19.762602456,Technical,Resolved,35,0,None,1,0,SOP-23
TK00501,AC0014,A034,2025-10-25 12:00:00,2025-10-26 15:13:23.062629432,Account,Resolved,25,0,None,0,0,None
TK00502,AC0101,A032,2025-10-25 08:00:00,2025-10-25 15:37:31.940514489,Billing,Resolved,104,0,None,0,0,SOP-18
TK00503,AC0093,A006,2025-10-26 18:00:00,2025-10-27 18:06:35.211809651,Technical,Resolved,32,0,None,0,0,None
TK00504,AC0047,A009,2025-10-26 16:00:00,,How-to,Escalated,19,1,Operations,0,0,SOP-07
TK00505,AC0068,A006,2025-10-26 09:00:00,2025-10-27 18:53:54.802883217,Billing,Resolved,6,0,None,0,0,SOP-12
TK00506,AC0065,A022,2025-10-26 13:00:00,2025-10-26 21:14:05.598791604,How-to,Resolved,36,0,None,0,0,SOP-12
TK00507,AC0058,A011,2025-10-26 09:00:00,2025-10-26 17:07:50.952816938,Technical,Resolved,66,0,None,1,0,None
TK00508,AC0090,A036,2025-10-26 19:00:00,2025-10-28 01:02:31.755655485,Feature Request,Resolved,44,0,None,0,0,SOP-12
TK00509,AC0008,A012,2025-10-26 20:00:00,2025-10-27 03:36:48.734110009,Technical,Resolved,30,0,None,0,0,None
TK00510,AC0020,A005,2025-10-27 17:00:00,2025-10-28 03:11:06.435344869,Technical,Resolved,8,0,None,0,0,None
TK00511,AC0143,A006,2025-10-27 08:00:00,2025-10-28 20:50:45.506734258,How-to,Resolved,56,0,None,0,0,SOP-18
TK00512,AC0095,A025,2025-10-27 16:00:00,,Technical,Unresolved,41,0,None,0,0,SOP-07
TK00513,AC0098,A026,2025-10-27 19:00:00,2025-10-28 03:31:06.263030427,How-to,Resolved,5,0,None,0,0,None
TK00514,AC0018,A004,2025-10-27 15:00:00,,How-to,Partially Resolved,14,0,None,0,0,SOP-07
TK00515,AC0075,A010,2025-10-27 16:00:00,2025-10-27 19:28:46.404641217,How-to,Resolved,64,0,None,0,0,None
TK00516,AC0140,A014,2025-10-27 14:00:00,2025-10-28 08:04:40.984202935,Integration,Resolved,36,0,None,0,0,None
TK00517,AC0068,A029,2025-10-27 16:00:00,2025-10-28 05:48:36.793680920,Technical,Resolved,19,0,None,0,0,None
TK00518,AC0122,A021,2025-10-27 14:00:00,,Technical,Waiting Customer,63,0,None,1,0,SOP-07
TK00519,AC0015,A004,2025-10-27 10:00:00,2025-10-28 08:34:19.878150706,Integration,Resolved,49,0,None,0,0,None
TK00520,AC0093,A007,2025-10-27 16:00:00,,Technical,Waiting Internally,16,1,Billing,0,0,None
TK00521,AC0107,A034,2025-10-27 19:00:00,2025-10-27 21:40:46.498863047,Technical,Resolved,20,0,None,0,0,SOP-18
TK00522,AC0117,A022,2025-10-27 19:00:00,2025-10-29 16:40:26.215162017,Bug,Resolved,42,0,None,0,0,SOP-18
TK00523,AC0088,A021,2025-10-27 15:00:00,2025-10-28 05:57:00.043013044,How-to,Resolved,8,0,None,0,0,SOP-18
TK00524,AC0099,A013,2025-10-27 16:00:00,2025-10-28 14:46:36.883683355,Billing,Resolved,10,0,None,0,0,SOP-18
TK00525,AC0107,A018,2025-10-28 13:00:00,,Feature Request,Unresolved,18,0,None,0,0,None
TK00526,AC0053,A016,2025-10-28 10:00:00,2025-10-29 11:16:33.177832297,Billing,Resolved,8,0,None,0,0,None
TK00527,AC0092,A036,2025-10-28 09:00:00,2025-10-28 14:45:58.326271836,Account,Resolved,3,0,None,0,0,None
TK00528,AC0131,A014,2025-10-28 14:00:00,,Technical,Partially Resolved,21,0,None,0,0,SOP-12
TK00529,AC0144,A037,2025-10-28 18:00:00,2025-10-29 11:33:39.933569514,Technical,Resolved,7,0,None,0,0,None
TK00530,AC0049,A034,2025-10-28 12:00:00,2025-10-29 07:17:56.478775378,How-to,Resolved,37,0,None,0,0,SOP-23
TK00531,AC0006,A011,2025-10-28 11:00:00,2025-10-29 08:05:38.753286900,Billing,Resolved,25,0,None,0,0,SOP-23
TK00532,AC0102,A013,2025-10-28 20:00:00,2025-10-28 22:28:52.677794906,Bug,Resolved,15,0,None,0,0,SOP-23
TK00533,AC0037,A006,2025-10-28 15:00:00,2025-10-28 18:42:48.333674339,Feature Request,Resolved,9,0,None,0,0,None
TK00534,AC0098,A022,2025-10-28 12:00:00,2025-10-29 09:59:24.252658196,How-to,Resolved,36,0,None,0,0,SOP-07
TK00535,AC0057,A006,2025-10-28 13:00:00,,Technical,Waiting Customer,42,0,None,0,0,SOP-07
TK00536,AC0090,A026,2025-10-28 16:00:00,2025-10-29 19:38:26.736810983,How-to,Resolved,25,0,None,0,0,None
TK00537,AC0132,A038,2025-10-28 08:00:00,2025-10-29 17:51:55.018558090,How-to,Resolved,18,0,None,0,0,SOP-18
TK00538,AC0057,A024,2025-10-28 15:00:00,2025-10-29 04:05:40.135581407,Billing,Resolved,3,0,None,0,0,SOP-07
TK00539,AC0040,A027,2025-10-28 12:00:00,2025-10-29 12:17:20.933015470,Billing,Resolved,19,0,None,0,0,None
TK00540,AC0145,A019,2025-10-28 13:00:00,2025-10-29 08:10:55.529852288,Bug,Resolved,18,0,None,0,0,SOP-18
TK00541,AC0124,A021,2025-10-28 15:00:00,2025-10-28 21:59:16.002164582,Feature Request,Resolved,19,0,None,0,0,None
TK00542,AC0074,A020,2025-10-29 13:00:00,2025-10-30 08:50:29.333179617,Technical,Resolved,66,0,None,0,0,SOP-23
TK00543,AC0132,A023,2025-10-29 14:00:00,2025-10-30 13:47:34.902865618,How-to,Resolved,50,0,None,0,0,SOP-23
TK00544,AC0047,A009,2025-10-29 08:00:00,2025-10-29 16:47:03.705013766,Account,Resolved,10,0,None,0,0,SOP-12
TK00545,AC0030,A034,2025-10-29 13:00:00,2025-10-30 14:48:49.397839770,Account,Resolved,21,0,None,0,0,None
TK00546,AC0022,A009,2025-10-30 19:00:00,,Billing,Partially Resolved,7,0,None,0,0,SOP-07
TK00547,AC0117,A029,2025-10-30 08:00:00,2025-10-30 16:19:12.856623211,Technical,Resolved,59,0,None,0,0,SOP-12
TK00548,AC0020,A033,2025-10-30 19:00:00,2025-10-31 03:49:28.201329221,Account,Resolved,20,0,None,1,0,None
TK00549,AC0137,A024,2025-10-30 15:00:00,,Integration,Waiting Internally,55,1,Billing,0,0,SOP-23
TK00550,AC0140,A031,2025-10-30 11:00:00,2025-10-31 12:21:59.325605933,Integration,Resolved,44,0,None,0,0,SOP-12
TK00551,AC0095,A008,2025-10-30 18:00:00,2025-10-31 16:20:17.894194285,Technical,Resolved,32,0,None,0,0,None
TK00552,AC0136,A013,2025-10-30 13:00:00,2025-11-01 06:33:44.300803990,Billing,Resolved,9,0,None,0,0,SOP-07
TK00553,AC0030,A036,2025-10-30 16:00:00,2025-10-31 12:16:33.619070967,Account,Resolved,5,0,None,0,0,None
TK00554,AC0096,A020,2025-10-30 08:00:00,2025-10-30 11:28:27.214350203,Technical,Resolved,44,0,None,0,0,None
TK00555,AC0087,A036,2025-10-30 15:00:00,2025-10-30 21:17:58.798600038,How-to,Resolved,21,0,None,1,0,SOP-23
TK00556,AC0139,A031,2025-10-30 20:00:00,2025-10-31 22:01:32.213834904,How-to,Resolved,23,0,None,0,0,None
TK00557,AC0010,A031,2025-10-30 12:00:00,2025-10-31 00:03:12.537268102,Bug,Resolved,12,0,None,0,0,SOP-07
TK00558,AC0140,A004,2025-10-30 13:00:00,2025-10-30 19:43:19.206147010,How-to,Resolved,57,0,None,0,0,SOP-12
TK00559,AC0100,A028,2025-10-30 10:00:00,,How-to,Escalated,193,1,Product,0,0,SOP-07
TK00560,AC0111,A003,2025-10-31 15:00:00,,Technical,Waiting Internally,28,1,Product,0,0,SOP-07
TK00561,AC0101,A038,2025-10-31 14:00:00,2025-10-31 20:49:19.682470585,Feature Request,Resolved,37,0,None,0,0,SOP-07
TK00562,AC0117,A025,2025-10-31 18:00:00,2025-10-31 22:19:51.588082070,Account,Resolved,31,0,None,0,0,None
TK00563,AC0140,A024,2025-10-31 17:00:00,2025-11-01 01:37:38.920529405,Feature Request,Resolved,32,0,None,0,0,None
TK00564,AC0087,A025,2025-10-31 16:00:00,2025-11-01 11:16:28.478853479,Technical,Resolved,68,0,None,0,0,SOP-23
TK00565,AC0039,A031,2025-10-31 11:00:00,2025-10-31 20:07:22.988615066,Billing,Resolved,4,0,None,0,0,SOP-23
TK00566,AC0108,A030,2025-10-31 10:00:00,,Technical,Partially Resolved,20,0,None,0,0,SOP-07
TK00567,AC0039,A015,2025-10-31 19:00:00,2025-11-01 19:10:23.918199859,Account,Resolved,56,0,None,1,0,SOP-23
TK00568,AC0098,A013,2025-10-31 10:00:00,2025-10-31 20:38:45.020665710,Billing,Resolved,111,0,None,0,0,SOP-23
TK00569,AC0132,A030,2025-10-31 12:00:00,2025-10-31 21:17:15.699280443,Billing,Resolved,21,0,None,0,0,SOP-07
TK00570,AC0139,A035,2025-10-31 11:00:00,2025-10-31 17:47:42.623167667,Account,Resolved,53,0,None,0,0,SOP-23
TK00571,AC0121,A037,2025-10-31 09:00:00,2025-11-01 05:18:24.422911010,Integration,Resolved,3,0,None,1,0,None
TK00572,AC0098,A025,2025-11-01 17:00:00,2025-11-03 01:58:20.114053856,Integration,Resolved,43,0,None,0,0,None
TK00573,AC0137,A031,2025-11-01 16:00:00,,Technical,Unresolved,35,0,None,0,0,None
TK00574,AC0103,A017,2025-11-01 09:00:00,2025-11-02 17:59:51.140805868,Feature Request,Resolved,9,0,None,0,0,SOP-18
TK00575,AC0011,A002,2025-11-01 15:00:00,2025-11-02 18:21:18.587228493,Billing,Resolved,19,0,None,0,0,SOP-23
TK00576,AC0008,A004,2025-11-01 16:00:00,2025-11-02 17:00:39.551120887,Feature Request,Resolved,3,0,None,0,0,SOP-23
TK00577,AC0049,A018,2025-11-01 18:00:00,2025-11-02 20:23:03.995524622,Account,Resolved,27,0,None,0,0,SOP-23
TK00578,AC0064,A036,2025-11-01 08:00:00,,Billing,Escalated,4,1,Billing,0,0,None
TK00579,AC0052,A033,2025-11-01 15:00:00,2025-11-01 17:36:02.388221500,Technical,Resolved,38,0,None,0,1,None
TK00580,AC0085,A008,2025-11-01 12:00:00,2025-11-02 05:57:11.925775580,Technical,Resolved,50,0,None,1,0,SOP-23
TK00581,AC0086,A037,2025-11-01 18:00:00,2025-11-02 21:17:34.279752159,Integration,Resolved,38,0,None,0,0,SOP-18
TK00582,AC0140,A029,2025-11-02 12:00:00,2025-11-03 15:59:38.152711751,Technical,Resolved,48,0,None,0,0,SOP-12
TK00583,AC0113,A004,2025-11-02 19:00:00,2025-11-03 09:35:55.981343012,Technical,Resolved,12,0,None,0,0,None
TK00584,AC0086,A011,2025-11-02 16:00:00,,Billing,Partially Resolved,27,0,None,1,0,SOP-07
TK00585,AC0037,A013,2025-11-02 13:00:00,2025-11-03 03:41:42.356475109,How-to,Resolved,58,0,None,0,0,SOP-18
TK00586,AC0074,A027,2025-11-02 17:00:00,2025-11-03 14:52:17.446231359,Bug,Resolved,71,1,Billing,0,0,SOP-18
TK00587,AC0015,A032,2025-11-02 13:00:00,,Account,Unresolved,6,0,None,0,0,SOP-23
TK00588,AC0124,A038,2025-11-02 11:00:00,2025-11-02 20:13:39.205228447,Technical,Resolved,27,0,None,0,0,SOP-23
TK00589,AC0121,A034,2025-11-02 15:00:00,,Integration,Unresolved,4,0,None,0,0,SOP-07
TK00590,AC0140,A037,2025-11-02 18:00:00,2025-11-04 05:06:24.890914355,Technical,Resolved,65,0,None,0,0,SOP-12
TK00591,AC0108,A010,2025-11-02 19:00:00,2025-11-03 20:32:15.616392391,Account,Resolved,20,0,None,0,0,SOP-07
TK00592,AC0116,A021,2025-11-02 19:00:00,2025-11-03 13:15:27.228216841,Billing,Resolved,45,0,None,0,0,SOP-12
TK00593,AC0042,A022,2025-11-03 15:00:00,2025-11-04 08:32:59.206271284,Technical,Resolved,78,0,None,0,0,SOP-23
TK00594,AC0068,A006,2025-11-03 08:00:00,2025-11-03 15:01:18.867656306,Integration,Resolved,56,0,None,0,0,SOP-07
TK00595,AC0084,A020,2025-11-03 12:00:00,2025-11-04 18:07:09.534456563,How-to,Resolved,62,0,None,0,0,None
TK00596,AC0113,A008,2025-11-03 12:00:00,2025-11-04 02:20:20.261393746,Integration,Resolved,39,0,None,0,0,None
TK00597,AC0095,A025,2025-11-03 08:00:00,2025-11-03 10:43:05.291797457,How-to,Resolved,46,0,None,0,0,SOP-23
TK00598,AC0043,A028,2025-11-03 13:00:00,2025-11-04 02:53:24.006903112,How-to,Resolved,44,0,None,0,0,SOP-18
TK00599,AC0086,A033,2025-11-03 20:00:00,2025-11-04 14:44:21.414463353,Account,Resolved,49,0,None,0,0,SOP-12
TK00600,AC0024,A027,2025-11-03 17:00:00,2025-11-04 04:53:25.158122796,How-to,Resolved,25,0,None,0,0,SOP-07
TK00601,AC0130,A025,2025-11-03 09:00:00,2025-11-03 17:44:03.263524454,How-to,Resolved,10,0,None,0,0,None
TK00602,AC0105,A033,2025-11-03 16:00:00,2025-11-04 13:12:41.099693195,Billing,Resolved,26,0,None,0,1,SOP-18
TK00603,AC0085,A001,2025-11-03 09:00:00,,Bug,Escalated,32,1,Technical,0,0,SOP-23
TK00604,AC0111,A007,2025-11-04 10:00:00,2025-11-05 08:46:58.502662459,Integration,Resolved,12,0,None,1,0,SOP-07
TK00605,AC0042,A038,2025-11-04 17:00:00,2025-11-05 12:01:42.717592715,Account,Resolved,77,0,None,0,0,None
TK00606,AC0087,A010,2025-11-04 08:00:00,2025-11-05 07:04:34.882832703,Integration,Resolved,15,0,None,0,0,SOP-18
TK00607,AC0065,A031,2025-11-04 16:00:00,2025-11-05 07:51:36.821078032,How-to,Resolved,8,0,None,0,0,None
TK00608,AC0018,A002,2025-11-04 12:00:00,2025-11-04 21:01:32.971630171,Billing,Resolved,55,0,None,1,0,SOP-07
TK00609,AC0142,A009,2025-11-04 12:00:00,,Billing,Unresolved,33,0,None,0,0,SOP-07
TK00610,AC0140,A024,2025-11-04 12:00:00,2025-11-06 04:47:28.404267910,How-to,Resolved,10,0,None,0,0,None
TK00611,AC0003,A005,2025-11-04 09:00:00,2025-11-04 19:17:24.142058077,How-to,Resolved,14,0,None,0,0,SOP-07
TK00612,AC0134,A014,2025-11-04 11:00:00,2025-11-05 16:04:10.957989368,Technical,Resolved,5,0,None,0,1,SOP-07
TK00613,AC0025,A003,2025-11-04 20:00:00,,How-to,Partially Resolved,25,0,None,0,0,SOP-12
TK00614,AC0105,A022,2025-11-04 14:00:00,2025-11-06 09:13:24.646665778,Bug,Resolved,32,0,None,0,0,None
TK00615,AC0062,A014,2025-11-05 10:00:00,2025-11-05 19:35:30.413083689,Technical,Resolved,11,0,None,0,0,SOP-12
TK00616,AC0085,A003,2025-11-05 15:00:00,2025-11-06 09:28:15.282873230,Account,Resolved,11,0,None,1,0,SOP-12
TK00617,AC0020,A038,2025-11-05 09:00:00,,Technical,Waiting Internally,49,1,Billing,0,0,SOP-18
TK00618,AC0117,A005,2025-11-05 16:00:00,2025-11-06 16:52:00.845247462,Billing,Resolved,30,0,None,0,0,None
TK00619,AC0147,A030,2025-11-05 10:00:00,,Bug,Waiting Customer,8,1,Product,0,0,None
TK00620,AC0073,A013,2025-11-05 08:00:00,2025-11-06 05:16:31.363983851,Bug,Resolved,50,0,None,0,0,None
TK00621,AC0100,A010,2025-11-05 12:00:00,,Technical,Partially Resolved,15,0,None,0,0,SOP-12
TK00622,AC0150,A020,2025-11-05 11:00:00,2025-11-06 18:53:23.232441668,Technical,Resolved,22,0,None,0,1,None
TK00623,AC0111,A015,2025-11-05 18:00:00,2025-11-06 18:53:09.355699461,How-to,Resolved,29,0,None,0,0,SOP-12
TK00624,AC0001,A035,2025-11-05 17:00:00,2025-11-06 00:17:40.479878188,Bug,Resolved,35,1,Technical,0,0,None
TK00625,AC0104,A022,2025-11-05 10:00:00,2025-11-05 20:18:27.072431376,Billing,Resolved,26,0,None,0,1,SOP-18
TK00626,AC0047,A002,2025-11-05 09:00:00,,How-to,Waiting Customer,39,0,None,0,0,None
TK00627,AC0010,A027,2025-11-06 17:00:00,2025-11-06 22:09:30.528427511,Technical,Resolved,64,0,None,0,0,SOP-07
TK00628,AC0111,A025,2025-11-06 15:00:00,2025-11-08 06:43:19.431599859,Bug,Resolved,6,1,Billing,0,0,SOP-18
TK00629,AC0095,A037,2025-11-06 20:00:00,2025-11-07 08:41:59.354463598,Billing,Resolved,43,0,None,0,0,None
TK00630,AC0002,A033,2025-11-06 11:00:00,2025-11-07 09:04:15.609226097,Bug,Resolved,59,1,Technical,0,0,SOP-23
TK00631,AC0050,A009,2025-11-06 13:00:00,2025-11-07 00:43:15.646817971,Bug,Resolved,31,0,None,0,0,SOP-07
TK00632,AC0065,A006,2025-11-06 09:00:00,2025-11-07 00:29:34.849427113,Technical,Resolved,20,0,None,0,0,SOP-07
TK00633,AC0048,A021,2025-11-06 08:00:00,2025-11-06 11:21:51.783162332,Billing,Resolved,38,0,None,0,0,SOP-12
TK00634,AC0056,A037,2025-11-06 16:00:00,2025-11-06 23:38:34.186657517,How-to,Resolved,25,0,None,0,0,SOP-12
TK00635,AC0047,A030,2025-11-06 12:00:00,2025-11-07 09:14:56.570692031,How-to,Resolved,67,0,None,0,0,None
TK00636,AC0100,A007,2025-11-06 12:00:00,2025-11-06 17:08:18.298219296,Technical,Resolved,8,0,None,0,0,None
TK00637,AC0010,A018,2025-11-06 17:00:00,,Bug,Waiting Internally,6,1,Operations,0,0,None
TK00638,AC0065,A033,2025-11-06 15:00:00,2025-11-07 12:31:00.104999715,Feature Request,Resolved,12,0,None,1,0,None
TK00639,AC0140,A037,2025-11-06 16:00:00,2025-11-06 21:37:03.414762475,Integration,Resolved,51,0,None,0,0,SOP-23
TK00640,AC0008,A014,2025-11-06 19:00:00,,How-to,Partially Resolved,41,0,None,1,0,None
TK00641,AC0008,A030,2025-11-06 17:00:00,2025-11-07 07:21:35.703703612,Technical,Resolved,12,0,None,0,1,SOP-07
TK00642,AC0074,A026,2025-11-07 15:00:00,2025-11-08 17:18:39.760420633,Bug,Resolved,18,0,None,0,0,SOP-18
TK00643,AC0018,A031,2025-11-07 20:00:00,2025-11-10 05:43:42.159627571,How-to,Resolved,20,0,None,0,0,SOP-12
TK00644,AC0142,A035,2025-11-07 17:00:00,2025-11-08 00:48:10.341228034,How-to,Resolved,24,0,None,0,1,None
TK00645,AC0103,A026,2025-11-07 15:00:00,2025-11-09 09:23:49.987062697,Billing,Resolved,75,0,None,0,0,SOP-23
TK00646,AC0115,A021,2025-11-07 11:00:00,,How-to,Partially Resolved,10,0,None,0,0,SOP-18
TK00647,AC0101,A020,2025-11-07 20:00:00,,Account,Waiting Internally,27,1,Technical,0,0,SOP-23
TK00648,AC0088,A036,2025-11-07 17:00:00,2025-11-08 05:14:39.704426154,Account,Resolved,33,0,None,0,1,None
TK00649,AC0040,A010,2025-11-07 14:00:00,2025-11-08 07:26:18.231403576,How-to,Resolved,18,0,None,0,0,SOP-18
TK00650,AC0047,A026,2025-11-07 18:00:00,2025-11-07 22:02:47.256786171,Account,Resolved,59,0,None,0,0,SOP-07
TK00651,AC0099,A019,2025-11-07 09:00:00,,Technical,Waiting Customer,49,0,None,0,0,None
TK00652,AC0025,A019,2025-11-07 15:00:00,2025-11-08 00:30:38.658007279,Technical,Resolved,17,0,None,0,0,None
TK00653,AC0116,A003,2025-11-07 17:00:00,2025-11-07 20:08:58.194210126,Technical,Resolved,36,0,None,0,0,None
TK00654,AC0095,A026,2025-11-08 08:00:00,2025-11-09 16:40:19.630112962,Feature Request,Resolved,32,0,None,0,0,SOP-18
TK00655,AC0087,A033,2025-11-08 12:00:00,2025-11-08 21:43:13.546230238,How-to,Resolved,9,0,None,0,0,SOP-07
TK00656,AC0017,A026,2025-11-08 12:00:00,,How-to,Escalated,13,1,Product,0,0,SOP-18
TK00657,AC0018,A028,2025-11-08 10:00:00,2025-11-08 19:09:35.694429161,How-to,Resolved,41,0,None,0,0,SOP-18
TK00658,AC0061,A034,2025-11-08 14:00:00,2025-11-08 22:20:12.111483759,How-to,Resolved,11,0,None,0,0,SOP-12
TK00659,AC0142,A018,2025-11-08 17:00:00,2025-11-09 05:50:56.848022305,Billing,Resolved,52,0,None,0,1,SOP-18
TK00660,AC0139,A034,2025-11-08 16:00:00,,Account,Partially Resolved,54,0,None,0,0,SOP-07
TK00661,AC0061,A008,2025-11-08 13:00:00,2025-11-09 05:26:17.747044107,How-to,Resolved,2,0,None,0,0,None
TK00662,AC0088,A010,2025-11-08 10:00:00,2025-11-08 14:06:17.779044205,Account,Resolved,95,0,None,0,0,SOP-12
TK00663,AC0138,A011,2025-11-08 17:00:00,2025-11-09 06:05:37.025962900,Technical,Resolved,5,0,None,0,0,None
TK00664,AC0090,A034,2025-11-08 18:00:00,2025-11-09 14:24:41.542747115,How-to,Resolved,48,0,None,0,0,None
TK00665,AC0046,A006,2025-11-09 09:00:00,2025-11-10 01:53:32.557166070,How-to,Resolved,4,0,None,0,0,None
TK00666,AC0063,A034,2025-11-09 14:00:00,2025-11-10 12:39:20.085344068,Integration,Resolved,47,0,None,0,0,SOP-12
TK00667,AC0015,A037,2025-11-09 11:00:00,2025-11-09 19:59:13.425055323,Technical,Resolved,49,0,None,0,0,SOP-23
TK00668,AC0132,A017,2025-11-09 12:00:00,2025-11-10 00:59:23.577003106,Technical,Resolved,27,0,None,0,0,SOP-18
TK00669,AC0085,A033,2025-11-09 15:00:00,2025-11-09 20:22:05.294877690,How-to,Resolved,14,0,None,0,0,SOP-23
TK00670,AC0027,A006,2025-11-09 17:00:00,2025-11-09 22:39:26.055278230,Account,Resolved,90,0,None,0,0,SOP-07
TK00671,AC0017,A018,2025-11-09 20:00:00,2025-11-10 00:32:10.264428356,Feature Request,Resolved,40,0,None,0,0,SOP-23
TK00672,AC0065,A030,2025-11-09 08:00:00,,Feature Request,Waiting Customer,90,0,None,0,0,SOP-12
TK00673,AC0117,A032,2025-11-10 17:00:00,2025-11-11 03:18:24.866181643,Feature Request,Resolved,12,0,None,0,0,SOP-23
TK00674,AC0116,A011,2025-11-10 08:00:00,2025-11-12 19:41:43.137815253,Bug,Resolved,14,0,None,0,0,SOP-07
TK00675,AC0065,A019,2025-11-10 14:00:00,2025-11-10 15:56:12.387821220,Account,Resolved,15,0,None,0,0,None
TK00676,AC0011,A005,2025-11-10 16:00:00,2025-11-11 18:29:22.334267937,Billing,Resolved,29,0,None,0,0,SOP-07
TK00677,AC0122,A003,2025-11-10 12:00:00,2025-11-11 21:42:40.177168634,How-to,Resolved,29,0,None,0,1,SOP-18
TK00678,AC0003,A008,2025-11-10 11:00:00,2025-11-11 22:15:51.134548293,Technical,Resolved,53,0,None,0,0,SOP-12
TK00679,AC0130,A020,2025-11-10 14:00:00,2025-11-10 20:22:02.343446875,Account,Resolved,24,0,None,0,1,SOP-07
TK00680,AC0140,A026,2025-11-10 11:00:00,2025-11-10 14:28:21.416335050,Feature Request,Resolved,45,0,None,0,0,SOP-18
TK00681,AC0139,A003,2025-11-10 17:00:00,2025-11-11 05:05:30.010251964,Billing,Resolved,23,0,None,0,1,SOP-12
TK00682,AC0073,A004,2025-11-10 08:00:00,2025-11-10 17:37:42.745187840,Bug,Resolved,16,1,Operations,0,0,None
TK00683,AC0003,A003,2025-11-10 08:00:00,2025-11-11 15:13:37.969146665,Billing,Resolved,39,0,None,0,0,None
TK00684,AC0076,A005,2025-11-10 20:00:00,,Technical,Escalated,38,1,Product,0,0,None
TK00685,AC0076,A030,2025-11-10 17:00:00,2025-11-12 15:53:53.784231629,Technical,Resolved,60,0,None,0,0,None
TK00686,AC0067,A007,2025-11-10 17:00:00,2025-11-11 06:16:17.840810099,Account,Resolved,11,0,None,0,0,SOP-18
TK00687,AC0060,A030,2025-11-10 16:00:00,2025-11-11 10:56:47.236379798,Integration,Resolved,25,0,None,0,0,SOP-23
TK00688,AC0027,A008,2025-11-11 09:00:00,2025-11-11 17:43:51.739632376,Bug,Resolved,14,1,Product,0,0,None
TK00689,AC0138,A014,2025-11-11 20:00:00,2025-11-12 05:05:43.724049261,How-to,Resolved,18,0,None,0,0,SOP-07
TK00690,AC0101,A009,2025-11-11 20:00:00,,Bug,Escalated,63,1,Technical,0,0,SOP-07
TK00691,AC0087,A022,2025-11-11 13:00:00,2025-11-12 11:36:25.147955012,How-to,Resolved,148,0,None,0,0,SOP-18
TK00692,AC0100,A020,2025-11-11 10:00:00,2025-11-11 14:48:45.408642555,Feature Request,Resolved,49,0,None,0,0,SOP-18
TK00693,AC0015,A033,2025-11-11 19:00:00,2025-11-13 02:49:20.006481425,Integration,Resolved,50,0,None,0,0,None
TK00694,AC0036,A020,2025-11-11 08:00:00,2025-11-12 01:54:14.246095375,Integration,Resolved,45,0,None,0,0,None
TK00695,AC0115,A005,2025-11-11 12:00:00,2025-11-11 15:14:02.416799750,Technical,Resolved,39,0,None,0,0,None
TK00696,AC0132,A005,2025-11-11 12:00:00,2025-11-12 05:23:04.693633304,Technical,Resolved,37,0,None,0,0,None
TK00697,AC0117,A034,2025-11-11 11:00:00,,Billing,Waiting Internally,27,1,Billing,0,0,None
TK00698,AC0129,A012,2025-11-11 11:00:00,2025-11-12 05:01:58.416180328,Billing,Resolved,54,0,None,0,0,None
TK00699,AC0096,A013,2025-11-11 13:00:00,2025-11-12 11:46:01.562792344,Bug,Resolved,54,1,Operations,0,0,None
TK00700,AC0134,A024,2025-11-11 13:00:00,,How-to,Partially Resolved,9,0,None,0,0,SOP-12
TK00701,AC0105,A014,2025-11-11 13:00:00,2025-11-11 15:09:53.626831772,Billing,Resolved,13,0,None,0,0,SOP-12
TK00702,AC0020,A033,2025-11-11 10:00:00,2025-11-11 22:25:56.770951380,Account,Resolved,18,0,None,0,0,SOP-23
TK00703,AC0023,A019,2025-11-11 19:00:00,2025-11-12 03:46:47.187666970,How-to,Resolved,56,0,None,0,0,None
TK00704,AC0015,A038,2025-11-11 14:00:00,2025-11-12 11:28:39.446747080,Technical,Resolved,25,0,None,0,0,SOP-23
TK00705,AC0077,A036,2025-11-11 09:00:00,2025-11-11 12:53:58.735879753,Account,Resolved,29,0,None,0,0,SOP-12
TK00706,AC0140,A036,2025-11-11 12:00:00,,Account,Waiting Internally,28,1,Technical,0,1,SOP-18
TK00707,AC0104,A032,2025-11-12 19:00:00,2025-11-13 05:38:38.565196940,How-to,Resolved,90,0,None,0,0,SOP-18
TK00708,AC0140,A026,2025-11-12 14:00:00,2025-11-14 03:33:17.867168168,Integration,Resolved,22,0,None,0,0,SOP-18
TK00709,AC0065,A028,2025-11-12 20:00:00,2025-11-12 23:43:00.773903185,Technical,Resolved,70,0,None,0,0,SOP-23
TK00710,AC0045,A004,2025-11-12 16:00:00,2025-11-13 05:15:35.183962597,Account,Resolved,38,0,None,0,0,SOP-12
TK00711,AC0017,A021,2025-11-12 13:00:00,,Technical,Partially Resolved,14,0,None,0,0,SOP-23
TK00712,AC0067,A027,2025-11-12 17:00:00,2025-11-13 02:55:56.835451055,Technical,Resolved,63,0,None,0,0,SOP-07
TK00713,AC0065,A030,2025-11-12 08:00:00,,Billing,Waiting Customer,46,0,None,0,0,SOP-18
TK00714,AC0147,A034,2025-11-12 17:00:00,,Feature Request,Unresolved,6,0,None,0,0,None
TK00715,AC0062,A029,2025-11-12 14:00:00,2025-11-13 18:44:54.193818587,Technical,Resolved,42,0,None,0,0,SOP-12
TK00716,AC0129,A004,2025-11-12 19:00:00,,Billing,Escalated,40,1,Product,0,0,SOP-07
TK00717,AC0132,A020,2025-11-12 18:00:00,,Integration,Partially Resolved,21,0,None,0,0,SOP-18
TK00718,AC0066,A021,2025-11-12 10:00:00,,How-to,Unresolved,6,0,None,0,0,SOP-12
TK00719,AC0008,A016,2025-11-12 08:00:00,2025-11-12 20:05:05.150281933,How-to,Resolved,25,0,None,0,0,SOP-07
TK00720,AC0015,A020,2025-11-12 09:00:00,2025-11-12 12:37:33.400881230,Account,Resolved,12,0,None,0,0,None
TK00721,AC0104,A003,2025-11-12 17:00:00,2025-11-13 14:39:37.500778807,How-to,Resolved,36,0,None,0,0,SOP-23
TK00722,AC0124,A033,2025-11-12 11:00:00,2025-11-13 12:00:38.571331740,Technical,Resolved,15,0,None,0,0,SOP-18
TK00723,AC0008,A035,2025-11-12 09:00:00,2025-11-12 18:33:44.869188083,Account,Resolved,21,0,None,0,0,SOP-18
TK00724,AC0047,A018,2025-11-13 20:00:00,2025-11-15 05:05:33.255375912,Technical,Resolved,37,0,None,0,0,SOP-07
TK00725,AC0073,A033,2025-11-13 17:00:00,2025-11-15 00:38:52.095756722,Feature Request,Resolved,69,0,None,0,0,None
TK00726,AC0064,A005,2025-11-13 10:00:00,2025-11-13 21:10:10.442030127,Billing,Resolved,7,0,None,0,0,None
TK00727,AC0064,A005,2025-11-13 14:00:00,2025-11-14 09:18:43.540480266,Feature Request,Resolved,2,0,None,0,0,None
TK00728,AC0060,A030,2025-11-13 14:00:00,2025-11-14 09:55:37.027866108,Billing,Resolved,5,0,None,0,0,None
TK00729,AC0065,A014,2025-11-13 15:00:00,2025-11-15 10:24:42.921035881,How-to,Resolved,11,0,None,0,1,SOP-18
TK00730,AC0113,A016,2025-11-13 11:00:00,2025-11-14 04:58:37.091820519,How-to,Resolved,54,0,None,0,0,None
TK00731,AC0041,A012,2025-11-13 19:00:00,2025-11-15 01:59:58.331388921,Integration,Resolved,15,0,None,0,0,None
TK00732,AC0030,A007,2025-11-13 15:00:00,2025-11-13 19:27:00.256934904,Technical,Resolved,86,0,None,1,0,SOP-07
TK00733,AC0137,A034,2025-11-13 20:00:00,2025-11-16 23:13:56.731685318,Technical,Resolved,16,0,None,0,1,None
TK00734,AC0042,A034,2025-11-14 16:00:00,2025-11-16 04:05:21.185321423,Billing,Resolved,57,0,None,0,0,SOP-18
TK00735,AC0061,A033,2025-11-14 18:00:00,2025-11-15 20:51:49.982798260,Technical,Resolved,30,0,None,0,1,None
TK00736,AC0084,A007,2025-11-14 17:00:00,2025-11-15 07:10:37.537704768,Integration,Resolved,73,0,None,0,0,None
TK00737,AC0018,A031,2025-11-14 09:00:00,2025-11-15 05:43:35.246788581,How-to,Resolved,7,0,None,0,0,None
TK00738,AC0058,A020,2025-11-14 13:00:00,2025-11-15 10:17:04.429815661,Technical,Resolved,100,0,None,0,0,SOP-12
TK00739,AC0065,A012,2025-11-14 13:00:00,2025-11-15 19:24:41.468837483,Technical,Resolved,93,0,None,0,0,SOP-12
TK00740,AC0061,A025,2025-11-14 10:00:00,,Bug,Partially Resolved,82,1,Technical,0,0,None
TK00741,AC0121,A024,2025-11-14 13:00:00,,Billing,Waiting Customer,44,0,None,0,0,SOP-23
TK00742,AC0138,A001,2025-11-14 18:00:00,2025-11-14 21:09:04.542497333,Bug,Resolved,110,0,None,0,0,SOP-18
TK00743,AC0117,A021,2025-11-14 19:00:00,2025-11-16 10:42:31.078970685,How-to,Resolved,12,0,None,0,0,None
TK00744,AC0018,A021,2025-11-14 16:00:00,2025-11-15 01:19:50.436296089,Integration,Resolved,25,0,None,0,1,None
TK00745,AC0046,A029,2025-11-14 11:00:00,2025-11-15 13:33:35.843326183,Billing,Resolved,110,0,None,1,0,SOP-18
TK00746,AC0090,A031,2025-11-14 13:00:00,2025-11-14 21:23:49.686045023,Technical,Resolved,26,0,None,0,0,None
TK00747,AC0004,A026,2025-11-14 20:00:00,2025-11-15 06:04:44.568938475,Account,Resolved,27,0,None,0,0,SOP-07
TK00748,AC0008,A027,2025-11-15 10:00:00,2025-11-17 15:00:56.455611452,How-to,Resolved,34,0,None,0,0,SOP-12
TK00749,AC0067,A016,2025-11-15 15:00:00,2025-11-17 07:46:39.731665734,Feature Request,Resolved,56,0,None,0,0,SOP-18
TK00750,AC0132,A018,2025-11-15 11:00:00,,Technical,Escalated,17,1,Operations,0,0,SOP-12
TK00751,AC0100,A009,2025-11-15 16:00:00,2025-11-17 06:02:09.452907387,Feature Request,Resolved,23,0,None,0,0,None
TK00752,AC0137,A011,2025-11-15 12:00:00,2025-11-15 20:09:19.650357472,Integration,Resolved,31,0,None,0,0,None
TK00753,AC0018,A028,2025-11-15 14:00:00,,Technical,Escalated,20,1,Product,1,0,SOP-18
TK00754,AC0150,A033,2025-11-15 08:00:00,2025-11-16 04:31:15.769956344,Feature Request,Resolved,37,0,None,0,0,None
TK00755,AC0040,A015,2025-11-15 14:00:00,,Feature Request,Escalated,29,1,Technical,0,0,None
TK00756,AC0008,A036,2025-11-16 08:00:00,2025-11-16 10:21:05.236019089,Technical,Resolved,42,0,None,0,0,SOP-07
TK00757,AC0024,A021,2025-11-16 15:00:00,,Billing,Escalated,16,1,Technical,0,0,None
TK00758,AC0099,A027,2025-11-16 15:00:00,2025-11-18 07:45:53.762359242,Billing,Resolved,50,0,None,0,0,SOP-18
TK00759,AC0126,A038,2025-11-16 09:00:00,2025-11-17 00:39:55.411033819,Billing,Resolved,60,0,None,1,0,None
TK00760,AC0104,A030,2025-11-16 18:00:00,2025-11-16 21:39:37.190582470,How-to,Resolved,22,0,None,0,0,None
TK00761,AC0080,A020,2025-11-16 14:00:00,2025-11-17 05:08:14.194821903,Feature Request,Resolved,12,0,None,0,0,None
TK00762,AC0049,A021,2025-11-16 10:00:00,,Technical,Waiting Customer,10,0,None,0,0,None
TK00763,AC0117,A009,2025-11-16 19:00:00,2025-11-17 04:35:24.313232454,Technical,Resolved,36,0,None,0,0,SOP-12
TK00764,AC0057,A017,2025-11-17 11:00:00,2025-11-18 14:29:31.495357626,Bug,Resolved,13,0,None,0,0,SOP-12
TK00765,AC0141,A037,2025-11-17 16:00:00,2025-11-18 05:16:40.098509211,Account,Resolved,6,0,None,0,0,None
TK00766,AC0022,A011,2025-11-17 12:00:00,,Account,Waiting Customer,38,0,None,0,0,SOP-18
TK00767,AC0017,A033,2025-11-17 14:00:00,2025-11-18 06:21:42.180806625,Technical,Resolved,17,0,None,0,0,None
TK00768,AC0041,A006,2025-11-17 15:00:00,,Feature Request,Waiting Customer,35,0,None,0,0,None
TK00769,AC0105,A020,2025-11-17 12:00:00,2025-11-17 15:06:33.100519742,How-to,Resolved,2,0,None,0,0,SOP-12
TK00770,AC0092,A028,2025-11-17 11:00:00,2025-11-18 03:44:23.757123838,How-to,Resolved,31,0,None,0,0,None
TK00771,AC0126,A006,2025-11-18 08:00:00,,Account,Unresolved,59,0,None,0,0,SOP-18
TK00772,AC0101,A002,2025-11-18 15:00:00,2025-11-19 01:46:04.675021477,Bug,Resolved,75,0,None,0,0,None
TK00773,AC0124,A031,2025-11-18 08:00:00,,Bug,Partially Resolved,35,0,None,1,0,SOP-23
TK00774,AC0015,A015,2025-11-18 13:00:00,2025-11-19 06:36:37.186011649,Integration,Resolved,11,0,None,0,0,None
TK00775,AC0100,A010,2025-11-18 20:00:00,2025-11-19 06:32:05.031397905,Integration,Resolved,4,0,None,0,0,SOP-07
TK00776,AC0057,A028,2025-11-18 18:00:00,2025-11-19 01:28:30.962604513,How-to,Resolved,23,0,None,0,0,None
TK00777,AC0100,A024,2025-11-18 17:00:00,,How-to,Waiting Internally,19,1,Technical,0,0,SOP-12
TK00778,AC0089,A025,2025-11-19 18:00:00,,Account,Escalated,2,1,Product,0,0,None
TK00779,AC0018,A038,2025-11-19 17:00:00,2025-11-20 01:48:27.994747722,Billing,Resolved,12,0,None,0,0,None
TK00780,AC0144,A025,2025-11-19 20:00:00,2025-11-20 16:53:50.859725760,Billing,Resolved,35,0,None,0,0,SOP-12
TK00781,AC0088,A024,2025-11-19 14:00:00,2025-11-20 20:01:08.016654119,How-to,Resolved,9,0,None,0,0,SOP-23
TK00782,AC0144,A028,2025-11-19 16:00:00,2025-11-21 03:52:33.169046574,Billing,Resolved,32,0,None,0,0,SOP-18
TK00783,AC0100,A010,2025-11-19 13:00:00,2025-11-19 15:10:58.443165994,Feature Request,Resolved,12,0,None,0,0,SOP-07
TK00784,AC0094,A019,2025-11-19 20:00:00,2025-11-21 09:47:21.836932163,Technical,Resolved,21,0,None,1,0,None
TK00785,AC0100,A020,2025-11-19 12:00:00,2025-11-20 01:04:25.886872954,Technical,Resolved,17,0,None,0,0,SOP-07
TK00786,AC0121,A037,2025-11-19 18:00:00,,Billing,Escalated,23,1,Billing,0,0,None
TK00787,AC0061,A033,2025-11-19 10:00:00,2025-11-19 23:33:13.132436994,Technical,Resolved,9,0,None,0,0,SOP-23
TK00788,AC0142,A006,2025-11-19 16:00:00,,Integration,Waiting Customer,45,0,None,0,0,SOP-23
TK00789,AC0068,A023,2025-11-19 14:00:00,,Integration,Escalated,87,1,Technical,0,1,SOP-07
TK00790,AC0013,A010,2025-11-19 12:00:00,,Technical,Unresolved,26,0,None,0,0,SOP-18
TK00791,AC0071,A006,2025-11-20 16:00:00,2025-11-20 20:57:36.249195478,Technical,Resolved,67,0,None,0,1,SOP-18
TK00792,AC0103,A036,2025-11-20 12:00:00,2025-11-21 01:16:24.612153885,How-to,Resolved,49,0,None,0,0,None
TK00793,AC0137,A033,2025-11-20 20:00:00,2025-11-21 19:55:22.166969815,How-to,Resolved,9,0,None,0,0,None
TK00794,AC0062,A012,2025-11-20 19:00:00,2025-11-21 21:01:33.999060725,Billing,Resolved,72,0,None,0,0,None
TK00795,AC0137,A002,2025-11-20 17:00:00,2025-11-21 15:52:44.397667085,Bug,Resolved,26,1,Technical,0,0,SOP-18
TK00796,AC0105,A012,2025-11-20 16:00:00,2025-11-20 22:47:41.088856628,Account,Resolved,24,0,None,0,0,SOP-12
TK00797,AC0025,A007,2025-11-20 16:00:00,2025-11-21 00:13:29.082512448,Bug,Resolved,2,1,Billing,1,1,None
TK00798,AC0053,A015,2025-11-21 10:00:00,,Technical,Unresolved,17,0,None,0,0,SOP-12
TK00799,AC0102,A003,2025-11-21 14:00:00,2025-11-22 03:44:02.671107242,Technical,Resolved,42,0,None,0,0,SOP-07
TK00800,AC0094,A024,2025-11-21 16:00:00,2025-11-22 07:58:05.705267186,Bug,Resolved,54,0,None,0,0,SOP-07
TK00801,AC0051,A038,2025-11-21 19:00:00,,Billing,Escalated,41,1,Product,0,0,SOP-07
TK00802,AC0113,A009,2025-11-21 15:00:00,2025-11-22 10:29:47.490233995,Billing,Resolved,31,0,None,1,0,None
TK00803,AC0003,A031,2025-11-21 11:00:00,2025-11-21 20:01:43.499396318,Technical,Resolved,14,0,None,0,0,SOP-07
TK00804,AC0040,A001,2025-11-21 12:00:00,2025-11-21 14:28:23.533135609,Technical,Resolved,3,0,None,1,1,SOP-18
TK00805,AC0065,A021,2025-11-21 18:00:00,,How-to,Partially Resolved,2,0,None,0,0,SOP-07
TK00806,AC0058,A037,2025-11-21 16:00:00,2025-11-22 03:43:15.434797429,Billing,Resolved,6,0,None,0,0,None
TK00807,AC0024,A010,2025-11-21 10:00:00,2025-11-22 18:39:56.464002829,Technical,Resolved,35,0,None,0,0,SOP-12
TK00808,AC0067,A024,2025-11-21 10:00:00,2025-11-22 12:47:37.547189300,Technical,Resolved,142,0,None,0,0,None
TK00809,AC0107,A020,2025-11-21 09:00:00,2025-11-22 07:58:29.767318685,Account,Resolved,21,0,None,0,0,SOP-18
TK00810,AC0112,A009,2025-11-21 12:00:00,2025-11-22 03:46:48.328112383,Technical,Resolved,27,0,None,0,0,None
TK00811,AC0049,A006,2025-11-22 14:00:00,2025-11-22 21:26:48.841988110,Technical,Resolved,12,0,None,0,0,None
TK00812,AC0080,A019,2025-11-22 20:00:00,2025-11-23 18:18:48.100518342,Bug,Resolved,12,1,Operations,0,0,None
TK00813,AC0119,A033,2025-11-22 14:00:00,2025-11-23 01:08:57.381852176,Bug,Resolved,33,1,Product,0,0,SOP-18
TK00814,AC0047,A005,2025-11-22 20:00:00,,How-to,Unresolved,14,0,None,0,0,None
TK00815,AC0138,A012,2025-11-22 15:00:00,2025-11-24 08:56:00.637288831,Account,Resolved,54,0,None,0,0,SOP-12
TK00816,AC0008,A027,2025-11-22 14:00:00,,Feature Request,Escalated,8,1,Technical,0,0,SOP-07
TK00817,AC0085,A020,2025-11-23 16:00:00,2025-11-24 05:50:33.374039388,Technical,Resolved,11,0,None,0,0,SOP-18
TK00818,AC0028,A010,2025-11-23 15:00:00,2025-11-24 00:28:51.517687284,Account,Resolved,19,0,None,0,0,SOP-23
TK00819,AC0074,A015,2025-11-23 17:00:00,2025-11-24 22:54:08.311054492,How-to,Resolved,13,0,None,0,0,None
TK00820,AC0070,A031,2025-11-23 18:00:00,2025-11-24 11:35:45.294739087,Technical,Resolved,11,0,None,0,0,SOP-12
TK00821,AC0120,A006,2025-11-23 10:00:00,2025-11-23 13:36:52.724037421,Integration,Resolved,49,0,None,0,0,None
TK00822,AC0077,A038,2025-11-23 09:00:00,2025-11-23 22:08:14.753011372,How-to,Resolved,4,0,None,0,0,SOP-18
TK00823,AC0119,A004,2025-11-23 08:00:00,2025-11-24 01:49:11.899590323,Technical,Resolved,51,0,None,0,0,None
TK00824,AC0024,A014,2025-11-23 12:00:00,,Account,Waiting Customer,55,0,None,0,1,None
TK00825,AC0090,A009,2025-11-23 17:00:00,2025-11-24 20:35:51.920893665,Bug,Resolved,48,0,None,0,0,None
TK00826,AC0047,A030,2025-11-23 18:00:00,2025-11-24 04:55:32.384260837,Integration,Resolved,18,0,None,0,0,SOP-12
TK00827,AC0025,A034,2025-11-24 16:00:00,2025-11-25 11:31:07.827829017,Account,Resolved,21,0,None,0,0,SOP-12
TK00828,AC0018,A006,2025-11-24 12:00:00,2025-11-25 03:29:54.518467930,Bug,Resolved,46,1,Billing,1,0,SOP-07
TK00829,AC0132,A012,2025-11-24 18:00:00,,How-to,Unresolved,72,0,None,0,0,SOP-07
TK00830,AC0098,A038,2025-11-24 09:00:00,2025-11-24 17:32:16.642707114,Bug,Resolved,27,0,None,0,0,None
TK00831,AC0132,A033,2025-11-24 10:00:00,2025-11-25 02:41:12.129710001,Integration,Resolved,43,0,None,0,0,SOP-18
TK00832,AC0069,A017,2025-11-24 09:00:00,2025-11-25 11:55:16.085318386,How-to,Resolved,15,0,None,0,1,SOP-07
TK00833,AC0058,A011,2025-11-24 19:00:00,2025-11-25 07:49:34.877607775,How-to,Resolved,89,0,None,0,0,SOP-12
TK00834,AC0057,A015,2025-11-24 16:00:00,,How-to,Unresolved,42,0,None,0,0,SOP-12
TK00835,AC0023,A035,2025-11-25 18:00:00,,Bug,Unresolved,79,1,Operations,0,0,SOP-12
TK00836,AC0147,A037,2025-11-25 17:00:00,2025-11-26 03:53:25.873624589,Billing,Resolved,48,0,None,0,0,SOP-18
TK00837,AC0127,A012,2025-11-25 08:00:00,2025-11-25 17:34:26.715542011,Bug,Resolved,82,1,Product,0,0,SOP-07
TK00838,AC0063,A016,2025-11-25 18:00:00,2025-11-26 05:36:10.412478208,Billing,Resolved,19,0,None,0,0,None
TK00839,AC0109,A016,2025-11-25 10:00:00,2025-11-25 23:17:33.199520252,Technical,Resolved,45,0,None,0,0,SOP-18
TK00840,AC0127,A030,2025-11-25 12:00:00,2025-11-26 12:57:20.264705726,Bug,Resolved,11,0,None,0,0,SOP-18
TK00841,AC0062,A006,2025-11-25 17:00:00,2025-11-26 10:51:31.495318106,Technical,Resolved,13,0,None,0,0,None
TK00842,AC0039,A020,2025-11-25 17:00:00,,Bug,Partially Resolved,55,1,Product,0,0,SOP-18
TK00843,AC0101,A001,2025-11-25 19:00:00,2025-11-26 09:24:51.400709837,Integration,Resolved,52,0,None,0,0,None
TK00844,AC0120,A004,2025-11-25 15:00:00,2025-11-26 06:05:56.107678310,Technical,Resolved,76,0,None,0,0,None
TK00845,AC0117,A036,2025-11-25 13:00:00,,Bug,Waiting Internally,38,1,Technical,0,0,None
TK00846,AC0100,A035,2025-11-26 09:00:00,2025-11-27 16:35:36.863686480,Technical,Resolved,14,0,None,0,0,None
TK00847,AC0041,A004,2025-11-26 14:00:00,,Account,Partially Resolved,74,0,None,0,1,None
TK00848,AC0148,A008,2025-11-26 14:00:00,2025-11-28 01:49:31.063601721,Integration,Resolved,13,0,None,0,0,SOP-23
TK00849,AC0142,A013,2025-11-26 18:00:00,2025-11-27 20:00:43.509864,How-to,Resolved,86,0,None,0,0,SOP-12
TK00850,AC0047,A013,2025-11-26 14:00:00,2025-11-27 07:55:01.474611804,How-to,Resolved,2,0,None,0,0,None
TK00851,AC0140,A012,2025-11-26 20:00:00,2025-11-28 05:50:53.129517597,Billing,Resolved,20,0,None,0,0,None
TK00852,AC0018,A023,2025-11-26 15:00:00,2025-11-27 04:32:52.323121103,Technical,Resolved,9,0,None,0,0,SOP-23
TK00853,AC0010,A006,2025-11-26 19:00:00,2025-11-27 09:19:29.061875256,Bug,Resolved,78,1,Billing,0,0,SOP-07
TK00854,AC0087,A015,2025-11-26 09:00:00,2025-11-26 21:10:53.941360605,Integration,Resolved,27,0,None,0,0,None
TK00855,AC0012,A004,2025-11-27 19:00:00,2025-11-27 23:43:29.109800449,Account,Resolved,55,0,None,0,0,None
TK00856,AC0108,A018,2025-11-27 11:00:00,,Integration,Unresolved,4,0,None,0,0,SOP-18
TK00857,AC0062,A029,2025-11-27 15:00:00,2025-11-28 07:46:46.912994173,How-to,Resolved,56,0,None,0,0,SOP-23
TK00858,AC0065,A018,2025-11-27 19:00:00,,Billing,Escalated,41,1,Technical,0,0,SOP-23
TK00859,AC0056,A027,2025-11-27 19:00:00,2025-11-27 22:38:41.518936387,Technical,Resolved,14,0,None,1,0,SOP-12
TK00860,AC0017,A025,2025-11-27 11:00:00,2025-11-27 14:03:04.772012589,How-to,Resolved,84,0,None,0,0,SOP-18
TK00861,AC0150,A037,2025-11-27 10:00:00,2025-11-27 18:25:03.812356679,How-to,Resolved,97,0,None,0,0,SOP-23
TK00862,AC0133,A015,2025-11-28 15:00:00,2025-11-29 20:01:24.955555631,Technical,Resolved,42,0,None,0,1,SOP-18
TK00863,AC0066,A023,2025-11-28 10:00:00,2025-11-29 22:28:14.674766347,Technical,Resolved,68,0,None,1,1,None
TK00864,AC0059,A001,2025-11-28 14:00:00,2025-11-30 05:08:52.328963115,Feature Request,Resolved,19,0,None,0,0,SOP-18
TK00865,AC0047,A027,2025-11-28 11:00:00,2025-11-28 17:03:09.535016333,Technical,Resolved,32,0,None,0,0,None
TK00866,AC0090,A017,2025-11-28 14:00:00,2025-11-30 04:54:00.910174913,Account,Resolved,3,0,None,0,0,SOP-07
TK00867,AC0015,A008,2025-11-28 18:00:00,,Technical,Partially Resolved,58,0,None,0,0,None
TK00868,AC0057,A017,2025-11-28 19:00:00,2025-11-29 06:26:34.380338006,Integration,Resolved,64,0,None,0,0,SOP-12
TK00869,AC0001,A010,2025-11-28 15:00:00,2025-11-29 16:42:27.132764692,Technical,Resolved,16,0,None,0,0,None
TK00870,AC0099,A023,2025-11-28 09:00:00,2025-11-28 15:25:10.997213798,Integration,Resolved,3,0,None,0,0,SOP-23
TK00871,AC0062,A017,2025-11-28 18:00:00,2025-11-28 23:04:48.550673961,Account,Resolved,50,0,None,1,1,SOP-12
TK00872,AC0134,A029,2025-11-29 09:00:00,2025-11-29 18:40:23.589715095,Bug,Resolved,12,0,None,0,0,None
TK00873,AC0011,A002,2025-11-29 17:00:00,2025-11-30 15:21:44.371534585,Bug,Resolved,59,0,None,0,0,SOP-18
TK00874,AC0125,A027,2025-11-29 14:00:00,,Bug,Escalated,55,1,Technical,0,0,None
TK00875,AC0003,A025,2025-11-29 09:00:00,2025-11-30 16:23:15.651439931,Account,Resolved,28,0,None,0,0,SOP-18
TK00876,AC0104,A025,2025-11-29 14:00:00,2025-11-29 18:01:46.730416388,How-to,Resolved,70,0,None,0,1,SOP-07
TK00877,AC0098,A029,2025-11-29 13:00:00,2025-11-30 03:08:31.479692759,Billing,Resolved,52,0,None,0,0,SOP-18
TK00878,AC0083,A033,2025-11-29 15:00:00,2025-11-29 18:47:36.959341406,Technical,Resolved,13,0,None,0,0,SOP-23
TK00879,AC0050,A023,2025-11-29 10:00:00,2025-11-29 16:50:20.530651872,Feature Request,Resolved,24,0,None,0,1,SOP-18
TK00880,AC0024,A018,2025-11-29 11:00:00,2025-11-30 17:59:20.861016744,How-to,Resolved,14,0,None,0,0,SOP-12
TK00881,AC0030,A036,2025-11-29 16:00:00,,Bug,Partially Resolved,55,0,None,0,0,SOP-23
TK00882,AC0064,A022,2025-11-29 19:00:00,2025-11-30 18:33:14.394899179,Account,Resolved,44,0,None,0,0,SOP-23
TK00883,AC0081,A021,2025-11-29 11:00:00,,How-to,Unresolved,60,0,None,0,1,SOP-18
TK00884,AC0065,A029,2025-11-29 10:00:00,2025-11-30 14:43:51.799510331,Integration,Resolved,11,0,None,0,1,SOP-12
TK00885,AC0144,A018,2025-11-30 12:00:00,2025-12-01 02:43:39.752757981,Billing,Resolved,53,0,None,0,0,SOP-07
TK00886,AC0042,A012,2025-11-30 15:00:00,,Billing,Escalated,20,1,Technical,0,0,SOP-23
TK00887,AC0135,A017,2025-11-30 15:00:00,2025-11-30 23:59:05.975591496,Account,Resolved,27,0,None,0,0,SOP-23
TK00888,AC0113,A012,2025-11-30 12:00:00,2025-11-30 15:12:11.988917509,Technical,Resolved,40,0,None,0,0,SOP-23
TK00889,AC0089,A010,2025-11-30 18:00:00,,Bug,Waiting Customer,29,0,None,0,0,SOP-07
TK00890,AC0049,A014,2025-11-30 08:00:00,,Account,Waiting Customer,66,0,None,0,0,SOP-23
TK00891,AC0008,A006,2025-11-30 18:00:00,2025-12-01 18:18:39.527561033,Bug,Resolved,51,0,None,0,1,None
TK00892,AC0024,A030,2025-11-30 20:00:00,2025-12-01 11:07:22.832058264,How-to,Resolved,142,0,None,0,0,SOP-07
TK00893,AC0105,A002,2025-11-30 19:00:00,2025-12-02 01:35:52.908754006,Technical,Resolved,48,0,None,0,0,SOP-12
TK00894,AC0071,A001,2025-11-30 18:00:00,,Integration,Escalated,22,1,Product,0,0,None
TK00895,AC0088,A018,2025-11-30 12:00:00,2025-11-30 12:54:18.911399403,Bug,Resolved,6,0,None,0,0,None
TK00896,AC0092,A033,2025-12-01 20:00:00,,Bug,Waiting Internally,23,1,Product,0,0,None
TK00897,AC0085,A032,2025-12-01 19:00:00,2025-12-02 04:32:29.529170883,Feature Request,Resolved,12,0,None,0,0,None
TK00898,AC0082,A019,2025-12-01 09:00:00,2025-12-01 18:21:03.388129929,Technical,Resolved,15,0,None,0,1,SOP-07
TK00899,AC0033,A033,2025-12-01 17:00:00,2025-12-01 22:27:02.725569285,Account,Resolved,20,0,None,0,0,SOP-23
TK00900,AC0058,A033,2025-12-01 12:00:00,,Bug,Partially Resolved,80,0,None,0,0,None
TK00901,AC0065,A004,2025-12-01 13:00:00,2025-12-02 21:28:38.920244803,Bug,Resolved,11,1,Operations,1,0,SOP-18
TK00902,AC0026,A023,2025-12-01 17:00:00,2025-12-03 09:55:31.152934074,Feature Request,Resolved,4,0,None,0,0,None
TK00903,AC0060,A020,2025-12-01 13:00:00,2025-12-02 14:20:12.692642229,Feature Request,Resolved,45,0,None,0,0,SOP-23
TK00904,AC0004,A014,2025-12-01 15:00:00,2025-12-01 20:43:12.962491373,How-to,Resolved,33,0,None,0,0,SOP-12
TK00905,AC0063,A007,2025-12-01 14:00:00,2025-12-02 00:15:51.041360839,Billing,Resolved,88,0,None,0,0,SOP-18
TK00906,AC0008,A038,2025-12-01 19:00:00,2025-12-02 00:15:16.707727378,Integration,Resolved,11,0,None,1,0,SOP-23
TK00907,AC0046,A015,2025-12-01 13:00:00,2025-12-02 08:59:48.624750268,Integration,Resolved,19,0,None,1,0,SOP-23
TK00908,AC0131,A026,2025-12-02 16:00:00,2025-12-03 00:28:06.098045246,Billing,Resolved,141,0,None,0,0,SOP-23
TK00909,AC0053,A027,2025-12-02 19:00:00,2025-12-03 09:04:20.604414526,Integration,Resolved,54,0,None,0,0,None
TK00910,AC0088,A012,2025-12-02 10:00:00,,Integration,Unresolved,3,0,None,0,0,None
TK00911,AC0087,A036,2025-12-02 18:00:00,,Integration,Escalated,26,1,Product,0,1,None
TK00912,AC0013,A019,2025-12-02 13:00:00,2025-12-02 22:16:38.718490537,Account,Resolved,40,0,None,0,0,SOP-23
TK00913,AC0046,A037,2025-12-02 20:00:00,2025-12-03 09:49:41.984993247,Account,Resolved,14,0,None,0,0,SOP-23
TK00914,AC0110,A017,2025-12-02 09:00:00,2025-12-03 08:42:58.463327856,Technical,Resolved,22,0,None,0,0,None
TK00915,AC0021,A030,2025-12-02 10:00:00,,Technical,Unresolved,28,0,None,0,0,SOP-18
TK00916,AC0122,A035,2025-12-02 18:00:00,2025-12-04 10:55:53.601031643,Billing,Resolved,63,0,None,0,0,SOP-18
TK00917,AC0140,A037,2025-12-02 08:00:00,2025-12-02 13:42:31.560358997,Integration,Resolved,96,0,None,1,0,None
TK00918,AC0117,A004,2025-12-02 17:00:00,2025-12-03 04:34:14.378843536,Bug,Resolved,84,1,Operations,0,0,None
TK00919,AC0011,A027,2025-12-03 14:00:00,2025-12-04 22:46:57.552419958,Technical,Resolved,55,0,None,0,0,SOP-07
TK00920,AC0090,A014,2025-12-03 08:00:00,2025-12-04 12:03:59.246274732,How-to,Resolved,12,0,None,0,0,None
TK00921,AC0019,A016,2025-12-03 11:00:00,2025-12-04 18:10:18.899268412,Integration,Resolved,39,0,None,0,0,SOP-23
TK00922,AC0030,A022,2025-12-03 16:00:00,2025-12-04 08:18:03.431638912,Billing,Resolved,60,0,None,0,0,None
TK00923,AC0071,A012,2025-12-03 12:00:00,2025-12-03 15:25:18.314248568,Technical,Resolved,15,0,None,0,0,SOP-07
TK00924,AC0092,A019,2025-12-03 15:00:00,2025-12-04 11:36:37.121713199,Billing,Resolved,37,0,None,0,0,None
TK00925,AC0125,A029,2025-12-03 13:00:00,2025-12-04 14:21:28.677282614,Account,Resolved,77,0,None,0,0,None
TK00926,AC0064,A032,2025-12-03 10:00:00,2025-12-04 09:33:19.255277665,How-to,Resolved,23,0,None,0,0,SOP-23
TK00927,AC0100,A017,2025-12-03 08:00:00,2025-12-04 11:06:22.613120984,How-to,Resolved,60,0,None,0,0,SOP-12
TK00928,AC0084,A027,2025-12-03 16:00:00,2025-12-05 05:59:03.434972452,Technical,Resolved,29,0,None,0,1,None
TK00929,AC0013,A038,2025-12-03 15:00:00,2025-12-04 06:33:29.727854979,How-to,Resolved,83,0,None,0,0,SOP-18
TK00930,AC0047,A016,2025-12-03 12:00:00,2025-12-04 21:42:55.493694938,Technical,Resolved,41,0,None,0,0,None
TK00931,AC0029,A033,2025-12-04 09:00:00,,Account,Escalated,38,1,Product,0,0,SOP-07
TK00932,AC0101,A028,2025-12-05 18:00:00,2025-12-06 02:59:09.144747725,Bug,Resolved,13,1,Billing,0,0,SOP-07
TK00933,AC0065,A023,2025-12-05 19:00:00,2025-12-07 12:29:03.320413316,Bug,Resolved,11,0,None,0,0,SOP-12
TK00934,AC0068,A026,2025-12-05 16:00:00,2025-12-06 03:51:08.607224332,How-to,Resolved,35,0,None,0,0,None
TK00935,AC0132,A033,2025-12-05 08:00:00,,Integration,Waiting Customer,15,0,None,0,0,None
TK00936,AC0101,A007,2025-12-05 11:00:00,,Bug,Partially Resolved,7,0,None,0,0,SOP-23
TK00937,AC0142,A038,2025-12-05 14:00:00,2025-12-06 00:31:37.836682381,Billing,Resolved,70,0,None,0,0,None
TK00938,AC0065,A002,2025-12-05 09:00:00,2025-12-05 12:53:09.447377415,Account,Resolved,26,0,None,1,0,None
TK00939,AC0124,A030,2025-12-05 10:00:00,2025-12-05 21:20:47.641435258,Account,Resolved,20,0,None,0,0,SOP-07
TK00940,AC0020,A026,2025-12-06 20:00:00,2025-12-07 07:21:36.828729117,Feature Request,Resolved,25,0,None,0,0,SOP-12
TK00941,AC0042,A023,2025-12-06 09:00:00,2025-12-07 09:21:39.239241952,Billing,Resolved,23,0,None,0,0,SOP-18
TK00942,AC0082,A019,2025-12-06 08:00:00,2025-12-08 02:55:11.076511866,Integration,Resolved,53,0,None,0,0,SOP-18
TK00943,AC0117,A037,2025-12-06 15:00:00,2025-12-07 09:13:19.601025523,Bug,Resolved,16,0,None,1,0,SOP-18
TK00944,AC0140,A005,2025-12-06 11:00:00,,Technical,Partially Resolved,2,0,None,0,0,SOP-18
TK00945,AC0088,A027,2025-12-06 09:00:00,2025-12-06 19:06:43.416634095,How-to,Resolved,6,0,None,0,1,None
TK00946,AC0047,A019,2025-12-06 13:00:00,,Bug,Waiting Internally,38,1,Technical,0,0,None
TK00947,AC0121,A025,2025-12-06 18:00:00,2025-12-08 04:32:00.478076910,Technical,Resolved,8,0,None,0,1,None
TK00948,AC0020,A038,2025-12-06 16:00:00,2025-12-07 15:09:40.069634199,Account,Resolved,69,0,None,0,1,SOP-18
TK00949,AC0085,A021,2025-12-06 10:00:00,2025-12-07 02:02:30.587408667,Technical,Resolved,101,0,None,0,0,SOP-07
TK00950,AC0080,A004,2025-12-07 20:00:00,2025-12-08 08:35:46.085734413,Technical,Resolved,12,0,None,0,0,SOP-23
TK00951,AC0100,A002,2025-12-07 08:00:00,2025-12-08 03:44:15.468386082,Integration,Resolved,25,0,None,0,0,None
TK00952,AC0058,A028,2025-12-07 12:00:00,,Integration,Unresolved,30,0,None,0,0,None
TK00953,AC0081,A013,2025-12-07 18:00:00,2025-12-08 08:25:41.208942883,How-to,Resolved,19,0,None,0,0,SOP-23
TK00954,AC0008,A010,2025-12-07 18:00:00,2025-12-08 00:07:20.828864983,Technical,Resolved,68,0,None,0,0,SOP-07
TK00955,AC0087,A032,2025-12-07 11:00:00,2025-12-07 14:41:12.053497377,Integration,Resolved,52,0,None,0,0,SOP-23
TK00956,AC0129,A017,2025-12-07 11:00:00,2025-12-07 19:22:45.969918410,Bug,Resolved,32,0,None,0,0,None
TK00957,AC0094,A034,2025-12-08 13:00:00,2025-12-09 02:49:47.880664845,Account,Resolved,13,0,None,0,0,SOP-12
TK00958,AC0059,A014,2025-12-08 19:00:00,2025-12-09 00:15:28.843024408,Feature Request,Resolved,67,0,None,0,0,None
TK00959,AC0107,A034,2025-12-08 15:00:00,2025-12-09 06:12:45.986486341,Account,Resolved,91,0,None,0,0,SOP-23
TK00960,AC0078,A002,2025-12-08 18:00:00,2025-12-09 03:50:38.356496622,Account,Resolved,49,0,None,0,0,SOP-12
TK00961,AC0065,A007,2025-12-08 12:00:00,2025-12-08 22:23:54.754058602,How-to,Resolved,29,0,None,0,1,None
TK00962,AC0008,A035,2025-12-08 09:00:00,2025-12-09 01:07:19.290974595,Technical,Resolved,23,0,None,0,1,SOP-18
TK00963,AC0093,A030,2025-12-08 14:00:00,,Technical,Unresolved,75,0,None,0,0,SOP-12
TK00964,AC0047,A029,2025-12-08 11:00:00,2025-12-09 01:45:28.091993488,Technical,Resolved,17,0,None,0,0,SOP-07
TK00965,AC0024,A030,2025-12-08 10:00:00,2025-12-08 15:39:09.101885971,How-to,Resolved,17,0,None,0,1,None
TK00966,AC0052,A030,2025-12-08 20:00:00,2025-12-09 06:05:56.250968090,Technical,Resolved,21,0,None,0,0,None
TK00967,AC0077,A030,2025-12-08 09:00:00,2025-12-09 09:50:45.763704095,Technical,Resolved,62,0,None,0,0,SOP-12
TK00968,AC0074,A010,2025-12-09 15:00:00,2025-12-10 04:53:08.038055146,How-to,Resolved,29,0,None,0,0,None
TK00969,AC0132,A024,2025-12-09 10:00:00,2025-12-10 18:47:53.347845126,How-to,Resolved,58,0,None,0,0,SOP-12
TK00970,AC0088,A018,2025-12-09 10:00:00,,Technical,Unresolved,33,0,None,0,0,SOP-07
TK00971,AC0011,A033,2025-12-09 10:00:00,2025-12-10 13:39:34.840928659,Integration,Resolved,25,0,None,0,0,SOP-18
TK00972,AC0088,A020,2025-12-09 18:00:00,2025-12-10 15:32:43.196917643,Bug,Resolved,23,1,Product,0,0,SOP-23
TK00973,AC0150,A014,2025-12-09 12:00:00,,Account,Escalated,42,1,Product,0,0,None
TK00974,AC0142,A038,2025-12-09 09:00:00,2025-12-09 21:31:00.955939890,Technical,Resolved,47,0,None,0,1,SOP-12
TK00975,AC0130,A019,2025-12-09 13:00:00,,Technical,Escalated,42,1,Billing,0,0,SOP-18
TK00976,AC0105,A018,2025-12-10 10:00:00,2025-12-11 22:32:40.594292671,How-to,Resolved,17,0,None,0,0,None
TK00977,AC0008,A027,2025-12-10 17:00:00,2025-12-11 17:48:45.610728554,Feature Request,Resolved,42,0,None,0,1,None
TK00978,AC0114,A028,2025-12-10 19:00:00,2025-12-10 22:45:17.718956342,Feature Request,Resolved,25,0,None,0,0,SOP-07
TK00979,AC0033,A006,2025-12-10 13:00:00,2025-12-11 09:04:10.966706616,Technical,Resolved,15,0,None,0,0,None
TK00980,AC0132,A015,2025-12-10 20:00:00,2025-12-10 20:57:51.595270382,Account,Resolved,27,0,None,0,0,SOP-12
TK00981,AC0030,A019,2025-12-10 13:00:00,2025-12-11 13:02:42.619907138,Billing,Resolved,14,0,None,0,0,SOP-07
TK00982,AC0142,A032,2025-12-10 08:00:00,2025-12-11 06:36:10.999097922,Technical,Resolved,79,0,None,0,0,SOP-07
TK00983,AC0138,A036,2025-12-10 17:00:00,2025-12-11 03:52:44.876302338,Technical,Resolved,64,0,None,0,0,SOP-23
TK00984,AC0027,A022,2025-12-11 20:00:00,,How-to,Partially Resolved,15,0,None,1,0,SOP-07
TK00985,AC0142,A009,2025-12-11 11:00:00,2025-12-12 00:39:34.034473789,Technical,Resolved,14,0,None,0,0,SOP-23
TK00986,AC0064,A029,2025-12-11 09:00:00,2025-12-12 16:22:18.307506529,Integration,Resolved,23,0,None,0,0,None
TK00987,AC0036,A012,2025-12-11 11:00:00,2025-12-12 13:11:28.472868417,Integration,Resolved,38,0,None,0,0,SOP-18
TK00988,AC0127,A011,2025-12-11 20:00:00,2025-12-11 22:56:52.689683256,Technical,Resolved,10,0,None,0,0,None
TK00989,AC0100,A032,2025-12-11 16:00:00,2025-12-11 22:16:59.713108760,How-to,Resolved,9,0,None,0,0,None
TK00990,AC0024,A028,2025-12-11 11:00:00,2025-12-11 22:23:14.021919060,Billing,Resolved,22,0,None,1,0,SOP-07
TK00991,AC0138,A026,2025-12-11 08:00:00,2025-12-13 00:56:18.528279273,Technical,Resolved,24,0,None,0,0,None
TK00992,AC0114,A002,2025-12-11 16:00:00,2025-12-12 06:12:34.445663058,Technical,Resolved,44,0,None,0,0,None
TK00993,AC0015,A034,2025-12-11 18:00:00,2025-12-12 13:14:08.477052276,Technical,Resolved,12,0,None,1,0,SOP-18
TK00994,AC0128,A015,2025-12-11 08:00:00,2025-12-12 07:14:30.416618087,Integration,Resolved,35,0,None,0,0,SOP-07
TK00995,AC0018,A030,2025-12-11 17:00:00,2025-12-11 22:46:38.219705872,Technical,Resolved,24,0,None,0,0,SOP-07
TK00996,AC0003,A028,2025-12-11 14:00:00,2025-12-12 03:50:58.968245308,Billing,Resolved,67,0,None,0,0,SOP-07
TK00997,AC0058,A019,2025-12-11 12:00:00,,Account,Escalated,88,1,Technical,0,0,SOP-07
TK00998,AC0131,A017,2025-12-11 13:00:00,2025-12-12 12:17:27.490327080,How-to,Resolved,53,0,None,0,1,None
TK00999,AC0038,A025,2025-12-12 16:00:00,,How-to,Waiting Internally,76,1,Billing,0,0,None
TK01000,AC0099,A015,2025-12-12 08:00:00,2025-12-13 16:09:21.991577372,Bug,Resolved,42,1,Product,0,0,None
TK01001,AC0148,A033,2025-12-12 18:00:00,2025-12-13 18:23:12.650156934,How-to,Resolved,37,0,None,0,1,SOP-18
TK01002,AC0137,A017,2025-12-12 18:00:00,2025-12-13 01:38:28.468293534,Account,Resolved,13,0,None,0,0,SOP-12
TK01003,AC0025,A035,2025-12-12 18:00:00,,Technical,Escalated,45,1,Product,0,0,SOP-12
TK01004,AC0091,A035,2025-12-12 18:00:00,,Account,Escalated,14,1,Operations,0,1,SOP-18
TK01005,AC0085,A029,2025-12-13 18:00:00,,Account,Partially Resolved,18,0,None,0,0,SOP-07
TK01006,AC0087,A022,2025-12-13 11:00:00,2025-12-14 13:42:14.360239959,Feature Request,Resolved,5,0,None,0,0,SOP-07
TK01007,AC0094,A015,2025-12-13 17:00:00,2025-12-14 01:03:21.832634934,Integration,Resolved,13,0,None,0,0,SOP-07
TK01008,AC0132,A008,2025-12-13 20:00:00,2025-12-14 21:36:03.098766404,Technical,Resolved,12,0,None,0,0,SOP-07
TK01009,AC0078,A013,2025-12-13 17:00:00,2025-12-14 07:55:10.411194525,Bug,Resolved,43,0,None,0,0,None
TK01010,AC0061,A025,2025-12-13 12:00:00,2025-12-13 19:23:51.583705386,Technical,Resolved,103,0,None,0,1,SOP-18
TK01011,AC0132,A002,2025-12-13 14:00:00,2025-12-13 20:31:28.563492101,How-to,Resolved,32,0,None,0,0,SOP-23
TK01012,AC0136,A013,2025-12-13 10:00:00,2025-12-13 19:26:25.477202993,How-to,Resolved,46,0,None,0,1,SOP-12
TK01013,AC0089,A031,2025-12-13 16:00:00,2025-12-13 19:24:23.145313117,Integration,Resolved,41,0,None,0,0,None
TK01014,AC0143,A019,2025-12-14 14:00:00,2025-12-15 06:31:41.713912900,Billing,Resolved,109,0,None,0,0,None
TK01015,AC0087,A035,2025-12-14 20:00:00,2025-12-15 01:38:40.861622900,Feature Request,Resolved,31,0,None,0,0,SOP-07
TK01016,AC0086,A031,2025-12-14 16:00:00,,Integration,Escalated,32,1,Operations,0,0,None
TK01017,AC0064,A020,2025-12-14 10:00:00,2025-12-16 01:59:33.914100944,Integration,Resolved,3,0,None,0,0,SOP-12
TK01018,AC0041,A021,2025-12-14 16:00:00,,Technical,Partially Resolved,38,0,None,0,0,SOP-12
TK01019,AC0030,A024,2025-12-14 15:00:00,2025-12-15 20:20:55.545991581,Integration,Resolved,7,0,None,0,0,None
TK01020,AC0105,A004,2025-12-15 10:00:00,,Account,Waiting Customer,20,0,None,0,0,SOP-18
TK01021,AC0067,A036,2025-12-15 09:00:00,2025-12-15 21:37:52.934411995,How-to,Resolved,46,0,None,0,0,SOP-23
TK01022,AC0106,A006,2025-12-15 15:00:00,2025-12-16 05:06:05.081734465,How-to,Resolved,71,0,None,0,0,None
TK01023,AC0061,A021,2025-12-15 20:00:00,2025-12-16 00:50:05.242039655,Billing,Resolved,16,0,None,0,0,SOP-18
TK01024,AC0139,A023,2025-12-15 18:00:00,2025-12-16 23:05:33.612674359,Integration,Resolved,64,0,None,0,0,SOP-23
TK01025,AC0139,A037,2025-12-15 14:00:00,2025-12-16 13:42:37.532448602,Technical,Resolved,13,0,None,0,0,None
TK01026,AC0126,A031,2025-12-15 15:00:00,2025-12-17 05:57:12.883190368,How-to,Resolved,23,0,None,0,1,None
TK01027,AC0105,A034,2025-12-15 17:00:00,2025-12-16 16:28:27.441259363,Technical,Resolved,20,0,None,0,0,None
TK01028,AC0008,A018,2025-12-15 19:00:00,2025-12-16 11:18:20.996322475,How-to,Resolved,18,0,None,0,0,None
TK01029,AC0021,A029,2025-12-15 16:00:00,2025-12-16 03:11:01.983143630,Feature Request,Resolved,11,0,None,0,0,SOP-12
TK01030,AC0085,A038,2025-12-15 14:00:00,,Integration,Escalated,13,1,Billing,0,0,None
TK01031,AC0065,A020,2025-12-15 13:00:00,2025-12-16 06:04:34.466807935,Account,Resolved,24,0,None,0,0,SOP-18
TK01032,AC0064,A026,2025-12-15 19:00:00,2025-12-16 00:55:19.422628021,Technical,Resolved,15,0,None,0,0,None
TK01033,AC0016,A021,2025-12-16 16:00:00,2025-12-17 04:13:18.131856454,Feature Request,Resolved,26,0,None,0,0,SOP-12
TK01034,AC0094,A017,2025-12-16 10:00:00,,Billing,Partially Resolved,71,0,None,0,0,SOP-07
TK01035,AC0119,A016,2025-12-16 10:00:00,2025-12-17 09:48:08.608262419,How-to,Resolved,63,0,None,0,0,SOP-12
TK01036,AC0024,A033,2025-12-16 10:00:00,,How-to,Unresolved,10,0,None,0,0,SOP-23
TK01037,AC0085,A010,2025-12-16 14:00:00,2025-12-17 00:30:48.168622205,How-to,Resolved,9,0,None,0,0,None
TK01038,AC0059,A036,2025-12-16 20:00:00,2025-12-17 12:40:16.857611250,Feature Request,Resolved,20,0,None,0,1,SOP-12
TK01039,AC0049,A037,2025-12-16 09:00:00,2025-12-16 18:49:36.651208305,Integration,Resolved,9,0,None,0,0,SOP-07
TK01040,AC0114,A017,2025-12-16 09:00:00,2025-12-16 23:55:32.441310529,Integration,Resolved,22,0,None,0,0,None
TK01041,AC0105,A018,2025-12-16 17:00:00,,Billing,Waiting Customer,6,0,None,0,0,SOP-18
TK01042,AC0105,A014,2025-12-16 14:00:00,2025-12-17 05:26:25.413214099,Bug,Resolved,21,1,Technical,0,0,None
TK01043,AC0085,A012,2025-12-16 08:00:00,,How-to,Escalated,114,1,Operations,0,0,None
TK01044,AC0145,A012,2025-12-16 12:00:00,,Technical,Escalated,30,1,Operations,0,0,SOP-23
TK01045,AC0015,A031,2025-12-17 20:00:00,2025-12-17 23:41:15.415074486,Technical,Resolved,93,0,None,0,0,None
TK01046,AC0133,A018,2025-12-17 08:00:00,2025-12-19 03:20:00.152208286,How-to,Resolved,110,0,None,0,0,SOP-12
TK01047,AC0039,A017,2025-12-17 16:00:00,2025-12-18 08:45:47.493516291,Bug,Resolved,24,0,None,0,0,None
TK01048,AC0087,A004,2025-12-17 12:00:00,2025-12-18 15:28:30.729921135,Account,Resolved,75,0,None,0,0,None
TK01049,AC0060,A022,2025-12-17 14:00:00,,Technical,Waiting Customer,42,0,None,0,0,None
TK01050,AC0138,A003,2025-12-17 19:00:00,,How-to,Escalated,26,1,Technical,0,0,SOP-07
TK01051,AC0047,A031,2025-12-17 19:00:00,2025-12-17 20:31:23.465333245,How-to,Resolved,53,0,None,0,0,SOP-07
TK01052,AC0047,A034,2025-12-17 20:00:00,2025-12-18 11:57:25.673871384,Billing,Resolved,72,0,None,0,1,SOP-23
TK01053,AC0065,A038,2025-12-17 18:00:00,2025-12-17 22:42:22.791136537,Integration,Resolved,24,0,None,0,0,SOP-07
TK01054,AC0100,A023,2025-12-17 17:00:00,2025-12-18 08:38:38.639051859,Technical,Resolved,45,0,None,0,0,None
TK01055,AC0060,A007,2025-12-18 15:00:00,2025-12-19 12:56:27.208756564,Account,Resolved,12,0,None,0,0,SOP-18
TK01056,AC0079,A018,2025-12-18 12:00:00,2025-12-19 02:17:23.111078432,Integration,Resolved,29,0,None,0,1,SOP-07
TK01057,AC0057,A008,2025-12-18 16:00:00,,Integration,Unresolved,36,0,None,0,0,SOP-07
TK01058,AC0042,A012,2025-12-18 09:00:00,2025-12-19 10:50:01.181562250,Technical,Resolved,86,0,None,0,0,None
TK01059,AC0142,A030,2025-12-18 19:00:00,2025-12-21 02:21:16.582127,Account,Resolved,65,0,None,0,0,SOP-23
TK01060,AC0099,A009,2025-12-18 10:00:00,2025-12-18 15:29:36.767471327,Billing,Resolved,43,0,None,0,0,None
TK01061,AC0105,A015,2025-12-18 15:00:00,2025-12-18 21:57:11.179522083,Technical,Resolved,48,0,None,0,1,SOP-07
TK01062,AC0092,A019,2025-12-18 08:00:00,2025-12-19 11:00:50.227984856,How-to,Resolved,6,0,None,0,1,SOP-07
TK01063,AC0088,A002,2025-12-18 09:00:00,2025-12-19 05:49:12.428389017,Feature Request,Resolved,14,0,None,0,0,SOP-12
TK01064,AC0150,A035,2025-12-18 13:00:00,2025-12-19 11:46:51.959551318,Technical,Resolved,18,0,None,0,0,None
TK01065,AC0034,A001,2025-12-19 13:00:00,2025-12-20 10:22:05.097442419,Technical,Resolved,72,0,None,0,0,None
TK01066,AC0020,A014,2025-12-19 08:00:00,,Technical,Unresolved,65,0,None,0,0,None
TK01067,AC0018,A026,2025-12-19 17:00:00,2025-12-21 05:32:54.846548966,Technical,Resolved,89,0,None,1,0,SOP-18
TK01068,AC0100,A002,2025-12-19 16:00:00,2025-12-20 01:50:32.125650812,Billing,Resolved,19,0,None,0,0,SOP-18
TK01069,AC0117,A034,2025-12-19 10:00:00,2025-12-19 15:53:35.294057102,Feature Request,Resolved,71,0,None,1,0,None
TK01070,AC0077,A001,2025-12-19 08:00:00,2025-12-19 23:38:35.404101782,Bug,Resolved,19,0,None,0,0,SOP-18
TK01071,AC0103,A020,2025-12-19 20:00:00,,Account,Waiting Customer,4,0,None,0,0,None
TK01072,AC0034,A008,2025-12-19 19:00:00,,Billing,Waiting Internally,47,1,Billing,1,0,SOP-07
TK01073,AC0141,A018,2025-12-19 08:00:00,2025-12-20 02:40:19.803060662,Integration,Resolved,32,0,None,0,0,SOP-12
TK01074,AC0132,A008,2025-12-19 08:00:00,2025-12-20 14:10:34.312053833,How-to,Resolved,21,0,None,0,0,SOP-23
TK01075,AC0035,A038,2025-12-19 17:00:00,2025-12-20 09:08:29.111636595,Bug,Resolved,14,0,None,0,0,None
TK01076,AC0119,A021,2025-12-19 12:00:00,,How-to,Partially Resolved,29,0,None,0,0,None
TK01077,AC0098,A030,2025-12-19 16:00:00,2025-12-20 07:33:36.348016819,Technical,Resolved,25,0,None,0,0,SOP-18
TK01078,AC0033,A004,2025-12-20 20:00:00,,Account,Unresolved,23,0,None,0,0,None
TK01079,AC0050,A003,2025-12-20 12:00:00,,How-to,Unresolved,83,0,None,0,0,SOP-23
TK01080,AC0104,A007,2025-12-20 10:00:00,2025-12-21 09:17:04.481665901,Integration,Resolved,29,0,None,0,0,None
TK01081,AC0100,A037,2025-12-20 19:00:00,2025-12-21 02:02:30.609248929,Feature Request,Resolved,11,0,None,0,0,SOP-07
TK01082,AC0138,A012,2025-12-20 18:00:00,,Bug,Partially Resolved,17,0,None,0,0,SOP-12
TK01083,AC0140,A019,2025-12-20 13:00:00,,Feature Request,Partially Resolved,23,0,None,0,0,None
TK01084,AC0075,A028,2025-12-20 10:00:00,,How-to,Partially Resolved,60,0,None,0,0,SOP-12
TK01085,AC0116,A020,2025-12-20 13:00:00,2025-12-21 04:29:39.981884037,How-to,Resolved,68,0,None,0,0,SOP-07
TK01086,AC0104,A034,2025-12-20 12:00:00,,Bug,Escalated,7,1,Technical,1,0,SOP-12
TK01087,AC0134,A003,2025-12-20 12:00:00,2025-12-20 17:44:32.838234486,Feature Request,Resolved,5,0,None,0,0,None
TK01088,AC0139,A025,2025-12-20 15:00:00,,Feature Request,Partially Resolved,14,0,None,1,0,SOP-07
TK01089,AC0066,A006,2025-12-20 20:00:00,2025-12-21 00:23:20.478478350,Billing,Resolved,34,0,None,0,0,SOP-12
TK01090,AC0041,A011,2025-12-20 12:00:00,,Billing,Escalated,19,1,Product,1,0,None
TK01091,AC0047,A018,2025-12-20 10:00:00,2025-12-21 16:11:24.213718571,Bug,Resolved,180,1,Product,0,0,None
TK01092,AC0124,A014,2025-12-20 09:00:00,,How-to,Waiting Customer,2,0,None,0,0,SOP-23
TK01093,AC0132,A028,2025-12-20 17:00:00,2025-12-21 04:12:54.259070389,How-to,Resolved,17,0,None,0,0,None
TK01094,AC0037,A018,2025-12-20 18:00:00,,Feature Request,Escalated,36,1,Technical,0,0,None
TK01095,AC0085,A004,2025-12-20 16:00:00,2025-12-21 21:32:56.091554052,Bug,Resolved,25,0,None,0,0,None
TK01096,AC0137,A001,2025-12-20 12:00:00,2025-12-20 21:51:27.953498680,Bug,Resolved,2,1,Technical,0,0,SOP-07
TK01097,AC0140,A004,2025-12-21 17:00:00,2025-12-22 08:41:24.727031334,Bug,Resolved,21,1,Product,0,1,SOP-12
TK01098,AC0124,A005,2025-12-21 14:00:00,2025-12-21 18:43:44.333798850,Billing,Resolved,40,0,None,0,0,None
TK01099,AC0043,A029,2025-12-21 18:00:00,,Technical,Unresolved,59,0,None,1,1,None
TK01100,AC0017,A036,2025-12-21 08:00:00,2025-12-21 21:01:01.339898336,Feature Request,Resolved,63,0,None,0,0,SOP-07
TK01101,AC0060,A008,2025-12-21 20:00:00,2025-12-22 22:38:31.866340276,Account,Resolved,103,0,None,0,0,None
TK01102,AC0113,A008,2025-12-21 20:00:00,2025-12-22 09:47:49.395830752,Feature Request,Resolved,16,0,None,0,0,None
TK01103,AC0057,A024,2025-12-22 08:00:00,2025-12-22 12:04:52.910482076,Feature Request,Resolved,29,0,None,0,0,SOP-18
TK01104,AC0037,A026,2025-12-22 20:00:00,2025-12-23 09:06:16.087600775,Technical,Resolved,13,0,None,0,0,None
TK01105,AC0032,A006,2025-12-22 10:00:00,,Bug,Escalated,25,1,Product,0,0,None
TK01106,AC0047,A023,2025-12-22 15:00:00,2025-12-23 10:19:52.569168216,Account,Resolved,18,0,None,0,0,None
TK01107,AC0065,A017,2025-12-22 17:00:00,2025-12-23 19:11:56.625376817,Feature Request,Resolved,45,0,None,0,0,SOP-07
TK01108,AC0087,A020,2025-12-23 09:00:00,2025-12-23 15:44:04.970156109,How-to,Resolved,61,0,None,1,0,SOP-12
TK01109,AC0027,A017,2025-12-23 09:00:00,2025-12-23 20:08:16.024094653,How-to,Resolved,4,0,None,0,0,None
TK01110,AC0092,A020,2025-12-23 09:00:00,2025-12-24 15:43:38.318336176,Billing,Resolved,42,0,None,0,0,SOP-18
TK01111,AC0066,A005,2025-12-23 09:00:00,,Feature Request,Partially Resolved,11,0,None,0,0,None
TK01112,AC0139,A001,2025-12-23 15:00:00,2025-12-24 08:08:14.090093655,Integration,Resolved,26,0,None,0,0,SOP-18
TK01113,AC0031,A017,2025-12-23 14:00:00,2025-12-24 07:48:45.008669148,Bug,Resolved,28,0,None,0,0,None
TK01114,AC0134,A012,2025-12-23 14:00:00,2025-12-24 20:29:38.887526110,Bug,Resolved,31,1,Billing,0,0,None
TK01115,AC0132,A015,2025-12-23 14:00:00,2025-12-24 10:37:13.551304944,Account,Resolved,13,0,None,0,0,SOP-12
TK01116,AC0014,A002,2025-12-23 16:00:00,2025-12-23 18:53:41.191717245,Bug,Resolved,38,1,Product,0,0,None
TK01117,AC0006,A015,2025-12-23 19:00:00,2025-12-25 00:26:09.542262676,Technical,Resolved,100,0,None,0,0,SOP-07
TK01118,AC0126,A002,2025-12-23 19:00:00,2025-12-24 15:37:54.132526333,How-to,Resolved,12,0,None,1,0,SOP-23
TK01119,AC0134,A037,2025-12-24 10:00:00,2025-12-26 03:18:04.981008931,Technical,Resolved,5,0,None,0,0,SOP-07
TK01120,AC0059,A016,2025-12-24 16:00:00,2025-12-25 13:42:00.081744135,Technical,Resolved,43,0,None,0,1,None
TK01121,AC0100,A035,2025-12-24 16:00:00,2025-12-25 04:45:28.019813078,Technical,Resolved,55,0,None,0,0,SOP-12
TK01122,AC0031,A026,2025-12-25 17:00:00,2025-12-26 05:10:48.253140440,Technical,Resolved,48,0,None,0,0,None
TK01123,AC0141,A031,2025-12-25 14:00:00,2025-12-26 04:24:30.387491345,Billing,Resolved,20,0,None,0,0,SOP-07
TK01124,AC0141,A017,2025-12-25 18:00:00,2025-12-26 05:46:02.329432068,Integration,Resolved,42,0,None,0,0,SOP-18
TK01125,AC0092,A017,2025-12-25 15:00:00,2025-12-25 21:21:49.682930518,Technical,Resolved,15,0,None,0,0,None
TK01126,AC0051,A003,2025-12-25 11:00:00,2025-12-26 09:27:14.720596472,Account,Resolved,104,0,None,0,0,None
TK01127,AC0148,A021,2025-12-25 16:00:00,2025-12-25 21:17:30.819765664,Integration,Resolved,13,0,None,0,1,SOP-07
TK01128,AC0105,A013,2025-12-25 15:00:00,,How-to,Partially Resolved,32,0,None,0,0,None
TK01129,AC0125,A034,2025-12-25 14:00:00,2025-12-26 05:10:35.766638325,Technical,Resolved,40,0,None,0,0,SOP-23
TK01130,AC0008,A027,2025-12-25 18:00:00,2025-12-26 10:24:03.368822959,How-to,Resolved,21,0,None,0,0,SOP-23
TK01131,AC0042,A030,2025-12-26 09:00:00,2025-12-27 03:03:54.484472267,Billing,Resolved,59,0,None,0,0,SOP-18
TK01132,AC0085,A004,2025-12-26 15:00:00,,Technical,Waiting Internally,46,1,Product,0,0,SOP-23
TK01133,AC0146,A036,2025-12-26 09:00:00,2025-12-26 13:56:23.330218103,Feature Request,Resolved,30,0,None,0,0,SOP-23
TK01134,AC0030,A020,2025-12-26 11:00:00,2025-12-27 21:54:27.989356063,Integration,Resolved,11,0,None,0,1,SOP-23
TK01135,AC0064,A030,2025-12-26 19:00:00,2025-12-27 14:02:37.525184291,Technical,Resolved,6,0,None,0,0,None
TK01136,AC0088,A026,2025-12-26 20:00:00,2025-12-27 05:15:43.325596225,Technical,Resolved,76,0,None,0,0,SOP-12
TK01137,AC0065,A036,2025-12-26 18:00:00,2025-12-28 06:28:57.484496991,Billing,Resolved,37,0,None,0,0,None
TK01138,AC0092,A023,2025-12-26 09:00:00,2025-12-28 04:24:15.366528101,Billing,Resolved,32,0,None,0,0,SOP-23
TK01139,AC0015,A031,2025-12-26 11:00:00,,Bug,Escalated,41,1,Product,0,0,SOP-07
TK01140,AC0018,A029,2025-12-26 19:00:00,2025-12-27 00:52:36.744711863,Integration,Resolved,46,0,None,0,0,None
TK01141,AC0137,A011,2025-12-27 11:00:00,2025-12-28 18:00:09.610704764,Integration,Resolved,30,0,None,0,0,SOP-12
TK01142,AC0008,A033,2025-12-27 16:00:00,2025-12-28 11:07:29.578009260,How-to,Resolved,44,0,None,0,0,SOP-23
TK01143,AC0071,A035,2025-12-27 20:00:00,2025-12-28 21:07:05.577286478,How-to,Resolved,37,0,None,0,0,SOP-18
TK01144,AC0094,A016,2025-12-27 15:00:00,,Integration,Waiting Internally,29,1,Billing,0,0,SOP-23
TK01145,AC0006,A031,2025-12-27 20:00:00,2025-12-28 11:21:24.577597842,Feature Request,Resolved,18,0,None,0,1,SOP-23
TK01146,AC0046,A030,2025-12-27 16:00:00,2025-12-28 07:18:47.044527778,Technical,Resolved,36,0,None,0,0,SOP-07
TK01147,AC0058,A034,2025-12-27 18:00:00,2025-12-28 14:03:27.893288075,Technical,Resolved,37,0,None,0,0,SOP-23
TK01148,AC0125,A007,2025-12-27 18:00:00,,Technical,Escalated,23,1,Operations,0,0,None
TK01149,AC0144,A029,2025-12-27 11:00:00,,Technical,Waiting Internally,8,1,Billing,0,0,None
TK01150,AC0075,A034,2025-12-27 20:00:00,2025-12-28 14:12:28.371326990,How-to,Resolved,46,0,None,0,0,SOP-23
TK01151,AC0104,A035,2025-12-27 18:00:00,2025-12-28 17:10:09.269294522,Integration,Resolved,33,0,None,0,0,None
TK01152,AC0127,A032,2025-12-27 15:00:00,2025-12-28 19:07:15.848125179,Bug,Resolved,45,0,None,0,0,SOP-07
TK01153,AC0095,A031,2025-12-28 09:00:00,2025-12-29 00:00:37.211713676,Billing,Resolved,42,0,None,0,0,None
TK01154,AC0044,A020,2025-12-28 09:00:00,2025-12-29 05:00:16.208776052,How-to,Resolved,25,0,None,0,0,SOP-18
TK01155,AC0100,A005,2025-12-28 13:00:00,2025-12-30 03:22:41.650814976,Feature Request,Resolved,14,0,None,0,0,None
TK01156,AC0057,A028,2025-12-28 09:00:00,2025-12-29 09:38:30.220729657,Integration,Resolved,141,0,None,0,0,SOP-18
TK01157,AC0117,A006,2025-12-28 08:00:00,2025-12-28 13:46:51.745844407,Bug,Resolved,57,1,Technical,0,0,SOP-07
TK01158,AC0037,A017,2025-12-28 08:00:00,2025-12-28 20:39:07.051723591,Account,Resolved,42,0,None,0,0,SOP-07
TK01159,AC0030,A013,2025-12-29 12:00:00,2025-12-29 23:23:30.383072095,How-to,Resolved,26,0,None,0,0,SOP-23
TK01160,AC0100,A033,2025-12-29 11:00:00,,Account,Unresolved,33,0,None,0,0,None
TK01161,AC0049,A026,2025-12-29 17:00:00,2025-12-30 17:08:46.267777970,Technical,Resolved,34,0,None,0,0,SOP-18
TK01162,AC0105,A027,2025-12-29 14:00:00,,Technical,Unresolved,8,0,None,0,0,SOP-12
TK01163,AC0133,A006,2025-12-29 09:00:00,2025-12-30 17:47:43.348234648,Integration,Resolved,45,0,None,0,0,None
TK01164,AC0065,A003,2025-12-29 10:00:00,2025-12-29 20:43:15.446626174,Integration,Resolved,30,0,None,0,0,SOP-07
TK01165,AC0058,A030,2025-12-29 18:00:00,,How-to,Partially Resolved,15,0,None,0,1,None
TK01166,AC0093,A001,2025-12-29 16:00:00,2025-12-30 14:18:30.388042984,Technical,Resolved,8,0,None,0,0,None
TK01167,AC0127,A010,2025-12-29 15:00:00,2025-12-30 01:53:14.590713640,Account,Resolved,13,0,None,0,0,None
TK01168,AC0125,A007,2025-12-29 10:00:00,2025-12-29 21:35:21.957312906,Technical,Resolved,32,0,None,0,0,SOP-07
TK01169,AC0120,A003,2025-12-30 10:00:00,2025-12-30 22:00:47.649722480,Technical,Resolved,115,0,None,0,0,SOP-12
TK01170,AC0065,A024,2025-12-30 09:00:00,,Technical,Escalated,10,1,Product,0,0,SOP-18
TK01171,AC0136,A026,2025-12-30 14:00:00,,Billing,Unresolved,24,0,None,0,0,SOP-07
TK01172,AC0047,A020,2025-12-30 20:00:00,2025-12-31 17:29:08.593094563,Integration,Resolved,14,0,None,0,0,SOP-23
TK01173,AC0061,A033,2025-12-30 15:00:00,2025-12-31 19:28:49.534032445,Integration,Resolved,11,0,None,0,0,SOP-23
TK01174,AC0030,A019,2025-12-30 15:00:00,2025-12-30 21:48:08.628927756,Bug,Resolved,58,1,Operations,0,0,SOP-07
TK01175,AC0071,A025,2025-12-30 17:00:00,2025-12-31 03:45:46.164442611,Technical,Resolved,48,0,None,0,0,None
TK01176,AC0120,A014,2025-12-30 09:00:00,2025-12-30 18:55:46.073819204,Technical,Resolved,17,0,None,0,0,SOP-23
TK01177,AC0047,A034,2025-12-30 11:00:00,2025-12-31 06:42:37.213472270,Bug,Resolved,37,1,Operations,0,0,None
TK01178,AC0061,A023,2025-12-30 14:00:00,2025-12-31 03:24:04.442663914,How-to,Resolved,42,0,None,0,0,SOP-18
TK01179,AC0127,A007,2025-12-30 08:00:00,2025-12-31 08:58:34.106605159,Integration,Resolved,22,0,None,0,0,None
TK01180,AC0094,A010,2025-12-31 16:00:00,2025-12-31 16:28:51.274510528,Account,Resolved,24,0,None,0,0,None
TK01181,AC0087,A018,2025-12-31 19:00:00,2026-01-01 23:44:31.716067464,Integration,Resolved,15,0,None,0,0,SOP-18
TK01182,AC0008,A029,2025-12-31 14:00:00,2026-01-01 22:00:42.459907856,Account,Resolved,33,0,None,0,1,SOP-18
TK01183,AC0030,A006,2025-12-31 14:00:00,2026-01-01 01:29:44.296830192,How-to,Resolved,65,0,None,0,0,SOP-12
TK01184,AC0053,A005,2025-12-31 16:00:00,2026-01-01 04:45:40.562968621,Billing,Resolved,63,0,None,0,1,SOP-12
TK01185,AC0117,A006,2025-12-31 15:00:00,,Bug,Waiting Internally,20,1,Billing,1,0,SOP-12
TK01186,AC0115,A036,2025-12-31 13:00:00,2025-12-31 16:12:52.778713776,Account,Resolved,10,0,None,1,0,None
TK01187,AC0082,A026,2025-12-31 19:00:00,2026-01-01 08:01:50.752317486,How-to,Resolved,50,0,None,0,0,None
TK01188,AC0084,A021,2025-12-31 11:00:00,,Integration,Partially Resolved,25,0,None,0,1,SOP-18
TK01189,AC0135,A029,2025-12-31 18:00:00,2026-01-01 04:48:51.862232656,Feature Request,Resolved,46,0,None,0,0,SOP-07
TK01190,AC0020,A017,2025-12-31 19:00:00,2026-01-02 02:52:46.546989726,Bug,Resolved,10,1,Billing,0,0,None
TK01191,AC0096,A013,2026-01-01 13:00:00,2026-01-02 02:02:56.855049765,Account,Resolved,15,0,None,0,0,SOP-07
TK01192,AC0062,A034,2026-01-01 14:00:00,2026-01-02 11:03:48.983368398,Billing,Resolved,86,0,None,0,0,SOP-12
TK01193,AC0041,A027,2026-01-01 17:00:00,2026-01-02 00:42:01.383489811,Integration,Resolved,22,0,None,0,0,SOP-12
TK01194,AC0042,A024,2026-01-01 20:00:00,2026-01-02 03:46:44.827927640,Technical,Resolved,32,0,None,0,0,None
TK01195,AC0103,A003,2026-01-01 19:00:00,2026-01-02 19:53:52.554377771,Billing,Resolved,27,0,None,0,0,SOP-23
TK01196,AC0134,A019,2026-01-01 17:00:00,,Technical,Waiting Internally,62,1,Billing,0,0,SOP-07
TK01197,AC0042,A016,2026-01-01 12:00:00,2026-01-01 17:41:34.211123524,Integration,Resolved,17,0,None,0,0,None
TK01198,AC0117,A038,2026-01-01 13:00:00,2026-01-01 22:31:30.632555228,How-to,Resolved,19,0,None,0,0,SOP-18
TK01199,AC0087,A006,2026-01-01 09:00:00,2026-01-01 15:58:14.552000720,How-to,Resolved,18,0,None,0,1,SOP-23
TK01200,AC0077,A029,2026-01-02 16:00:00,2026-01-03 03:23:03.469542035,Technical,Resolved,77,0,None,0,0,None
TK01201,AC0118,A038,2026-01-02 13:00:00,2026-01-03 04:44:44.779188945,Billing,Resolved,76,0,None,0,0,SOP-07
TK01202,AC0025,A005,2026-01-02 19:00:00,,How-to,Partially Resolved,65,0,None,0,0,None
TK01203,AC0018,A007,2026-01-02 18:00:00,2026-01-04 14:25:18.021621473,Account,Resolved,60,0,None,0,0,None
TK01204,AC0017,A002,2026-01-02 17:00:00,2026-01-03 20:07:53.909772532,How-to,Resolved,24,0,None,0,0,SOP-07
TK01205,AC0065,A017,2026-01-03 15:00:00,2026-01-04 04:34:01.200233198,How-to,Resolved,73,0,None,0,0,None
TK01206,AC0080,A037,2026-01-03 10:00:00,2026-01-04 21:14:27.848220761,How-to,Resolved,4,0,None,0,0,SOP-23
TK01207,AC0140,A019,2026-01-03 12:00:00,,Integration,Waiting Internally,35,1,Operations,0,0,SOP-23
TK01208,AC0008,A009,2026-01-03 13:00:00,2026-01-04 00:20:43.129808656,Technical,Resolved,92,0,None,0,0,None
TK01209,AC0003,A035,2026-01-03 11:00:00,2026-01-04 01:07:59.764794224,How-to,Resolved,4,0,None,1,0,None
TK01210,AC0023,A026,2026-01-03 17:00:00,,Bug,Escalated,4,1,Technical,0,0,SOP-12
TK01211,AC0025,A019,2026-01-03 11:00:00,2026-01-04 00:44:48.631706077,Bug,Resolved,59,1,Product,0,0,SOP-18
TK01212,AC0047,A037,2026-01-03 12:00:00,2026-01-04 00:01:49.928619767,Technical,Resolved,8,0,None,0,0,SOP-23
TK01213,AC0100,A002,2026-01-03 16:00:00,2026-01-03 20:51:20.444639881,How-to,Resolved,9,0,None,0,0,None
TK01214,AC0112,A005,2026-01-04 13:00:00,2026-01-05 00:12:52.278195987,Technical,Resolved,16,0,None,0,0,SOP-18
TK01215,AC0105,A002,2026-01-04 19:00:00,2026-01-05 18:42:32.012460446,How-to,Resolved,31,0,None,0,0,SOP-18
TK01216,AC0026,A030,2026-01-04 16:00:00,2026-01-05 04:29:01.316838983,Bug,Resolved,71,0,None,0,1,None
TK01217,AC0095,A031,2026-01-04 20:00:00,2026-01-06 02:29:16.715940877,Integration,Resolved,30,0,None,0,0,None
TK01218,AC0046,A004,2026-01-04 11:00:00,2026-01-05 15:25:10.619708984,Integration,Resolved,72,0,None,0,0,SOP-07
TK01219,AC0092,A011,2026-01-04 12:00:00,,Billing,Escalated,53,1,Product,0,0,SOP-23
TK01220,AC0085,A028,2026-01-04 15:00:00,2026-01-04 19:33:22.608117420,Technical,Resolved,55,0,None,0,0,SOP-12
TK01221,AC0064,A019,2026-01-05 08:00:00,2026-01-07 13:39:04.723481468,Technical,Resolved,22,0,None,0,0,SOP-07
TK01222,AC0040,A031,2026-01-05 09:00:00,2026-01-06 02:42:09.418134922,How-to,Resolved,5,0,None,0,0,SOP-07
TK01223,AC0047,A030,2026-01-05 12:00:00,2026-01-05 13:42:24.800160720,Account,Resolved,3,0,None,0,0,SOP-07
TK01224,AC0027,A015,2026-01-05 16:00:00,2026-01-06 12:34:09.959370050,Billing,Resolved,18,0,None,0,0,None
TK01225,AC0049,A036,2026-01-05 12:00:00,2026-01-05 17:12:54.597764291,Billing,Resolved,16,0,None,0,0,SOP-07
TK01226,AC0057,A013,2026-01-05 18:00:00,2026-01-06 11:29:18.144751768,Billing,Resolved,22,0,None,0,0,None
TK01227,AC0045,A012,2026-01-05 20:00:00,2026-01-07 11:28:01.907732015,Integration,Resolved,34,0,None,0,0,SOP-07
TK01228,AC0090,A033,2026-01-05 09:00:00,2026-01-06 16:09:05.683241515,Billing,Resolved,37,0,None,0,0,None
TK01229,AC0065,A003,2026-01-05 13:00:00,2026-01-06 00:24:15.729616754,Integration,Resolved,118,0,None,0,0,None
TK01230,AC0137,A033,2026-01-05 10:00:00,2026-01-06 14:28:13.159090762,How-to,Resolved,62,0,None,0,0,SOP-18
TK01231,AC0117,A010,2026-01-05 17:00:00,2026-01-06 13:45:23.740408425,How-to,Resolved,11,0,None,0,0,SOP-12
TK01232,AC0065,A004,2026-01-06 19:00:00,2026-01-07 17:31:32.749655554,Billing,Resolved,69,0,None,0,0,SOP-18
TK01233,AC0047,A031,2026-01-06 11:00:00,2026-01-07 01:37:43.792787802,How-to,Resolved,25,0,None,0,0,None
TK01234,AC0117,A007,2026-01-06 20:00:00,2026-01-06 23:48:16.529624400,Billing,Resolved,5,0,None,0,0,None
TK01235,AC0068,A022,2026-01-06 10:00:00,,Technical,Partially Resolved,61,0,None,0,0,SOP-07
TK01236,AC0028,A026,2026-01-06 19:00:00,2026-01-07 20:33:53.196536645,How-to,Resolved,17,0,None,0,0,None
TK01237,AC0123,A009,2026-01-06 18:00:00,2026-01-07 00:57:51.729088630,How-to,Resolved,10,0,None,0,0,SOP-18
TK01238,AC0140,A025,2026-01-07 11:00:00,,Technical,Unresolved,56,0,None,0,0,SOP-18
TK01239,AC0052,A008,2026-01-07 14:00:00,,Integration,Partially Resolved,33,0,None,0,0,SOP-18
TK01240,AC0008,A028,2026-01-07 12:00:00,2026-01-08 07:27:12.335503597,Billing,Resolved,14,0,None,0,1,SOP-07
TK01241,AC0088,A023,2026-01-07 10:00:00,2026-01-08 17:56:06.533348725,Bug,Resolved,105,0,None,1,0,SOP-12
TK01242,AC0053,A025,2026-01-07 15:00:00,2026-01-08 03:17:37.766145033,Feature Request,Resolved,25,0,None,0,0,SOP-18
TK01243,AC0065,A012,2026-01-07 10:00:00,2026-01-08 08:46:43.327320465,Integration,Resolved,97,0,None,0,0,SOP-18
TK01244,AC0138,A005,2026-01-07 20:00:00,,How-to,Escalated,11,1,Technical,0,0,SOP-23
TK01245,AC0011,A002,2026-01-07 11:00:00,2026-01-08 06:12:53.504370968,Account,Resolved,39,0,None,0,0,None
TK01246,AC0103,A010,2026-01-07 10:00:00,,Technical,Waiting Customer,26,0,None,0,0,None
TK01247,AC0065,A022,2026-01-07 15:00:00,2026-01-08 08:33:35.948299406,Integration,Resolved,42,0,None,0,0,SOP-18
TK01248,AC0105,A012,2026-01-07 12:00:00,2026-01-07 16:47:26.228639615,Integration,Resolved,24,0,None,0,0,None
TK01249,AC0085,A036,2026-01-07 20:00:00,,Technical,Unresolved,19,0,None,0,0,None
TK01250,AC0017,A012,2026-01-08 15:00:00,2026-01-08 23:32:28.881205597,Feature Request,Resolved,71,0,None,0,0,SOP-07
TK01251,AC0064,A025,2026-01-08 20:00:00,,Technical,Unresolved,41,0,None,0,0,SOP-23
TK01252,AC0049,A017,2026-01-08 18:00:00,2026-01-08 22:31:55.003117108,How-to,Resolved,55,0,None,1,0,SOP-12
TK01253,AC0021,A014,2026-01-08 09:00:00,2026-01-09 18:26:11.627424254,Billing,Resolved,91,0,None,0,0,SOP-23
TK01254,AC0112,A024,2026-01-08 11:00:00,2026-01-09 04:58:27.122569722,Integration,Resolved,126,0,None,0,0,None
TK01255,AC0134,A027,2026-01-08 10:00:00,2026-01-09 03:11:57.174076172,Technical,Resolved,44,0,None,0,0,SOP-07
TK01256,AC0125,A034,2026-01-08 13:00:00,2026-01-08 22:29:14.085981147,Technical,Resolved,13,0,None,0,0,None
TK01257,AC0100,A005,2026-01-08 17:00:00,2026-01-08 22:20:08.534431981,Account,Resolved,10,0,None,0,0,SOP-18
TK01258,AC0120,A032,2026-01-08 18:00:00,2026-01-09 22:24:59.185092155,Technical,Resolved,19,0,None,0,0,None
TK01259,AC0068,A037,2026-01-09 15:00:00,2026-01-10 09:48:14.353805964,Integration,Resolved,7,0,None,0,0,SOP-07
TK01260,AC0068,A029,2026-01-09 09:00:00,,Billing,Unresolved,52,0,None,0,0,None
TK01261,AC0023,A009,2026-01-09 20:00:00,2026-01-10 10:52:44.404398789,How-to,Resolved,27,0,None,0,0,SOP-12
TK01262,AC0088,A008,2026-01-09 10:00:00,2026-01-10 03:16:22.873760443,Technical,Resolved,26,0,None,0,0,SOP-23
TK01263,AC0117,A011,2026-01-09 18:00:00,,How-to,Escalated,40,1,Operations,0,0,None
TK01264,AC0066,A025,2026-01-09 13:00:00,2026-01-10 10:28:58.273882311,Integration,Resolved,71,0,None,0,0,None
TK01265,AC0117,A019,2026-01-09 19:00:00,,Technical,Waiting Internally,20,1,Operations,0,0,SOP-23
TK01266,AC0039,A037,2026-01-09 17:00:00,,Billing,Waiting Customer,101,0,None,0,0,SOP-12
TK01267,AC0137,A020,2026-01-09 17:00:00,2026-01-10 09:09:00.642645981,Account,Resolved,36,0,None,0,0,SOP-07
TK01268,AC0003,A025,2026-01-09 15:00:00,2026-01-10 06:18:26.637821243,How-to,Resolved,21,0,None,0,0,SOP-18
TK01269,AC0097,A019,2026-01-10 16:00:00,,Integration,Escalated,46,1,Operations,0,1,None
TK01270,AC0092,A014,2026-01-10 16:00:00,2026-01-11 12:57:16.871831048,Technical,Resolved,5,0,None,0,0,SOP-07
TK01271,AC0064,A019,2026-01-10 19:00:00,2026-01-11 06:00:00.491414063,Technical,Resolved,76,0,None,0,0,SOP-12
TK01272,AC0076,A032,2026-01-10 19:00:00,2026-01-11 11:32:31.302908868,Integration,Resolved,2,0,None,0,0,SOP-23
TK01273,AC0084,A001,2026-01-10 17:00:00,2026-01-11 05:42:26.717435485,How-to,Resolved,28,0,None,0,0,SOP-12
TK01274,AC0089,A020,2026-01-10 17:00:00,2026-01-11 01:05:15.897320309,Bug,Resolved,16,1,Technical,0,0,SOP-18
TK01275,AC0099,A002,2026-01-10 14:00:00,2026-01-11 04:12:43.162016269,Integration,Resolved,9,0,None,0,1,None
TK01276,AC0047,A028,2026-01-10 15:00:00,2026-01-11 04:33:33.910567960,Technical,Resolved,5,0,None,0,0,SOP-07
TK01277,AC0074,A037,2026-01-10 09:00:00,2026-01-10 14:31:12.672486084,How-to,Resolved,39,0,None,1,0,None
TK01278,AC0008,A017,2026-01-10 15:00:00,2026-01-12 02:57:03.078018018,Account,Resolved,32,0,None,0,0,SOP-23
TK01279,AC0070,A008,2026-01-11 17:00:00,,Billing,Escalated,18,1,Billing,1,1,SOP-23
TK01280,AC0023,A007,2026-01-11 10:00:00,2026-01-11 13:07:50.823375403,Account,Resolved,14,0,None,1,0,SOP-23
TK01281,AC0112,A013,2026-01-11 12:00:00,,Bug,Waiting Customer,53,1,Technical,0,0,SOP-07
TK01282,AC0015,A020,2026-01-11 20:00:00,2026-01-12 02:09:40.887302506,Billing,Resolved,18,0,None,1,0,None
TK01283,AC0006,A016,2026-01-11 14:00:00,2026-01-13 10:04:07.420361544,Bug,Resolved,80,0,None,0,0,SOP-07
TK01284,AC0100,A033,2026-01-11 09:00:00,2026-01-11 21:56:04.246751262,Integration,Resolved,24,0,None,0,0,None
TK01285,AC0106,A001,2026-01-11 19:00:00,2026-01-12 01:59:54.692507896,Account,Resolved,36,0,None,0,0,None
TK01286,AC0139,A022,2026-01-11 20:00:00,2026-01-13 04:20:40.563643809,How-to,Resolved,10,0,None,0,1,SOP-07
TK01287,AC0002,A031,2026-01-11 20:00:00,2026-01-12 12:53:55.070012708,How-to,Resolved,29,0,None,0,0,SOP-18
TK01288,AC0098,A032,2026-01-11 11:00:00,2026-01-13 03:01:40.199114762,Technical,Resolved,55,0,None,1,0,None
TK01289,AC0137,A017,2026-01-11 11:00:00,2026-01-12 00:57:19.993822766,Billing,Resolved,16,0,None,0,0,None
TK01290,AC0123,A038,2026-01-11 13:00:00,2026-01-12 09:53:56.078469343,Technical,Resolved,12,0,None,0,0,None
TK01291,AC0119,A033,2026-01-12 19:00:00,2026-01-13 06:43:41.333995128,How-to,Resolved,6,0,None,0,0,SOP-12
TK01292,AC0101,A026,2026-01-12 20:00:00,2026-01-13 19:33:00.569317115,Integration,Resolved,62,0,None,0,0,SOP-07
TK01293,AC0087,A010,2026-01-12 19:00:00,2026-01-13 12:39:06.361849458,Billing,Resolved,50,0,None,1,1,SOP-18
TK01294,AC0127,A022,2026-01-12 14:00:00,,Integration,Waiting Customer,6,0,None,0,0,SOP-12
TK01295,AC0064,A027,2026-01-12 12:00:00,2026-01-12 17:02:16.710217371,Technical,Resolved,9,0,None,0,0,SOP-12
TK01296,AC0047,A027,2026-01-12 12:00:00,2026-01-13 02:46:12.960989029,Technical,Resolved,90,0,None,1,0,SOP-12
TK01297,AC0132,A014,2026-01-12 19:00:00,,How-to,Waiting Customer,27,0,None,0,0,SOP-18
TK01298,AC0068,A001,2026-01-12 19:00:00,2026-01-13 05:40:17.208112550,Integration,Resolved,67,0,None,0,0,SOP-07
TK01299,AC0062,A025,2026-01-12 14:00:00,2026-01-12 21:34:19.612092239,How-to,Resolved,49,0,None,0,0,SOP-23
TK01300,AC0062,A024,2026-01-12 17:00:00,2026-01-13 00:07:29.007138057,Bug,Resolved,42,0,None,0,0,SOP-12
TK01301,AC0114,A004,2026-01-13 10:00:00,2026-01-13 20:42:15.715452571,Integration,Resolved,123,0,None,0,1,SOP-07
TK01302,AC0042,A004,2026-01-13 18:00:00,2026-01-14 12:16:23.864161050,Technical,Resolved,40,0,None,0,0,SOP-07
TK01303,AC0003,A016,2026-01-13 09:00:00,2026-01-14 15:35:56.967403834,How-to,Resolved,57,0,None,1,0,None
TK01304,AC0106,A003,2026-01-13 20:00:00,2026-01-14 01:01:55.116902724,How-to,Resolved,2,0,None,0,0,SOP-07
TK01305,AC0138,A011,2026-01-13 20:00:00,,Billing,Escalated,18,1,Billing,0,0,SOP-18
TK01306,AC0061,A016,2026-01-13 14:00:00,2026-01-13 21:17:31.044137050,Integration,Resolved,81,0,None,0,0,SOP-07
TK01307,AC0138,A020,2026-01-13 16:00:00,,Technical,Unresolved,17,0,None,0,0,None
TK01308,AC0061,A031,2026-01-13 08:00:00,2026-01-14 19:57:46.049315204,Integration,Resolved,48,0,None,0,0,None
TK01309,AC0099,A037,2026-01-13 17:00:00,,Billing,Unresolved,66,0,None,0,0,SOP-18
TK01310,AC0002,A029,2026-01-14 17:00:00,2026-01-15 04:39:13.410704743,Bug,Resolved,66,0,None,0,0,SOP-12
TK01311,AC0070,A030,2026-01-14 11:00:00,2026-01-15 04:36:45.459157431,Bug,Resolved,14,0,None,0,0,SOP-23
TK01312,AC0088,A022,2026-01-14 11:00:00,2026-01-14 20:03:48.656161551,Bug,Resolved,15,0,None,0,0,SOP-07
TK01313,AC0046,A015,2026-01-14 17:00:00,,Technical,Waiting Customer,35,0,None,0,0,None
TK01314,AC0049,A009,2026-01-15 09:00:00,2026-01-15 22:28:16.537005756,How-to,Resolved,3,0,None,0,0,SOP-07
TK01315,AC0017,A033,2026-01-15 15:00:00,2026-01-16 16:41:46.564352427,Technical,Resolved,12,0,None,0,0,SOP-23
TK01316,AC0141,A037,2026-01-15 14:00:00,,How-to,Escalated,24,1,Operations,0,0,SOP-23
TK01317,AC0129,A007,2026-01-15 08:00:00,,Bug,Escalated,31,1,Technical,0,0,None
TK01318,AC0060,A024,2026-01-15 08:00:00,2026-01-16 23:49:31.072334816,Bug,Resolved,23,0,None,0,0,SOP-23
TK01319,AC0057,A023,2026-01-15 16:00:00,2026-01-16 05:19:44.142072170,Technical,Resolved,63,0,None,0,0,None
TK01320,AC0125,A032,2026-01-16 11:00:00,2026-01-17 18:54:05.547445122,How-to,Resolved,30,0,None,0,1,SOP-23
TK01321,AC0107,A024,2026-01-16 13:00:00,2026-01-17 07:23:24.065356297,Billing,Resolved,8,0,None,0,0,None
TK01322,AC0013,A002,2026-01-16 15:00:00,2026-01-16 22:05:50.254820461,Technical,Resolved,46,0,None,0,0,SOP-23
TK01323,AC0131,A029,2026-01-16 13:00:00,2026-01-17 04:03:09.677807960,Account,Resolved,49,0,None,0,0,None
TK01324,AC0061,A033,2026-01-16 18:00:00,2026-01-17 08:51:30.695268368,How-to,Resolved,18,0,None,0,0,None
TK01325,AC0033,A018,2026-01-16 11:00:00,2026-01-17 08:09:26.271627776,Technical,Resolved,36,0,None,0,0,SOP-12
TK01326,AC0048,A027,2026-01-16 18:00:00,2026-01-17 14:54:28.453731046,Billing,Resolved,71,0,None,0,0,None
TK01327,AC0057,A028,2026-01-16 18:00:00,2026-01-17 03:52:04.182380477,Technical,Resolved,67,0,None,1,0,SOP-23
TK01328,AC0029,A031,2026-01-17 11:00:00,2026-01-18 20:08:35.791297060,Technical,Resolved,19,0,None,0,0,SOP-18
TK01329,AC0011,A012,2026-01-17 18:00:00,2026-01-18 14:43:34.867829867,How-to,Resolved,23,0,None,0,0,None
TK01330,AC0131,A022,2026-01-17 09:00:00,2026-01-17 10:06:54.053601556,Bug,Resolved,44,0,None,0,0,SOP-07
TK01331,AC0003,A036,2026-01-17 19:00:00,2026-01-18 00:49:20.558227338,Feature Request,Resolved,22,0,None,0,0,None
TK01332,AC0102,A032,2026-01-17 09:00:00,2026-01-19 06:45:11.232769016,Billing,Resolved,58,0,None,0,1,None
TK01333,AC0144,A019,2026-01-17 20:00:00,,How-to,Waiting Internally,51,1,Technical,0,0,None
TK01334,AC0132,A003,2026-01-17 08:00:00,2026-01-18 10:06:00.115336337,Account,Resolved,10,0,None,0,0,SOP-07
TK01335,AC0064,A033,2026-01-17 19:00:00,2026-01-18 23:16:27.558194134,Technical,Resolved,34,0,None,0,0,SOP-18
TK01336,AC0129,A023,2026-01-18 08:00:00,2026-01-18 19:17:21.518237407,Bug,Resolved,16,0,None,0,0,None
TK01337,AC0037,A016,2026-01-18 15:00:00,2026-01-18 21:35:36.322639784,Technical,Resolved,13,0,None,0,0,None
TK01338,AC0062,A024,2026-01-18 19:00:00,2026-01-19 17:31:55.000140536,Integration,Resolved,34,0,None,0,0,SOP-12
TK01339,AC0114,A001,2026-01-18 13:00:00,2026-01-18 15:25:16.455082437,How-to,Resolved,54,0,None,1,0,None
TK01340,AC0024,A009,2026-01-18 17:00:00,2026-01-19 07:03:47.258470366,How-to,Resolved,6,0,None,0,0,SOP-12
TK01341,AC0049,A007,2026-01-18 18:00:00,2026-01-19 22:55:37.700732616,Feature Request,Resolved,22,0,None,0,0,None
TK01342,AC0092,A004,2026-01-18 10:00:00,,Billing,Waiting Internally,10,1,Billing,0,0,SOP-07
TK01343,AC0126,A016,2026-01-18 10:00:00,2026-01-19 03:13:16.255278266,Integration,Resolved,33,0,None,0,0,None
TK01344,AC0090,A038,2026-01-18 17:00:00,2026-01-19 15:56:23.960305488,Feature Request,Resolved,13,0,None,0,0,None
TK01345,AC0098,A009,2026-01-18 14:00:00,2026-01-20 06:16:17.374214257,Technical,Resolved,24,0,None,0,0,None
TK01346,AC0084,A001,2026-01-18 15:00:00,2026-01-19 15:27:08.846744381,How-to,Resolved,12,0,None,0,0,SOP-23
TK01347,AC0117,A033,2026-01-19 12:00:00,2026-01-19 18:24:35.897480084,Technical,Resolved,15,0,None,0,0,SOP-23
TK01348,AC0096,A021,2026-01-19 11:00:00,2026-01-19 22:53:56.857988937,Billing,Resolved,19,0,None,0,1,None
TK01349,AC0120,A038,2026-01-19 11:00:00,2026-01-20 00:50:01.282531638,Account,Resolved,36,0,None,0,0,SOP-07
TK01350,AC0057,A009,2026-01-19 13:00:00,2026-01-20 04:08:03.874194703,How-to,Resolved,38,0,None,0,0,SOP-07
TK01351,AC0100,A018,2026-01-19 19:00:00,2026-01-20 18:11:41.511069750,Technical,Resolved,48,0,None,0,1,None
TK01352,AC0061,A013,2026-01-19 14:00:00,,Technical,Unresolved,50,0,None,0,0,SOP-12
TK01353,AC0087,A026,2026-01-19 09:00:00,2026-01-19 18:04:45.529566062,Technical,Resolved,27,0,None,1,0,None
TK01354,AC0101,A001,2026-01-20 09:00:00,2026-01-21 15:16:48.561283651,Account,Resolved,32,0,None,0,1,SOP-07
TK01355,AC0020,A020,2026-01-20 16:00:00,2026-01-21 22:26:41.003556557,Bug,Resolved,23,0,None,0,0,SOP-18
TK01356,AC0127,A003,2026-01-20 11:00:00,,Technical,Escalated,2,1,Product,0,0,None
TK01357,AC0060,A029,2026-01-20 10:00:00,2026-01-21 02:59:05.716976594,Billing,Resolved,19,0,None,0,0,SOP-07
TK01358,AC0074,A009,2026-01-20 08:00:00,2026-01-20 18:09:59.109126542,How-to,Resolved,22,0,None,0,0,SOP-18
TK01359,AC0002,A020,2026-01-20 10:00:00,2026-01-21 09:07:02.519631394,Billing,Resolved,40,0,None,0,0,SOP-18
TK01360,AC0098,A022,2026-01-20 16:00:00,2026-01-20 23:17:40.926199780,How-to,Resolved,70,0,None,0,0,None
TK01361,AC0074,A033,2026-01-20 11:00:00,2026-01-21 06:07:38.602946600,Account,Resolved,49,0,None,0,0,None
TK01362,AC0106,A025,2026-01-21 08:00:00,2026-01-22 05:27:11.361954186,Integration,Resolved,40,0,None,0,0,SOP-12
TK01363,AC0109,A023,2026-01-21 17:00:00,2026-01-22 04:26:05.808515968,Technical,Resolved,6,0,None,0,0,SOP-12
TK01364,AC0086,A010,2026-01-21 08:00:00,2026-01-21 16:32:42.955277940,Integration,Resolved,26,0,None,0,0,SOP-12
TK01365,AC0117,A008,2026-01-21 09:00:00,,Bug,Unresolved,15,0,None,0,0,None
TK01366,AC0134,A016,2026-01-21 10:00:00,2026-01-22 05:49:31.732492426,How-to,Resolved,54,0,None,0,0,SOP-23
TK01367,AC0133,A025,2026-01-21 09:00:00,2026-01-21 14:03:33.867500251,Integration,Resolved,7,0,None,0,0,None
TK01368,AC0019,A016,2026-01-21 09:00:00,2026-01-22 02:56:54.277312796,How-to,Resolved,59,0,None,0,0,SOP-12
TK01369,AC0060,A013,2026-01-22 17:00:00,2026-01-22 19:11:09.069521920,How-to,Resolved,30,0,None,0,0,SOP-07
TK01370,AC0130,A018,2026-01-22 14:00:00,,Integration,Escalated,105,1,Technical,0,0,None
TK01371,AC0109,A037,2026-01-22 12:00:00,,Feature Request,Unresolved,25,0,None,0,0,SOP-23
TK01372,AC0039,A035,2026-01-22 16:00:00,2026-01-22 23:04:55.535365217,Integration,Resolved,21,0,None,0,0,SOP-12
TK01373,AC0090,A018,2026-01-22 12:00:00,2026-01-23 08:05:41.110552125,How-to,Resolved,36,0,None,0,0,None
TK01374,AC0041,A023,2026-01-22 16:00:00,,How-to,Unresolved,27,0,None,0,0,SOP-07
TK01375,AC0064,A003,2026-01-22 18:00:00,2026-01-22 19:27:08.068338457,Integration,Resolved,13,0,None,0,0,SOP-12
TK01376,AC0004,A003,2026-01-22 16:00:00,2026-01-23 13:41:55.446614003,Billing,Resolved,22,0,None,0,0,SOP-12
TK01377,AC0121,A001,2026-01-22 12:00:00,2026-01-23 06:00:01.355577482,How-to,Resolved,29,0,None,0,0,SOP-12
TK01378,AC0116,A017,2026-01-22 17:00:00,2026-01-23 08:56:59.650032103,Bug,Resolved,64,1,Product,0,0,SOP-18
TK01379,AC0075,A037,2026-01-22 13:00:00,2026-01-23 12:08:47.876997615,How-to,Resolved,8,0,None,0,0,SOP-18
TK01380,AC0018,A023,2026-01-23 20:00:00,2026-01-24 14:38:10.535749062,Billing,Resolved,37,0,None,0,0,None
TK01381,AC0137,A034,2026-01-23 13:00:00,2026-01-24 03:53:46.982012625,How-to,Resolved,12,0,None,0,0,SOP-07
TK01382,AC0030,A033,2026-01-23 13:00:00,,How-to,Waiting Customer,9,0,None,0,0,None
TK01383,AC0103,A002,2026-01-23 08:00:00,2026-01-23 23:37:25.779957275,How-to,Resolved,13,0,None,0,0,None
TK01384,AC0064,A034,2026-01-23 10:00:00,2026-01-23 19:34:39.698083256,How-to,Resolved,46,0,None,0,0,SOP-07
TK01385,AC0087,A006,2026-01-23 09:00:00,2026-01-24 00:26:35.845756896,How-to,Resolved,95,0,None,0,1,SOP-12
TK01386,AC0003,A002,2026-01-23 19:00:00,2026-01-25 11:26:46.906210427,How-to,Resolved,31,0,None,0,0,None
TK01387,AC0101,A011,2026-01-23 20:00:00,2026-01-24 08:08:58.252343989,How-to,Resolved,40,0,None,0,0,SOP-23
TK01388,AC0099,A004,2026-01-23 13:00:00,2026-01-24 04:42:37.660108963,Account,Resolved,13,0,None,0,0,SOP-12
TK01389,AC0097,A013,2026-01-23 10:00:00,,How-to,Escalated,23,1,Technical,0,0,SOP-18
TK01390,AC0087,A032,2026-01-23 14:00:00,2026-01-24 23:21:50.647966626,Billing,Resolved,50,0,None,0,0,None
TK01391,AC0120,A013,2026-01-23 09:00:00,,Account,Unresolved,73,0,None,0,0,SOP-23
TK01392,AC0047,A038,2026-01-23 17:00:00,,How-to,Escalated,66,1,Product,0,0,SOP-18
TK01393,AC0132,A015,2026-01-24 15:00:00,2026-01-25 14:00:23.648962182,How-to,Resolved,88,0,None,1,0,SOP-12
TK01394,AC0103,A029,2026-01-24 16:00:00,2026-01-25 00:36:58.785914971,Feature Request,Resolved,29,0,None,0,0,None
TK01395,AC0040,A013,2026-01-24 10:00:00,2026-01-24 21:08:01.179616391,Bug,Resolved,26,0,None,0,0,SOP-18
TK01396,AC0065,A033,2026-01-24 20:00:00,,How-to,Partially Resolved,34,0,None,0,0,SOP-12
TK01397,AC0085,A005,2026-01-24 10:00:00,,Integration,Waiting Customer,19,0,None,0,0,SOP-07
TK01398,AC0045,A006,2026-01-24 09:00:00,2026-01-24 18:15:43.453281615,Billing,Resolved,16,0,None,1,0,None
TK01399,AC0092,A003,2026-01-24 17:00:00,2026-01-25 18:01:58.406058838,Bug,Resolved,44,0,None,0,0,SOP-23
TK01400,AC0145,A009,2026-01-24 08:00:00,,Billing,Escalated,95,1,Product,0,0,SOP-18
TK01401,AC0056,A038,2026-01-25 10:00:00,,Account,Waiting Internally,85,1,Technical,0,0,None
TK01402,AC0046,A035,2026-01-25 08:00:00,,Technical,Partially Resolved,46,0,None,0,0,None
TK01403,AC0065,A029,2026-01-25 09:00:00,,How-to,Partially Resolved,22,0,None,0,0,SOP-07
TK01404,AC0030,A005,2026-01-25 09:00:00,,Technical,Waiting Internally,33,1,Technical,1,0,SOP-18
TK01405,AC0100,A022,2026-01-25 10:00:00,2026-01-26 17:34:31.863012774,Integration,Resolved,29,0,None,0,0,SOP-12
TK01406,AC0046,A011,2026-01-25 15:00:00,2026-01-26 04:07:54.284257753,Technical,Resolved,53,0,None,0,0,SOP-07
TK01407,AC0146,A013,2026-01-25 20:00:00,2026-01-26 20:28:12.401977364,Bug,Resolved,9,0,None,0,0,SOP-07
TK01408,AC0013,A022,2026-01-25 09:00:00,2026-01-25 23:20:38.323117923,Billing,Resolved,10,0,None,0,0,None
TK01409,AC0127,A034,2026-01-26 19:00:00,2026-01-27 02:11:34.403378426,How-to,Resolved,111,0,None,0,0,SOP-07
TK01410,AC0024,A010,2026-01-26 15:00:00,2026-01-27 10:08:51.745190666,Account,Resolved,48,0,None,1,0,None
TK01411,AC0018,A021,2026-01-26 08:00:00,2026-01-26 15:15:33.601051501,Billing,Resolved,24,0,None,0,0,SOP-07
TK01412,AC0074,A002,2026-01-26 13:00:00,,Integration,Waiting Internally,51,1,Operations,0,0,SOP-18
TK01413,AC0082,A036,2026-01-26 14:00:00,2026-01-28 03:21:15.987280854,How-to,Resolved,17,0,None,0,0,SOP-07
TK01414,AC0014,A036,2026-01-26 14:00:00,2026-01-27 14:16:00.030540307,Bug,Resolved,95,0,None,1,1,None
TK01415,AC0065,A028,2026-01-26 17:00:00,,Technical,Escalated,34,1,Product,0,0,SOP-07
TK01416,AC0099,A038,2026-01-27 19:00:00,2026-01-29 02:07:22.431657366,Technical,Resolved,12,0,None,0,0,SOP-18
TK01417,AC0095,A024,2026-01-27 17:00:00,2026-01-29 16:10:02.945970485,Feature Request,Resolved,8,0,None,0,0,SOP-18
TK01418,AC0147,A007,2026-01-27 14:00:00,2026-01-28 14:25:37.019159964,Bug,Resolved,18,0,None,0,0,None
TK01419,AC0140,A003,2026-01-27 09:00:00,2026-01-27 22:29:08.309825961,Integration,Resolved,4,0,None,0,0,None
TK01420,AC0137,A011,2026-01-27 11:00:00,,How-to,Escalated,34,1,Technical,0,0,None
TK01421,AC0095,A007,2026-01-27 12:00:00,,Technical,Partially Resolved,55,0,None,0,0,None
TK01422,AC0012,A031,2026-01-27 18:00:00,2026-01-28 02:57:34.048097575,Technical,Resolved,37,0,None,0,0,None
TK01423,AC0050,A022,2026-01-27 15:00:00,,Technical,Waiting Customer,27,0,None,0,0,SOP-18
TK01424,AC0094,A035,2026-01-27 19:00:00,2026-01-28 01:03:23.881496048,Account,Resolved,41,0,None,0,0,SOP-23
TK01425,AC0100,A022,2026-01-28 19:00:00,2026-01-31 00:01:18.806312247,Billing,Resolved,12,0,None,0,0,None
TK01426,AC0080,A035,2026-01-28 17:00:00,2026-01-29 14:57:12.035949648,How-to,Resolved,24,0,None,0,0,SOP-07
TK01427,AC0085,A031,2026-01-28 16:00:00,2026-01-30 14:44:24.781654715,Integration,Resolved,2,0,None,0,0,None
TK01428,AC0064,A020,2026-01-28 15:00:00,2026-01-28 23:54:33.356817324,Account,Resolved,14,0,None,0,0,None
TK01429,AC0029,A026,2026-01-28 19:00:00,2026-01-29 02:23:15.153777870,How-to,Resolved,35,0,None,0,0,SOP-23
TK01430,AC0065,A011,2026-01-28 17:00:00,,Account,Waiting Customer,49,0,None,0,0,None
TK01431,AC0088,A034,2026-01-29 10:00:00,,How-to,Partially Resolved,5,0,None,1,0,SOP-18
TK01432,AC0017,A035,2026-01-29 16:00:00,2026-01-29 22:53:47.638771076,Feature Request,Resolved,64,0,None,0,0,None
TK01433,AC0099,A008,2026-01-29 10:00:00,2026-01-30 08:55:02.478739655,Integration,Resolved,45,0,None,0,0,SOP-12
TK01434,AC0044,A037,2026-01-29 13:00:00,2026-01-29 23:37:03.234955199,How-to,Resolved,14,0,None,0,0,None
TK01435,AC0035,A001,2026-01-29 19:00:00,,How-to,Partially Resolved,87,0,None,0,0,SOP-12
TK01436,AC0014,A023,2026-01-29 09:00:00,2026-01-29 18:54:22.006492832,Integration,Resolved,37,0,None,0,0,SOP-23
TK01437,AC0099,A016,2026-01-29 09:00:00,2026-01-29 23:07:15.486250780,Integration,Resolved,70,0,None,0,0,SOP-18
TK01438,AC0148,A019,2026-01-29 12:00:00,,Technical,Partially Resolved,15,0,None,0,0,None
TK01439,AC0067,A034,2026-01-29 20:00:00,,Bug,Unresolved,22,0,None,0,0,SOP-23
TK01440,AC0116,A008,2026-01-29 15:00:00,2026-01-30 09:53:15.623967968,Integration,Resolved,87,0,None,0,0,SOP-12
TK01441,AC0067,A036,2026-01-30 19:00:00,2026-01-31 10:53:13.460593510,Bug,Resolved,43,1,Operations,0,0,SOP-12
TK01442,AC0005,A030,2026-01-30 18:00:00,2026-01-31 10:19:59.843527776,Technical,Resolved,13,0,None,0,0,None
TK01443,AC0047,A014,2026-01-30 18:00:00,2026-01-30 20:29:27.559106738,Technical,Resolved,14,0,None,0,0,SOP-18
TK01444,AC0043,A008,2026-01-30 18:00:00,2026-01-31 01:42:20.488550599,Integration,Resolved,32,0,None,0,0,SOP-18
TK01445,AC0117,A027,2026-01-30 16:00:00,,Billing,Partially Resolved,14,0,None,0,0,None
TK01446,AC0100,A001,2026-01-30 13:00:00,2026-01-30 19:43:36.946824371,Technical,Resolved,12,0,None,0,0,SOP-07
TK01447,AC0117,A022,2026-01-30 18:00:00,,Technical,Unresolved,13,0,None,0,0,SOP-07
TK01448,AC0140,A028,2026-01-31 18:00:00,2026-02-01 17:03:57.384193117,Billing,Resolved,8,0,None,0,0,SOP-07
TK01449,AC0125,A016,2026-01-31 15:00:00,2026-02-01 01:12:47.128264842,How-to,Resolved,50,0,None,0,0,None
TK01450,AC0100,A018,2026-01-31 13:00:00,,Account,Waiting Customer,35,0,None,0,0,SOP-12
TK01451,AC0139,A023,2026-01-31 18:00:00,,Account,Partially Resolved,29,0,None,0,0,SOP-07
TK01452,AC0024,A030,2026-01-31 11:00:00,2026-02-01 11:36:20.105111894,How-to,Resolved,23,0,None,0,0,SOP-07
TK01453,AC0121,A027,2026-01-31 08:00:00,,Integration,Waiting Internally,61,1,Product,0,0,SOP-18
TK01454,AC0003,A024,2026-01-31 14:00:00,2026-02-01 13:23:35.238125482,How-to,Resolved,116,0,None,0,0,SOP-23
TK01455,AC0065,A009,2026-01-31 11:00:00,2026-02-01 11:52:06.374385534,Integration,Resolved,13,0,None,0,0,SOP-12
TK01456,AC0126,A029,2026-01-31 18:00:00,2026-02-02 03:39:21.737426587,Account,Resolved,38,0,None,0,0,None
TK01457,AC0126,A037,2026-01-31 10:00:00,2026-02-01 07:55:39.718298959,Bug,Resolved,13,0,None,0,0,SOP-12
TK01458,AC0077,A008,2026-02-01 08:00:00,2026-02-02 02:52:30.039117518,Feature Request,Resolved,11,0,None,0,0,SOP-18
TK01459,AC0018,A033,2026-02-01 19:00:00,2026-02-01 21:29:28.071021020,Bug,Resolved,33,1,Operations,0,0,None
TK01460,AC0090,A019,2026-02-01 20:00:00,2026-02-02 09:09:23.725422994,How-to,Resolved,17,0,None,0,0,None
TK01461,AC0024,A028,2026-02-01 08:00:00,2026-02-01 13:15:53.177448146,Bug,Resolved,30,1,Billing,0,0,None
TK01462,AC0149,A032,2026-02-01 18:00:00,2026-02-02 10:12:48.459723233,Billing,Resolved,34,0,None,0,0,None
TK01463,AC0099,A016,2026-02-01 20:00:00,2026-02-01 21:59:13.030273561,Technical,Resolved,16,0,None,0,0,SOP-07
TK01464,AC0090,A011,2026-02-01 17:00:00,2026-02-03 01:15:39.771903799,Billing,Resolved,66,0,None,0,0,None
TK01465,AC0061,A037,2026-02-01 13:00:00,2026-02-02 12:20:37.214177892,Technical,Resolved,44,0,None,0,0,None
TK01466,AC0045,A038,2026-02-01 09:00:00,2026-02-02 02:01:47.120200568,Technical,Resolved,22,0,None,0,0,SOP-07
TK01467,AC0027,A026,2026-02-01 08:00:00,,Technical,Waiting Internally,16,1,Product,0,0,None
TK01468,AC0030,A011,2026-02-02 15:00:00,2026-02-03 19:05:18.346912487,Bug,Resolved,63,0,None,0,0,None
TK01469,AC0143,A013,2026-02-02 12:00:00,,Billing,Partially Resolved,12,0,None,1,0,SOP-12
TK01470,AC0085,A002,2026-02-02 11:00:00,2026-02-02 20:11:53.627772539,Account,Resolved,39,0,None,0,0,SOP-23
TK01471,AC0008,A034,2026-02-02 16:00:00,2026-02-03 01:16:58.236386666,Technical,Resolved,113,0,None,0,0,SOP-18
TK01472,AC0046,A011,2026-02-02 09:00:00,2026-02-02 18:46:04.062567004,Account,Resolved,39,0,None,0,0,None
TK01473,AC0085,A026,2026-02-02 08:00:00,2026-02-03 17:00:44.446308914,Technical,Resolved,23,0,None,0,0,SOP-18
TK01474,AC0002,A025,2026-02-02 16:00:00,,How-to,Partially Resolved,22,0,None,1,0,SOP-23
TK01475,AC0057,A023,2026-02-02 17:00:00,2026-02-02 22:16:26.095744164,How-to,Resolved,18,0,None,0,0,SOP-07
TK01476,AC0147,A025,2026-02-03 09:00:00,,Bug,Waiting Customer,25,0,None,0,0,SOP-18
TK01477,AC0100,A015,2026-02-03 20:00:00,,Feature Request,Partially Resolved,34,0,None,0,0,None
TK01478,AC0008,A033,2026-02-03 12:00:00,2026-02-03 22:23:59.108602128,Billing,Resolved,18,0,None,0,1,SOP-18
TK01479,AC0038,A026,2026-02-03 14:00:00,2026-02-04 03:27:28.262365292,Technical,Resolved,59,0,None,0,1,SOP-07
TK01480,AC0027,A017,2026-02-03 16:00:00,2026-02-04 06:52:06.343910973,How-to,Resolved,57,0,None,0,0,SOP-12
TK01481,AC0016,A003,2026-02-04 16:00:00,2026-02-05 03:09:39.766514331,Integration,Resolved,20,0,None,0,0,None
TK01482,AC0008,A012,2026-02-04 11:00:00,2026-02-04 15:09:08.482726736,Technical,Resolved,19,0,None,1,0,None
TK01483,AC0092,A029,2026-02-04 12:00:00,2026-02-05 05:51:10.720537588,How-to,Resolved,23,0,None,0,0,None
TK01484,AC0150,A008,2026-02-04 11:00:00,2026-02-04 19:51:18.775416173,How-to,Resolved,12,0,None,0,0,SOP-23
TK01485,AC0137,A035,2026-02-04 14:00:00,2026-02-04 19:10:11.547587091,Technical,Resolved,26,0,None,0,1,SOP-12
TK01486,AC0144,A036,2026-02-04 10:00:00,2026-02-04 18:30:12.254370068,Bug,Resolved,2,1,Operations,0,0,None
TK01487,AC0030,A017,2026-02-04 12:00:00,,Technical,Partially Resolved,53,0,None,1,0,SOP-07
TK01488,AC0057,A034,2026-02-04 18:00:00,2026-02-05 09:35:59.901102994,How-to,Resolved,25,0,None,0,0,SOP-23
TK01489,AC0030,A006,2026-02-04 09:00:00,2026-02-04 19:08:18.847268052,Integration,Resolved,53,0,None,1,0,None
TK01490,AC0024,A018,2026-02-04 17:00:00,,Technical,Escalated,48,1,Technical,0,0,SOP-23
TK01491,AC0057,A003,2026-02-05 12:00:00,2026-02-06 17:08:21.599055103,Technical,Resolved,95,0,None,0,0,None
TK01492,AC0067,A036,2026-02-05 14:00:00,2026-02-06 22:17:08.004978071,Bug,Resolved,29,0,None,0,1,None
TK01493,AC0132,A019,2026-02-05 10:00:00,2026-02-06 05:38:41.906349910,Technical,Resolved,12,0,None,0,0,SOP-12
TK01494,AC0039,A025,2026-02-05 10:00:00,2026-02-07 20:37:25.117643690,Account,Resolved,19,0,None,0,0,SOP-23
TK01495,AC0087,A011,2026-02-05 13:00:00,2026-02-06 06:13:19.843966840,How-to,Resolved,121,0,None,1,0,None
TK01496,AC0090,A003,2026-02-05 14:00:00,2026-02-06 03:07:49.454820914,Account,Resolved,42,0,None,0,0,SOP-07
TK01497,AC0146,A013,2026-02-05 19:00:00,2026-02-07 12:37:14.050178203,Technical,Resolved,20,0,None,0,0,SOP-18
TK01498,AC0149,A009,2026-02-05 18:00:00,2026-02-05 23:08:01.437599623,Integration,Resolved,6,0,None,0,0,SOP-23
TK01499,AC0010,A016,2026-02-05 15:00:00,2026-02-06 12:11:28.955241995,Technical,Resolved,38,0,None,0,0,SOP-18
TK01500,AC0014,A014,2026-02-05 19:00:00,2026-02-06 10:37:56.397593197,Technical,Resolved,73,0,None,0,0,None
TK01501,AC0051,A006,2026-02-05 14:00:00,2026-02-06 03:20:30.690043951,Feature Request,Resolved,40,0,None,0,0,SOP-07
TK01502,AC0048,A007,2026-02-05 10:00:00,2026-02-05 17:13:33.875265620,Billing,Resolved,9,0,None,0,1,SOP-07
TK01503,AC0090,A037,2026-02-06 14:00:00,2026-02-07 16:27:12.698032944,Account,Resolved,26,0,None,0,0,None
TK01504,AC0085,A034,2026-02-06 19:00:00,2026-02-07 02:17:05.942835712,Feature Request,Resolved,46,0,None,0,1,SOP-12
TK01505,AC0127,A022,2026-02-06 20:00:00,,Feature Request,Unresolved,27,0,None,0,1,SOP-07
TK01506,AC0150,A011,2026-02-06 11:00:00,2026-02-07 01:36:46.404195901,Account,Resolved,67,0,None,0,0,None
TK01507,AC0080,A012,2026-02-06 15:00:00,2026-02-07 11:34:30.415629900,How-to,Resolved,49,0,None,0,0,SOP-18
TK01508,AC0032,A016,2026-02-07 10:00:00,,Technical,Escalated,63,1,Technical,0,0,None
TK01509,AC0133,A028,2026-02-07 16:00:00,2026-02-08 09:43:29.802578304,Account,Resolved,31,0,None,0,0,SOP-23
TK01510,AC0052,A015,2026-02-07 17:00:00,2026-02-08 06:38:28.331523181,Bug,Resolved,47,1,Billing,0,0,None
TK01511,AC0017,A033,2026-02-07 10:00:00,2026-02-09 09:21:54.198582992,Integration,Resolved,5,0,None,0,0,None
TK01512,AC0123,A036,2026-02-07 10:00:00,2026-02-08 09:57:16.074272464,Feature Request,Resolved,90,0,None,0,0,SOP-23
TK01513,AC0039,A015,2026-02-07 09:00:00,2026-02-07 17:53:53.625226278,Bug,Resolved,88,1,Operations,0,0,SOP-07
TK01514,AC0087,A033,2026-02-07 10:00:00,2026-02-08 03:55:32.374614591,Integration,Resolved,99,0,None,0,0,SOP-12
TK01515,AC0030,A002,2026-02-07 14:00:00,,Billing,Waiting Internally,8,1,Operations,0,0,None
TK01516,AC0126,A005,2026-02-07 15:00:00,,Integration,Escalated,16,1,Billing,0,0,None
TK01517,AC0144,A030,2026-02-08 17:00:00,2026-02-09 23:54:11.118736222,Feature Request,Resolved,30,0,None,0,0,None
TK01518,AC0033,A013,2026-02-08 16:00:00,2026-02-09 08:12:21.560158520,Feature Request,Resolved,28,0,None,0,0,None
TK01519,AC0019,A016,2026-02-08 13:00:00,2026-02-08 16:30:07.808593565,Billing,Resolved,25,0,None,0,0,None
TK01520,AC0100,A010,2026-02-08 16:00:00,2026-02-08 19:38:11.660343969,How-to,Resolved,13,0,None,0,0,None
TK01521,AC0007,A028,2026-02-08 12:00:00,2026-02-09 08:18:27.551236478,Technical,Resolved,65,0,None,0,0,SOP-23
TK01522,AC0139,A028,2026-02-08 09:00:00,,Technical,Escalated,50,1,Billing,0,0,SOP-23
TK01523,AC0010,A037,2026-02-08 12:00:00,,Technical,Unresolved,64,0,None,0,0,SOP-07
TK01524,AC0100,A036,2026-02-08 08:00:00,2026-02-09 09:34:36.162491140,Integration,Resolved,94,0,None,0,0,SOP-18
TK01525,AC0088,A004,2026-02-08 19:00:00,2026-02-09 03:36:03.219587795,Account,Resolved,13,0,None,0,0,None
TK01526,AC0023,A004,2026-02-08 15:00:00,2026-02-09 19:09:09.781264232,Technical,Resolved,42,0,None,0,0,SOP-07
TK01527,AC0025,A006,2026-02-08 08:00:00,2026-02-09 09:17:08.647473855,Technical,Resolved,10,0,None,1,0,SOP-18
TK01528,AC0041,A013,2026-02-09 08:00:00,,Billing,Waiting Internally,32,1,Product,1,0,SOP-23
TK01529,AC0117,A031,2026-02-09 14:00:00,2026-02-10 02:27:48.845864854,Account,Resolved,42,0,None,0,0,None
TK01530,AC0085,A017,2026-02-09 14:00:00,2026-02-10 09:21:58.929318766,Technical,Resolved,24,0,None,0,1,None
TK01531,AC0047,A024,2026-02-09 19:00:00,2026-02-10 11:20:54.059235929,Account,Resolved,91,0,None,0,0,SOP-23
TK01532,AC0134,A008,2026-02-09 15:00:00,2026-02-10 00:43:26.833292490,Bug,Resolved,101,1,Product,0,1,None
TK01533,AC0100,A005,2026-02-09 11:00:00,,Account,Unresolved,8,0,None,0,0,None
TK01534,AC0132,A007,2026-02-09 19:00:00,2026-02-11 04:07:08.539100211,Account,Resolved,62,0,None,0,0,SOP-07
TK01535,AC0069,A026,2026-02-09 19:00:00,2026-02-11 05:44:49.520363632,Technical,Resolved,38,0,None,0,0,SOP-07
TK01536,AC0099,A001,2026-02-09 19:00:00,2026-02-10 21:57:35.773657194,Billing,Resolved,143,0,None,0,0,None
TK01537,AC0018,A017,2026-02-09 11:00:00,,Feature Request,Unresolved,118,0,None,0,0,SOP-07
TK01538,AC0113,A014,2026-02-10 13:00:00,2026-02-10 22:45:57.817546960,How-to,Resolved,24,0,None,0,0,SOP-07
TK01539,AC0018,A026,2026-02-10 12:00:00,2026-02-11 04:54:17.086777606,Feature Request,Resolved,16,0,None,0,0,SOP-18
TK01540,AC0046,A022,2026-02-10 15:00:00,2026-02-10 22:42:54.245027472,How-to,Resolved,26,0,None,0,0,None
TK01541,AC0087,A033,2026-02-10 08:00:00,2026-02-11 00:50:21.404418998,Account,Resolved,36,0,None,0,1,SOP-18
TK01542,AC0124,A016,2026-02-10 17:00:00,,Technical,Partially Resolved,2,0,None,0,0,None
TK01543,AC0092,A002,2026-02-10 10:00:00,2026-02-10 22:32:50.208678991,Technical,Resolved,15,0,None,0,0,SOP-23
TK01544,AC0082,A027,2026-02-11 16:00:00,2026-02-12 15:21:15.865130208,Integration,Resolved,17,0,None,0,0,SOP-18
TK01545,AC0104,A005,2026-02-11 12:00:00,2026-02-12 11:07:58.225542513,Account,Resolved,29,0,None,0,0,None
TK01546,AC0047,A014,2026-02-11 20:00:00,,Integration,Unresolved,65,0,None,0,0,None
TK01547,AC0110,A014,2026-02-11 13:00:00,2026-02-11 21:12:27.313694825,Integration,Resolved,22,0,None,0,0,None
TK01548,AC0132,A004,2026-02-11 18:00:00,2026-02-12 01:05:38.373641587,How-to,Resolved,26,0,None,0,0,None
TK01549,AC0035,A035,2026-02-11 09:00:00,,Technical,Escalated,48,1,Billing,0,0,SOP-07
TK01550,AC0021,A015,2026-02-11 15:00:00,2026-02-13 02:23:56.537943022,Technical,Resolved,41,0,None,0,0,None
TK01551,AC0101,A001,2026-02-11 08:00:00,,How-to,Escalated,33,1,Product,0,0,SOP-07
TK01552,AC0065,A010,2026-02-11 11:00:00,2026-02-12 14:25:02.195846272,Technical,Resolved,45,0,None,0,0,SOP-18
TK01553,AC0085,A014,2026-02-11 12:00:00,2026-02-12 00:23:40.094104241,Integration,Resolved,69,0,None,0,0,None
TK01554,AC0100,A009,2026-02-11 16:00:00,2026-02-12 20:18:21.839402897,Bug,Resolved,54,1,Billing,0,0,SOP-18
TK01555,AC0013,A023,2026-02-11 14:00:00,2026-02-12 14:13:36.646014779,Integration,Resolved,42,0,None,0,0,SOP-23
TK01556,AC0075,A016,2026-02-12 15:00:00,2026-02-13 14:05:26.027877505,Bug,Resolved,36,0,None,0,1,None
TK01557,AC0052,A016,2026-02-12 17:00:00,2026-02-15 12:11:01.449307980,Account,Resolved,23,0,None,0,0,None
TK01558,AC0126,A030,2026-02-12 10:00:00,2026-02-12 20:33:46.136007580,Technical,Resolved,21,0,None,0,0,None
TK01559,AC0113,A006,2026-02-12 09:00:00,,Technical,Waiting Customer,20,0,None,0,1,SOP-12
TK01560,AC0138,A018,2026-02-12 11:00:00,,Technical,Escalated,43,1,Technical,0,0,SOP-12
TK01561,AC0088,A009,2026-02-12 10:00:00,2026-02-12 17:06:03.551156327,Integration,Resolved,57,0,None,0,0,None
TK01562,AC0024,A036,2026-02-12 13:00:00,,How-to,Waiting Internally,141,1,Billing,0,0,SOP-23
TK01563,AC0027,A029,2026-02-12 08:00:00,2026-02-13 07:05:55.925657983,How-to,Resolved,60,0,None,0,0,None
TK01564,AC0058,A018,2026-02-13 17:00:00,2026-02-14 03:24:15.468195436,Integration,Resolved,11,0,None,0,0,None
TK01565,AC0090,A002,2026-02-13 13:00:00,2026-02-13 19:35:18.123232048,How-to,Resolved,22,0,None,0,0,SOP-12
TK01566,AC0003,A021,2026-02-13 12:00:00,,Bug,Partially Resolved,94,1,Billing,0,0,None
TK01567,AC0085,A034,2026-02-13 14:00:00,,Account,Unresolved,36,0,None,0,0,None
TK01568,AC0073,A004,2026-02-13 15:00:00,2026-02-14 03:56:02.096775729,Technical,Resolved,15,0,None,0,0,None
TK01569,AC0086,A006,2026-02-13 10:00:00,2026-02-13 19:37:48.236851524,Account,Resolved,20,0,None,0,0,SOP-18
TK01570,AC0100,A038,2026-02-13 09:00:00,2026-02-14 05:55:52.881654561,Technical,Resolved,54,0,None,0,1,SOP-07
TK01571,AC0057,A002,2026-02-13 20:00:00,2026-02-14 11:37:05.583026467,Technical,Resolved,21,0,None,0,0,SOP-23
TK01572,AC0049,A002,2026-02-13 16:00:00,2026-02-15 13:25:37.466857253,How-to,Resolved,15,0,None,0,0,None
TK01573,AC0125,A012,2026-02-13 15:00:00,2026-02-14 03:05:30.648807953,Billing,Resolved,29,0,None,0,0,None
TK01574,AC0127,A011,2026-02-13 15:00:00,2026-02-13 23:24:11.722269547,How-to,Resolved,22,0,None,0,0,None
TK01575,AC0099,A011,2026-02-13 19:00:00,,Account,Waiting Customer,8,0,None,0,0,SOP-18
TK01576,AC0130,A008,2026-02-13 17:00:00,2026-02-14 10:09:56.828932897,Technical,Resolved,46,0,None,0,1,SOP-23
TK01577,AC0112,A022,2026-02-13 08:00:00,,Technical,Escalated,17,1,Product,0,0,SOP-18
TK01578,AC0101,A007,2026-02-14 12:00:00,2026-02-15 12:24:24.537653740,How-to,Resolved,45,0,None,0,0,SOP-12
TK01579,AC0127,A021,2026-02-14 09:00:00,2026-02-14 20:02:25.729818945,Integration,Resolved,43,0,None,0,0,SOP-23
TK01580,AC0099,A029,2026-02-14 11:00:00,2026-02-14 16:14:42.706599111,Feature Request,Resolved,16,0,None,0,0,SOP-23
TK01581,AC0046,A015,2026-02-14 10:00:00,2026-02-15 05:51:46.246440848,Technical,Resolved,9,0,None,0,0,None
TK01582,AC0061,A013,2026-02-14 17:00:00,2026-02-14 17:18:01.022712392,Technical,Resolved,12,0,None,0,0,SOP-23
TK01583,AC0086,A023,2026-02-14 13:00:00,2026-02-15 04:33:02.441841038,How-to,Resolved,20,0,None,0,0,None
TK01584,AC0146,A008,2026-02-14 08:00:00,2026-02-14 15:28:48.847106358,Technical,Resolved,88,0,None,0,0,SOP-18
TK01585,AC0044,A006,2026-02-14 10:00:00,2026-02-15 23:14:21.012742767,Bug,Resolved,59,1,Billing,0,0,SOP-12
TK01586,AC0067,A002,2026-02-15 17:00:00,2026-02-16 02:39:24.219016489,Integration,Resolved,40,0,None,1,0,None
TK01587,AC0090,A023,2026-02-15 09:00:00,2026-02-16 05:04:41.752641070,Integration,Resolved,64,0,None,0,0,SOP-23
TK01588,AC0068,A028,2026-02-15 08:00:00,2026-02-17 07:18:51.062286590,Feature Request,Resolved,49,0,None,0,0,None
TK01589,AC0025,A002,2026-02-15 10:00:00,2026-02-15 21:25:00.886777698,Feature Request,Resolved,35,0,None,0,0,SOP-07
TK01590,AC0064,A037,2026-02-15 12:00:00,,How-to,Waiting Internally,52,1,Product,0,0,None
TK01591,AC0101,A030,2026-02-15 20:00:00,2026-02-16 11:31:24.950443527,Account,Resolved,3,0,None,0,0,SOP-23
TK01592,AC0049,A027,2026-02-15 09:00:00,,Bug,Escalated,6,1,Billing,1,0,SOP-18
TK01593,AC0035,A024,2026-02-15 09:00:00,2026-02-15 23:07:46.913741941,Feature Request,Resolved,12,0,None,0,0,SOP-18
TK01594,AC0061,A038,2026-02-15 18:00:00,,Technical,Escalated,102,1,Billing,0,1,SOP-12
TK01595,AC0132,A036,2026-02-15 16:00:00,,Bug,Escalated,37,1,Billing,0,0,None
TK01596,AC0137,A008,2026-02-15 18:00:00,2026-02-16 06:53:11.549042427,Bug,Resolved,48,0,None,0,0,SOP-07
TK01597,AC0054,A032,2026-02-15 15:00:00,2026-02-15 15:56:58.938749406,How-to,Resolved,15,0,None,0,0,SOP-18
TK01598,AC0003,A007,2026-02-15 16:00:00,2026-02-17 00:50:07.151253640,How-to,Resolved,29,0,None,0,1,SOP-12
TK01599,AC0132,A032,2026-02-15 10:00:00,2026-02-16 17:27:29.719076437,Technical,Resolved,22,0,None,0,0,None
TK01600,AC0128,A012,2026-02-15 17:00:00,,Integration,Partially Resolved,101,0,None,0,0,None
TK01601,AC0030,A025,2026-02-16 19:00:00,2026-02-16 20:11:35.420237448,Technical,Resolved,48,0,None,1,0,None
TK01602,AC0088,A015,2026-02-16 12:00:00,2026-02-16 20:57:54.841477700,Billing,Resolved,10,0,None,0,0,SOP-18
TK01603,AC0073,A010,2026-02-16 10:00:00,,Account,Escalated,44,1,Technical,0,0,SOP-18
TK01604,AC0057,A011,2026-02-16 12:00:00,2026-02-16 18:39:15.780159787,Account,Resolved,56,0,None,0,0,None
TK01605,AC0065,A006,2026-02-16 13:00:00,2026-02-18 01:09:57.134031743,Bug,Resolved,48,1,Product,0,1,SOP-12
TK01606,AC0150,A025,2026-02-16 20:00:00,2026-02-18 20:25:15.337623182,Billing,Resolved,54,0,None,0,0,SOP-23
TK01607,AC0113,A027,2026-02-16 17:00:00,,Account,Unresolved,14,0,None,0,1,SOP-23
TK01608,AC0009,A018,2026-02-16 10:00:00,2026-02-16 13:40:52.663477335,How-to,Resolved,33,0,None,0,0,None
TK01609,AC0105,A015,2026-02-16 12:00:00,2026-02-17 19:11:30.829721622,How-to,Resolved,20,0,None,0,0,None
TK01610,AC0056,A021,2026-02-17 16:00:00,2026-02-18 04:29:31.289190230,Technical,Resolved,9,0,None,0,1,None
TK01611,AC0094,A010,2026-02-17 09:00:00,,Feature Request,Waiting Customer,102,0,None,0,0,None
TK01612,AC0024,A025,2026-02-17 16:00:00,2026-02-18 17:10:32.685348833,How-to,Resolved,56,0,None,0,1,SOP-12
TK01613,AC0065,A016,2026-02-17 09:00:00,2026-02-18 04:21:15.060503123,Account,Resolved,16,0,None,0,0,SOP-23
TK01614,AC0006,A032,2026-02-17 20:00:00,2026-02-18 12:17:10.891717733,How-to,Resolved,20,0,None,0,1,SOP-23
TK01615,AC0049,A002,2026-02-17 15:00:00,,Integration,Unresolved,20,0,None,0,0,None
TK01616,AC0037,A030,2026-02-17 20:00:00,2026-02-18 03:00:35.378162130,How-to,Resolved,23,0,None,0,1,None
TK01617,AC0094,A013,2026-02-17 12:00:00,2026-02-18 04:18:22.075595127,Technical,Resolved,80,0,None,0,0,SOP-12
TK01618,AC0018,A026,2026-02-17 08:00:00,2026-02-17 15:19:28.810182118,Technical,Resolved,52,0,None,0,0,SOP-18
TK01619,AC0056,A021,2026-02-17 13:00:00,,Billing,Escalated,7,1,Technical,0,0,SOP-23
TK01620,AC0065,A027,2026-02-17 16:00:00,2026-02-17 22:31:51.252441666,How-to,Resolved,59,0,None,0,1,SOP-07
TK01621,AC0085,A011,2026-02-18 10:00:00,2026-02-19 14:30:25.150942242,How-to,Resolved,30,0,None,0,0,SOP-18
TK01622,AC0099,A007,2026-02-18 17:00:00,2026-02-19 12:09:14.980169629,Account,Resolved,21,0,None,0,1,None
TK01623,AC0017,A006,2026-02-18 11:00:00,2026-02-18 19:27:05.013794451,Bug,Resolved,36,1,Technical,0,0,None
TK01624,AC0010,A035,2026-02-18 19:00:00,2026-02-19 00:31:35.153049157,Technical,Resolved,50,0,None,0,0,SOP-23
TK01625,AC0062,A009,2026-02-18 09:00:00,2026-02-20 03:15:26.785403521,Bug,Resolved,28,1,Product,0,0,None
TK01626,AC0085,A036,2026-02-18 08:00:00,2026-02-19 07:04:19.980229409,Integration,Resolved,15,0,None,0,1,SOP-18
TK01627,AC0100,A035,2026-02-18 08:00:00,2026-02-19 05:04:19.252554650,Integration,Resolved,19,0,None,1,0,SOP-07
TK01628,AC0117,A034,2026-02-18 17:00:00,2026-02-19 02:05:39.931241850,Technical,Resolved,21,0,None,0,0,SOP-07
TK01629,AC0140,A022,2026-02-19 18:00:00,2026-02-20 08:52:01.771801018,Technical,Resolved,79,0,None,0,0,SOP-23
TK01630,AC0008,A012,2026-02-19 20:00:00,,Bug,Waiting Internally,102,1,Product,1,0,None
TK01631,AC0068,A015,2026-02-19 14:00:00,2026-02-20 14:04:43.539302747,How-to,Resolved,23,0,None,1,0,SOP-18
TK01632,AC0138,A033,2026-02-19 18:00:00,2026-02-20 09:52:38.731373008,Bug,Resolved,10,0,None,0,0,None
TK01633,AC0021,A014,2026-02-19 10:00:00,2026-02-19 16:57:45.677315145,Feature Request,Resolved,25,0,None,0,0,SOP-18
TK01634,AC0088,A031,2026-02-19 10:00:00,,Bug,Waiting Internally,62,1,Technical,0,0,None
TK01635,AC0061,A038,2026-02-19 11:00:00,2026-02-19 16:01:31.301092064,Account,Resolved,13,0,None,0,0,SOP-18
TK01636,AC0142,A033,2026-02-20 20:00:00,2026-02-21 03:58:37.919472777,Billing,Resolved,22,0,None,0,0,SOP-07
TK01637,AC0127,A001,2026-02-20 14:00:00,2026-02-20 15:57:45.421951044,Bug,Resolved,6,0,None,0,0,SOP-12
TK01638,AC0004,A008,2026-02-20 15:00:00,2026-02-20 17:06:23.830946104,Account,Resolved,12,0,None,0,0,None
TK01639,AC0053,A033,2026-02-20 10:00:00,2026-02-21 00:03:13.893530463,Bug,Resolved,5,0,None,0,0,SOP-12
TK01640,AC0101,A038,2026-02-20 18:00:00,2026-02-22 04:55:25.150504355,Integration,Resolved,50,0,None,0,0,SOP-07
TK01641,AC0139,A038,2026-02-20 16:00:00,,Feature Request,Waiting Customer,58,0,None,0,0,None
TK01642,AC0137,A023,2026-02-20 19:00:00,,Account,Waiting Customer,18,0,None,0,0,SOP-23
TK01643,AC0137,A013,2026-02-20 11:00:00,2026-02-21 03:52:57.351605225,Feature Request,Resolved,48,0,None,0,0,None
TK01644,AC0086,A032,2026-02-20 09:00:00,,Billing,Escalated,147,1,Product,0,0,None
TK01645,AC0050,A037,2026-02-20 09:00:00,2026-02-20 13:09:57.136012370,Billing,Resolved,25,0,None,0,0,SOP-12
TK01646,AC0132,A029,2026-02-20 14:00:00,2026-02-21 20:41:05.897159156,Bug,Resolved,19,0,None,0,1,SOP-18
TK01647,AC0114,A027,2026-02-21 18:00:00,2026-02-22 16:18:58.964375569,Bug,Resolved,52,0,None,0,1,None
TK01648,AC0089,A023,2026-02-21 10:00:00,2026-02-22 06:20:32.381470472,Technical,Resolved,47,0,None,0,0,None
TK01649,AC0062,A038,2026-02-21 13:00:00,2026-02-22 05:41:49.296518758,Billing,Resolved,26,0,None,0,0,SOP-07
TK01650,AC0104,A026,2026-02-21 08:00:00,2026-02-22 03:16:10.805763406,Billing,Resolved,48,0,None,0,0,SOP-12
TK01651,AC0030,A013,2026-02-21 19:00:00,2026-02-23 03:20:45.603011405,How-to,Resolved,58,0,None,0,0,SOP-23
TK01652,AC0130,A013,2026-02-21 19:00:00,2026-02-22 12:06:08.248987482,How-to,Resolved,16,0,None,0,0,None
TK01653,AC0085,A023,2026-02-22 13:00:00,2026-02-22 22:51:20.578567545,Bug,Resolved,22,1,Billing,1,1,None
TK01654,AC0101,A022,2026-02-22 10:00:00,2026-02-22 18:05:59.075726652,Technical,Resolved,67,0,None,0,1,SOP-18
TK01655,AC0076,A036,2026-02-22 12:00:00,2026-02-23 01:07:15.352239197,Account,Resolved,19,0,None,0,0,SOP-23
TK01656,AC0061,A023,2026-02-22 15:00:00,2026-02-23 12:04:40.329961954,Technical,Resolved,33,0,None,0,0,None
TK01657,AC0132,A009,2026-02-22 19:00:00,2026-02-24 18:26:16.260256344,How-to,Resolved,28,0,None,0,0,SOP-12
TK01658,AC0018,A032,2026-02-22 18:00:00,2026-02-22 19:26:42.146250491,How-to,Resolved,28,0,None,0,0,None
TK01659,AC0101,A012,2026-02-23 13:00:00,2026-02-24 03:43:37.140379820,Account,Resolved,28,0,None,0,0,SOP-23
TK01660,AC0023,A033,2026-02-23 10:00:00,2026-02-23 21:01:52.600137633,Technical,Resolved,17,0,None,0,1,SOP-07
TK01661,AC0103,A003,2026-02-23 09:00:00,2026-02-24 01:02:49.872393237,Account,Resolved,23,0,None,0,0,SOP-07
TK01662,AC0065,A032,2026-02-23 13:00:00,,Billing,Escalated,36,1,Billing,0,0,SOP-23
TK01663,AC0104,A026,2026-02-23 14:00:00,2026-02-24 11:35:34.377976831,How-to,Resolved,87,0,None,0,0,SOP-12
TK01664,AC0058,A009,2026-02-23 15:00:00,,How-to,Escalated,31,1,Operations,0,0,None
TK01665,AC0040,A028,2026-02-23 18:00:00,,How-to,Unresolved,25,0,None,0,0,None
TK01666,AC0130,A027,2026-02-24 09:00:00,2026-02-25 07:34:25.204736957,Technical,Resolved,54,0,None,0,0,SOP-18
TK01667,AC0140,A007,2026-02-24 19:00:00,2026-02-25 08:30:16.332805362,How-to,Resolved,59,0,None,0,0,SOP-12
TK01668,AC0064,A031,2026-02-24 14:00:00,2026-02-25 00:26:23.921562022,Billing,Resolved,17,0,None,1,0,SOP-23
TK01669,AC0069,A014,2026-02-24 17:00:00,2026-02-25 05:51:30.379944628,Bug,Resolved,11,0,None,0,0,SOP-07
TK01670,AC0044,A010,2026-02-24 16:00:00,2026-02-25 18:21:57.407139798,Integration,Resolved,5,0,None,0,0,None
TK01671,AC0058,A026,2026-02-24 08:00:00,2026-02-24 19:19:22.041218635,Technical,Resolved,39,0,None,0,0,SOP-23
TK01672,AC0101,A001,2026-02-24 12:00:00,,Technical,Escalated,22,1,Operations,0,0,None
TK01673,AC0121,A038,2026-02-24 12:00:00,,Integration,Waiting Customer,9,0,None,0,1,SOP-12
TK01674,AC0030,A020,2026-02-24 08:00:00,2026-02-24 20:03:06.679325278,Billing,Resolved,19,0,None,0,0,SOP-12
TK01675,AC0132,A032,2026-02-24 14:00:00,2026-02-25 10:42:40.639723188,Billing,Resolved,38,0,None,0,1,None
TK01676,AC0137,A003,2026-02-24 17:00:00,2026-02-25 20:29:50.729445363,Integration,Resolved,24,0,None,1,0,SOP-23
TK01677,AC0009,A004,2026-02-24 15:00:00,2026-02-25 05:45:31.592872163,Technical,Resolved,8,0,None,0,0,SOP-07
TK01678,AC0006,A005,2026-02-24 18:00:00,,Technical,Unresolved,16,0,None,0,0,SOP-07
TK01679,AC0088,A002,2026-02-24 18:00:00,2026-02-25 17:40:27.195834928,How-to,Resolved,49,0,None,0,0,None
TK01680,AC0107,A024,2026-02-24 12:00:00,,Bug,Partially Resolved,7,0,None,0,0,None
TK01681,AC0125,A030,2026-02-25 18:00:00,2026-02-25 21:26:32.247659702,Technical,Resolved,14,0,None,1,0,SOP-12
TK01682,AC0024,A037,2026-02-25 13:00:00,2026-02-26 07:45:06.242320769,Billing,Resolved,20,0,None,0,0,None
TK01683,AC0113,A015,2026-02-25 11:00:00,2026-02-25 13:01:36.685843164,Integration,Resolved,122,0,None,0,0,None
TK01684,AC0050,A019,2026-02-25 20:00:00,2026-02-26 04:30:50.132429651,Technical,Resolved,59,0,None,0,0,SOP-07
TK01685,AC0100,A001,2026-02-25 20:00:00,2026-02-26 02:00:01.095312339,Technical,Resolved,110,0,None,0,0,None
TK01686,AC0085,A020,2026-02-25 08:00:00,,Bug,Escalated,45,1,Technical,0,0,SOP-23
TK01687,AC0044,A032,2026-02-25 18:00:00,2026-02-26 11:15:05.340161701,Technical,Resolved,11,0,None,0,0,None
TK01688,AC0024,A013,2026-02-25 14:00:00,,How-to,Waiting Customer,8,0,None,0,0,None
TK01689,AC0080,A033,2026-02-25 20:00:00,2026-02-26 08:31:50.961740642,Feature Request,Resolved,75,0,None,0,0,None
TK01690,AC0026,A028,2026-02-25 14:00:00,,Feature Request,Waiting Customer,17,0,None,0,0,None
TK01691,AC0114,A005,2026-02-26 09:00:00,2026-02-27 03:01:53.274395280,How-to,Resolved,47,0,None,0,0,SOP-18
TK01692,AC0087,A030,2026-02-26 10:00:00,2026-02-26 19:14:03.573866455,Technical,Resolved,26,0,None,0,0,None
TK01693,AC0080,A023,2026-02-26 14:00:00,2026-02-27 04:40:18.416107691,Technical,Resolved,55,0,None,0,0,SOP-23
TK01694,AC0074,A032,2026-02-26 10:00:00,2026-02-27 12:33:07.588915431,How-to,Resolved,37,0,None,0,0,None
TK01695,AC0061,A020,2026-02-27 16:00:00,2026-02-28 02:28:50.565090437,Technical,Resolved,45,0,None,0,0,SOP-23
TK01696,AC0011,A022,2026-02-27 10:00:00,2026-02-27 14:32:32.135980937,Integration,Resolved,47,0,None,0,0,None
TK01697,AC0105,A012,2026-02-27 11:00:00,,Billing,Escalated,35,1,Technical,0,0,SOP-18
TK01698,AC0017,A020,2026-02-27 15:00:00,2026-02-27 20:15:36.620947785,Account,Resolved,82,0,None,1,0,SOP-18
TK01699,AC0024,A008,2026-02-27 15:00:00,2026-02-28 01:43:34.863473959,Technical,Resolved,8,0,None,0,0,SOP-07
TK01700,AC0048,A031,2026-02-27 11:00:00,2026-02-28 02:39:30.306490194,Billing,Resolved,45,0,None,0,1,SOP-23
TK01701,AC0024,A036,2026-02-27 13:00:00,2026-02-28 20:01:44.334556015,Integration,Resolved,22,0,None,0,0,None
TK01702,AC0143,A025,2026-02-27 09:00:00,2026-02-28 13:55:57.721888886,Account,Resolved,74,0,None,0,0,SOP-12
TK01703,AC0137,A016,2026-02-27 12:00:00,,Integration,Escalated,16,1,Operations,0,0,None
TK01704,AC0088,A006,2026-02-27 15:00:00,2026-02-27 20:24:32.742977749,Technical,Resolved,13,0,None,0,0,None
TK01705,AC0061,A010,2026-02-28 17:00:00,,Technical,Waiting Internally,19,1,Product,0,0,SOP-12
TK01706,AC0020,A016,2026-02-28 12:00:00,2026-02-28 22:28:02.584672413,Technical,Resolved,42,0,None,0,0,None
TK01707,AC0047,A027,2026-02-28 19:00:00,2026-03-01 04:27:15.223477826,Integration,Resolved,6,0,None,0,0,SOP-23
TK01708,AC0071,A017,2026-02-28 16:00:00,,Feature Request,Waiting Customer,44,0,None,0,0,SOP-07
TK01709,AC0142,A027,2026-02-28 18:00:00,2026-03-01 12:44:45.902325902,Technical,Resolved,32,0,None,0,0,SOP-12
TK01710,AC0150,A026,2026-02-28 08:00:00,,Feature Request,Escalated,7,1,Product,0,0,None
TK01711,AC0121,A005,2026-02-28 14:00:00,2026-02-28 19:46:01.681983452,Integration,Resolved,17,0,None,0,1,SOP-23
TK01712,AC0004,A022,2026-03-01 20:00:00,2026-03-02 09:16:27.857868348,How-to,Resolved,29,0,None,1,0,SOP-23
TK01713,AC0112,A018,2026-03-01 13:00:00,,Technical,Unresolved,11,0,None,0,0,SOP-12
TK01714,AC0088,A004,2026-03-01 16:00:00,,Account,Escalated,16,1,Billing,0,0,None
TK01715,AC0100,A002,2026-03-01 13:00:00,2026-03-03 21:14:19.422400509,How-to,Resolved,3,0,None,0,0,SOP-12
TK01716,AC0075,A037,2026-03-01 11:00:00,2026-03-01 19:22:58.428210103,Account,Resolved,31,0,None,0,0,None
TK01717,AC0018,A036,2026-03-01 11:00:00,2026-03-01 19:12:58.867566077,How-to,Resolved,26,0,None,0,0,SOP-18
TK01718,AC0103,A005,2026-03-01 17:00:00,2026-03-02 10:57:33.110856843,How-to,Resolved,6,0,None,0,0,SOP-07
TK01719,AC0070,A018,2026-03-01 12:00:00,2026-03-03 05:21:32.369831081,Integration,Resolved,11,0,None,0,0,None
TK01720,AC0087,A013,2026-03-01 14:00:00,2026-03-01 21:35:04.199933932,Bug,Resolved,7,0,None,0,0,SOP-07
TK01721,AC0090,A027,2026-03-02 08:00:00,2026-03-03 00:50:33.034224945,How-to,Resolved,47,0,None,0,0,SOP-18
TK01722,AC0105,A022,2026-03-02 11:00:00,2026-03-03 05:12:44.826942468,Integration,Resolved,15,0,None,0,0,SOP-18
TK01723,AC0117,A028,2026-03-02 11:00:00,,How-to,Unresolved,26,0,None,0,0,None
TK01724,AC0099,A008,2026-03-02 19:00:00,2026-03-05 02:04:08.748423314,How-to,Resolved,23,0,None,0,0,None
TK01725,AC0049,A029,2026-03-02 09:00:00,,Integration,Partially Resolved,53,0,None,0,0,SOP-07
TK01726,AC0127,A033,2026-03-02 08:00:00,2026-03-02 20:32:48.056767757,Billing,Resolved,10,0,None,0,0,SOP-12
TK01727,AC0033,A032,2026-03-02 15:00:00,2026-03-03 14:31:04.022722331,Integration,Resolved,38,0,None,0,0,None
TK01728,AC0064,A038,2026-03-02 08:00:00,2026-03-03 08:00:41.712042085,Feature Request,Resolved,28,0,None,0,0,SOP-07
TK01729,AC0081,A004,2026-03-02 11:00:00,,Billing,Waiting Customer,55,0,None,0,0,SOP-23
TK01730,AC0068,A027,2026-03-02 15:00:00,2026-03-03 16:53:12.752285476,Technical,Resolved,9,0,None,0,0,None
TK01731,AC0004,A016,2026-03-02 08:00:00,2026-03-02 12:14:42.517606476,Account,Resolved,4,0,None,0,1,None
TK01732,AC0048,A038,2026-03-03 08:00:00,,Integration,Escalated,57,1,Billing,0,0,SOP-12
TK01733,AC0085,A002,2026-03-03 17:00:00,,Integration,Waiting Customer,17,0,None,0,0,SOP-23
TK01734,AC0105,A016,2026-03-03 13:00:00,2026-03-04 08:53:30.946694189,How-to,Resolved,37,0,None,0,0,None
TK01735,AC0047,A026,2026-03-03 15:00:00,2026-03-04 03:56:12.981416173,Technical,Resolved,9,0,None,0,0,SOP-12
TK01736,AC0113,A031,2026-03-03 11:00:00,2026-03-05 08:04:57.688108845,Integration,Resolved,72,0,None,0,0,SOP-18
TK01737,AC0101,A002,2026-03-03 16:00:00,2026-03-03 23:15:54.756247042,Bug,Resolved,20,0,None,0,0,SOP-23
TK01738,AC0055,A021,2026-03-03 13:00:00,2026-03-04 09:42:48.289365558,Technical,Resolved,46,0,None,0,0,None
TK01739,AC0087,A009,2026-03-03 15:00:00,,Integration,Waiting Internally,37,1,Operations,1,0,None
TK01740,AC0069,A029,2026-03-03 14:00:00,2026-03-04 17:26:06.122720775,How-to,Resolved,48,0,None,0,0,None
TK01741,AC0103,A018,2026-03-03 19:00:00,2026-03-04 15:57:49.479117727,Bug,Resolved,38,1,Technical,1,0,None
TK01742,AC0062,A023,2026-03-04 19:00:00,2026-03-04 20:00:39.756728940,Technical,Resolved,6,0,None,0,0,SOP-12
TK01743,AC0121,A019,2026-03-04 13:00:00,2026-03-04 21:59:38.972456959,Account,Resolved,9,0,None,0,0,None
TK01744,AC0123,A014,2026-03-04 11:00:00,2026-03-04 23:07:20.336754439,Technical,Resolved,41,0,None,0,1,None
TK01745,AC0101,A019,2026-03-04 11:00:00,2026-03-05 00:36:32.012430587,Billing,Resolved,39,0,None,1,0,SOP-07
TK01746,AC0049,A004,2026-03-04 15:00:00,2026-03-05 04:32:11.547974500,Account,Resolved,57,0,None,0,0,None
TK01747,AC0135,A028,2026-03-04 14:00:00,2026-03-05 01:49:15.598214119,Technical,Resolved,47,0,None,1,0,None
TK01748,AC0077,A030,2026-03-04 12:00:00,,Integration,Escalated,59,1,Billing,0,0,None
TK01749,AC0099,A001,2026-03-05 14:00:00,2026-03-05 23:58:38.538858132,Technical,Resolved,15,0,None,0,0,SOP-07
TK01750,AC0017,A015,2026-03-05 16:00:00,,How-to,Partially Resolved,69,0,None,0,0,SOP-07
TK01751,AC0090,A015,2026-03-05 20:00:00,,Technical,Partially Resolved,35,0,None,1,0,None
TK01752,AC0114,A021,2026-03-05 20:00:00,2026-03-06 21:40:01.524158400,Bug,Resolved,23,0,None,0,1,None
TK01753,AC0101,A033,2026-03-05 08:00:00,,Billing,Escalated,4,1,Technical,1,0,SOP-18
TK01754,AC0030,A014,2026-03-05 12:00:00,,How-to,Escalated,47,1,Product,0,0,SOP-12
TK01755,AC0013,A003,2026-03-05 18:00:00,2026-03-07 07:26:50.699735703,Bug,Resolved,16,0,None,0,0,SOP-23
TK01756,AC0088,A009,2026-03-05 19:00:00,2026-03-06 19:26:05.212355670,Billing,Resolved,16,0,None,0,0,None
TK01757,AC0045,A014,2026-03-06 17:00:00,2026-03-07 05:52:24.605061233,Billing,Resolved,41,0,None,0,0,SOP-12
TK01758,AC0138,A003,2026-03-06 13:00:00,2026-03-06 22:03:58.180918254,Bug,Resolved,14,0,None,0,0,None
TK01759,AC0121,A018,2026-03-06 20:00:00,2026-03-06 23:05:21.123681628,Integration,Resolved,38,0,None,0,0,None
TK01760,AC0090,A033,2026-03-06 16:00:00,2026-03-08 05:46:22.779313460,Technical,Resolved,22,0,None,0,1,None
TK01761,AC0140,A010,2026-03-06 15:00:00,2026-03-07 01:38:03.051801940,Technical,Resolved,4,0,None,0,0,None
TK01762,AC0065,A009,2026-03-06 10:00:00,2026-03-06 16:15:20.472357476,Bug,Resolved,15,1,Billing,0,1,None
TK01763,AC0018,A023,2026-03-06 17:00:00,2026-03-07 03:44:12.759374058,How-to,Resolved,11,0,None,0,0,SOP-18
TK01764,AC0094,A014,2026-03-06 15:00:00,2026-03-07 01:55:22.237393049,Billing,Resolved,8,0,None,0,0,None
TK01765,AC0065,A002,2026-03-07 16:00:00,2026-03-08 19:40:56.227180881,How-to,Resolved,13,0,None,0,0,SOP-07
TK01766,AC0066,A024,2026-03-07 16:00:00,2026-03-08 19:34:09.324363632,Integration,Resolved,30,0,None,0,0,SOP-18
TK01767,AC0132,A015,2026-03-07 10:00:00,2026-03-08 00:26:03.636104202,Technical,Resolved,63,0,None,0,0,None
TK01768,AC0049,A037,2026-03-07 12:00:00,2026-03-07 20:30:25.653633495,Integration,Resolved,21,0,None,0,0,SOP-23
TK01769,AC0126,A030,2026-03-07 10:00:00,2026-03-07 23:41:35.036042160,Integration,Resolved,16,0,None,0,0,None
TK01770,AC0132,A026,2026-03-07 19:00:00,,Account,Unresolved,41,0,None,0,0,SOP-23
TK01771,AC0099,A027,2026-03-07 12:00:00,2026-03-07 15:47:46.557711463,How-to,Resolved,29,0,None,0,0,SOP-12
TK01772,AC0047,A037,2026-03-07 20:00:00,2026-03-08 14:24:01.986332147,Technical,Resolved,58,0,None,0,0,None
TK01773,AC0110,A007,2026-03-08 19:00:00,2026-03-09 10:07:51.252874059,Feature Request,Resolved,30,0,None,0,0,SOP-07
TK01774,AC0137,A034,2026-03-08 14:00:00,2026-03-09 02:38:24.224307038,How-to,Resolved,14,0,None,0,0,None
TK01775,AC0047,A006,2026-03-08 09:00:00,2026-03-08 22:10:15.004265360,Technical,Resolved,11,0,None,0,0,None
TK01776,AC0143,A016,2026-03-08 16:00:00,2026-03-09 03:50:27.336147704,Account,Resolved,54,0,None,0,0,SOP-23
TK01777,AC0150,A008,2026-03-08 18:00:00,2026-03-09 17:34:01.602656711,Bug,Resolved,17,0,None,0,0,SOP-18
TK01778,AC0100,A004,2026-03-08 16:00:00,2026-03-10 04:37:51.742435565,Account,Resolved,64,0,None,0,0,None
TK01779,AC0095,A026,2026-03-08 13:00:00,2026-03-09 04:25:22.814442889,How-to,Resolved,44,0,None,0,0,SOP-07
TK01780,AC0147,A019,2026-03-08 20:00:00,2026-03-09 01:12:29.925562545,Technical,Resolved,37,0,None,0,0,None
TK01781,AC0116,A011,2026-03-08 19:00:00,,Integration,Escalated,53,1,Billing,0,0,None
TK01782,AC0027,A026,2026-03-08 16:00:00,,Bug,Escalated,34,1,Operations,0,0,SOP-18
TK01783,AC0030,A006,2026-03-08 08:00:00,,Account,Unresolved,72,0,None,0,0,SOP-18
TK01784,AC0123,A007,2026-03-08 18:00:00,2026-03-09 06:11:08.842495917,Feature Request,Resolved,45,0,None,0,0,SOP-23
TK01785,AC0058,A011,2026-03-08 09:00:00,2026-03-09 01:55:09.564072898,Integration,Resolved,21,0,None,0,0,None
TK01786,AC0103,A017,2026-03-08 14:00:00,2026-03-08 21:25:35.738179576,Account,Resolved,22,0,None,0,0,None
TK01787,AC0004,A025,2026-03-08 10:00:00,2026-03-09 18:42:05.229630367,How-to,Resolved,14,0,None,0,0,SOP-12
TK01788,AC0087,A035,2026-03-09 14:00:00,,Technical,Waiting Customer,50,0,None,0,0,None
TK01789,AC0074,A004,2026-03-09 09:00:00,2026-03-09 20:51:40.512113068,How-to,Resolved,9,0,None,0,0,SOP-12
TK01790,AC0032,A015,2026-03-09 13:00:00,2026-03-09 20:40:48.071443374,Technical,Resolved,3,0,None,0,0,SOP-07
TK01791,AC0055,A026,2026-03-09 13:00:00,2026-03-10 18:49:27.402011808,How-to,Resolved,31,0,None,0,0,SOP-23
TK01792,AC0120,A008,2026-03-09 16:00:00,2026-03-10 00:58:41.295838806,How-to,Resolved,19,0,None,0,1,None
TK01793,AC0010,A004,2026-03-09 10:00:00,2026-03-09 15:52:40.709151738,Feature Request,Resolved,24,0,None,0,0,SOP-07
TK01794,AC0068,A014,2026-03-10 14:00:00,2026-03-10 23:48:38.455202992,How-to,Resolved,99,0,None,1,0,SOP-07
TK01795,AC0137,A035,2026-03-10 15:00:00,,Feature Request,Waiting Internally,23,1,Billing,0,0,None
TK01796,AC0087,A028,2026-03-10 13:00:00,,How-to,Unresolved,6,0,None,0,0,SOP-23
TK01797,AC0075,A033,2026-03-10 18:00:00,,Technical,Escalated,7,1,Technical,0,1,SOP-18
TK01798,AC0119,A004,2026-03-10 17:00:00,,Feature Request,Unresolved,34,0,None,0,0,SOP-12
TK01799,AC0121,A003,2026-03-10 18:00:00,2026-03-11 02:28:22.181765282,How-to,Resolved,13,0,None,0,0,None
TK01800,AC0100,A009,2026-03-10 17:00:00,2026-03-11 20:16:55.983343249,Bug,Resolved,52,0,None,0,0,None
TK01801,AC0126,A035,2026-03-10 14:00:00,2026-03-11 15:53:50.239558501,Integration,Resolved,20,0,None,0,0,SOP-23
TK01802,AC0057,A036,2026-03-10 15:00:00,2026-03-10 20:59:28.128040048,Bug,Resolved,10,1,Product,0,0,SOP-07
TK01803,AC0089,A012,2026-03-10 18:00:00,,How-to,Escalated,30,1,Billing,0,0,SOP-12
TK01804,AC0060,A007,2026-03-10 18:00:00,2026-03-11 12:43:38.785180757,Billing,Resolved,9,0,None,0,0,SOP-12
TK01805,AC0139,A003,2026-03-10 17:00:00,2026-03-11 08:23:10.481754284,Account,Resolved,33,0,None,0,0,SOP-23
TK01806,AC0050,A014,2026-03-10 15:00:00,2026-03-11 00:51:31.095545107,Technical,Resolved,13,0,None,0,0,None
TK01807,AC0057,A037,2026-03-10 15:00:00,2026-03-11 18:20:10.395053329,Account,Resolved,31,0,None,0,0,SOP-07
TK01808,AC0100,A027,2026-03-10 08:00:00,2026-03-10 17:47:45.814114781,Bug,Resolved,9,1,Technical,0,0,SOP-18
TK01809,AC0088,A019,2026-03-11 13:00:00,2026-03-12 00:54:53.495487479,Bug,Resolved,45,1,Technical,1,0,SOP-18
TK01810,AC0077,A032,2026-03-11 14:00:00,2026-03-12 06:00:27.721716830,Integration,Resolved,38,0,None,0,0,SOP-12
TK01811,AC0033,A003,2026-03-11 13:00:00,2026-03-12 01:26:16.939916008,Technical,Resolved,54,0,None,0,0,SOP-18
TK01812,AC0074,A031,2026-03-11 20:00:00,2026-03-13 02:16:12.102501943,Account,Resolved,74,0,None,0,0,SOP-18
TK01813,AC0090,A031,2026-03-11 18:00:00,2026-03-13 03:18:06.375189450,Technical,Resolved,41,0,None,0,0,None
TK01814,AC0033,A012,2026-03-11 11:00:00,2026-03-12 07:10:42.478818906,Technical,Resolved,19,0,None,1,0,SOP-18
TK01815,AC0028,A037,2026-03-11 19:00:00,,Bug,Unresolved,44,1,Operations,0,1,SOP-18
TK01816,AC0099,A029,2026-03-12 15:00:00,,Technical,Partially Resolved,52,0,None,0,0,SOP-18
TK01817,AC0061,A003,2026-03-12 20:00:00,2026-03-13 01:12:32.432663529,Billing,Resolved,26,0,None,1,0,None
TK01818,AC0015,A001,2026-03-12 13:00:00,,Bug,Waiting Customer,7,0,None,0,0,SOP-07
TK01819,AC0101,A030,2026-03-12 10:00:00,2026-03-13 04:03:34.366696272,Integration,Resolved,26,0,None,0,0,SOP-23
TK01820,AC0136,A004,2026-03-12 17:00:00,2026-03-13 04:19:54.155553905,Technical,Resolved,35,0,None,0,0,SOP-07
TK01821,AC0087,A020,2026-03-12 20:00:00,2026-03-13 07:25:30.482360754,How-to,Resolved,11,0,None,0,0,SOP-07
TK01822,AC0024,A001,2026-03-12 16:00:00,,Technical,Waiting Internally,4,1,Technical,0,1,SOP-18
TK01823,AC0030,A031,2026-03-12 14:00:00,2026-03-12 15:08:27.298963667,Integration,Resolved,18,0,None,0,0,SOP-07
TK01824,AC0075,A029,2026-03-12 16:00:00,2026-03-13 04:39:04.404666884,Billing,Resolved,48,0,None,0,0,SOP-23
TK01825,AC0005,A003,2026-03-12 19:00:00,,How-to,Waiting Internally,35,1,Product,0,1,SOP-23
TK01826,AC0117,A038,2026-03-12 14:00:00,,Billing,Escalated,9,1,Billing,0,0,None
TK01827,AC0030,A031,2026-03-12 18:00:00,,Integration,Unresolved,100,0,None,0,1,SOP-12
TK01828,AC0065,A028,2026-03-13 14:00:00,,Integration,Partially Resolved,23,0,None,0,0,None
TK01829,AC0083,A038,2026-03-13 10:00:00,2026-03-13 16:57:05.040205653,Technical,Resolved,33,0,None,0,0,SOP-12
TK01830,AC0049,A016,2026-03-13 12:00:00,,Account,Unresolved,30,0,None,0,0,SOP-18
TK01831,AC0060,A030,2026-03-13 14:00:00,2026-03-13 18:51:03.935535385,Technical,Resolved,22,0,None,0,0,None
TK01832,AC0061,A019,2026-03-13 11:00:00,2026-03-13 20:02:37.175659470,Technical,Resolved,15,0,None,0,0,None
TK01833,AC0112,A006,2026-03-13 20:00:00,2026-03-14 21:59:11.195844487,Technical,Resolved,21,0,None,0,0,None
TK01834,AC0137,A029,2026-03-13 17:00:00,,Billing,Partially Resolved,51,0,None,0,0,SOP-23
TK01835,AC0024,A001,2026-03-13 17:00:00,2026-03-14 05:32:27.487397436,Integration,Resolved,11,0,None,0,0,SOP-07
TK01836,AC0068,A036,2026-03-13 16:00:00,2026-03-14 10:39:27.981845920,Billing,Resolved,30,0,None,0,0,SOP-18
TK01837,AC0049,A004,2026-03-13 18:00:00,2026-03-14 16:53:51.966938528,How-to,Resolved,9,0,None,0,0,SOP-23
TK01838,AC0047,A009,2026-03-13 13:00:00,2026-03-13 23:37:22.874221800,Bug,Resolved,33,0,None,0,1,SOP-18
TK01839,AC0087,A028,2026-03-14 08:00:00,2026-03-15 15:30:21.368253081,Account,Resolved,24,0,None,0,0,SOP-12
TK01840,AC0058,A002,2026-03-14 17:00:00,2026-03-15 11:14:40.480848045,How-to,Resolved,25,0,None,0,0,None
TK01841,AC0132,A026,2026-03-14 11:00:00,2026-03-14 21:26:23.722266697,Integration,Resolved,19,0,None,0,0,SOP-07
TK01842,AC0013,A008,2026-03-14 17:00:00,2026-03-16 03:22:55.405777302,Technical,Resolved,17,0,None,0,0,SOP-07
TK01843,AC0142,A033,2026-03-14 10:00:00,,Integration,Partially Resolved,37,0,None,0,0,None
TK01844,AC0051,A015,2026-03-14 08:00:00,2026-03-14 18:28:32.280437027,Integration,Resolved,89,0,None,0,0,None
TK01845,AC0063,A001,2026-03-14 12:00:00,2026-03-15 08:50:51.264373425,Integration,Resolved,13,0,None,1,0,SOP-18
TK01846,AC0117,A018,2026-03-14 18:00:00,2026-03-15 02:34:17.700482105,Bug,Resolved,6,1,Product,0,0,SOP-07
TK01847,AC0025,A033,2026-03-14 14:00:00,,Account,Waiting Customer,22,0,None,0,0,SOP-18
TK01848,AC0064,A020,2026-03-14 12:00:00,2026-03-15 10:06:49.235880109,Account,Resolved,46,0,None,0,0,SOP-23
TK01849,AC0042,A007,2026-03-14 15:00:00,2026-03-14 21:22:29.648466620,Billing,Resolved,24,0,None,0,0,SOP-23
TK01850,AC0139,A024,2026-03-14 11:00:00,2026-03-17 00:55:59.183312673,Technical,Resolved,53,0,None,1,0,SOP-18
TK01851,AC0095,A013,2026-03-14 20:00:00,2026-03-15 17:35:44.111194858,Technical,Resolved,15,0,None,0,0,None
TK01852,AC0047,A028,2026-03-14 13:00:00,2026-03-14 14:32:34.179397918,How-to,Resolved,17,0,None,0,0,SOP-18
TK01853,AC0087,A031,2026-03-14 09:00:00,2026-03-15 07:04:47.277194675,Feature Request,Resolved,58,0,None,0,0,None
TK01854,AC0105,A014,2026-03-15 13:00:00,,Integration,Partially Resolved,28,0,None,0,0,SOP-23
TK01855,AC0057,A034,2026-03-15 15:00:00,2026-03-16 10:13:16.125812191,Integration,Resolved,22,0,None,0,0,None
TK01856,AC0142,A033,2026-03-15 11:00:00,2026-03-16 13:30:21.564245124,How-to,Resolved,76,0,None,0,0,SOP-18
TK01857,AC0060,A032,2026-03-15 15:00:00,2026-03-16 14:35:05.717680240,Feature Request,Resolved,43,0,None,0,0,None
TK01858,AC0102,A021,2026-03-15 14:00:00,2026-03-15 22:06:28.159751707,Integration,Resolved,82,0,None,0,0,None
TK01859,AC0146,A023,2026-03-15 17:00:00,,Technical,Waiting Internally,49,1,Billing,0,0,None
TK01860,AC0030,A032,2026-03-15 16:00:00,2026-03-15 23:12:03.279821040,Feature Request,Resolved,9,0,None,1,0,SOP-12
TK01861,AC0114,A038,2026-03-16 11:00:00,,Integration,Escalated,33,1,Operations,0,0,SOP-12
TK01862,AC0066,A037,2026-03-16 16:00:00,2026-03-16 19:59:40.732191491,How-to,Resolved,14,0,None,1,0,None
TK01863,AC0065,A009,2026-03-16 20:00:00,2026-03-17 03:29:03.575328594,How-to,Resolved,14,0,None,0,0,SOP-12
TK01864,AC0074,A007,2026-03-16 15:00:00,2026-03-16 23:02:45.381439277,Bug,Resolved,13,0,None,0,0,None
TK01865,AC0074,A034,2026-03-16 16:00:00,2026-03-17 15:35:29.463224442,Technical,Resolved,68,0,None,0,0,SOP-18
TK01866,AC0100,A017,2026-03-16 09:00:00,2026-03-17 00:53:48.714106266,Bug,Resolved,16,1,Technical,0,0,SOP-12
TK01867,AC0114,A033,2026-03-16 12:00:00,2026-03-16 18:53:39.666058941,Technical,Resolved,35,0,None,0,0,None
TK01868,AC0089,A016,2026-03-16 11:00:00,2026-03-16 22:24:58.496127014,Technical,Resolved,5,0,None,0,0,SOP-07
TK01869,AC0011,A027,2026-03-16 17:00:00,2026-03-17 09:46:02.714379213,Integration,Resolved,39,0,None,0,0,SOP-12
TK01870,AC0061,A023,2026-03-16 20:00:00,,Technical,Unresolved,48,0,None,0,0,None
TK01871,AC0142,A011,2026-03-16 14:00:00,2026-03-17 19:57:34.295876247,How-to,Resolved,28,0,None,0,0,None
TK01872,AC0134,A035,2026-03-16 12:00:00,2026-03-16 20:29:05.839320399,How-to,Resolved,50,0,None,0,0,SOP-12
TK01873,AC0127,A007,2026-03-16 08:00:00,2026-03-17 15:17:35.701827760,Account,Resolved,16,0,None,0,0,SOP-23
TK01874,AC0099,A021,2026-03-16 17:00:00,,Technical,Waiting Customer,2,0,None,0,0,SOP-12
TK01875,AC0019,A028,2026-03-16 15:00:00,2026-03-16 21:24:09.061002618,Account,Resolved,60,0,None,1,0,SOP-12
TK01876,AC0057,A029,2026-03-16 14:00:00,2026-03-17 09:16:35.789643158,Technical,Resolved,30,0,None,0,0,None
TK01877,AC0052,A030,2026-03-16 09:00:00,2026-03-17 02:06:38.442131767,Feature Request,Resolved,54,0,None,0,0,None
TK01878,AC0008,A005,2026-03-17 10:00:00,2026-03-18 13:10:03.143670600,How-to,Resolved,31,0,None,0,1,None
TK01879,AC0100,A011,2026-03-17 09:00:00,2026-03-18 05:15:57.729458382,Technical,Resolved,72,0,None,0,0,SOP-07
TK01880,AC0088,A012,2026-03-17 11:00:00,,How-to,Escalated,29,1,Technical,0,0,None
TK01881,AC0024,A020,2026-03-17 08:00:00,2026-03-17 21:28:35.870002622,Technical,Resolved,37,0,None,0,0,None
TK01882,AC0128,A020,2026-03-17 20:00:00,2026-03-19 02:24:28.524631316,Technical,Resolved,29,0,None,0,0,SOP-12
TK01883,AC0117,A026,2026-03-18 11:00:00,2026-03-18 21:26:08.905655717,Account,Resolved,62,0,None,0,0,SOP-07
TK01884,AC0129,A026,2026-03-18 09:00:00,2026-03-19 11:43:24.152961259,Bug,Resolved,44,1,Billing,0,0,SOP-07
TK01885,AC0115,A021,2026-03-18 17:00:00,2026-03-19 10:57:06.406035505,How-to,Resolved,11,0,None,0,0,SOP-18
TK01886,AC0008,A012,2026-03-18 19:00:00,,Integration,Waiting Internally,27,1,Product,0,1,SOP-12
TK01887,AC0018,A020,2026-03-18 17:00:00,,How-to,Escalated,26,1,Billing,0,0,None
TK01888,AC0144,A010,2026-03-18 20:00:00,2026-03-19 03:11:46.289030364,Technical,Resolved,54,0,None,0,0,None
TK01889,AC0102,A030,2026-03-18 17:00:00,,Account,Escalated,31,1,Billing,0,0,None
TK01890,AC0027,A023,2026-03-18 18:00:00,2026-03-19 07:42:35.783523087,Bug,Resolved,33,0,None,0,1,SOP-18
TK01891,AC0130,A003,2026-03-18 12:00:00,2026-03-19 13:47:52.240907029,Account,Resolved,23,0,None,0,0,None
TK01892,AC0011,A002,2026-03-18 12:00:00,2026-03-19 15:35:11.048170032,Account,Resolved,8,0,None,0,0,SOP-07
TK01893,AC0102,A038,2026-03-18 20:00:00,2026-03-20 05:10:19.929923476,Integration,Resolved,69,0,None,0,0,SOP-18
TK01894,AC0114,A027,2026-03-18 09:00:00,2026-03-18 18:32:28.281451275,How-to,Resolved,44,0,None,0,0,None
TK01895,AC0088,A034,2026-03-18 11:00:00,,Account,Waiting Internally,12,1,Product,0,0,SOP-18
TK01896,AC0083,A005,2026-03-18 08:00:00,,Feature Request,Partially Resolved,80,0,None,1,0,None
TK01897,AC0037,A003,2026-03-19 18:00:00,2026-03-20 18:26:54.083369909,Integration,Resolved,40,0,None,0,0,None
TK01898,AC0046,A012,2026-03-19 11:00:00,2026-03-19 22:38:25.709633048,Technical,Resolved,10,0,None,1,0,SOP-12
TK01899,AC0003,A007,2026-03-19 19:00:00,,Integration,Partially Resolved,69,0,None,0,0,SOP-12
TK01900,AC0045,A005,2026-03-19 11:00:00,2026-03-20 00:30:33.513616547,Technical,Resolved,95,0,None,0,0,SOP-18
TK01901,AC0047,A016,2026-03-19 17:00:00,,How-to,Waiting Customer,82,0,None,0,0,SOP-23
TK01902,AC0131,A028,2026-03-19 11:00:00,2026-03-19 22:16:36.046702577,How-to,Resolved,47,0,None,0,0,SOP-23
TK01903,AC0087,A014,2026-03-19 08:00:00,,Integration,Partially Resolved,39,0,None,0,0,SOP-18
TK01904,AC0017,A018,2026-03-19 09:00:00,2026-03-19 11:05:11.153120523,Billing,Resolved,5,0,None,0,0,SOP-18
TK01905,AC0019,A027,2026-03-19 15:00:00,2026-03-19 17:08:03.626102081,How-to,Resolved,23,0,None,0,0,SOP-12
TK01906,AC0116,A033,2026-03-19 16:00:00,2026-03-19 21:50:40.154827546,Account,Resolved,54,0,None,0,0,SOP-18
TK01907,AC0024,A003,2026-03-19 16:00:00,2026-03-19 18:30:18.211689996,Account,Resolved,48,0,None,0,0,SOP-07
TK01908,AC0100,A006,2026-03-19 15:00:00,2026-03-19 19:39:05.898280717,Billing,Resolved,24,0,None,0,0,SOP-07
TK01909,AC0009,A016,2026-03-19 08:00:00,2026-03-20 03:22:01.068783479,Technical,Resolved,60,0,None,0,0,SOP-12
TK01910,AC0048,A038,2026-03-19 14:00:00,2026-03-19 19:58:47.317255925,Billing,Resolved,39,0,None,0,0,SOP-23
TK01911,AC0061,A007,2026-03-20 14:00:00,2026-03-21 04:18:14.325721149,Technical,Resolved,30,0,None,0,0,SOP-12
TK01912,AC0082,A002,2026-03-20 12:00:00,2026-03-21 09:40:33.386273619,Technical,Resolved,14,0,None,0,0,SOP-23
TK01913,AC0114,A012,2026-03-20 18:00:00,2026-03-21 15:09:02.281467228,Integration,Resolved,26,0,None,0,0,SOP-23
TK01914,AC0024,A010,2026-03-20 09:00:00,2026-03-21 03:20:09.331065651,Account,Resolved,76,0,None,0,0,SOP-23
TK01915,AC0088,A029,2026-03-20 20:00:00,2026-03-22 16:21:18.319516329,Feature Request,Resolved,20,0,None,0,0,SOP-12
TK01916,AC0103,A034,2026-03-20 16:00:00,,Integration,Waiting Customer,12,0,None,0,1,None
TK01917,AC0085,A011,2026-03-20 18:00:00,,Technical,Partially Resolved,9,0,None,0,0,SOP-18
TK01918,AC0062,A009,2026-03-20 19:00:00,2026-03-20 23:40:14.715697752,How-to,Resolved,4,0,None,0,0,SOP-23
TK01919,AC0129,A003,2026-03-20 17:00:00,2026-03-20 23:21:47.870840748,How-to,Resolved,30,0,None,0,0,None
TK01920,AC0022,A002,2026-03-20 15:00:00,,Technical,Escalated,19,1,Product,0,1,None
TK01921,AC0047,A036,2026-03-21 15:00:00,2026-03-22 03:07:43.047411032,Feature Request,Resolved,13,0,None,0,0,None
TK01922,AC0127,A034,2026-03-21 13:00:00,2026-03-21 22:17:49.074833186,How-to,Resolved,13,0,None,0,0,SOP-12
TK01923,AC0062,A007,2026-03-21 12:00:00,,Feature Request,Waiting Customer,20,0,None,0,0,None
TK01924,AC0017,A002,2026-03-21 10:00:00,,How-to,Unresolved,83,0,None,0,1,SOP-12
TK01925,AC0101,A036,2026-03-21 20:00:00,2026-03-22 09:03:28.047108537,Technical,Resolved,59,0,None,0,0,None
TK01926,AC0048,A022,2026-03-21 20:00:00,,Billing,Unresolved,27,0,None,0,1,None
TK01927,AC0132,A006,2026-03-21 11:00:00,,Technical,Waiting Internally,38,1,Operations,0,0,None
TK01928,AC0139,A005,2026-03-21 15:00:00,,Account,Escalated,29,1,Technical,0,0,SOP-18
TK01929,AC0127,A037,2026-03-22 13:00:00,2026-03-22 18:41:57.171852366,Billing,Resolved,40,0,None,0,0,None
TK01930,AC0140,A032,2026-03-22 09:00:00,,Billing,Unresolved,39,0,None,0,0,SOP-12
TK01931,AC0024,A020,2026-03-22 08:00:00,2026-03-22 17:24:04.691310387,Integration,Resolved,24,0,None,0,0,SOP-18
TK01932,AC0138,A012,2026-03-22 19:00:00,2026-03-24 01:16:56.862149033,Integration,Resolved,15,0,None,0,0,SOP-12
TK01933,AC0065,A034,2026-03-22 20:00:00,,How-to,Waiting Internally,8,1,Product,0,0,None
TK01934,AC0087,A008,2026-03-22 15:00:00,,Bug,Waiting Internally,18,1,Product,0,0,None
TK01935,AC0002,A026,2026-03-22 08:00:00,,Billing,Unresolved,63,0,None,0,0,SOP-18
TK01936,AC0100,A006,2026-03-22 13:00:00,2026-03-22 20:00:01.116222754,Account,Resolved,41,0,None,0,0,None
TK01937,AC0105,A033,2026-03-22 11:00:00,2026-03-22 23:17:55.829493054,Technical,Resolved,43,0,None,0,0,None
TK01938,AC0050,A020,2026-03-22 18:00:00,2026-03-23 15:02:48.068823168,Account,Resolved,113,0,None,0,0,SOP-12
TK01939,AC0057,A008,2026-03-23 19:00:00,2026-03-24 18:28:46.940150833,How-to,Resolved,52,0,None,1,0,SOP-18
TK01940,AC0043,A022,2026-03-23 18:00:00,2026-03-25 02:23:57.410094360,Bug,Resolved,123,0,None,0,0,None
TK01941,AC0122,A034,2026-03-23 19:00:00,2026-03-24 08:00:34.815249004,Technical,Resolved,37,0,None,0,0,None
TK01942,AC0034,A034,2026-03-23 13:00:00,2026-03-24 01:50:29.245240262,Technical,Resolved,26,0,None,0,0,SOP-23
TK01943,AC0061,A012,2026-03-23 11:00:00,2026-03-24 05:11:23.602253757,Bug,Resolved,15,0,None,0,0,SOP-12
TK01944,AC0105,A034,2026-03-23 09:00:00,2026-03-23 12:37:38.908801925,Integration,Resolved,15,0,None,0,1,None
TK01945,AC0077,A020,2026-03-23 08:00:00,2026-03-24 05:55:49.362017924,Technical,Resolved,55,0,None,0,0,None
TK01946,AC0025,A033,2026-03-23 14:00:00,2026-03-24 08:39:20.279601149,How-to,Resolved,16,0,None,0,0,None
TK01947,AC0095,A020,2026-03-23 10:00:00,2026-03-23 21:27:12.186169953,Technical,Resolved,95,0,None,0,0,SOP-07
TK01948,AC0120,A034,2026-03-23 15:00:00,2026-03-25 14:12:04.416140932,How-to,Resolved,67,0,None,0,0,None
TK01949,AC0018,A027,2026-03-24 16:00:00,2026-03-25 06:29:24.186858009,Integration,Resolved,58,0,None,0,0,None
TK01950,AC0127,A006,2026-03-24 18:00:00,2026-03-25 05:28:28.247537553,Technical,Resolved,83,0,None,0,0,SOP-07
TK01951,AC0105,A014,2026-03-24 17:00:00,,Technical,Waiting Internally,54,1,Billing,0,0,None
TK01952,AC0135,A019,2026-03-24 14:00:00,,Technical,Waiting Customer,26,0,None,1,0,SOP-07
TK01953,AC0099,A001,2026-03-24 13:00:00,2026-03-24 14:45:51.183166054,Integration,Resolved,44,0,None,0,0,None
TK01954,AC0049,A020,2026-03-24 17:00:00,2026-03-25 07:26:21.558427197,How-to,Resolved,9,0,None,0,0,SOP-18
TK01955,AC0132,A019,2026-03-24 10:00:00,2026-03-25 19:17:11.217590862,Technical,Resolved,23,0,None,0,0,None
TK01956,AC0137,A015,2026-03-24 18:00:00,,Billing,Partially Resolved,13,0,None,0,0,SOP-07
TK01957,AC0065,A029,2026-03-24 19:00:00,2026-03-25 11:13:06.822072345,How-to,Resolved,24,0,None,0,0,SOP-18
TK01958,AC0089,A015,2026-03-24 12:00:00,2026-03-25 02:56:53.329840950,Bug,Resolved,7,0,None,0,0,SOP-23
TK01959,AC0117,A020,2026-03-24 11:00:00,2026-03-24 16:33:55.941385918,Technical,Resolved,83,0,None,0,0,SOP-12
TK01960,AC0137,A022,2026-03-24 08:00:00,2026-03-24 22:33:05.355631916,Account,Resolved,67,0,None,0,1,SOP-07
TK01961,AC0049,A007,2026-03-25 09:00:00,2026-03-25 13:54:55.823394355,How-to,Resolved,15,0,None,0,0,SOP-23
TK01962,AC0140,A038,2026-03-25 19:00:00,2026-03-26 21:39:59.052271117,Technical,Resolved,6,0,None,0,0,None
TK01963,AC0054,A030,2026-03-25 08:00:00,2026-03-25 20:16:13.017069524,Technical,Resolved,59,0,None,0,0,SOP-12
TK01964,AC0085,A034,2026-03-25 16:00:00,2026-03-26 04:02:21.369429770,Bug,Resolved,52,1,Operations,0,0,SOP-23
TK01965,AC0013,A015,2026-03-25 12:00:00,2026-03-25 21:31:19.373918210,How-to,Resolved,22,0,None,0,0,SOP-18
TK01966,AC0100,A017,2026-03-25 10:00:00,2026-03-26 01:17:52.568862956,Integration,Resolved,9,0,None,0,0,None
TK01967,AC0132,A020,2026-03-25 12:00:00,2026-03-25 20:06:59.407505039,Billing,Resolved,38,0,None,0,0,None
TK01968,AC0088,A033,2026-03-25 20:00:00,2026-03-26 08:52:41.105337674,Technical,Resolved,102,0,None,0,0,SOP-12
TK01969,AC0086,A012,2026-03-25 11:00:00,2026-03-26 14:11:35.433040132,How-to,Resolved,6,0,None,0,0,None
TK01970,AC0013,A017,2026-03-25 20:00:00,2026-03-26 07:53:14.649058082,Account,Resolved,50,0,None,0,0,None
TK01971,AC0057,A027,2026-03-25 19:00:00,,Feature Request,Partially Resolved,39,0,None,0,0,SOP-23
TK01972,AC0047,A031,2026-03-25 17:00:00,,Bug,Waiting Internally,20,1,Operations,1,0,None
TK01973,AC0051,A029,2026-03-26 19:00:00,2026-03-27 17:32:37.809400173,Feature Request,Resolved,38,0,None,0,0,None
TK01974,AC0132,A026,2026-03-26 14:00:00,,Integration,Waiting Internally,38,1,Operations,0,0,None
TK01975,AC0095,A016,2026-03-26 15:00:00,2026-03-27 04:55:51.625304938,How-to,Resolved,41,0,None,0,0,SOP-07
TK01976,AC0035,A024,2026-03-26 11:00:00,2026-03-27 10:40:13.173131450,Bug,Resolved,15,0,None,1,0,SOP-23
TK01977,AC0078,A021,2026-03-26 09:00:00,,Technical,Waiting Internally,128,1,Billing,0,0,SOP-23
TK01978,AC0066,A003,2026-03-26 20:00:00,2026-03-27 05:30:27.958424510,Account,Resolved,89,0,None,0,0,SOP-23
TK01979,AC0049,A001,2026-03-26 20:00:00,2026-03-28 04:36:51.895919908,Billing,Resolved,23,0,None,0,1,None
TK01980,AC0086,A001,2026-03-26 08:00:00,2026-03-27 03:27:45.576250587,Technical,Resolved,47,0,None,0,0,None
TK01981,AC0132,A009,2026-03-26 15:00:00,,Integration,Unresolved,2,0,None,0,0,SOP-18
TK01982,AC0088,A035,2026-03-26 09:00:00,,Billing,Partially Resolved,29,0,None,0,0,None
TK01983,AC0073,A038,2026-03-26 08:00:00,2026-03-26 12:54:38.740652742,Integration,Resolved,20,0,None,0,0,None
TK01984,AC0085,A021,2026-03-27 10:00:00,2026-03-28 14:00:13.165200725,Technical,Resolved,23,0,None,1,0,None
TK01985,AC0124,A025,2026-03-27 11:00:00,2026-03-28 20:18:01.093112003,Account,Resolved,16,0,None,0,0,SOP-07
TK01986,AC0057,A013,2026-03-27 19:00:00,2026-03-28 01:00:22.658217823,Billing,Resolved,97,0,None,0,1,None
TK01987,AC0065,A021,2026-03-27 12:00:00,2026-03-27 15:37:10.638489167,Technical,Resolved,22,0,None,0,0,None
TK01988,AC0014,A005,2026-03-27 14:00:00,2026-03-28 20:45:32.191302182,Integration,Resolved,20,0,None,0,0,None
TK01989,AC0065,A010,2026-03-27 09:00:00,,Billing,Escalated,89,1,Technical,0,0,SOP-18
TK01990,AC0092,A026,2026-03-27 14:00:00,2026-03-27 21:31:52.069409514,Integration,Resolved,13,0,None,0,0,SOP-18
TK01991,AC0066,A031,2026-03-27 16:00:00,,How-to,Partially Resolved,26,0,None,0,1,None
TK01992,AC0011,A013,2026-03-27 13:00:00,2026-03-27 22:31:16.143134430,Technical,Resolved,7,0,None,0,0,None
TK01993,AC0030,A005,2026-03-27 16:00:00,2026-03-27 20:27:50.789247181,Integration,Resolved,35,0,None,0,0,None
TK01994,AC0114,A038,2026-03-27 09:00:00,2026-03-28 10:28:53.200947539,Bug,Resolved,27,1,Billing,1,1,None
TK01995,AC0092,A038,2026-03-28 14:00:00,2026-03-30 00:31:30.031445099,Technical,Resolved,108,0,None,0,0,None
TK01996,AC0095,A017,2026-03-28 16:00:00,2026-03-29 19:58:15.859901443,Bug,Resolved,46,1,Product,0,0,SOP-07
TK01997,AC0092,A035,2026-03-28 15:00:00,2026-03-29 08:34:13.196221488,Account,Resolved,2,0,None,0,0,None
TK01998,AC0100,A010,2026-03-28 13:00:00,2026-03-29 03:50:17.488623874,Technical,Resolved,83,0,None,0,0,None
TK01999,AC0150,A004,2026-03-28 10:00:00,2026-03-29 12:35:17.069715950,Integration,Resolved,43,0,None,0,0,SOP-12
TK02000,AC0004,A014,2026-03-28 09:00:00,,Integration,Waiting Internally,32,1,Operations,0,0,None
TK02001,AC0064,A031,2026-03-28 13:00:00,2026-03-28 22:34:46.839411756,Billing,Resolved,65,0,None,0,0,SOP-12
TK02002,AC0018,A011,2026-03-28 14:00:00,2026-03-29 09:41:46.062704987,How-to,Resolved,21,0,None,0,0,None
TK02003,AC0119,A002,2026-03-29 08:00:00,2026-03-29 12:03:45.265540448,Technical,Resolved,3,0,None,0,0,SOP-07
TK02004,AC0101,A022,2026-03-29 14:00:00,2026-03-30 04:17:42.442871215,Technical,Resolved,27,0,None,0,0,SOP-07
TK02005,AC0130,A031,2026-03-29 20:00:00,2026-03-31 12:34:03.354981517,How-to,Resolved,6,0,None,0,0,SOP-18
TK02006,AC0137,A037,2026-03-29 17:00:00,,How-to,Waiting Customer,43,0,None,0,0,SOP-18
TK02007,AC0100,A003,2026-03-29 18:00:00,,Technical,Waiting Customer,29,0,None,0,0,None
TK02008,AC0064,A016,2026-03-29 11:00:00,,Technical,Escalated,93,1,Operations,0,0,SOP-18
TK02009,AC0050,A001,2026-03-29 11:00:00,2026-03-30 08:56:03.540029003,Feature Request,Resolved,57,0,None,0,0,None
TK02010,AC0011,A034,2026-03-29 16:00:00,2026-03-30 14:14:26.599316929,Bug,Resolved,54,0,None,0,0,None
TK02011,AC0062,A006,2026-03-29 14:00:00,2026-03-30 01:03:15.744043901,Account,Resolved,77,0,None,0,0,SOP-07
TK02012,AC0123,A010,2026-03-29 18:00:00,2026-03-30 00:27:38.489851063,Feature Request,Resolved,58,0,None,0,1,None
TK02013,AC0054,A012,2026-03-29 10:00:00,2026-03-29 13:39:12.553705721,How-to,Resolved,42,0,None,0,0,SOP-12
TK02014,AC0008,A033,2026-03-29 20:00:00,2026-03-31 00:26:21.421733488,Technical,Resolved,24,0,None,1,0,SOP-12
TK02015,AC0088,A033,2026-03-30 09:00:00,,Bug,Escalated,107,1,Product,0,0,None
TK02016,AC0088,A029,2026-03-30 19:00:00,2026-04-01 03:00:19.278344848,Feature Request,Resolved,29,0,None,0,0,SOP-18
TK02017,AC0140,A015,2026-03-30 16:00:00,2026-03-31 03:31:34.078091935,Technical,Resolved,7,0,None,0,0,SOP-18
TK02018,AC0150,A027,2026-03-30 16:00:00,2026-03-31 01:13:37.149419707,Billing,Resolved,59,0,None,1,0,SOP-23
TK02019,AC0105,A003,2026-03-30 12:00:00,2026-03-31 03:02:25.276043677,Technical,Resolved,35,0,None,0,0,SOP-18
TK02020,AC0105,A033,2026-03-30 19:00:00,2026-03-31 11:19:12.885978804,How-to,Resolved,79,0,None,1,0,None
TK02021,AC0015,A009,2026-03-30 16:00:00,,Integration,Escalated,25,1,Technical,0,0,None
TK02022,AC0057,A010,2026-03-30 18:00:00,2026-03-31 19:20:35.169319636,Account,Resolved,13,0,None,0,0,SOP-18
TK02023,AC0075,A010,2026-03-30 20:00:00,2026-03-31 18:32:35.817961729,Account,Resolved,70,0,None,0,0,SOP-18
TK02024,AC0150,A030,2026-03-30 11:00:00,2026-03-31 21:29:35.359744244,Integration,Resolved,56,0,None,0,0,None
TK02025,AC0063,A030,2026-03-30 13:00:00,2026-03-30 17:38:59.750589128,Technical,Resolved,23,0,None,0,0,SOP-23
TK02026,AC0024,A017,2026-03-30 20:00:00,,Technical,Waiting Internally,74,1,Product,0,0,SOP-12
TK02027,AC0099,A026,2026-03-30 10:00:00,2026-03-31 17:06:19.736767539,Billing,Resolved,28,0,None,0,1,SOP-07
TK02028,AC0127,A022,2026-03-30 19:00:00,,Billing,Escalated,51,1,Billing,0,0,SOP-07
TK02029,AC0064,A015,2026-03-30 17:00:00,2026-03-30 19:39:54.302038283,Billing,Resolved,8,0,None,0,0,None
TK02030,AC0064,A009,2026-03-31 09:00:00,,Account,Waiting Internally,6,1,Operations,0,0,SOP-07
TK02031,AC0101,A010,2026-03-31 10:00:00,,Technical,Escalated,3,1,Billing,0,0,SOP-23
TK02032,AC0020,A001,2026-03-31 17:00:00,,Account,Partially Resolved,76,0,None,0,1,SOP-23
TK02033,AC0111,A004,2026-03-31 16:00:00,2026-04-01 12:17:37.036160715,Technical,Resolved,16,0,None,0,0,SOP-18
TK02034,AC0145,A030,2026-03-31 13:00:00,2026-03-31 17:59:47.469200321,How-to,Resolved,26,0,None,0,0,SOP-07
TK02035,AC0113,A021,2026-03-31 20:00:00,2026-04-03 05:59:18.052296210,How-to,Resolved,75,0,None,0,1,None
TK02036,AC0088,A020,2026-03-31 17:00:00,,Technical,Partially Resolved,67,0,None,0,0,SOP-07
TK02037,AC0013,A027,2026-03-31 18:00:00,2026-04-01 11:57:42.527988377,Billing,Resolved,65,0,None,0,0,SOP-18
TK02038,AC0142,A019,2026-03-31 09:00:00,2026-03-31 16:05:57.157171409,Technical,Resolved,98,0,None,0,0,SOP-07
TK02039,AC0101,A029,2026-03-31 10:00:00,2026-03-31 14:58:28.415738643,Feature Request,Resolved,53,0,None,0,0,SOP-12
TK02040,AC0062,A018,2026-03-31 20:00:00,2026-04-01 11:16:32.746910887,Account,Resolved,8,0,None,0,0,SOP-18
TK02041,AC0029,A028,2026-03-31 08:00:00,2026-04-01 01:12:09.728480422,Account,Resolved,7,0,None,0,0,None
TK02042,AC0140,A038,2026-03-31 17:00:00,,Account,Unresolved,47,0,None,0,0,SOP-23
TK02043,AC0047,A004,2026-03-31 18:00:00,2026-04-01 15:18:29.848999221,How-to,Resolved,5,0,None,0,0,SOP-07
TK02044,AC0132,A026,2026-03-31 13:00:00,2026-03-31 21:28:17.743270779,How-to,Resolved,17,0,None,0,0,None
TK02045,AC0137,A023,2026-04-01 12:00:00,,Technical,Waiting Customer,53,0,None,0,0,SOP-12
TK02046,AC0085,A016,2026-04-01 19:00:00,2026-04-03 00:20:27.447051412,Bug,Resolved,40,1,Product,0,0,SOP-23
TK02047,AC0008,A012,2026-04-01 12:00:00,,Feature Request,Partially Resolved,7,0,None,0,0,SOP-07
TK02048,AC0024,A023,2026-04-01 09:00:00,2026-04-02 13:22:55.929707618,Bug,Resolved,54,0,None,0,0,SOP-18
TK02049,AC0104,A004,2026-04-01 16:00:00,2026-04-02 11:18:02.648613204,How-to,Resolved,83,0,None,1,0,SOP-18
TK02050,AC0065,A013,2026-04-01 09:00:00,2026-04-02 05:48:42.496323993,How-to,Resolved,24,0,None,0,0,None
TK02051,AC0078,A019,2026-04-01 19:00:00,2026-04-02 00:36:37.291081214,Bug,Resolved,54,0,None,0,0,None
TK02052,AC0033,A033,2026-04-01 18:00:00,2026-04-02 09:43:36.358125504,Feature Request,Resolved,54,0,None,1,0,SOP-12
TK02053,AC0013,A033,2026-04-01 19:00:00,,How-to,Waiting Customer,96,0,None,0,0,SOP-12
TK02054,AC0116,A003,2026-04-02 14:00:00,2026-04-02 21:59:48.951715533,Technical,Resolved,47,0,None,0,0,SOP-23
TK02055,AC0004,A018,2026-04-02 18:00:00,2026-04-03 10:38:55.954870707,Billing,Resolved,27,0,None,0,0,SOP-07
TK02056,AC0006,A036,2026-04-02 12:00:00,2026-04-03 07:13:05.297235899,Integration,Resolved,29,0,None,0,0,None
TK02057,AC0140,A010,2026-04-02 20:00:00,2026-04-03 12:21:40.639089499,How-to,Resolved,50,0,None,0,0,None
TK02058,AC0004,A010,2026-04-02 17:00:00,2026-04-03 05:20:31.537950436,Bug,Resolved,50,1,Technical,0,0,None
TK02059,AC0134,A009,2026-04-02 12:00:00,2026-04-02 15:10:35.863508059,How-to,Resolved,52,0,None,0,0,SOP-23
TK02060,AC0119,A028,2026-04-02 17:00:00,,Feature Request,Partially Resolved,68,0,None,0,0,SOP-12
TK02061,AC0074,A019,2026-04-02 09:00:00,2026-04-02 18:08:00.043748551,Technical,Resolved,4,0,None,0,0,None
TK02062,AC0105,A021,2026-04-02 11:00:00,2026-04-03 10:38:32.179710944,Bug,Resolved,10,1,Product,0,1,None
TK02063,AC0025,A020,2026-04-02 11:00:00,2026-04-03 02:19:34.220559381,How-to,Resolved,27,0,None,0,0,None
TK02064,AC0015,A005,2026-04-03 13:00:00,2026-04-03 18:13:59.121839873,Billing,Resolved,26,0,None,1,0,SOP-12
TK02065,AC0066,A015,2026-04-03 08:00:00,,Account,Unresolved,26,0,None,0,0,SOP-18
TK02066,AC0062,A032,2026-04-03 18:00:00,2026-04-04 02:31:19.795755739,Bug,Resolved,11,1,Technical,1,0,SOP-18
TK02067,AC0019,A009,2026-04-03 09:00:00,2026-04-04 00:51:20.725237349,Account,Resolved,36,0,None,0,0,SOP-12
TK02068,AC0089,A034,2026-04-03 14:00:00,2026-04-03 20:38:50.533502232,Integration,Resolved,8,0,None,0,0,SOP-18
TK02069,AC0115,A033,2026-04-04 18:00:00,,How-to,Waiting Internally,15,1,Operations,0,0,None
TK02070,AC0087,A034,2026-04-04 19:00:00,2026-04-05 01:29:14.805495879,Feature Request,Resolved,85,0,None,0,0,SOP-07
TK02071,AC0047,A001,2026-04-04 10:00:00,2026-04-04 22:09:04.820745562,Technical,Resolved,22,0,None,0,0,None
TK02072,AC0105,A035,2026-04-04 16:00:00,2026-04-06 04:43:52.411226395,Integration,Resolved,33,0,None,0,0,SOP-23
TK02073,AC0061,A024,2026-04-04 09:00:00,2026-04-04 20:52:54.348730931,Technical,Resolved,42,0,None,0,0,SOP-23
TK02074,AC0018,A016,2026-04-04 14:00:00,2026-04-05 14:40:55.034936812,Integration,Resolved,23,0,None,0,0,SOP-12
TK02075,AC0148,A012,2026-04-04 19:00:00,,Feature Request,Unresolved,36,0,None,0,0,None
TK02076,AC0143,A016,2026-04-04 18:00:00,,Account,Waiting Internally,8,1,Billing,0,0,None
TK02077,AC0020,A014,2026-04-04 15:00:00,2026-04-05 00:20:07.794849979,Integration,Resolved,26,0,None,0,0,None
TK02078,AC0137,A037,2026-04-04 12:00:00,2026-04-04 21:58:04.284892069,Bug,Resolved,42,1,Operations,0,0,SOP-12
TK02079,AC0068,A028,2026-04-05 12:00:00,,Technical,Unresolved,56,0,None,0,0,SOP-07
TK02080,AC0099,A010,2026-04-05 20:00:00,2026-04-06 03:39:24.250920212,Billing,Resolved,5,0,None,1,0,None
TK02081,AC0080,A030,2026-04-05 10:00:00,2026-04-05 20:06:54.065819677,How-to,Resolved,70,0,None,0,0,SOP-12
TK02082,AC0081,A006,2026-04-05 11:00:00,,Technical,Unresolved,35,0,None,0,0,None
TK02083,AC0047,A028,2026-04-05 12:00:00,2026-04-07 15:51:32.308979233,Feature Request,Resolved,82,0,None,0,0,None
TK02084,AC0047,A016,2026-04-05 10:00:00,2026-04-05 21:54:21.953431853,How-to,Resolved,80,0,None,0,0,None
TK02085,AC0117,A026,2026-04-05 15:00:00,,Account,Waiting Customer,51,0,None,0,0,SOP-07
TK02086,AC0130,A033,2026-04-06 12:00:00,2026-04-06 23:40:21.944487237,Bug,Resolved,33,0,None,0,1,SOP-12
TK02087,AC0142,A024,2026-04-06 13:00:00,2026-04-06 21:50:50.592342961,Integration,Resolved,29,0,None,0,0,SOP-12
TK02088,AC0014,A020,2026-04-06 15:00:00,2026-04-07 05:30:04.951940783,How-to,Resolved,52,0,None,0,0,None
TK02089,AC0047,A005,2026-04-06 15:00:00,2026-04-07 07:18:48.108746131,How-to,Resolved,22,0,None,0,0,SOP-07
TK02090,AC0008,A002,2026-04-06 13:00:00,2026-04-07 07:42:56.247185168,Technical,Resolved,27,0,None,0,0,SOP-18
TK02091,AC0015,A028,2026-04-06 17:00:00,2026-04-07 04:00:04.219718196,Technical,Resolved,65,0,None,0,0,SOP-12
TK02092,AC0060,A008,2026-04-07 08:00:00,2026-04-07 18:22:01.576334662,Account,Resolved,9,0,None,1,0,None
TK02093,AC0046,A024,2026-04-07 20:00:00,2026-04-09 02:05:57.538296414,Account,Resolved,27,0,None,0,0,None
TK02094,AC0064,A008,2026-04-07 18:00:00,2026-04-07 21:10:51.006554316,Billing,Resolved,15,0,None,0,0,None
TK02095,AC0102,A022,2026-04-07 12:00:00,2026-04-08 08:33:54.175996162,How-to,Resolved,32,0,None,0,0,SOP-18
TK02096,AC0034,A003,2026-04-07 09:00:00,2026-04-07 13:50:09.893757519,Integration,Resolved,21,0,None,0,0,None
TK02097,AC0132,A033,2026-04-07 13:00:00,2026-04-08 03:03:09.529730810,How-to,Resolved,24,0,None,0,0,None
TK02098,AC0101,A019,2026-04-07 10:00:00,,Bug,Escalated,21,1,Product,0,0,SOP-18
TK02099,AC0004,A020,2026-04-07 13:00:00,2026-04-07 20:10:39.701316224,Integration,Resolved,59,0,None,0,0,None
TK02100,AC0085,A024,2026-04-07 09:00:00,,Technical,Unresolved,44,0,None,0,0,SOP-23
TK02101,AC0127,A003,2026-04-08 12:00:00,2026-04-08 19:21:04.231890958,Account,Resolved,12,0,None,0,0,SOP-18
TK02102,AC0080,A011,2026-04-08 08:00:00,2026-04-08 12:15:33.296080357,Integration,Resolved,20,0,None,0,0,SOP-07
TK02103,AC0046,A030,2026-04-08 19:00:00,2026-04-08 23:48:46.018919302,Technical,Resolved,8,0,None,0,0,SOP-07
TK02104,AC0037,A005,2026-04-08 09:00:00,2026-04-08 17:32:30.660640090,Account,Resolved,74,0,None,0,0,None
TK02105,AC0100,A013,2026-04-08 12:00:00,2026-04-09 03:14:38.503915146,Technical,Resolved,40,0,None,0,0,SOP-07
TK02106,AC0125,A008,2026-04-08 18:00:00,2026-04-09 05:50:27.598726406,Bug,Resolved,99,0,None,0,0,SOP-23
TK02107,AC0024,A038,2026-04-08 16:00:00,2026-04-09 11:46:09.835486687,Bug,Resolved,57,1,Technical,0,0,SOP-23
TK02108,AC0037,A017,2026-04-09 15:00:00,,Technical,Escalated,19,1,Operations,0,0,None
TK02109,AC0126,A002,2026-04-09 10:00:00,2026-04-09 19:05:53.921958364,How-to,Resolved,25,0,None,0,0,SOP-23
TK02110,AC0058,A007,2026-04-09 16:00:00,2026-04-10 16:45:12.905996005,Integration,Resolved,52,0,None,0,0,None
TK02111,AC0129,A007,2026-04-09 12:00:00,2026-04-10 09:10:02.641297933,Technical,Resolved,22,0,None,0,0,SOP-07
TK02112,AC0036,A007,2026-04-09 09:00:00,2026-04-09 22:15:46.280044397,How-to,Resolved,41,0,None,0,1,SOP-18
TK02113,AC0117,A031,2026-04-09 08:00:00,2026-04-09 09:04:03.302114671,How-to,Resolved,17,0,None,0,0,SOP-18
TK02114,AC0121,A030,2026-04-09 15:00:00,,Bug,Partially Resolved,39,1,Product,0,1,None
TK02115,AC0065,A009,2026-04-09 14:00:00,2026-04-10 11:18:28.329461070,Feature Request,Resolved,9,0,None,0,0,SOP-12
TK02116,AC0142,A027,2026-04-09 08:00:00,2026-04-09 20:10:27.820469436,How-to,Resolved,2,0,None,0,0,SOP-18
TK02117,AC0018,A004,2026-04-09 11:00:00,2026-04-10 00:35:44.634114807,Account,Resolved,51,0,None,0,0,None
TK02118,AC0069,A015,2026-04-09 20:00:00,2026-04-09 22:36:23.233511773,How-to,Resolved,27,0,None,0,0,SOP-18
TK02119,AC0036,A031,2026-04-09 10:00:00,2026-04-10 06:21:58.040175305,Account,Resolved,32,0,None,0,0,None
TK02120,AC0046,A026,2026-04-09 11:00:00,2026-04-10 00:53:02.924669331,Billing,Resolved,26,0,None,0,0,None
TK02121,AC0021,A010,2026-04-10 17:00:00,2026-04-11 05:08:35.431266494,Account,Resolved,47,0,None,0,0,SOP-23
TK02122,AC0087,A006,2026-04-10 10:00:00,,Billing,Waiting Customer,36,0,None,0,0,SOP-23
TK02123,AC0030,A005,2026-04-10 11:00:00,2026-04-10 18:11:02.709633014,How-to,Resolved,5,0,None,0,0,SOP-23
TK02124,AC0086,A004,2026-04-10 20:00:00,2026-04-11 21:31:33.115221769,Billing,Resolved,26,0,None,0,0,SOP-12
TK02125,AC0133,A030,2026-04-10 12:00:00,2026-04-10 23:46:37.662114306,Integration,Resolved,21,0,None,0,0,SOP-12
TK02126,AC0106,A032,2026-04-10 08:00:00,2026-04-10 21:18:17.127291080,Technical,Resolved,10,0,None,0,0,None
TK02127,AC0064,A004,2026-04-10 15:00:00,2026-04-11 12:56:11.327796040,Integration,Resolved,22,0,None,0,0,SOP-23
TK02128,AC0008,A022,2026-04-10 11:00:00,2026-04-10 12:37:22.741701311,Integration,Resolved,28,0,None,0,0,SOP-12
TK02129,AC0074,A038,2026-04-11 20:00:00,2026-04-12 10:08:16.773702513,Bug,Resolved,30,0,None,0,0,SOP-23
TK02130,AC0065,A006,2026-04-11 14:00:00,,How-to,Partially Resolved,15,0,None,0,0,None
TK02131,AC0136,A005,2026-04-11 08:00:00,2026-04-11 22:05:19.978702534,Bug,Resolved,11,0,None,0,0,None
TK02132,AC0066,A038,2026-04-11 16:00:00,2026-04-12 12:03:24.237313073,Technical,Resolved,9,0,None,0,0,None
TK02133,AC0049,A009,2026-04-11 08:00:00,,Bug,Unresolved,81,0,None,0,1,None
TK02134,AC0147,A003,2026-04-12 17:00:00,,Integration,Escalated,74,1,Billing,0,0,SOP-12
TK02135,AC0085,A020,2026-04-12 19:00:00,2026-04-13 07:04:36.502059820,Bug,Resolved,36,0,None,0,1,SOP-12
TK02136,AC0056,A026,2026-04-12 11:00:00,,Bug,Escalated,9,1,Operations,0,0,SOP-12
TK02137,AC0054,A002,2026-04-12 10:00:00,,Technical,Waiting Internally,28,1,Billing,0,0,SOP-12
TK02138,AC0127,A020,2026-04-12 17:00:00,,Feature Request,Waiting Internally,46,1,Billing,0,1,SOP-07
TK02139,AC0106,A009,2026-04-12 15:00:00,2026-04-14 00:41:26.103174520,Account,Resolved,29,0,None,0,0,None
TK02140,AC0117,A002,2026-04-12 08:00:00,2026-04-13 20:34:59.241767236,Technical,Resolved,12,0,None,0,0,None
TK02141,AC0105,A008,2026-04-12 19:00:00,2026-04-13 00:43:38.814298779,Billing,Resolved,16,0,None,0,0,None
TK02142,AC0117,A010,2026-04-12 14:00:00,2026-04-13 07:08:04.901197990,Technical,Resolved,34,0,None,0,0,SOP-18
TK02143,AC0029,A020,2026-04-13 08:00:00,,Technical,Partially Resolved,60,0,None,0,0,SOP-12
TK02144,AC0073,A026,2026-04-13 08:00:00,2026-04-13 16:42:25.215238854,Technical,Resolved,74,0,None,0,0,SOP-23
TK02145,AC0088,A019,2026-04-13 16:00:00,2026-04-14 01:24:30.286315370,Technical,Resolved,32,0,None,0,0,None
TK02146,AC0121,A031,2026-04-13 12:00:00,2026-04-13 21:35:26.665798354,Integration,Resolved,16,0,None,1,0,SOP-18
TK02147,AC0064,A028,2026-04-13 09:00:00,2026-04-14 16:14:19.944297856,Bug,Resolved,5,1,Technical,0,0,None
TK02148,AC0140,A031,2026-04-13 12:00:00,2026-04-13 17:22:55.496063038,How-to,Resolved,25,0,None,0,0,SOP-12
TK02149,AC0057,A028,2026-04-13 09:00:00,2026-04-13 11:33:33.578980889,How-to,Resolved,3,0,None,0,0,None
TK02150,AC0071,A033,2026-04-14 11:00:00,2026-04-14 21:44:55.333057604,Feature Request,Resolved,16,0,None,0,0,None
TK02151,AC0088,A015,2026-04-14 17:00:00,2026-04-15 12:40:27.773530480,How-to,Resolved,22,0,None,0,0,None
TK02152,AC0075,A012,2026-04-14 19:00:00,2026-04-15 11:17:43.291895,Account,Resolved,21,0,None,0,0,None
TK02153,AC0120,A026,2026-04-14 10:00:00,2026-04-14 20:57:40.510702212,Bug,Resolved,25,0,None,0,0,None
TK02154,AC0111,A012,2026-04-14 14:00:00,2026-04-15 15:24:06.570289238,Integration,Resolved,26,0,None,0,1,SOP-07
TK02155,AC0143,A012,2026-04-14 19:00:00,2026-04-14 21:17:58.720096918,How-to,Resolved,37,0,None,0,0,None
TK02156,AC0107,A023,2026-04-14 09:00:00,2026-04-16 09:34:38.863964701,How-to,Resolved,25,0,None,0,0,None
TK02157,AC0139,A010,2026-04-14 17:00:00,2026-04-14 18:44:58.713997837,How-to,Resolved,15,0,None,0,1,None
TK02158,AC0100,A026,2026-04-14 13:00:00,2026-04-15 02:53:20.346659516,Bug,Resolved,13,0,None,0,0,None
TK02159,AC0086,A018,2026-04-14 10:00:00,2026-04-15 05:54:54.018568706,Integration,Resolved,21,0,None,0,0,SOP-23
TK02160,AC0037,A027,2026-04-14 20:00:00,2026-04-16 19:48:04.295849471,Integration,Resolved,54,0,None,0,0,SOP-07
TK02161,AC0140,A027,2026-04-14 09:00:00,2026-04-14 19:00:39.235205914,Account,Resolved,3,0,None,0,0,SOP-23
TK02162,AC0008,A015,2026-04-15 14:00:00,2026-04-16 15:10:35.018471879,Integration,Resolved,19,0,None,0,0,None
TK02163,AC0106,A009,2026-04-15 13:00:00,2026-04-15 22:01:39.557513187,Billing,Resolved,61,0,None,0,0,SOP-07
TK02164,AC0082,A012,2026-04-15 18:00:00,2026-04-16 12:20:46.698048650,Account,Resolved,69,0,None,1,0,None
TK02165,AC0145,A036,2026-04-15 08:00:00,,Technical,Partially Resolved,44,0,None,0,0,SOP-18
TK02166,AC0140,A027,2026-04-15 18:00:00,2026-04-16 04:20:12.735194089,Technical,Resolved,31,0,None,0,0,SOP-18
TK02167,AC0025,A005,2026-04-15 10:00:00,,Billing,Unresolved,32,0,None,0,0,None
TK02168,AC0124,A032,2026-04-15 16:00:00,2026-04-16 11:48:49.151756290,Technical,Resolved,70,0,None,1,0,None
TK02169,AC0090,A010,2026-04-15 15:00:00,2026-04-16 03:48:42.017790987,Feature Request,Resolved,42,0,None,0,0,SOP-23
TK02170,AC0040,A033,2026-04-15 13:00:00,2026-04-16 01:35:59.533511170,How-to,Resolved,9,0,None,0,0,None
TK02171,AC0122,A028,2026-04-15 17:00:00,2026-04-15 19:13:14.177128647,Account,Resolved,28,0,None,0,0,None
TK02172,AC0105,A017,2026-04-15 20:00:00,,How-to,Waiting Customer,45,0,None,1,0,None
TK02173,AC0087,A001,2026-04-16 19:00:00,,Technical,Waiting Internally,27,1,Product,0,0,SOP-12
TK02174,AC0061,A005,2026-04-16 18:00:00,2026-04-17 02:27:17.313035605,Bug,Resolved,32,1,Technical,0,0,SOP-23
TK02175,AC0009,A019,2026-04-16 18:00:00,2026-04-17 13:01:12.053676292,Technical,Resolved,36,0,None,1,0,SOP-07
TK02176,AC0101,A017,2026-04-16 16:00:00,2026-04-17 01:11:50.650437743,Bug,Resolved,46,0,None,0,0,None
TK02177,AC0090,A032,2026-04-16 13:00:00,2026-04-16 22:36:38.857292868,Technical,Resolved,37,0,None,0,0,None
TK02178,AC0126,A017,2026-04-16 20:00:00,2026-04-17 06:41:14.601140800,How-to,Resolved,41,0,None,0,0,SOP-23
TK02179,AC0065,A011,2026-04-16 16:00:00,,Account,Partially Resolved,30,0,None,0,0,SOP-12
TK02180,AC0031,A017,2026-04-17 18:00:00,2026-04-17 22:29:55.041833701,Integration,Resolved,30,0,None,0,1,SOP-07
TK02181,AC0030,A031,2026-04-17 11:00:00,2026-04-18 00:26:57.680877573,How-to,Resolved,13,0,None,0,0,SOP-23
TK02182,AC0084,A017,2026-04-17 14:00:00,2026-04-17 19:40:29.920613393,Technical,Resolved,12,0,None,0,0,SOP-18
TK02183,AC0046,A023,2026-04-17 18:00:00,2026-04-18 06:37:52.159484563,Bug,Resolved,15,1,Product,0,0,SOP-23
TK02184,AC0068,A035,2026-04-17 13:00:00,2026-04-19 17:58:01.240711408,Account,Resolved,34,0,None,0,1,None
TK02185,AC0123,A029,2026-04-17 14:00:00,2026-04-18 17:51:29.459155102,Billing,Resolved,17,0,None,0,0,None
TK02186,AC0019,A028,2026-04-17 13:00:00,,Account,Escalated,20,1,Billing,0,0,None
TK02187,AC0050,A024,2026-04-17 19:00:00,,Technical,Waiting Customer,25,0,None,0,0,SOP-12
TK02188,AC0114,A033,2026-04-17 09:00:00,2026-04-17 14:35:52.449566169,How-to,Resolved,67,0,None,0,0,SOP-23
TK02189,AC0101,A024,2026-04-18 15:00:00,2026-04-19 02:39:32.225195213,How-to,Resolved,75,0,None,0,0,None
TK02190,AC0057,A027,2026-04-18 13:00:00,2026-04-19 03:57:50.505881137,Account,Resolved,30,0,None,0,0,SOP-12
TK02191,AC0121,A029,2026-04-18 16:00:00,2026-04-19 10:10:58.854344295,Technical,Resolved,39,0,None,0,0,None
TK02192,AC0117,A029,2026-04-18 12:00:00,,How-to,Escalated,13,1,Product,0,0,SOP-12
TK02193,AC0051,A014,2026-04-18 08:00:00,2026-04-18 17:31:56.132257751,Bug,Resolved,10,0,None,0,0,SOP-18
TK02194,AC0105,A035,2026-04-18 10:00:00,2026-04-18 18:19:32.600887722,Bug,Resolved,20,0,None,0,0,SOP-12
TK02195,AC0092,A038,2026-04-18 08:00:00,,Feature Request,Escalated,76,1,Product,0,0,SOP-07
TK02196,AC0030,A020,2026-04-18 17:00:00,2026-04-19 13:15:06.315666668,Integration,Resolved,7,0,None,0,0,SOP-07
TK02197,AC0011,A038,2026-04-18 12:00:00,2026-04-19 17:09:40.695194364,Technical,Resolved,60,0,None,0,0,SOP-12
TK02198,AC0046,A028,2026-04-19 14:00:00,2026-04-19 20:35:36.635069296,Account,Resolved,42,0,None,0,0,None
TK02199,AC0008,A029,2026-04-19 17:00:00,2026-04-19 23:59:22.094046711,Integration,Resolved,45,0,None,0,0,SOP-07
TK02200,AC0125,A009,2026-04-19 17:00:00,2026-04-20 19:54:43.194638578,How-to,Resolved,3,0,None,0,0,SOP-23
TK02201,AC0146,A029,2026-04-19 10:00:00,,Account,Unresolved,89,0,None,0,0,SOP-23
TK02202,AC0113,A019,2026-04-19 17:00:00,2026-04-20 12:02:12.824242144,Feature Request,Resolved,19,0,None,0,0,None
TK02203,AC0087,A016,2026-04-19 09:00:00,,Feature Request,Waiting Customer,43,0,None,0,0,SOP-12
TK02204,AC0046,A010,2026-04-19 18:00:00,2026-04-21 01:21:02.895380373,How-to,Resolved,17,0,None,0,0,SOP-23
TK02205,AC0086,A001,2026-04-19 11:00:00,2026-04-19 22:56:21.442641155,How-to,Resolved,18,0,None,0,0,SOP-12
TK02206,AC0065,A038,2026-04-19 15:00:00,2026-04-20 17:55:03.119302813,Technical,Resolved,2,0,None,0,0,SOP-23
TK02207,AC0090,A038,2026-04-19 10:00:00,2026-04-20 08:00:00.694999363,Technical,Resolved,20,0,None,0,0,SOP-23
TK02208,AC0061,A027,2026-04-19 11:00:00,2026-04-19 23:39:17.397289840,Account,Resolved,13,0,None,0,0,None
TK02209,AC0088,A007,2026-04-19 08:00:00,,Technical,Escalated,29,1,Operations,1,1,SOP-23
TK02210,AC0001,A032,2026-04-19 12:00:00,2026-04-19 22:02:22.277581213,Billing,Resolved,16,0,None,0,0,None
TK02211,AC0141,A012,2026-04-20 13:00:00,2026-04-21 01:22:42.416751603,Bug,Resolved,6,0,None,0,0,None
TK02212,AC0054,A032,2026-04-20 13:00:00,2026-04-21 16:42:22.509757094,Feature Request,Resolved,17,0,None,0,0,SOP-12
TK02213,AC0029,A030,2026-04-20 15:00:00,,How-to,Escalated,101,1,Technical,1,0,None
TK02214,AC0126,A025,2026-04-20 18:00:00,2026-04-21 12:55:33.230545757,Technical,Resolved,72,0,None,0,0,SOP-18
TK02215,AC0014,A010,2026-04-20 14:00:00,2026-04-21 05:09:30.285682218,Technical,Resolved,34,0,None,0,0,SOP-18
TK02216,AC0132,A035,2026-04-20 12:00:00,2026-04-20 23:17:39.488420285,Integration,Resolved,40,0,None,0,0,None
TK02217,AC0107,A025,2026-04-21 09:00:00,,Bug,Escalated,8,1,Product,0,0,None
TK02218,AC0008,A019,2026-04-21 12:00:00,2026-04-21 16:44:11.240185935,Integration,Resolved,30,0,None,0,0,SOP-07
TK02219,AC0081,A029,2026-04-21 15:00:00,2026-04-22 00:06:24.953737613,Technical,Resolved,26,0,None,0,0,None
TK02220,AC0037,A016,2026-04-21 09:00:00,2026-04-22 11:50:05.282066389,How-to,Resolved,19,0,None,0,0,None
TK02221,AC0025,A003,2026-04-21 17:00:00,,Billing,Escalated,25,1,Product,0,1,SOP-18
TK02222,AC0064,A038,2026-04-21 15:00:00,2026-04-21 20:52:18.444183558,Technical,Resolved,26,0,None,0,0,None
TK02223,AC0057,A017,2026-04-21 19:00:00,2026-04-23 01:40:15.078366704,Technical,Resolved,24,0,None,0,0,None
TK02224,AC0139,A027,2026-04-21 20:00:00,,Technical,Waiting Internally,11,1,Technical,0,0,SOP-23
TK02225,AC0104,A023,2026-04-21 12:00:00,2026-04-22 12:57:41.050805669,Account,Resolved,16,0,None,0,0,None
TK02226,AC0011,A015,2026-04-21 14:00:00,2026-04-22 03:12:14.087355507,Technical,Resolved,44,0,None,0,0,SOP-23
TK02227,AC0087,A019,2026-04-21 14:00:00,2026-04-22 14:30:41.986097405,Bug,Resolved,5,0,None,0,0,SOP-18
TK02228,AC0061,A024,2026-04-21 12:00:00,2026-04-21 22:52:39.216094704,How-to,Resolved,23,0,None,0,1,None
TK02229,AC0059,A032,2026-04-21 16:00:00,2026-04-21 19:12:48.036770161,Technical,Resolved,29,0,None,1,0,SOP-18
TK02230,AC0065,A034,2026-04-21 10:00:00,2026-04-21 17:14:34.077012559,Account,Resolved,26,0,None,0,0,None
TK02231,AC0117,A037,2026-04-21 15:00:00,2026-04-22 18:23:44.451199569,Technical,Resolved,20,0,None,0,0,SOP-07
TK02232,AC0018,A036,2026-04-21 16:00:00,2026-04-21 23:01:46.809616656,Technical,Resolved,40,0,None,1,0,None
TK02233,AC0105,A017,2026-04-22 20:00:00,2026-04-23 16:22:40.887356483,Bug,Resolved,17,0,None,0,0,SOP-12
TK02234,AC0130,A036,2026-04-22 09:00:00,,Bug,Waiting Internally,22,1,Operations,0,0,SOP-23
TK02235,AC0085,A019,2026-04-22 09:00:00,2026-04-23 05:48:50.526442107,How-to,Resolved,46,0,None,0,0,SOP-07
TK02236,AC0018,A020,2026-04-22 08:00:00,2026-04-23 15:48:11.326025215,Integration,Resolved,19,0,None,0,1,SOP-12
TK02237,AC0117,A017,2026-04-22 19:00:00,,Integration,Partially Resolved,3,0,None,1,0,SOP-12
TK02238,AC0061,A004,2026-04-22 20:00:00,2026-04-23 08:18:48.362039016,How-to,Resolved,8,0,None,0,0,None
TK02239,AC0053,A021,2026-04-22 10:00:00,2026-04-23 05:54:58.090274078,Technical,Resolved,39,0,None,0,0,SOP-12
TK02240,AC0127,A013,2026-04-22 15:00:00,,How-to,Escalated,70,1,Operations,0,1,None
TK02241,AC0125,A014,2026-04-22 14:00:00,2026-04-22 19:25:40.238104181,Account,Resolved,14,0,None,0,0,None
TK02242,AC0071,A014,2026-04-22 12:00:00,2026-04-22 16:38:53.010821720,Billing,Resolved,17,0,None,1,0,None
TK02243,AC0100,A017,2026-04-22 17:00:00,2026-04-23 20:58:10.230126093,Technical,Resolved,53,0,None,0,0,None
TK02244,AC0046,A004,2026-04-23 19:00:00,2026-04-25 21:16:35.317862187,How-to,Resolved,14,0,None,0,0,SOP-23
TK02245,AC0098,A019,2026-04-23 19:00:00,,How-to,Escalated,44,1,Technical,0,0,SOP-12
TK02246,AC0047,A014,2026-04-23 16:00:00,2026-04-23 22:32:07.384746044,Integration,Resolved,4,0,None,0,0,None
TK02247,AC0011,A002,2026-04-23 10:00:00,2026-04-24 21:16:55.602148883,Feature Request,Resolved,23,0,None,0,0,None
TK02248,AC0088,A026,2026-04-23 13:00:00,2026-04-23 15:26:26.598816415,How-to,Resolved,14,0,None,0,0,SOP-07
TK02249,AC0141,A020,2026-04-23 09:00:00,2026-04-23 19:43:22.617021091,How-to,Resolved,50,0,None,0,0,None
TK02250,AC0051,A034,2026-04-23 17:00:00,2026-04-26 01:49:54.614961971,Feature Request,Resolved,30,0,None,0,0,SOP-23
TK02251,AC0018,A005,2026-04-23 15:00:00,2026-04-24 02:33:58.167793226,Billing,Resolved,13,0,None,0,0,SOP-07
TK02252,AC0027,A007,2026-04-23 18:00:00,2026-04-24 19:29:41.533986899,Technical,Resolved,29,0,None,0,0,SOP-23
TK02253,AC0018,A011,2026-04-23 17:00:00,2026-04-25 04:08:35.465131935,Bug,Resolved,7,0,None,1,0,None
TK02254,AC0095,A028,2026-04-23 08:00:00,2026-04-23 18:59:02.766281442,How-to,Resolved,59,0,None,0,0,None
TK02255,AC0131,A009,2026-04-24 12:00:00,2026-04-24 21:33:21.861981092,Bug,Resolved,19,1,Technical,0,0,None
TK02256,AC0095,A016,2026-04-24 14:00:00,2026-04-25 04:16:42.824454158,Account,Resolved,28,0,None,0,0,None
TK02257,AC0134,A019,2026-04-24 14:00:00,2026-04-25 17:38:01.676872326,Account,Resolved,51,0,None,0,0,SOP-07
TK02258,AC0059,A010,2026-04-24 10:00:00,2026-04-25 04:27:48.275894310,Technical,Resolved,26,0,None,0,0,None
TK02259,AC0065,A015,2026-04-24 16:00:00,2026-04-26 00:18:52.969044347,Account,Resolved,34,0,None,0,0,SOP-07
TK02260,AC0149,A026,2026-04-24 13:00:00,,Feature Request,Escalated,70,1,Billing,0,0,SOP-18
TK02261,AC0130,A016,2026-04-24 10:00:00,2026-04-25 13:07:04.738537611,How-to,Resolved,4,0,None,0,0,SOP-18
TK02262,AC0100,A023,2026-04-24 18:00:00,,How-to,Waiting Customer,130,0,None,0,0,SOP-07
TK02263,AC0129,A032,2026-04-24 14:00:00,2026-04-26 00:11:11.001236789,Bug,Resolved,45,1,Operations,0,0,SOP-07
TK02264,AC0101,A017,2026-04-24 11:00:00,2026-04-24 12:57:38.440708119,Bug,Resolved,42,0,None,0,0,SOP-18
TK02265,AC0132,A004,2026-04-24 16:00:00,2026-04-25 03:26:49.466492215,Billing,Resolved,89,0,None,0,0,None
TK02266,AC0117,A004,2026-04-24 16:00:00,2026-04-24 22:22:06.824427552,Billing,Resolved,47,0,None,0,0,SOP-23
TK02267,AC0095,A004,2026-04-25 16:00:00,2026-04-26 09:17:07.714174005,Technical,Resolved,147,0,None,0,0,SOP-12
TK02268,AC0099,A024,2026-04-25 16:00:00,2026-04-26 07:07:43.797430362,Bug,Resolved,85,1,Product,0,0,None
TK02269,AC0046,A017,2026-04-25 11:00:00,2026-04-25 13:55:48.825055892,Billing,Resolved,51,0,None,0,0,SOP-23
TK02270,AC0136,A037,2026-04-25 13:00:00,2026-04-25 23:52:19.947680881,Integration,Resolved,49,0,None,0,0,None
TK02271,AC0001,A037,2026-04-25 16:00:00,2026-04-26 02:21:17.697094036,Billing,Resolved,71,0,None,1,0,SOP-12
TK02272,AC0035,A011,2026-04-25 13:00:00,2026-04-26 04:13:01.339734796,How-to,Resolved,5,0,None,0,0,None
TK02273,AC0100,A004,2026-04-25 20:00:00,2026-04-27 09:47:59.177340905,Technical,Resolved,37,0,None,0,0,None
TK02274,AC0132,A021,2026-04-25 14:00:00,2026-04-26 03:00:06.368835418,Technical,Resolved,23,0,None,0,0,SOP-18
TK02275,AC0104,A002,2026-04-25 17:00:00,2026-04-26 14:45:32.756349807,Technical,Resolved,79,0,None,0,0,SOP-18
TK02276,AC0149,A029,2026-04-25 20:00:00,,Technical,Partially Resolved,32,0,None,0,0,SOP-18
TK02277,AC0117,A006,2026-04-25 12:00:00,2026-04-26 10:52:49.192141375,Billing,Resolved,40,0,None,0,0,None
TK02278,AC0135,A006,2026-04-25 20:00:00,2026-04-26 08:50:34.171638721,Billing,Resolved,54,0,None,0,1,SOP-07
TK02279,AC0065,A015,2026-04-25 19:00:00,2026-04-26 09:04:09.998599360,Technical,Resolved,72,0,None,0,0,None
TK02280,AC0078,A005,2026-04-25 17:00:00,2026-04-26 00:38:57.855145462,Bug,Resolved,61,1,Billing,0,0,None
TK02281,AC0018,A032,2026-04-25 16:00:00,2026-04-26 00:34:29.052077977,Bug,Resolved,73,0,None,0,0,None
TK02282,AC0057,A031,2026-04-25 14:00:00,2026-04-27 16:30:13.637240686,Account,Resolved,7,0,None,0,0,None
TK02283,AC0061,A006,2026-04-26 17:00:00,,How-to,Waiting Internally,45,1,Billing,0,0,None
TK02284,AC0066,A031,2026-04-26 13:00:00,2026-04-26 21:49:26.039744857,Integration,Resolved,22,0,None,0,0,SOP-23
TK02285,AC0003,A028,2026-04-26 18:00:00,2026-04-27 01:19:37.566668276,How-to,Resolved,27,0,None,0,0,None
TK02286,AC0085,A028,2026-04-26 17:00:00,2026-04-27 02:02:45.286923199,Billing,Resolved,33,0,None,0,0,SOP-23
TK02287,AC0064,A033,2026-04-26 12:00:00,2026-04-27 04:49:46.419893105,Technical,Resolved,109,0,None,0,0,SOP-18
TK02288,AC0130,A037,2026-04-26 11:00:00,2026-04-27 01:44:14.015993578,How-to,Resolved,85,0,None,0,0,SOP-23
TK02289,AC0015,A004,2026-04-26 08:00:00,2026-04-26 14:25:05.091360476,Account,Resolved,48,0,None,0,0,SOP-23
TK02290,AC0024,A022,2026-04-26 15:00:00,,Integration,Waiting Internally,10,1,Technical,0,0,SOP-12
TK02291,AC0133,A033,2026-04-26 18:00:00,2026-04-27 07:01:38.498940058,Feature Request,Resolved,5,0,None,0,0,None
TK02292,AC0059,A004,2026-04-26 17:00:00,2026-04-27 13:27:23.418559662,How-to,Resolved,56,0,None,0,0,SOP-12
TK02293,AC0116,A019,2026-04-27 15:00:00,,Billing,Partially Resolved,8,0,None,0,1,None
TK02294,AC0068,A009,2026-04-27 13:00:00,2026-04-28 04:34:12.416939142,Bug,Resolved,91,0,None,0,0,None
TK02295,AC0057,A020,2026-04-27 19:00:00,2026-04-28 21:24:32.639630352,Technical,Resolved,19,0,None,0,0,None
TK02296,AC0087,A010,2026-04-27 19:00:00,2026-04-28 12:07:30.678764595,Technical,Resolved,13,0,None,0,0,None
TK02297,AC0105,A024,2026-04-27 15:00:00,2026-04-28 07:05:59.818363488,Bug,Resolved,38,0,None,0,0,SOP-07
TK02298,AC0129,A013,2026-04-27 17:00:00,2026-04-28 22:49:50.741970394,Account,Resolved,39,0,None,1,0,SOP-18
TK02299,AC0130,A029,2026-04-27 15:00:00,2026-04-28 20:21:35.980396125,Integration,Resolved,8,0,None,0,0,None
TK02300,AC0090,A016,2026-04-27 18:00:00,,Technical,Waiting Customer,31,0,None,1,0,SOP-18
TK02301,AC0132,A036,2026-04-27 18:00:00,2026-04-28 03:52:31.552888685,How-to,Resolved,41,0,None,0,0,SOP-23
TK02302,AC0062,A016,2026-04-27 17:00:00,2026-04-28 18:19:14.034166150,How-to,Resolved,24,0,None,0,0,SOP-12
TK02303,AC0117,A024,2026-04-27 11:00:00,2026-04-28 08:54:43.643686861,Technical,Resolved,49,0,None,0,0,SOP-07
TK02304,AC0140,A032,2026-04-27 14:00:00,2026-04-28 04:51:08.116036870,Billing,Resolved,49,0,None,0,0,None
TK02305,AC0142,A011,2026-04-27 09:00:00,2026-04-28 22:53:19.483973799,How-to,Resolved,47,0,None,0,1,SOP-07
TK02306,AC0049,A037,2026-04-27 10:00:00,2026-04-27 18:53:47.650137427,Technical,Resolved,50,0,None,0,0,SOP-18
TK02307,AC0124,A018,2026-04-27 12:00:00,2026-04-27 19:10:31.213492658,Integration,Resolved,32,0,None,0,0,None
TK02308,AC0018,A038,2026-04-28 14:00:00,,Bug,Escalated,11,1,Technical,0,0,SOP-18
TK02309,AC0125,A005,2026-04-28 17:00:00,2026-04-29 04:23:27.598615296,Integration,Resolved,78,0,None,0,1,None
TK02310,AC0114,A018,2026-04-28 12:00:00,,Account,Unresolved,30,0,None,0,1,SOP-23
TK02311,AC0130,A003,2026-04-28 11:00:00,2026-04-28 21:22:40.146567715,Technical,Resolved,13,0,None,0,0,None
TK02312,AC0022,A009,2026-04-28 20:00:00,,Integration,Escalated,13,1,Technical,0,0,SOP-18
TK02313,AC0006,A021,2026-04-28 11:00:00,2026-04-28 23:52:31.222829975,Billing,Resolved,82,0,None,0,0,None
TK02314,AC0138,A036,2026-04-28 16:00:00,2026-04-28 18:32:10.760452957,Technical,Resolved,33,0,None,0,0,SOP-07
TK02315,AC0030,A020,2026-04-28 16:00:00,2026-04-29 02:01:36.342328542,Account,Resolved,48,0,None,0,0,SOP-12
TK02316,AC0009,A027,2026-04-28 18:00:00,2026-04-29 05:21:13.200936110,Billing,Resolved,75,0,None,0,0,None
TK02317,AC0015,A024,2026-04-28 18:00:00,2026-04-29 08:14:12.179804143,Integration,Resolved,14,0,None,0,0,None
TK02318,AC0087,A017,2026-04-28 15:00:00,2026-04-29 06:44:34.387198521,How-to,Resolved,7,0,None,0,0,SOP-07
TK02319,AC0110,A019,2026-04-29 17:00:00,,How-to,Partially Resolved,45,0,None,0,0,SOP-18
TK02320,AC0087,A021,2026-04-29 17:00:00,2026-04-30 14:14:29.064037599,Integration,Resolved,14,0,None,1,0,None
TK02321,AC0065,A001,2026-04-29 18:00:00,,How-to,Escalated,88,1,Operations,0,0,SOP-18
TK02322,AC0105,A022,2026-04-29 16:00:00,2026-04-29 22:24:21.394465046,Technical,Resolved,94,0,None,0,0,SOP-23
TK02323,AC0127,A005,2026-04-29 12:00:00,2026-04-29 20:38:41.053659024,Bug,Resolved,58,0,None,0,0,SOP-12
TK02324,AC0088,A024,2026-04-29 18:00:00,2026-04-29 21:41:15.767922635,Account,Resolved,58,0,None,0,0,None
TK02325,AC0117,A013,2026-04-29 19:00:00,2026-04-30 12:06:14.262311972,Billing,Resolved,9,0,None,0,1,None
TK02326,AC0089,A020,2026-04-29 18:00:00,2026-04-29 21:39:27.479349463,Technical,Resolved,61,0,None,0,0,None
TK02327,AC0113,A036,2026-04-29 10:00:00,,How-to,Escalated,55,1,Billing,0,0,None
TK02328,AC0047,A030,2026-04-29 13:00:00,2026-04-29 22:39:20.556733270,Account,Resolved,13,0,None,1,0,None
TK02329,AC0014,A012,2026-04-29 19:00:00,2026-04-30 13:49:07.434271241,How-to,Resolved,25,0,None,0,0,None
TK02330,AC0132,A019,2026-04-29 12:00:00,2026-05-01 00:49:58.446892196,Account,Resolved,20,0,None,0,0,SOP-18
TK02331,AC0040,A021,2026-04-29 11:00:00,2026-04-29 22:11:53.139893353,Feature Request,Resolved,43,0,None,0,0,SOP-18
TK02332,AC0049,A001,2026-04-29 12:00:00,,Bug,Escalated,5,1,Billing,0,0,None
TK02333,AC0089,A035,2026-04-29 17:00:00,2026-04-30 02:48:41.645018415,Billing,Resolved,28,0,None,0,0,None
TK02334,AC0018,A021,2026-04-30 13:00:00,2026-05-01 15:36:43.107702666,Technical,Resolved,53,0,None,0,0,None
TK02335,AC0087,A029,2026-04-30 10:00:00,2026-04-30 21:29:57.225649832,Integration,Resolved,32,0,None,0,0,None
TK02336,AC0105,A038,2026-04-30 20:00:00,2026-05-01 09:56:05.331850407,Account,Resolved,77,0,None,0,0,SOP-18
TK02337,AC0027,A029,2026-04-30 19:00:00,2026-05-01 03:31:52.609315370,Integration,Resolved,25,0,None,0,0,None
TK02338,AC0056,A034,2026-04-30 09:00:00,2026-04-30 19:58:41.484561159,Integration,Resolved,22,0,None,0,0,SOP-18
TK02339,AC0019,A037,2026-04-30 16:00:00,,Technical,Partially Resolved,40,0,None,0,0,None
TK02340,AC0008,A028,2026-04-30 19:00:00,2026-05-01 04:58:45.651131005,Feature Request,Resolved,35,0,None,0,0,None
TK02341,AC0013,A024,2026-04-30 09:00:00,,Technical,Partially Resolved,23,0,None,0,0,None
TK02342,AC0064,A026,2026-04-30 15:00:00,2026-05-01 08:39:20.760168926,Integration,Resolved,13,0,None,0,0,None
TK02343,AC0047,A031,2026-04-30 13:00:00,2026-05-01 03:28:36.991634750,Integration,Resolved,12,0,None,0,0,None
TK02344,AC0088,A008,2026-05-01 19:00:00,2026-05-01 20:56:15.399356178,Technical,Resolved,13,0,None,0,0,SOP-18
TK02345,AC0132,A036,2026-05-01 12:00:00,2026-05-01 19:22:06.523653951,Technical,Resolved,17,0,None,0,0,None
TK02346,AC0142,A029,2026-05-01 15:00:00,2026-05-02 08:49:56.960854749,Account,Resolved,11,0,None,0,0,SOP-12
TK02347,AC0046,A022,2026-05-01 19:00:00,2026-05-02 04:08:11.237852482,Account,Resolved,25,0,None,0,0,SOP-12
TK02348,AC0100,A019,2026-05-01 10:00:00,2026-05-01 18:16:05.538687926,How-to,Resolved,33,0,None,0,0,SOP-07
TK02349,AC0018,A010,2026-05-01 12:00:00,,Integration,Partially Resolved,11,0,None,0,0,SOP-07
TK02350,AC0130,A032,2026-05-01 16:00:00,2026-05-01 19:56:55.726293339,Technical,Resolved,5,0,None,0,0,None
TK02351,AC0120,A025,2026-05-01 09:00:00,,How-to,Waiting Customer,23,0,None,0,0,None
TK02352,AC0095,A031,2026-05-01 10:00:00,2026-05-01 17:13:17.337640579,Bug,Resolved,21,0,None,0,0,SOP-07
TK02353,AC0088,A028,2026-05-02 18:00:00,,Account,Unresolved,6,0,None,0,0,None
TK02354,AC0083,A002,2026-05-02 18:00:00,2026-05-02 22:47:49.490793150,Account,Resolved,10,0,None,0,0,SOP-18
TK02355,AC0018,A024,2026-05-02 10:00:00,2026-05-04 03:37:56.653780731,Bug,Resolved,84,0,None,0,0,None
TK02356,AC0114,A012,2026-05-02 13:00:00,,Technical,Unresolved,52,0,None,0,1,None
TK02357,AC0133,A019,2026-05-02 16:00:00,2026-05-03 10:57:47.289626805,Technical,Resolved,59,0,None,0,1,None
TK02358,AC0088,A005,2026-05-02 18:00:00,2026-05-03 04:26:26.105277609,Bug,Resolved,17,1,Billing,0,1,None
TK02359,AC0031,A017,2026-05-02 08:00:00,2026-05-02 19:16:01.996582953,Billing,Resolved,53,0,None,0,0,None
TK02360,AC0087,A018,2026-05-02 09:00:00,2026-05-03 03:29:22.972135849,Technical,Resolved,40,0,None,0,0,None
TK02361,AC0137,A017,2026-05-02 17:00:00,2026-05-03 01:30:47.236390251,Bug,Resolved,32,0,None,0,1,None
TK02362,AC0065,A037,2026-05-02 12:00:00,2026-05-02 12:55:22.887337038,Technical,Resolved,41,0,None,0,0,SOP-07
TK02363,AC0039,A026,2026-05-03 19:00:00,2026-05-05 23:30:30.785973627,How-to,Resolved,49,0,None,0,0,None
TK02364,AC0032,A011,2026-05-03 09:00:00,2026-05-04 01:41:14.436676218,Bug,Resolved,34,1,Billing,0,0,None
TK02365,AC0144,A007,2026-05-03 13:00:00,2026-05-03 19:47:40.383361235,Bug,Resolved,45,0,None,0,0,SOP-18
TK02366,AC0066,A002,2026-05-03 09:00:00,2026-05-03 20:42:19.955905965,Bug,Resolved,115,0,None,0,0,None
TK02367,AC0074,A004,2026-05-03 19:00:00,2026-05-04 05:51:24.818120213,Integration,Resolved,58,0,None,0,0,SOP-23
TK02368,AC0065,A027,2026-05-03 08:00:00,,Integration,Unresolved,26,0,None,0,1,SOP-23
TK02369,AC0057,A007,2026-05-03 08:00:00,2026-05-04 05:21:17.050243932,Account,Resolved,26,0,None,1,0,SOP-18
TK02370,AC0078,A003,2026-05-04 14:00:00,2026-05-04 21:25:55.666025314,Bug,Resolved,30,0,None,0,0,SOP-07
TK02371,AC0146,A023,2026-05-04 12:00:00,,How-to,Unresolved,27,0,None,0,0,SOP-18
TK02372,AC0085,A028,2026-05-04 17:00:00,,How-to,Escalated,39,1,Product,0,0,SOP-12
TK02373,AC0113,A001,2026-05-04 13:00:00,2026-05-04 17:53:06.921681579,How-to,Resolved,24,0,None,0,0,SOP-18
TK02374,AC0097,A001,2026-05-04 16:00:00,2026-05-05 04:57:22.878691394,Bug,Resolved,8,1,Product,0,0,SOP-07
TK02375,AC0101,A009,2026-05-04 17:00:00,2026-05-04 19:17:29.844361339,Billing,Resolved,48,0,None,0,0,None
TK02376,AC0004,A037,2026-05-04 12:00:00,2026-05-05 16:27:38.047365205,Integration,Resolved,85,0,None,0,0,None
TK02377,AC0087,A005,2026-05-04 14:00:00,,How-to,Waiting Customer,59,0,None,0,1,None
TK02378,AC0093,A025,2026-05-04 09:00:00,,Bug,Partially Resolved,40,0,None,0,0,SOP-23
TK02379,AC0088,A015,2026-05-04 14:00:00,2026-05-05 08:56:36.486627422,Bug,Resolved,20,0,None,0,0,SOP-07
TK02380,AC0107,A011,2026-05-05 13:00:00,2026-05-06 07:35:13.870870403,Account,Resolved,17,0,None,0,0,None
TK02381,AC0074,A024,2026-05-05 17:00:00,2026-05-06 00:36:05.787825604,How-to,Resolved,30,0,None,1,0,SOP-12
TK02382,AC0001,A015,2026-05-05 15:00:00,2026-05-07 05:42:56.072349426,How-to,Resolved,61,0,None,0,0,None
TK02383,AC0050,A018,2026-05-05 11:00:00,2026-05-06 10:29:12.212352035,Technical,Resolved,63,0,None,0,0,SOP-23
TK02384,AC0050,A019,2026-05-05 10:00:00,2026-05-06 03:33:19.267966617,Bug,Resolved,16,0,None,0,0,None
TK02385,AC0030,A010,2026-05-05 12:00:00,2026-05-05 15:09:14.775060665,Technical,Resolved,71,0,None,0,0,SOP-18
TK02386,AC0030,A038,2026-05-05 17:00:00,2026-05-06 01:53:42.047855724,Technical,Resolved,31,0,None,0,0,SOP-07
TK02387,AC0103,A030,2026-05-05 10:00:00,2026-05-05 21:59:39.777145975,How-to,Resolved,36,0,None,0,0,SOP-07
TK02388,AC0100,A008,2026-05-06 17:00:00,2026-05-07 11:40:00.892389592,Technical,Resolved,10,0,None,0,0,None
TK02389,AC0024,A014,2026-05-06 09:00:00,,Account,Escalated,50,1,Product,0,0,None
TK02390,AC0133,A007,2026-05-06 17:00:00,2026-05-07 01:06:09.406600954,Technical,Resolved,20,0,None,0,0,SOP-18
TK02391,AC0018,A003,2026-05-06 11:00:00,2026-05-07 09:37:41.287368601,Technical,Resolved,15,0,None,0,1,None
TK02392,AC0023,A037,2026-05-06 09:00:00,2026-05-06 22:58:46.631271497,Account,Resolved,55,0,None,0,0,None
TK02393,AC0011,A032,2026-05-06 18:00:00,,Technical,Waiting Internally,72,1,Operations,0,0,SOP-12
TK02394,AC0127,A027,2026-05-06 10:00:00,2026-05-06 15:51:18.416111246,Bug,Resolved,5,0,None,0,0,None
TK02395,AC0008,A014,2026-05-07 13:00:00,2026-05-08 07:46:32.790134754,Technical,Resolved,2,0,None,0,1,SOP-23
TK02396,AC0057,A010,2026-05-07 19:00:00,2026-05-08 10:04:40.113609770,Feature Request,Resolved,24,0,None,0,0,SOP-12
TK02397,AC0018,A023,2026-05-07 18:00:00,2026-05-08 02:02:20.570760551,Technical,Resolved,43,0,None,0,0,None
TK02398,AC0121,A034,2026-05-07 09:00:00,2026-05-07 15:07:50.778500465,How-to,Resolved,43,0,None,0,0,SOP-12
TK02399,AC0135,A023,2026-05-07 15:00:00,2026-05-08 03:37:45.256507334,Account,Resolved,15,0,None,0,0,SOP-23
TK02400,AC0018,A007,2026-05-07 12:00:00,,How-to,Waiting Internally,10,1,Technical,0,1,SOP-12
TK02401,AC0017,A010,2026-05-07 11:00:00,,Integration,Partially Resolved,68,0,None,0,1,SOP-07
TK02402,AC0018,A009,2026-05-07 08:00:00,2026-05-08 13:35:45.017055253,How-to,Resolved,6,0,None,0,1,None
TK02403,AC0075,A038,2026-05-07 13:00:00,2026-05-08 04:19:02.516787833,How-to,Resolved,19,0,None,0,0,None
TK02404,AC0107,A030,2026-05-07 19:00:00,2026-05-08 17:02:20.017757797,Integration,Resolved,22,0,None,0,1,None
TK02405,AC0049,A033,2026-05-08 14:00:00,,How-to,Escalated,53,1,Billing,0,0,SOP-07
TK02406,AC0118,A014,2026-05-08 19:00:00,2026-05-09 15:06:27.685979881,Technical,Resolved,126,0,None,0,0,None
TK02407,AC0140,A014,2026-05-08 08:00:00,2026-05-09 05:16:33.314171562,How-to,Resolved,38,0,None,0,0,None
TK02408,AC0127,A009,2026-05-08 19:00:00,2026-05-09 12:54:42.303297860,How-to,Resolved,28,0,None,0,0,SOP-23
TK02409,AC0124,A001,2026-05-08 08:00:00,2026-05-08 12:15:28.818509656,Billing,Resolved,48,0,None,0,0,SOP-18
TK02410,AC0035,A025,2026-05-08 11:00:00,2026-05-08 18:01:49.874734513,Bug,Resolved,94,0,None,0,0,None
TK02411,AC0004,A019,2026-05-08 15:00:00,2026-05-08 20:25:15.852677097,How-to,Resolved,8,0,None,0,0,SOP-23
TK02412,AC0073,A038,2026-05-08 13:00:00,2026-05-09 05:40:24.417697743,Integration,Resolved,129,0,None,0,0,SOP-23
TK02413,AC0025,A036,2026-05-08 13:00:00,2026-05-08 19:05:18.152223780,Billing,Resolved,17,0,None,0,0,None
TK02414,AC0062,A001,2026-05-08 12:00:00,2026-05-09 02:01:29.636410590,Integration,Resolved,14,0,None,0,0,None
TK02415,AC0027,A034,2026-05-09 19:00:00,2026-05-11 12:11:26.072213791,Technical,Resolved,21,0,None,0,0,SOP-07
TK02416,AC0079,A013,2026-05-09 17:00:00,2026-05-10 04:45:57.617481232,Integration,Resolved,8,0,None,0,1,None
TK02417,AC0053,A003,2026-05-09 14:00:00,2026-05-10 07:55:59.291600615,Technical,Resolved,22,0,None,0,0,SOP-12
TK02418,AC0087,A035,2026-05-09 15:00:00,2026-05-10 01:00:14.545640710,Technical,Resolved,7,0,None,0,0,None
TK02419,AC0085,A025,2026-05-09 09:00:00,2026-05-09 17:12:00.549036840,Bug,Resolved,44,1,Operations,0,1,None
TK02420,AC0004,A012,2026-05-09 17:00:00,2026-05-10 11:22:54.827382621,Technical,Resolved,42,0,None,0,0,None
TK02421,AC0132,A001,2026-05-09 19:00:00,2026-05-10 07:47:05.164011680,Account,Resolved,43,0,None,0,0,SOP-18
TK02422,AC0042,A003,2026-05-09 18:00:00,,Account,Waiting Customer,32,0,None,0,0,None
TK02423,AC0057,A038,2026-05-09 15:00:00,2026-05-10 02:47:54.195015363,Account,Resolved,21,0,None,0,0,SOP-12
TK02424,AC0117,A010,2026-05-09 17:00:00,,Billing,Waiting Customer,14,0,None,0,0,SOP-12
TK02425,AC0003,A037,2026-05-09 19:00:00,2026-05-10 10:36:48.325487816,How-to,Resolved,26,0,None,0,0,None
TK02426,AC0015,A016,2026-05-09 12:00:00,2026-05-10 16:56:44.245779184,Billing,Resolved,19,0,None,0,0,None
TK02427,AC0047,A011,2026-05-10 12:00:00,2026-05-11 17:43:12.676211347,Integration,Resolved,3,0,None,0,0,None
TK02428,AC0030,A023,2026-05-10 12:00:00,2026-05-10 23:23:53.139767588,Technical,Resolved,75,0,None,0,0,SOP-07
TK02429,AC0048,A016,2026-05-10 13:00:00,2026-05-10 18:09:52.787372301,How-to,Resolved,96,0,None,0,0,None
TK02430,AC0022,A008,2026-05-10 20:00:00,2026-05-12 02:14:37.542205362,Technical,Resolved,22,0,None,0,0,SOP-18
TK02431,AC0015,A006,2026-05-10 13:00:00,,Feature Request,Waiting Customer,27,0,None,0,0,None
TK02432,AC0037,A036,2026-05-10 19:00:00,2026-05-11 19:39:25.618201069,How-to,Resolved,46,0,None,0,0,None
TK02433,AC0090,A037,2026-05-10 20:00:00,2026-05-11 14:28:14.478065361,Billing,Resolved,44,0,None,0,0,SOP-18
TK02434,AC0129,A035,2026-05-10 14:00:00,,Technical,Escalated,11,1,Product,0,0,SOP-12
TK02435,AC0010,A029,2026-05-10 13:00:00,2026-05-11 07:38:33.431624987,Billing,Resolved,22,0,None,0,1,SOP-12
TK02436,AC0036,A013,2026-05-11 19:00:00,,Integration,Waiting Internally,9,1,Technical,0,0,SOP-23
TK02437,AC0062,A027,2026-05-11 20:00:00,,Account,Waiting Internally,41,1,Technical,0,0,None
TK02438,AC0026,A029,2026-05-11 12:00:00,2026-05-12 23:06:24.296085823,Bug,Resolved,30,1,Product,0,0,SOP-23
TK02439,AC0030,A013,2026-05-11 11:00:00,2026-05-12 07:23:07.909502320,Technical,Resolved,25,0,None,0,0,SOP-07
TK02440,AC0102,A011,2026-05-11 18:00:00,2026-05-13 00:16:40.636526633,Integration,Resolved,30,0,None,0,1,None
TK02441,AC0104,A009,2026-05-11 17:00:00,2026-05-11 23:36:27.811512357,Bug,Resolved,5,0,None,0,1,SOP-12
TK02442,AC0031,A016,2026-05-11 16:00:00,,Account,Escalated,12,1,Billing,0,0,SOP-18
TK02443,AC0073,A030,2026-05-11 09:00:00,,Technical,Waiting Customer,41,0,None,0,0,None
TK02444,AC0100,A016,2026-05-11 20:00:00,2026-05-11 23:16:45.011763780,Integration,Resolved,77,0,None,0,0,None
TK02445,AC0126,A038,2026-05-11 12:00:00,2026-05-12 12:31:51.666074223,Bug,Resolved,10,0,None,0,1,SOP-12
TK02446,AC0101,A013,2026-05-11 08:00:00,2026-05-12 08:58:25.710011509,Technical,Resolved,19,0,None,0,0,SOP-12
TK02447,AC0131,A020,2026-05-12 08:00:00,,Feature Request,Escalated,3,1,Technical,0,1,None
TK02448,AC0008,A037,2026-05-12 11:00:00,2026-05-12 23:48:04.924184209,Technical,Resolved,60,0,None,0,0,None
TK02449,AC0008,A002,2026-05-12 18:00:00,2026-05-13 08:37:47.773986388,Billing,Resolved,11,0,None,0,0,SOP-07
TK02450,AC0100,A006,2026-05-12 12:00:00,2026-05-13 08:05:33.093235581,Feature Request,Resolved,47,0,None,0,1,SOP-23
TK02451,AC0117,A013,2026-05-12 13:00:00,2026-05-13 06:33:44.215043149,Technical,Resolved,25,0,None,0,0,SOP-23
TK02452,AC0074,A001,2026-05-12 11:00:00,2026-05-13 17:07:09.072197983,Bug,Resolved,15,0,None,0,0,SOP-12
TK02453,AC0085,A016,2026-05-12 12:00:00,,Feature Request,Unresolved,4,0,None,0,0,SOP-23
TK02454,AC0097,A012,2026-05-12 14:00:00,2026-05-12 23:52:01.464542297,How-to,Resolved,30,0,None,0,0,None
TK02455,AC0057,A036,2026-05-12 12:00:00,,Integration,Escalated,30,1,Product,0,0,SOP-18
TK02456,AC0125,A019,2026-05-12 17:00:00,2026-05-13 01:13:26.117160683,Integration,Resolved,56,0,None,0,0,SOP-07
TK02457,AC0137,A007,2026-05-12 20:00:00,2026-05-13 10:10:02.875553135,Bug,Resolved,13,1,Operations,0,0,SOP-07
TK02458,AC0094,A030,2026-05-12 16:00:00,2026-05-13 14:20:28.291310321,Technical,Resolved,2,0,None,0,0,SOP-12
TK02459,AC0121,A035,2026-05-12 16:00:00,2026-05-14 20:50:37.262893112,Billing,Resolved,5,0,None,0,0,SOP-18
TK02460,AC0086,A033,2026-05-12 19:00:00,2026-05-13 22:17:27.680773007,Technical,Resolved,6,0,None,0,0,SOP-23
TK02461,AC0125,A026,2026-05-13 09:00:00,2026-05-14 02:11:40.330481103,Technical,Resolved,4,0,None,1,1,None
TK02462,AC0105,A011,2026-05-13 10:00:00,2026-05-13 23:45:56.771462011,How-to,Resolved,50,0,None,0,0,SOP-18
TK02463,AC0003,A010,2026-05-13 16:00:00,2026-05-13 22:10:18.569508594,Account,Resolved,69,0,None,0,0,SOP-07
TK02464,AC0073,A009,2026-05-13 16:00:00,2026-05-14 14:23:04.334852463,Bug,Resolved,32,0,None,0,0,None
TK02465,AC0127,A029,2026-05-13 08:00:00,2026-05-14 09:35:35.857526167,Technical,Resolved,70,0,None,0,0,SOP-12
TK02466,AC0137,A006,2026-05-13 08:00:00,2026-05-13 17:27:50.843966265,Billing,Resolved,28,0,None,0,0,None
TK02467,AC0094,A028,2026-05-13 16:00:00,2026-05-14 17:51:08.987303111,Technical,Resolved,27,0,None,0,0,None
TK02468,AC0117,A035,2026-05-13 09:00:00,2026-05-13 18:34:13.206952253,Integration,Resolved,7,0,None,0,0,SOP-07
TK02469,AC0121,A017,2026-05-13 16:00:00,2026-05-14 02:28:30.710418739,Feature Request,Resolved,34,0,None,0,0,None
TK02470,AC0105,A001,2026-05-13 17:00:00,2026-05-13 19:03:56.651870417,How-to,Resolved,57,0,None,0,0,SOP-12
TK02471,AC0030,A020,2026-05-13 17:00:00,,Technical,Partially Resolved,79,0,None,0,0,SOP-12
TK02472,AC0149,A004,2026-05-14 10:00:00,2026-05-14 21:08:01.036927715,Account,Resolved,15,0,None,0,0,None
TK02473,AC0142,A003,2026-05-14 11:00:00,,Account,Waiting Internally,6,1,Billing,0,0,SOP-18
TK02474,AC0121,A006,2026-05-14 10:00:00,2026-05-14 19:51:21.797286599,How-to,Resolved,14,0,None,0,0,SOP-12
TK02475,AC0121,A010,2026-05-14 11:00:00,2026-05-14 16:25:58.403701200,Feature Request,Resolved,10,0,None,0,1,SOP-12
TK02476,AC0087,A014,2026-05-14 09:00:00,2026-05-14 20:11:59.889416648,Technical,Resolved,19,0,None,0,0,None
TK02477,AC0058,A016,2026-05-14 09:00:00,2026-05-14 13:18:54.680884793,Technical,Resolved,7,0,None,1,0,SOP-12
TK02478,AC0111,A035,2026-05-14 11:00:00,2026-05-15 11:34:31.277195856,How-to,Resolved,34,0,None,0,0,SOP-18
TK02479,AC0034,A022,2026-05-14 17:00:00,2026-05-15 10:06:10.966662809,Technical,Resolved,14,0,None,0,0,SOP-18
TK02480,AC0057,A021,2026-05-14 18:00:00,2026-05-15 12:17:23.466970468,Technical,Resolved,20,0,None,0,0,None
TK02481,AC0073,A022,2026-05-14 13:00:00,2026-05-14 16:57:41.462865447,Account,Resolved,44,0,None,0,0,None
TK02482,AC0092,A002,2026-05-15 09:00:00,2026-05-16 02:42:02.515608233,Technical,Resolved,26,0,None,0,0,SOP-23
TK02483,AC0073,A005,2026-05-15 17:00:00,2026-05-15 19:52:51.427241251,Bug,Resolved,25,0,None,0,0,SOP-18
TK02484,AC0058,A026,2026-05-15 13:00:00,2026-05-16 12:41:51.286294840,Technical,Resolved,23,0,None,0,0,SOP-18
TK02485,AC0017,A031,2026-05-15 09:00:00,2026-05-16 04:26:25.076090186,Account,Resolved,68,0,None,0,0,SOP-12
TK02486,AC0015,A030,2026-05-15 19:00:00,2026-05-17 03:12:32.243926476,Bug,Resolved,118,0,None,0,0,SOP-07
TK02487,AC0037,A016,2026-05-15 14:00:00,2026-05-16 21:40:45.116238891,Integration,Resolved,19,0,None,0,1,SOP-23
TK02488,AC0015,A008,2026-05-15 18:00:00,2026-05-16 11:40:53.629645480,Billing,Resolved,167,0,None,1,0,SOP-23
TK02489,AC0144,A023,2026-05-15 15:00:00,2026-05-16 10:19:32.022311844,How-to,Resolved,12,0,None,0,0,None
TK02490,AC0138,A017,2026-05-15 20:00:00,,Account,Escalated,41,1,Product,0,0,None
TK02491,AC0138,A005,2026-05-15 16:00:00,2026-05-16 13:08:08.992480170,Account,Resolved,43,0,None,1,0,None
TK02492,AC0015,A012,2026-05-15 12:00:00,2026-05-16 11:22:52.622162856,Billing,Resolved,7,0,None,0,0,SOP-23
TK02493,AC0033,A009,2026-05-15 17:00:00,2026-05-16 21:14:58.593301509,Billing,Resolved,32,0,None,0,0,SOP-12
TK02494,AC0121,A022,2026-05-15 17:00:00,,Account,Escalated,15,1,Technical,0,0,None
TK02495,AC0075,A014,2026-05-16 10:00:00,2026-05-16 17:21:15.870248842,Technical,Resolved,57,0,None,0,0,SOP-23
TK02496,AC0099,A033,2026-05-16 19:00:00,2026-05-17 10:06:40.550430571,Account,Resolved,85,0,None,0,0,SOP-12
TK02497,AC0075,A028,2026-05-16 14:00:00,2026-05-17 14:43:00.558522557,Account,Resolved,15,0,None,0,0,SOP-07
TK02498,AC0085,A012,2026-05-16 17:00:00,2026-05-18 11:40:43.654573619,How-to,Resolved,63,0,None,0,0,None
TK02499,AC0058,A034,2026-05-16 12:00:00,2026-05-17 05:21:34.989430487,Feature Request,Resolved,6,0,None,0,0,SOP-12
TK02500,AC0021,A030,2026-05-16 19:00:00,2026-05-17 08:01:21.601783972,Technical,Resolved,63,0,None,1,0,SOP-18
TK02501,AC0004,A023,2026-05-16 10:00:00,2026-05-16 23:39:15.685527970,Technical,Resolved,80,0,None,0,0,None
TK02502,AC0004,A022,2026-05-16 09:00:00,2026-05-16 11:42:25.071309545,Integration,Resolved,82,0,None,0,0,None
TK02503,AC0102,A023,2026-05-16 13:00:00,2026-05-17 20:09:12.136542004,Billing,Resolved,95,0,None,0,0,SOP-12
TK02504,AC0093,A008,2026-05-16 14:00:00,,Technical,Escalated,30,1,Product,0,1,None
TK02505,AC0056,A035,2026-05-17 13:00:00,2026-05-18 12:52:59.941950554,How-to,Resolved,83,0,None,0,0,SOP-12
TK02506,AC0007,A005,2026-05-17 14:00:00,2026-05-18 06:18:46.801606718,How-to,Resolved,50,0,None,0,1,SOP-23
TK02507,AC0101,A011,2026-05-17 14:00:00,,Technical,Escalated,23,1,Billing,0,0,SOP-18
TK02508,AC0141,A033,2026-05-17 20:00:00,2026-05-18 18:14:55.344532875,Bug,Resolved,62,0,None,0,0,SOP-18
TK02509,AC0100,A033,2026-05-17 13:00:00,,Billing,Waiting Customer,39,0,None,0,0,SOP-18
TK02510,AC0101,A031,2026-05-17 14:00:00,,Integration,Waiting Internally,26,1,Technical,0,0,SOP-23
TK02511,AC0011,A014,2026-05-17 17:00:00,2026-05-18 06:32:32.563720038,Technical,Resolved,40,0,None,0,0,SOP-18
TK02512,AC0089,A021,2026-05-17 13:00:00,,Integration,Unresolved,26,0,None,0,0,SOP-12
TK02513,AC0121,A036,2026-05-18 10:00:00,2026-05-18 18:39:53.948282796,Technical,Resolved,23,0,None,0,0,None
TK02514,AC0068,A008,2026-05-18 10:00:00,,Technical,Partially Resolved,47,0,None,0,0,None
TK02515,AC0113,A010,2026-05-18 09:00:00,,Billing,Partially Resolved,14,0,None,1,0,None
TK02516,AC0100,A037,2026-05-18 20:00:00,2026-05-19 17:36:59.767311022,Billing,Resolved,54,0,None,0,0,None
TK02517,AC0062,A024,2026-05-18 16:00:00,2026-05-19 01:25:55.892829865,How-to,Resolved,90,0,None,0,0,SOP-23
TK02518,AC0017,A017,2026-05-18 13:00:00,2026-05-19 14:05:18.671835635,Account,Resolved,21,0,None,0,0,None
TK02519,AC0137,A002,2026-05-18 08:00:00,,How-to,Waiting Customer,6,0,None,0,0,SOP-12
TK02520,AC0047,A022,2026-05-18 14:00:00,,Account,Unresolved,63,0,None,0,0,SOP-07
TK02521,AC0040,A015,2026-05-18 13:00:00,2026-05-18 20:46:49.957850079,Billing,Resolved,10,0,None,0,0,None
TK02522,AC0140,A002,2026-05-18 20:00:00,2026-05-19 09:40:45.918148847,Account,Resolved,42,0,None,0,0,SOP-07
TK02523,AC0099,A025,2026-05-18 13:00:00,2026-05-18 21:02:58.562095209,Billing,Resolved,86,0,None,0,0,SOP-18
TK02524,AC0047,A030,2026-05-18 16:00:00,2026-05-18 21:42:05.643187064,Feature Request,Resolved,38,0,None,0,0,SOP-12
TK02525,AC0037,A012,2026-05-18 14:00:00,2026-05-19 05:41:58.184064958,How-to,Resolved,30,0,None,0,0,None
TK02526,AC0150,A026,2026-05-18 14:00:00,2026-05-20 00:26:31.285199322,Bug,Resolved,31,0,None,0,0,SOP-23
TK02527,AC0140,A017,2026-05-19 18:00:00,2026-05-19 22:06:26.336733571,Technical,Resolved,17,0,None,0,0,SOP-12
TK02528,AC0061,A005,2026-05-19 14:00:00,2026-05-20 08:26:08.247955573,How-to,Resolved,61,0,None,0,0,None
TK02529,AC0049,A033,2026-05-19 13:00:00,,Bug,Unresolved,2,0,None,0,0,SOP-07
TK02530,AC0134,A031,2026-05-19 16:00:00,2026-05-21 04:26:11.729083620,How-to,Resolved,111,0,None,0,0,None
TK02531,AC0087,A012,2026-05-19 16:00:00,2026-05-19 21:43:09.223736829,Technical,Resolved,37,0,None,0,0,SOP-23
TK02532,AC0144,A016,2026-05-19 16:00:00,,Integration,Partially Resolved,8,0,None,0,0,SOP-12
TK02533,AC0125,A028,2026-05-19 16:00:00,,Integration,Partially Resolved,12,0,None,0,0,SOP-12
TK02534,AC0130,A017,2026-05-19 10:00:00,2026-05-21 02:07:57.049033456,Billing,Resolved,68,0,None,0,0,SOP-23
TK02535,AC0117,A006,2026-05-19 10:00:00,2026-05-20 08:08:48.987254646,How-to,Resolved,68,0,None,0,0,None
TK02536,AC0056,A032,2026-05-20 16:00:00,2026-05-21 05:15:08.024511002,Account,Resolved,20,0,None,0,0,None
TK02537,AC0124,A015,2026-05-20 18:00:00,2026-05-22 13:47:50.864608092,Technical,Resolved,4,0,None,0,0,SOP-07
TK02538,AC0085,A019,2026-05-20 14:00:00,,Bug,Unresolved,98,1,Technical,0,1,None
TK02539,AC0125,A004,2026-05-20 11:00:00,2026-05-22 10:53:35.638270402,Integration,Resolved,59,0,None,0,0,None
TK02540,AC0018,A014,2026-05-20 14:00:00,,Technical,Unresolved,119,0,None,0,1,None
TK02541,AC0003,A038,2026-05-20 12:00:00,2026-05-21 06:11:27.338709448,Billing,Resolved,39,0,None,0,0,SOP-18
TK02542,AC0018,A021,2026-05-20 11:00:00,2026-05-21 00:54:29.352176607,How-to,Resolved,42,0,None,0,1,SOP-07
TK02543,AC0088,A034,2026-05-20 08:00:00,,Integration,Waiting Customer,61,0,None,0,0,SOP-12
TK02544,AC0068,A003,2026-05-21 19:00:00,2026-05-23 00:34:54.203642582,Billing,Resolved,10,0,None,0,0,SOP-07
TK02545,AC0087,A018,2026-05-21 17:00:00,2026-05-22 10:19:34.158552081,Account,Resolved,11,0,None,0,0,SOP-23
TK02546,AC0107,A034,2026-05-21 08:00:00,2026-05-22 11:14:27.520780103,Feature Request,Resolved,6,0,None,0,1,None
TK02547,AC0098,A012,2026-05-21 09:00:00,2026-05-22 02:47:45.656129268,Feature Request,Resolved,24,0,None,0,0,SOP-18
TK02548,AC0137,A021,2026-05-21 16:00:00,2026-05-22 08:32:25.290706497,Technical,Resolved,21,0,None,0,0,None
TK02549,AC0091,A007,2026-05-22 20:00:00,2026-05-23 12:11:42.241766400,Billing,Resolved,29,0,None,0,0,SOP-23
TK02550,AC0030,A009,2026-05-22 16:00:00,2026-05-23 01:29:42.965597136,Technical,Resolved,6,0,None,1,0,SOP-07
TK02551,AC0091,A029,2026-05-22 13:00:00,2026-05-23 00:04:43.223544281,Billing,Resolved,35,0,None,0,0,SOP-18
TK02552,AC0062,A010,2026-05-22 20:00:00,2026-05-23 00:05:15.029010407,Account,Resolved,8,0,None,0,0,SOP-07
TK02553,AC0129,A027,2026-05-22 10:00:00,,Technical,Waiting Customer,83,0,None,0,0,SOP-07
TK02554,AC0117,A012,2026-05-22 10:00:00,2026-05-22 17:53:18.056962037,Integration,Resolved,42,0,None,0,0,SOP-07
TK02555,AC0149,A003,2026-05-22 13:00:00,2026-05-23 17:24:18.602865697,Account,Resolved,15,0,None,0,0,None
TK02556,AC0140,A037,2026-05-22 12:00:00,2026-05-23 10:20:38.142088108,How-to,Resolved,37,0,None,0,0,None
TK02557,AC0137,A032,2026-05-22 16:00:00,2026-05-23 05:54:21.315519465,Billing,Resolved,108,0,None,0,0,SOP-23
TK02558,AC0100,A038,2026-05-22 18:00:00,2026-05-23 02:16:31.736167384,How-to,Resolved,144,0,None,0,0,SOP-23
TK02559,AC0090,A035,2026-05-23 19:00:00,,How-to,Waiting Internally,24,1,Operations,0,0,None
TK02560,AC0144,A005,2026-05-23 11:00:00,,How-to,Escalated,6,1,Technical,1,0,SOP-07
TK02561,AC0011,A012,2026-05-23 18:00:00,,Billing,Escalated,16,1,Technical,0,0,SOP-18
TK02562,AC0039,A010,2026-05-23 14:00:00,2026-05-24 11:08:24.426814357,Technical,Resolved,11,0,None,0,0,SOP-18
TK02563,AC0088,A025,2026-05-23 16:00:00,,How-to,Unresolved,24,0,None,0,0,SOP-23
TK02564,AC0064,A020,2026-05-24 12:00:00,2026-05-24 16:54:09.338482094,Account,Resolved,39,0,None,0,0,SOP-23
TK02565,AC0142,A016,2026-05-24 18:00:00,2026-05-25 22:17:15.283548233,How-to,Resolved,51,0,None,0,0,SOP-23
TK02566,AC0056,A038,2026-05-24 11:00:00,,Feature Request,Partially Resolved,9,0,None,0,0,SOP-07
TK02567,AC0080,A017,2026-05-24 16:00:00,2026-05-25 06:23:53.714019927,Bug,Resolved,36,0,None,0,1,SOP-23
TK02568,AC0064,A012,2026-05-24 14:00:00,,Technical,Waiting Customer,62,0,None,0,0,SOP-23
TK02569,AC0131,A035,2026-05-25 13:00:00,2026-05-26 00:58:50.764408184,Technical,Resolved,4,0,None,0,0,SOP-23
TK02570,AC0004,A017,2026-05-25 10:00:00,,How-to,Unresolved,110,0,None,0,0,SOP-07
TK02571,AC0088,A025,2026-05-25 18:00:00,2026-05-26 15:36:14.502038350,Account,Resolved,16,0,None,0,0,SOP-12
TK02572,AC0085,A034,2026-05-25 14:00:00,2026-05-26 02:04:43.370805254,How-to,Resolved,38,0,None,0,0,SOP-23
TK02573,AC0035,A010,2026-05-25 15:00:00,,How-to,Escalated,79,1,Technical,0,0,None
TK02574,AC0066,A003,2026-05-25 18:00:00,2026-05-26 09:19:53.715815521,How-to,Resolved,52,0,None,1,0,None
TK02575,AC0138,A007,2026-05-25 09:00:00,,Billing,Partially Resolved,39,0,None,0,0,SOP-12
TK02576,AC0086,A021,2026-05-26 18:00:00,2026-05-27 17:45:59.085852410,Account,Resolved,39,0,None,0,0,SOP-23
TK02577,AC0056,A038,2026-05-26 18:00:00,2026-05-27 04:09:09.011301365,Technical,Resolved,22,0,None,0,0,None
TK02578,AC0008,A021,2026-05-26 11:00:00,2026-05-26 16:59:25.753522186,Integration,Resolved,50,0,None,0,0,SOP-23
TK02579,AC0149,A006,2026-05-26 18:00:00,,Integration,Escalated,29,1,Operations,0,0,None
TK02580,AC0061,A003,2026-05-26 09:00:00,2026-05-27 03:55:38.137989337,Bug,Resolved,61,1,Technical,0,0,SOP-18
TK02581,AC0085,A021,2026-05-26 14:00:00,2026-05-27 08:06:56.573943815,Account,Resolved,68,0,None,0,0,SOP-07
TK02582,AC0047,A032,2026-05-26 11:00:00,,How-to,Escalated,23,1,Billing,0,0,None
TK02583,AC0042,A012,2026-05-26 20:00:00,2026-05-27 07:02:39.319418261,Technical,Resolved,48,0,None,0,0,None
TK02584,AC0105,A018,2026-05-26 10:00:00,,Technical,Partially Resolved,54,0,None,0,0,None
TK02585,AC0037,A010,2026-05-26 09:00:00,2026-05-26 23:13:17.000029689,How-to,Resolved,10,0,None,0,0,SOP-23
TK02586,AC0080,A003,2026-05-26 08:00:00,2026-05-27 03:39:55.383122760,Technical,Resolved,34,0,None,1,1,SOP-18
TK02587,AC0024,A016,2026-05-26 12:00:00,2026-05-27 06:39:15.767421079,How-to,Resolved,77,0,None,0,0,None
TK02588,AC0106,A031,2026-05-26 09:00:00,,Account,Escalated,10,1,Billing,0,0,SOP-12
TK02589,AC0147,A038,2026-05-27 13:00:00,,How-to,Partially Resolved,5,0,None,0,0,SOP-18
TK02590,AC0025,A009,2026-05-27 12:00:00,,Billing,Waiting Internally,43,1,Billing,0,0,None
TK02591,AC0065,A025,2026-05-27 18:00:00,2026-05-29 02:44:11.597395810,Technical,Resolved,60,0,None,0,0,SOP-18
TK02592,AC0098,A024,2026-05-27 15:00:00,,Integration,Escalated,75,1,Billing,0,0,SOP-23
TK02593,AC0090,A027,2026-05-27 12:00:00,2026-05-27 19:15:06.177177850,Technical,Resolved,102,0,None,0,0,SOP-18
TK02594,AC0101,A032,2026-05-27 14:00:00,,Feature Request,Waiting Internally,57,1,Operations,0,0,None
TK02595,AC0033,A027,2026-05-28 18:00:00,2026-05-29 08:29:44.729395855,Account,Resolved,55,0,None,0,0,None
TK02596,AC0113,A009,2026-05-28 16:00:00,2026-05-29 17:35:15.379741095,Account,Resolved,58,0,None,0,0,SOP-07
TK02597,AC0061,A019,2026-05-28 17:00:00,2026-05-29 09:10:44.949240593,Billing,Resolved,35,0,None,0,0,None
TK02598,AC0068,A002,2026-05-28 16:00:00,,Bug,Partially Resolved,49,0,None,0,0,SOP-12
TK02599,AC0126,A016,2026-05-28 18:00:00,,How-to,Escalated,19,1,Billing,0,0,SOP-23
TK02600,AC0121,A004,2026-05-28 20:00:00,2026-05-30 02:38:42.779139898,Billing,Resolved,30,0,None,0,0,SOP-23
TK02601,AC0099,A010,2026-05-28 10:00:00,2026-05-29 11:31:22.473425003,Bug,Resolved,25,1,Billing,0,0,SOP-07
TK02602,AC0060,A016,2026-05-28 18:00:00,2026-05-29 12:08:59.119394953,Billing,Resolved,14,0,None,0,0,None
TK02603,AC0016,A010,2026-05-28 09:00:00,2026-05-29 20:49:47.480666258,Feature Request,Resolved,33,0,None,0,0,SOP-18
TK02604,AC0027,A018,2026-05-28 15:00:00,2026-05-29 20:14:24.822464854,Billing,Resolved,45,0,None,0,1,SOP-23
TK02605,AC0006,A038,2026-05-28 19:00:00,2026-05-29 17:21:10.126062495,How-to,Resolved,35,0,None,0,0,None
TK02606,AC0056,A019,2026-05-28 08:00:00,2026-05-28 18:34:37.087411227,Bug,Resolved,24,0,None,0,1,SOP-23
TK02607,AC0121,A036,2026-05-28 12:00:00,,Feature Request,Partially Resolved,18,0,None,0,0,None
TK02608,AC0049,A021,2026-05-28 11:00:00,,Account,Waiting Customer,6,0,None,0,0,None
TK02609,AC0132,A015,2026-05-28 15:00:00,2026-05-29 09:20:56.507001879,Bug,Resolved,16,1,Operations,0,0,None
TK02610,AC0008,A017,2026-05-28 11:00:00,2026-05-28 23:35:11.207990805,Technical,Resolved,67,0,None,0,1,None
TK02611,AC0134,A013,2026-05-28 16:00:00,2026-05-29 04:32:21.160096901,Bug,Resolved,25,1,Technical,0,0,SOP-23
TK02612,AC0114,A018,2026-05-29 20:00:00,2026-05-30 20:11:35.181708367,Feature Request,Resolved,42,0,None,0,1,SOP-23
TK02613,AC0047,A030,2026-05-29 12:00:00,2026-05-29 14:46:16.877028393,Technical,Resolved,9,0,None,0,0,SOP-07
TK02614,AC0061,A030,2026-05-29 10:00:00,,Feature Request,Waiting Customer,44,0,None,0,0,SOP-12
TK02615,AC0140,A020,2026-05-29 08:00:00,,Technical,Waiting Internally,42,1,Billing,0,0,None
TK02616,AC0007,A004,2026-05-29 14:00:00,2026-05-31 02:40:37.519235876,Billing,Resolved,28,0,None,0,0,SOP-07
TK02617,AC0007,A021,2026-05-29 11:00:00,,Billing,Escalated,26,1,Product,0,0,None
TK02618,AC0071,A036,2026-05-29 14:00:00,2026-05-29 22:52:07.487175401,Integration,Resolved,83,0,None,1,0,SOP-07
TK02619,AC0143,A027,2026-05-29 13:00:00,2026-05-30 03:44:07.005032440,Technical,Resolved,55,0,None,0,0,None
TK02620,AC0048,A018,2026-05-29 19:00:00,2026-05-30 02:10:45.580680682,How-to,Resolved,80,0,None,0,0,None
TK02621,AC0132,A016,2026-05-29 16:00:00,,Feature Request,Partially Resolved,34,0,None,0,1,SOP-12
TK02622,AC0005,A026,2026-05-29 09:00:00,,Account,Escalated,39,1,Technical,0,0,None
TK02623,AC0088,A016,2026-05-29 08:00:00,2026-05-29 23:12:13.659080576,How-to,Resolved,19,0,None,0,0,None
TK02624,AC0124,A031,2026-05-30 17:00:00,2026-05-30 21:19:42.084469816,Billing,Resolved,19,0,None,1,0,SOP-18
TK02625,AC0094,A026,2026-05-30 10:00:00,2026-05-30 16:43:12.084309435,Billing,Resolved,85,0,None,0,0,SOP-07
TK02626,AC0057,A012,2026-05-30 15:00:00,2026-05-30 16:27:55.208508344,How-to,Resolved,29,0,None,0,0,SOP-18
TK02627,AC0015,A025,2026-05-30 14:00:00,2026-06-02 03:30:13.792700745,Technical,Resolved,25,0,None,0,0,SOP-18
TK02628,AC0048,A035,2026-05-30 14:00:00,,How-to,Unresolved,39,0,None,0,0,None
TK02629,AC0109,A022,2026-05-30 17:00:00,2026-05-31 13:26:19.607423437,How-to,Resolved,21,0,None,0,0,SOP-12
TK02630,AC0042,A005,2026-05-30 15:00:00,2026-05-31 05:51:51.905356719,Technical,Resolved,52,0,None,0,0,SOP-18
TK02631,AC0105,A024,2026-05-30 10:00:00,,Technical,Unresolved,49,0,None,0,0,None
TK02632,AC0096,A017,2026-05-30 14:00:00,2026-05-31 16:56:56.674388714,Bug,Resolved,12,0,None,0,0,None
TK02633,AC0140,A010,2026-05-31 10:00:00,2026-06-01 00:01:48.680508996,Billing,Resolved,48,0,None,0,0,SOP-07
TK02634,AC0016,A014,2026-05-31 10:00:00,,Feature Request,Unresolved,31,0,None,0,0,None
TK02635,AC0061,A001,2026-05-31 11:00:00,,How-to,Escalated,66,1,Operations,0,0,None
TK02636,AC0084,A003,2026-05-31 20:00:00,,Technical,Waiting Customer,26,0,None,0,0,None
TK02637,AC0127,A002,2026-05-31 16:00:00,2026-06-01 06:33:26.416660678,Technical,Resolved,12,0,None,0,0,None
TK02638,AC0004,A007,2026-05-31 12:00:00,,Technical,Partially Resolved,55,0,None,0,0,SOP-07
TK02639,AC0008,A018,2026-05-31 17:00:00,2026-06-01 00:33:56.432580655,Account,Resolved,36,0,None,0,1,None
TK02640,AC0014,A035,2026-05-31 13:00:00,2026-05-31 15:00:15.878259187,Bug,Resolved,41,0,None,1,0,SOP-07
TK02641,AC0051,A004,2026-05-31 19:00:00,2026-06-01 07:29:39.977166115,Technical,Resolved,92,0,None,0,0,SOP-07
TK02642,AC0085,A026,2026-06-01 12:00:00,2026-06-02 03:00:03.865760008,Bug,Resolved,36,1,Operations,0,0,SOP-07
TK02643,AC0047,A024,2026-06-01 16:00:00,2026-06-01 16:55:05.275902673,How-to,Resolved,31,0,None,0,0,SOP-07
TK02644,AC0008,A005,2026-06-01 16:00:00,2026-06-02 21:50:19.001924205,Integration,Resolved,27,0,None,1,0,SOP-18
TK02645,AC0100,A036,2026-06-01 08:00:00,2026-06-01 14:25:50.067689968,Technical,Resolved,99,0,None,0,0,SOP-23
TK02646,AC0127,A027,2026-06-01 16:00:00,2026-06-01 17:55:01.774776470,Technical,Resolved,114,0,None,0,0,SOP-07
TK02647,AC0100,A001,2026-06-01 09:00:00,2026-06-02 10:34:49.937635779,Feature Request,Resolved,14,0,None,0,0,SOP-12
TK02648,AC0004,A007,2026-06-01 09:00:00,2026-06-02 09:05:24.858242374,Bug,Resolved,38,1,Technical,0,0,SOP-12
TK02649,AC0100,A010,2026-06-01 16:00:00,,Technical,Partially Resolved,33,0,None,0,0,SOP-23
TK02650,AC0113,A029,2026-06-01 16:00:00,2026-06-02 08:13:08.173708927,How-to,Resolved,23,0,None,0,0,None
TK02651,AC0114,A016,2026-06-01 17:00:00,,Integration,Partially Resolved,55,0,None,1,0,None
TK02652,AC0073,A027,2026-06-01 10:00:00,,Account,Waiting Customer,10,0,None,0,0,None
TK02653,AC0007,A007,2026-06-02 15:00:00,2026-06-03 19:37:11.080121726,Technical,Resolved,8,0,None,0,0,None
TK02654,AC0002,A028,2026-06-02 16:00:00,2026-06-04 00:27:51.561552087,Technical,Resolved,107,0,None,0,0,None
TK02655,AC0119,A036,2026-06-02 17:00:00,,Billing,Escalated,41,1,Product,0,0,None
TK02656,AC0050,A006,2026-06-02 20:00:00,,Billing,Escalated,25,1,Technical,0,0,None
TK02657,AC0088,A024,2026-06-02 15:00:00,2026-06-03 10:15:43.977414330,Feature Request,Resolved,18,0,None,0,0,SOP-23
TK02658,AC0150,A009,2026-06-02 20:00:00,2026-06-03 08:40:35.205895258,How-to,Resolved,24,0,None,0,0,SOP-18
TK02659,AC0133,A015,2026-06-02 14:00:00,2026-06-02 22:43:33.008974884,Technical,Resolved,57,0,None,0,0,SOP-23
TK02660,AC0147,A031,2026-06-02 17:00:00,2026-06-04 00:19:11.453088418,How-to,Resolved,85,0,None,0,0,None
TK02661,AC0139,A014,2026-06-02 08:00:00,2026-06-02 16:03:19.317648384,Technical,Resolved,82,0,None,0,0,SOP-12
TK02662,AC0088,A038,2026-06-02 11:00:00,2026-06-03 11:31:10.709848422,Integration,Resolved,48,0,None,0,0,SOP-12
TK02663,AC0104,A015,2026-06-02 16:00:00,2026-06-04 15:43:15.404609050,Integration,Resolved,14,0,None,0,1,SOP-12
TK02664,AC0021,A017,2026-06-02 16:00:00,2026-06-03 01:22:45.618955660,Account,Resolved,15,0,None,0,0,None
TK02665,AC0074,A011,2026-06-02 11:00:00,,Technical,Waiting Customer,49,0,None,0,0,None
TK02666,AC0085,A029,2026-06-02 20:00:00,2026-06-03 03:07:21.069996371,Bug,Resolved,133,0,None,0,0,SOP-23
TK02667,AC0061,A001,2026-06-02 19:00:00,,Billing,Partially Resolved,21,0,None,0,0,None
TK02668,AC0037,A032,2026-06-02 13:00:00,2026-06-02 23:18:50.930379813,Billing,Resolved,53,0,None,0,0,None
TK02669,AC0130,A021,2026-06-02 12:00:00,2026-06-03 09:49:11.641029512,Technical,Resolved,24,0,None,0,0,SOP-18
TK02670,AC0115,A030,2026-06-02 14:00:00,2026-06-02 16:52:41.867681514,Billing,Resolved,5,0,None,0,0,SOP-07
TK02671,AC0030,A025,2026-06-03 14:00:00,2026-06-04 01:32:56.910702086,Integration,Resolved,12,0,None,1,0,SOP-23
TK02672,AC0144,A035,2026-06-03 10:00:00,2026-06-05 11:04:47.776414157,Bug,Resolved,20,0,None,0,0,SOP-18
TK02673,AC0021,A013,2026-06-03 16:00:00,2026-06-04 12:32:37.978765228,Technical,Resolved,34,0,None,0,0,SOP-07
TK02674,AC0048,A012,2026-06-03 08:00:00,2026-06-04 22:41:39.223634484,Technical,Resolved,16,0,None,0,0,SOP-23
TK02675,AC0042,A022,2026-06-03 15:00:00,,Billing,Waiting Customer,31,0,None,0,0,None
TK02676,AC0065,A008,2026-06-03 11:00:00,2026-06-04 09:22:32.567244547,Integration,Resolved,34,0,None,0,0,SOP-07
TK02677,AC0130,A019,2026-06-03 13:00:00,,How-to,Waiting Customer,31,0,None,1,0,None
TK02678,AC0141,A007,2026-06-03 11:00:00,,How-to,Waiting Customer,23,0,None,1,0,SOP-07
TK02679,AC0130,A016,2026-06-03 19:00:00,,Technical,Escalated,81,1,Product,0,0,SOP-12
TK02680,AC0127,A030,2026-06-03 13:00:00,2026-06-04 06:57:00.702957282,How-to,Resolved,11,0,None,0,0,SOP-07
TK02681,AC0105,A022,2026-06-04 18:00:00,2026-06-05 09:07:39.615053100,How-to,Resolved,19,0,None,0,0,SOP-12
TK02682,AC0088,A021,2026-06-04 13:00:00,2026-06-05 09:32:50.596282731,Technical,Resolved,77,0,None,0,0,SOP-07
TK02683,AC0054,A038,2026-06-04 14:00:00,2026-06-04 15:16:30.692587758,Technical,Resolved,41,0,None,1,0,SOP-23
TK02684,AC0138,A001,2026-06-04 08:00:00,,Technical,Partially Resolved,10,0,None,0,0,SOP-12
TK02685,AC0008,A017,2026-06-04 17:00:00,2026-06-05 15:27:27.772836822,Account,Resolved,40,0,None,0,0,None
TK02686,AC0140,A038,2026-06-04 20:00:00,,Integration,Waiting Customer,91,0,None,0,0,None
TK02687,AC0033,A025,2026-06-04 16:00:00,2026-06-05 01:13:33.524005411,Technical,Resolved,92,0,None,0,0,SOP-12
TK02688,AC0057,A019,2026-06-04 11:00:00,2026-06-04 14:36:15.202958244,Billing,Resolved,34,0,None,0,0,SOP-07
TK02689,AC0061,A033,2026-06-04 19:00:00,2026-06-05 11:09:11.146914380,How-to,Resolved,44,0,None,0,0,None
TK02690,AC0017,A009,2026-06-05 11:00:00,2026-06-06 13:19:55.615387689,Technical,Resolved,8,0,None,0,0,SOP-12
TK02691,AC0075,A004,2026-06-05 16:00:00,2026-06-06 07:29:34.380545644,How-to,Resolved,8,0,None,0,0,SOP-18
TK02692,AC0116,A005,2026-06-05 16:00:00,,Billing,Partially Resolved,37,0,None,0,0,SOP-23
TK02693,AC0040,A035,2026-06-05 13:00:00,,How-to,Waiting Internally,25,1,Technical,0,0,None
TK02694,AC0023,A014,2026-06-05 10:00:00,2026-06-06 23:54:26.845528794,Billing,Resolved,7,0,None,0,1,SOP-07
TK02695,AC0121,A024,2026-06-05 15:00:00,2026-06-05 23:17:42.860732630,How-to,Resolved,31,0,None,0,0,SOP-12
TK02696,AC0140,A002,2026-06-05 20:00:00,,Integration,Unresolved,53,0,None,0,1,SOP-07
TK02697,AC0056,A030,2026-06-05 15:00:00,2026-06-08 05:11:14.468246637,Billing,Resolved,21,0,None,0,0,None
TK02698,AC0075,A037,2026-06-05 10:00:00,2026-06-05 13:51:36.494302734,Technical,Resolved,4,0,None,0,0,SOP-12
TK02699,AC0051,A025,2026-06-06 20:00:00,2026-06-08 01:02:42.269750875,Billing,Resolved,16,0,None,0,0,None
TK02700,AC0017,A031,2026-06-06 09:00:00,2026-06-06 23:29:16.182440043,Account,Resolved,61,0,None,1,0,None
TK02701,AC0065,A018,2026-06-06 12:00:00,2026-06-06 18:36:27.304102611,How-to,Resolved,13,0,None,0,0,SOP-18
TK02702,AC0139,A016,2026-06-06 16:00:00,2026-06-07 23:26:34.166622709,Technical,Resolved,45,0,None,0,0,None
TK02703,AC0011,A026,2026-06-06 08:00:00,2026-06-06 21:09:46.440302975,Billing,Resolved,39,0,None,0,0,SOP-12
TK02704,AC0120,A029,2026-06-06 19:00:00,2026-06-07 09:17:24.404356031,Technical,Resolved,28,0,None,1,0,SOP-18
TK02705,AC0057,A031,2026-06-06 12:00:00,2026-06-08 01:45:39.054532827,Billing,Resolved,33,0,None,0,0,SOP-18
TK02706,AC0040,A012,2026-06-06 10:00:00,2026-06-07 05:05:33.955903538,Technical,Resolved,57,0,None,0,0,SOP-07
TK02707,AC0061,A018,2026-06-06 15:00:00,2026-06-07 03:27:25.390892730,How-to,Resolved,24,0,None,0,0,SOP-12
TK02708,AC0021,A015,2026-06-06 13:00:00,2026-06-07 08:24:43.094492829,Billing,Resolved,15,0,None,1,0,None
TK02709,AC0085,A027,2026-06-06 08:00:00,2026-06-07 02:35:40.912854854,Technical,Resolved,38,0,None,0,0,SOP-07
TK02710,AC0116,A032,2026-06-06 10:00:00,,Technical,Waiting Customer,37,0,None,0,0,SOP-12
TK02711,AC0008,A017,2026-06-06 16:00:00,,Technical,Unresolved,19,0,None,0,0,SOP-07
TK02712,AC0085,A023,2026-06-06 12:00:00,2026-06-06 19:07:25.283991411,Billing,Resolved,21,0,None,0,0,None
TK02713,AC0047,A024,2026-06-06 19:00:00,2026-06-07 20:44:16.355044984,Billing,Resolved,17,0,None,0,1,SOP-18
TK02714,AC0121,A006,2026-06-06 20:00:00,2026-06-07 07:40:33.744378398,How-to,Resolved,49,0,None,0,1,None
TK02715,AC0065,A038,2026-06-06 15:00:00,2026-06-06 23:10:17.638882585,Technical,Resolved,52,0,None,0,0,SOP-23
TK02716,AC0093,A037,2026-06-07 16:00:00,,Billing,Partially Resolved,10,0,None,0,0,None
TK02717,AC0007,A017,2026-06-07 11:00:00,2026-06-07 13:31:17.489708323,Billing,Resolved,12,0,None,0,0,None
TK02718,AC0065,A012,2026-06-07 20:00:00,2026-06-08 05:29:19.211477999,Bug,Resolved,25,0,None,0,0,SOP-23
TK02719,AC0095,A006,2026-06-07 14:00:00,,How-to,Escalated,123,1,Billing,0,0,SOP-23
TK02720,AC0008,A036,2026-06-07 11:00:00,2026-06-08 10:57:35.877685397,Bug,Resolved,11,0,None,1,0,SOP-18
TK02721,AC0072,A033,2026-06-07 19:00:00,2026-06-08 01:33:05.951212588,Feature Request,Resolved,22,0,None,0,0,None
TK02722,AC0105,A023,2026-06-07 12:00:00,2026-06-09 07:05:04.135540866,Account,Resolved,63,0,None,0,0,None
TK02723,AC0049,A001,2026-06-07 19:00:00,,Account,Partially Resolved,3,0,None,0,0,SOP-07
TK02724,AC0047,A020,2026-06-07 09:00:00,,Technical,Partially Resolved,30,0,None,0,0,None
TK02725,AC0008,A001,2026-06-07 09:00:00,2026-06-08 03:01:44.799503702,Technical,Resolved,65,0,None,0,0,None
TK02726,AC0117,A018,2026-06-07 14:00:00,,How-to,Escalated,106,1,Operations,0,0,SOP-18
TK02727,AC0033,A011,2026-06-07 20:00:00,2026-06-08 17:50:04.399979842,Integration,Resolved,21,0,None,0,0,None
TK02728,AC0010,A009,2026-06-07 16:00:00,2026-06-09 01:11:32.164261509,Bug,Resolved,21,1,Operations,0,0,None
TK02729,AC0065,A018,2026-06-07 08:00:00,2026-06-07 20:01:56.403228130,Account,Resolved,32,0,None,0,0,None
TK02730,AC0087,A028,2026-06-07 19:00:00,,How-to,Waiting Customer,8,0,None,0,0,None
TK02731,AC0057,A032,2026-06-07 12:00:00,2026-06-08 20:17:16.028157824,Integration,Resolved,124,0,None,1,0,SOP-07
TK02732,AC0057,A027,2026-06-07 14:00:00,2026-06-07 22:39:19.430985315,Technical,Resolved,22,0,None,1,0,SOP-12
TK02733,AC0100,A038,2026-06-07 08:00:00,,Technical,Escalated,71,1,Operations,0,0,None
TK02734,AC0101,A023,2026-06-07 14:00:00,2026-06-07 23:40:03.783710256,Technical,Resolved,13,0,None,0,0,SOP-23
TK02735,AC0069,A014,2026-06-08 17:00:00,2026-06-08 20:35:17.320298665,How-to,Resolved,16,0,None,0,0,None
TK02736,AC0112,A022,2026-06-08 19:00:00,2026-06-09 17:35:52.889764779,Billing,Resolved,13,0,None,0,0,None
TK02737,AC0057,A013,2026-06-08 13:00:00,2026-06-09 16:08:53.129030477,Integration,Resolved,40,0,None,0,0,SOP-12
TK02738,AC0144,A022,2026-06-08 09:00:00,2026-06-09 04:14:17.290850220,Technical,Resolved,41,0,None,1,0,SOP-12
TK02739,AC0090,A025,2026-06-08 15:00:00,2026-06-08 20:18:57.100143747,Billing,Resolved,20,0,None,0,0,SOP-12
TK02740,AC0030,A025,2026-06-08 18:00:00,2026-06-09 11:54:51.700181327,Technical,Resolved,31,0,None,0,0,SOP-23
TK02741,AC0139,A001,2026-06-08 15:00:00,2026-06-09 15:14:16.808641560,How-to,Resolved,61,0,None,0,0,None
TK02742,AC0047,A006,2026-06-08 09:00:00,2026-06-09 00:08:47.279576903,Integration,Resolved,88,0,None,0,0,None
TK02743,AC0123,A004,2026-06-08 15:00:00,2026-06-09 00:53:38.394244153,Feature Request,Resolved,17,0,None,0,0,SOP-07
TK02744,AC0116,A012,2026-06-08 14:00:00,,Technical,Escalated,17,1,Billing,0,1,SOP-12
TK02745,AC0028,A006,2026-06-08 10:00:00,2026-06-09 10:40:22.198988301,Billing,Resolved,45,0,None,0,0,SOP-18
TK02746,AC0030,A038,2026-06-08 14:00:00,2026-06-09 02:06:14.408701342,Technical,Resolved,11,0,None,0,0,None
TK02747,AC0006,A024,2026-06-08 18:00:00,,Feature Request,Unresolved,46,0,None,0,0,None
TK02748,AC0126,A009,2026-06-09 17:00:00,,Technical,Waiting Internally,45,1,Technical,0,0,SOP-23
TK02749,AC0006,A013,2026-06-09 18:00:00,2026-06-09 22:42:09.671179839,Feature Request,Resolved,38,0,None,0,0,SOP-23
TK02750,AC0115,A035,2026-06-09 18:00:00,2026-06-10 17:36:39.504598059,Integration,Resolved,99,0,None,0,0,SOP-18
TK02751,AC0100,A016,2026-06-09 12:00:00,2026-06-10 12:07:22.986627503,Technical,Resolved,42,0,None,1,1,None
TK02752,AC0047,A004,2026-06-09 10:00:00,2026-06-10 23:10:29.915293494,How-to,Resolved,24,0,None,0,0,None
TK02753,AC0140,A009,2026-06-09 15:00:00,2026-06-10 00:21:41.625328321,Technical,Resolved,26,0,None,0,0,SOP-12
TK02754,AC0085,A010,2026-06-09 15:00:00,2026-06-11 06:59:21.263718300,How-to,Resolved,27,0,None,0,0,SOP-18
TK02755,AC0121,A032,2026-06-09 18:00:00,2026-06-10 20:41:57.630014114,Technical,Resolved,47,0,None,0,0,None
TK02756,AC0015,A016,2026-06-09 16:00:00,2026-06-11 12:57:10.494298550,Integration,Resolved,98,0,None,0,0,SOP-18
TK02757,AC0030,A023,2026-06-09 08:00:00,2026-06-10 00:34:57.963052639,Bug,Resolved,26,0,None,0,0,SOP-12
TK02758,AC0015,A013,2026-06-09 09:00:00,2026-06-10 16:56:34.866898639,Account,Resolved,69,0,None,0,0,None
TK02759,AC0105,A032,2026-06-09 08:00:00,2026-06-09 19:19:08.329703631,Account,Resolved,13,0,None,0,0,None
TK02760,AC0150,A038,2026-06-09 17:00:00,2026-06-11 11:06:11.385794746,Billing,Resolved,13,0,None,0,0,SOP-12
TK02761,AC0116,A023,2026-06-09 18:00:00,,Account,Partially Resolved,32,0,None,0,1,SOP-18
TK02762,AC0111,A019,2026-06-09 14:00:00,2026-06-10 00:17:05.132080168,Integration,Resolved,26,0,None,0,1,SOP-23
TK02763,AC0008,A007,2026-06-09 14:00:00,,How-to,Escalated,101,1,Billing,0,0,SOP-07
TK02764,AC0121,A029,2026-06-10 15:00:00,2026-06-10 23:11:47.475377087,Technical,Resolved,30,0,None,0,0,SOP-23
TK02765,AC0063,A002,2026-06-10 16:00:00,2026-06-11 09:21:05.268880582,How-to,Resolved,23,0,None,0,0,None
TK02766,AC0030,A007,2026-06-10 08:00:00,,Account,Waiting Customer,7,0,None,0,1,SOP-23
TK02767,AC0124,A022,2026-06-10 16:00:00,2026-06-11 01:49:05.398321957,Account,Resolved,44,0,None,0,0,SOP-18
TK02768,AC0099,A008,2026-06-10 20:00:00,,Feature Request,Waiting Customer,24,0,None,0,0,None
TK02769,AC0103,A032,2026-06-10 17:00:00,2026-06-10 22:28:52.513449135,Account,Resolved,48,0,None,0,0,None
TK02770,AC0017,A031,2026-06-10 16:00:00,2026-06-11 20:27:44.703883992,Technical,Resolved,42,0,None,0,0,SOP-18
TK02771,AC0146,A037,2026-06-10 20:00:00,2026-06-12 13:06:19.200025540,How-to,Resolved,9,0,None,0,0,SOP-07
TK02772,AC0101,A024,2026-06-10 14:00:00,2026-06-11 01:51:23.959336686,Technical,Resolved,30,0,None,0,0,None
TK02773,AC0097,A018,2026-06-10 14:00:00,2026-06-11 06:51:54.823776330,Bug,Resolved,101,0,None,0,0,SOP-12
TK02774,AC0050,A019,2026-06-10 13:00:00,2026-06-11 07:56:26.285627048,Technical,Resolved,16,0,None,0,0,None
TK02775,AC0088,A028,2026-06-10 09:00:00,2026-06-10 23:12:30.457647009,Bug,Resolved,5,0,None,0,0,SOP-07
TK02776,AC0057,A014,2026-06-10 18:00:00,,How-to,Partially Resolved,58,0,None,1,0,None
TK02777,AC0049,A001,2026-06-11 10:00:00,,Billing,Partially Resolved,31,0,None,1,0,SOP-07
TK02778,AC0117,A014,2026-06-11 12:00:00,,Integration,Waiting Internally,8,1,Technical,0,0,None
TK02779,AC0146,A007,2026-06-11 11:00:00,2026-06-12 19:00:19.720258335,Feature Request,Resolved,17,0,None,0,0,None
TK02780,AC0047,A002,2026-06-11 15:00:00,2026-06-12 05:43:40.775881069,How-to,Resolved,21,0,None,0,0,SOP-07
TK02781,AC0099,A035,2026-06-11 11:00:00,2026-06-12 00:25:56.719263855,Billing,Resolved,16,0,None,0,0,None
TK02782,AC0132,A006,2026-06-11 11:00:00,2026-06-12 04:17:01.490240045,How-to,Resolved,33,0,None,0,0,None
TK02783,AC0017,A015,2026-06-11 08:00:00,2026-06-12 06:39:51.388381640,How-to,Resolved,33,0,None,0,1,SOP-12
TK02784,AC0119,A009,2026-06-11 18:00:00,,Technical,Unresolved,32,0,None,0,0,None
TK02785,AC0121,A018,2026-06-11 18:00:00,2026-06-12 06:58:52.390724409,Account,Resolved,10,0,None,0,0,SOP-12
TK02786,AC0018,A026,2026-06-11 16:00:00,2026-06-12 22:05:38.335248647,Billing,Resolved,11,0,None,0,0,SOP-18
TK02787,AC0009,A005,2026-06-12 11:00:00,2026-06-13 06:21:10.901294460,Integration,Resolved,19,0,None,0,0,None
TK02788,AC0021,A036,2026-06-12 16:00:00,2026-06-13 11:44:11.661613945,Account,Resolved,54,0,None,0,0,SOP-12
TK02789,AC0067,A015,2026-06-12 16:00:00,2026-06-13 16:13:47.247140733,Integration,Resolved,15,0,None,0,1,None
TK02790,AC0002,A002,2026-06-12 12:00:00,,Integration,Unresolved,21,0,None,0,0,None
TK02791,AC0042,A005,2026-06-12 20:00:00,2026-06-13 07:07:16.212589872,Bug,Resolved,6,0,None,0,0,SOP-18
TK02792,AC0019,A023,2026-06-12 19:00:00,,Technical,Escalated,32,1,Product,0,1,SOP-23
TK02793,AC0057,A029,2026-06-12 20:00:00,2026-06-13 21:45:19.301957665,How-to,Resolved,46,0,None,0,0,SOP-23
TK02794,AC0138,A037,2026-06-12 17:00:00,2026-06-12 20:59:30.583284997,Bug,Resolved,37,0,None,0,0,SOP-18
TK02795,AC0092,A002,2026-06-12 09:00:00,2026-06-13 23:36:06.082945943,Account,Resolved,9,0,None,0,0,None
TK02796,AC0057,A017,2026-06-12 09:00:00,,Technical,Waiting Internally,19,1,Technical,0,0,SOP-18
TK02797,AC0105,A012,2026-06-12 17:00:00,2026-06-13 15:59:46.599606451,Bug,Resolved,23,0,None,0,0,SOP-23
TK02798,AC0139,A003,2026-06-12 08:00:00,2026-06-12 18:21:02.393442453,Integration,Resolved,84,0,None,0,0,SOP-07
TK02799,AC0037,A013,2026-06-12 19:00:00,,Billing,Partially Resolved,99,0,None,0,0,None
TK02800,AC0028,A031,2026-06-12 10:00:00,2026-06-13 00:16:03.597629184,Feature Request,Resolved,39,0,None,0,0,SOP-23
TK02801,AC0099,A024,2026-06-12 11:00:00,2026-06-13 11:54:42.744428391,Technical,Resolved,7,0,None,1,0,SOP-23
TK02802,AC0047,A015,2026-06-12 17:00:00,2026-06-12 19:24:30.132280977,Integration,Resolved,19,0,None,0,0,SOP-18
TK02803,AC0011,A014,2026-06-13 18:00:00,2026-06-14 15:47:08.759552275,How-to,Resolved,12,0,None,0,0,SOP-18
TK02804,AC0090,A010,2026-06-13 12:00:00,,Account,Unresolved,12,0,None,0,0,SOP-18
TK02805,AC0058,A007,2026-06-13 14:00:00,2026-06-13 22:57:18.672678294,How-to,Resolved,22,0,None,0,0,None
TK02806,AC0030,A007,2026-06-13 16:00:00,2026-06-14 15:29:57.005466708,Technical,Resolved,30,0,None,0,0,SOP-23
TK02807,AC0107,A004,2026-06-13 16:00:00,2026-06-14 04:06:07.650570117,Account,Resolved,46,0,None,0,0,SOP-23
TK02808,AC0047,A007,2026-06-13 18:00:00,2026-06-13 23:22:19.816281787,Account,Resolved,21,0,None,0,0,SOP-23
TK02809,AC0119,A021,2026-06-13 10:00:00,2026-06-14 23:04:46.400831805,Account,Resolved,33,0,None,0,0,None
TK02810,AC0037,A003,2026-06-13 18:00:00,,Technical,Escalated,40,1,Technical,0,0,None
TK02811,AC0054,A028,2026-06-14 08:00:00,2026-06-14 20:11:44.483633130,Integration,Resolved,8,0,None,0,0,SOP-07
TK02812,AC0066,A013,2026-06-14 18:00:00,2026-06-15 01:38:24.469639486,How-to,Resolved,32,0,None,0,0,None
TK02813,AC0075,A034,2026-06-14 17:00:00,2026-06-15 04:08:24.361423829,Bug,Resolved,14,1,Product,0,1,SOP-23
TK02814,AC0075,A003,2026-06-14 08:00:00,,Bug,Escalated,59,1,Operations,0,0,None
TK02815,AC0001,A038,2026-06-14 10:00:00,2026-06-15 21:16:44.555316657,Technical,Resolved,19,0,None,0,0,SOP-12
TK02816,AC0088,A010,2026-06-14 19:00:00,2026-06-15 04:47:41.030521275,Technical,Resolved,58,0,None,0,0,None
TK02817,AC0018,A015,2026-06-14 19:00:00,2026-06-16 03:57:53.547781384,Integration,Resolved,6,0,None,1,0,SOP-12
TK02818,AC0037,A035,2026-06-14 16:00:00,,Billing,Waiting Internally,43,1,Product,0,0,SOP-18
TK02819,AC0082,A035,2026-06-14 09:00:00,2026-06-14 21:17:52.543458661,Account,Resolved,84,0,None,0,0,SOP-07
TK02820,AC0021,A023,2026-06-14 16:00:00,2026-06-15 04:57:59.932070881,How-to,Resolved,43,0,None,0,0,SOP-18
TK02821,AC0004,A031,2026-06-14 19:00:00,2026-06-15 10:39:53.352516115,Technical,Resolved,30,0,None,0,0,SOP-18
TK02822,AC0092,A006,2026-06-14 19:00:00,2026-06-15 22:12:14.098504917,Feature Request,Resolved,42,0,None,0,1,None
TK02823,AC0150,A034,2026-06-14 15:00:00,,How-to,Waiting Internally,36,1,Operations,0,0,SOP-07
TK02824,AC0140,A038,2026-06-15 19:00:00,2026-06-17 13:31:01.693849559,How-to,Resolved,68,0,None,0,0,SOP-12
TK02825,AC0083,A001,2026-06-15 15:00:00,2026-06-16 07:26:49.337539299,How-to,Resolved,98,0,None,0,0,None
TK02826,AC0066,A013,2026-06-15 17:00:00,2026-06-16 09:55:31.700678224,Integration,Resolved,15,0,None,0,0,None
TK02827,AC0015,A032,2026-06-15 16:00:00,2026-06-15 22:40:36.246872957,Billing,Resolved,19,0,None,0,0,SOP-07
TK02828,AC0027,A015,2026-06-15 10:00:00,2026-06-16 09:20:35.327613187,Technical,Resolved,3,0,None,0,1,None
TK02829,AC0037,A019,2026-06-15 20:00:00,,Account,Unresolved,17,0,None,0,0,SOP-12
TK02830,AC0046,A003,2026-06-15 11:00:00,2026-06-16 04:33:18.665071221,How-to,Resolved,25,0,None,0,0,SOP-18
TK02831,AC0140,A007,2026-06-15 11:00:00,,Technical,Waiting Internally,7,1,Operations,0,0,None
TK02832,AC0088,A006,2026-06-15 09:00:00,2026-06-16 00:00:14.635997573,How-to,Resolved,4,0,None,0,1,SOP-23
TK02833,AC0094,A030,2026-06-15 14:00:00,2026-06-16 19:25:14.866803638,Billing,Resolved,31,0,None,0,0,SOP-23
TK02834,AC0080,A017,2026-06-15 11:00:00,2026-06-15 23:44:29.310271202,How-to,Resolved,10,0,None,1,0,SOP-18
TK02835,AC0107,A005,2026-06-15 12:00:00,2026-06-16 16:21:56.660993054,Integration,Resolved,25,0,None,0,0,SOP-07
TK02836,AC0134,A012,2026-06-15 08:00:00,2026-06-15 16:39:01.353882817,Technical,Resolved,29,0,None,0,0,SOP-23
TK02837,AC0049,A012,2026-06-15 15:00:00,2026-06-16 13:57:47.925858774,How-to,Resolved,44,0,None,0,0,None
TK02838,AC0121,A001,2026-06-15 19:00:00,2026-06-16 14:46:18.487355083,Account,Resolved,36,0,None,0,0,SOP-12
TK02839,AC0097,A008,2026-06-16 20:00:00,,Integration,Unresolved,68,0,None,0,0,None
TK02840,AC0100,A037,2026-06-16 08:00:00,2026-06-16 13:17:47.004388035,How-to,Resolved,35,0,None,0,1,SOP-07
TK02841,AC0015,A002,2026-06-16 18:00:00,2026-06-17 17:52:04.850769052,Bug,Resolved,72,1,Operations,0,0,SOP-18
TK02842,AC0149,A021,2026-06-16 09:00:00,2026-06-17 00:09:36.257108263,Account,Resolved,20,0,None,0,0,None
TK02843,AC0125,A012,2026-06-16 20:00:00,,How-to,Escalated,102,1,Operations,0,0,None
TK02844,AC0019,A028,2026-06-16 14:00:00,2026-06-17 23:47:15.987919767,Technical,Resolved,46,0,None,0,0,SOP-23
TK02845,AC0139,A018,2026-06-16 17:00:00,2026-06-18 00:51:31.623600712,Account,Resolved,88,0,None,0,1,None
TK02846,AC0132,A001,2026-06-16 12:00:00,2026-06-17 21:29:44.337142670,Integration,Resolved,37,0,None,0,1,None
TK02847,AC0089,A008,2026-06-16 08:00:00,2026-06-18 02:17:16.424267747,Integration,Resolved,23,0,None,0,0,None
TK02848,AC0058,A021,2026-06-17 14:00:00,2026-06-18 16:42:44.099036388,Integration,Resolved,88,0,None,0,0,SOP-12
TK02849,AC0008,A009,2026-06-17 18:00:00,2026-06-18 15:14:48.833547888,Technical,Resolved,24,0,None,0,0,None
TK02850,AC0087,A037,2026-06-17 16:00:00,,How-to,Escalated,14,1,Operations,1,0,SOP-23
TK02851,AC0024,A007,2026-06-17 18:00:00,2026-06-18 20:15:42.663505901,Bug,Resolved,23,0,None,0,0,SOP-18
TK02852,AC0125,A013,2026-06-17 11:00:00,2026-06-18 08:47:03.436799121,How-to,Resolved,23,0,None,0,0,SOP-12
TK02853,AC0109,A008,2026-06-17 13:00:00,2026-06-18 11:09:58.509514877,Technical,Resolved,39,0,None,0,0,None
TK02854,AC0150,A026,2026-06-17 08:00:00,,Bug,Partially Resolved,52,1,Operations,0,0,None
TK02855,AC0109,A022,2026-06-17 14:00:00,2026-06-18 02:44:47.661543147,Account,Resolved,16,0,None,0,0,SOP-18
TK02856,AC0145,A026,2026-06-17 19:00:00,,How-to,Waiting Internally,24,1,Operations,0,0,None
TK02857,AC0150,A034,2026-06-17 09:00:00,,How-to,Unresolved,13,0,None,0,0,SOP-18
TK02858,AC0087,A020,2026-06-17 14:00:00,2026-06-17 17:56:42.202645863,Bug,Resolved,4,0,None,0,0,SOP-23
TK02859,AC0008,A027,2026-06-18 10:00:00,2026-06-19 00:04:25.857012714,Integration,Resolved,8,0,None,0,0,SOP-18
TK02860,AC0099,A026,2026-06-18 09:00:00,2026-06-18 22:51:04.686575683,Bug,Resolved,30,0,None,0,0,None
TK02861,AC0067,A001,2026-06-18 14:00:00,2026-06-19 01:13:58.021335160,Feature Request,Resolved,9,0,None,0,0,None
TK02862,AC0137,A036,2026-06-18 16:00:00,2026-06-20 18:52:30.052007684,Integration,Resolved,55,0,None,0,0,SOP-23
TK02863,AC0140,A028,2026-06-18 11:00:00,,Account,Partially Resolved,6,0,None,0,0,SOP-18
TK02864,AC0115,A006,2026-06-18 16:00:00,2026-06-18 22:38:16.592093848,How-to,Resolved,30,0,None,0,0,SOP-07
TK02865,AC0100,A019,2026-06-18 08:00:00,,Billing,Partially Resolved,33,0,None,0,0,SOP-12
TK02866,AC0105,A018,2026-06-18 17:00:00,,How-to,Partially Resolved,23,0,None,0,0,None
TK02867,AC0046,A015,2026-06-18 11:00:00,2026-06-19 05:20:07.522707577,Technical,Resolved,8,0,None,0,1,SOP-23
TK02868,AC0009,A022,2026-06-18 15:00:00,2026-06-18 20:14:01.417380814,Billing,Resolved,73,0,None,0,0,SOP-07
TK02869,AC0140,A009,2026-06-18 08:00:00,2026-06-20 10:08:29.512353199,Billing,Resolved,68,0,None,0,0,SOP-07
TK02870,AC0047,A020,2026-06-18 10:00:00,2026-06-18 17:27:12.932868887,Bug,Resolved,11,0,None,0,0,SOP-23
TK02871,AC0024,A002,2026-06-19 18:00:00,2026-06-21 00:17:42.654402595,Technical,Resolved,3,0,None,0,0,None
TK02872,AC0090,A028,2026-06-19 10:00:00,,Integration,Waiting Internally,21,1,Billing,0,0,SOP-23
TK02873,AC0065,A032,2026-06-19 09:00:00,2026-06-20 07:39:55.769413126,Technical,Resolved,48,0,None,0,1,None
TK02874,AC0050,A003,2026-06-19 18:00:00,2026-06-20 14:30:10.467685767,Technical,Resolved,35,0,None,0,0,None
TK02875,AC0140,A019,2026-06-19 11:00:00,2026-06-20 18:35:16.970495542,Feature Request,Resolved,14,0,None,0,0,SOP-07
TK02876,AC0099,A024,2026-06-19 20:00:00,2026-06-20 10:31:10.000117383,Integration,Resolved,11,0,None,0,0,SOP-18
TK02877,AC0061,A029,2026-06-20 18:00:00,2026-06-21 05:56:32.894213489,Feature Request,Resolved,35,0,None,0,0,SOP-23
TK02878,AC0131,A019,2026-06-20 09:00:00,2026-06-21 07:57:33.085686039,Integration,Resolved,56,0,None,0,1,None
TK02879,AC0150,A009,2026-06-20 15:00:00,2026-06-21 17:07:05.025658225,How-to,Resolved,37,0,None,0,0,None
TK02880,AC0088,A027,2026-06-20 19:00:00,2026-06-21 17:47:46.987725984,How-to,Resolved,15,0,None,0,0,SOP-12
TK02881,AC0017,A030,2026-06-20 17:00:00,2026-06-21 10:08:20.715070902,Bug,Resolved,42,1,Product,0,0,SOP-12
TK02882,AC0003,A026,2026-06-20 20:00:00,2026-06-21 01:34:38.707479288,Feature Request,Resolved,12,0,None,0,1,SOP-12
TK02883,AC0123,A025,2026-06-20 10:00:00,,Account,Escalated,26,1,Billing,0,0,SOP-18
TK02884,AC0117,A026,2026-06-20 08:00:00,,Technical,Escalated,75,1,Billing,0,0,None
TK02885,AC0050,A031,2026-06-20 11:00:00,2026-06-21 05:49:54.547003980,Billing,Resolved,22,0,None,0,0,SOP-12
TK02886,AC0112,A003,2026-06-21 19:00:00,2026-06-22 19:32:23.202050918,Technical,Resolved,86,0,None,0,0,None
TK02887,AC0109,A012,2026-06-21 15:00:00,2026-06-22 16:09:04.345682977,Technical,Resolved,17,0,None,0,0,None
TK02888,AC0051,A026,2026-06-21 16:00:00,2026-06-22 01:07:10.977365545,Billing,Resolved,14,0,None,0,0,None
TK02889,AC0088,A027,2026-06-21 09:00:00,2026-06-21 16:06:22.672323554,How-to,Resolved,63,0,None,0,0,SOP-23
TK02890,AC0061,A035,2026-06-21 12:00:00,2026-06-22 17:05:26.390408153,How-to,Resolved,33,0,None,0,0,None
TK02891,AC0003,A032,2026-06-21 09:00:00,2026-06-22 09:36:06.781520467,Technical,Resolved,19,0,None,0,0,None
TK02892,AC0107,A003,2026-06-21 13:00:00,,Technical,Partially Resolved,22,0,None,0,0,SOP-12
TK02893,AC0140,A010,2026-06-21 09:00:00,,Technical,Partially Resolved,27,0,None,0,0,None
TK02894,AC0065,A011,2026-06-21 16:00:00,2026-06-23 18:47:12.795915109,Account,Resolved,67,0,None,0,0,SOP-23
TK02895,AC0104,A017,2026-06-21 17:00:00,2026-06-22 02:57:59.487441612,How-to,Resolved,47,0,None,0,0,SOP-12
TK02896,AC0021,A007,2026-06-21 10:00:00,2026-06-22 08:09:15.257754417,How-to,Resolved,62,0,None,0,0,None
TK02897,AC0105,A024,2026-06-21 16:00:00,2026-06-22 08:35:03.193846034,Integration,Resolved,18,0,None,0,0,None
TK02898,AC0140,A029,2026-06-21 14:00:00,2026-06-23 01:22:42.096595084,How-to,Resolved,63,0,None,0,0,SOP-23
TK02899,AC0049,A023,2026-06-22 19:00:00,2026-06-23 15:46:31.021017128,Feature Request,Resolved,39,0,None,0,1,SOP-12
TK02900,AC0141,A017,2026-06-22 20:00:00,2026-06-23 05:55:42.390633178,How-to,Resolved,13,0,None,0,0,None
TK02901,AC0029,A011,2026-06-22 14:00:00,2026-06-23 01:20:11.867402767,Integration,Resolved,11,0,None,0,0,SOP-18
TK02902,AC0025,A027,2026-06-22 20:00:00,2026-06-23 16:37:12.511180420,Account,Resolved,34,0,None,0,0,None
TK02903,AC0024,A020,2026-06-22 15:00:00,2026-06-24 04:06:46.380277959,Technical,Resolved,94,0,None,0,0,SOP-18
TK02904,AC0047,A029,2026-06-22 13:00:00,2026-06-23 20:21:04.196712223,Feature Request,Resolved,60,0,None,0,0,None
TK02905,AC0033,A038,2026-06-22 16:00:00,2026-06-24 21:22:22.879961029,How-to,Resolved,15,0,None,0,0,None
TK02906,AC0123,A033,2026-06-22 14:00:00,,Account,Partially Resolved,5,0,None,0,1,SOP-12
TK02907,AC0105,A016,2026-06-22 14:00:00,,Technical,Unresolved,8,0,None,0,1,None
TK02908,AC0127,A023,2026-06-22 08:00:00,,How-to,Waiting Internally,35,1,Product,1,0,SOP-07
TK02909,AC0024,A031,2026-06-22 14:00:00,2026-06-23 07:50:04.102266434,Bug,Resolved,57,0,None,0,0,SOP-12
TK02910,AC0109,A023,2026-06-23 11:00:00,2026-06-24 17:06:19.850485771,Bug,Resolved,6,0,None,0,0,SOP-18
TK02911,AC0144,A032,2026-06-23 20:00:00,2026-06-24 02:24:41.023097156,How-to,Resolved,20,0,None,0,0,SOP-07
TK02912,AC0046,A013,2026-06-23 08:00:00,2026-06-24 02:58:22.073730156,Account,Resolved,23,0,None,0,0,SOP-12
TK02913,AC0139,A002,2026-06-23 08:00:00,,Bug,Unresolved,46,1,Product,0,0,SOP-07
TK02914,AC0140,A033,2026-06-23 14:00:00,,Account,Waiting Customer,63,0,None,0,0,None
TK02915,AC0101,A038,2026-06-23 20:00:00,,Bug,Escalated,36,1,Technical,1,0,None
TK02916,AC0125,A029,2026-06-23 16:00:00,2026-06-24 18:03:23.578585211,Billing,Resolved,24,0,None,0,0,SOP-23
TK02917,AC0006,A037,2026-06-23 10:00:00,2026-06-23 17:42:40.281530648,Technical,Resolved,20,0,None,0,0,None
TK02918,AC0008,A020,2026-06-23 08:00:00,2026-06-24 04:25:05.591618297,Account,Resolved,27,0,None,0,0,None
TK02919,AC0092,A007,2026-06-23 17:00:00,,Technical,Escalated,33,1,Billing,0,0,SOP-07
TK02920,AC0030,A002,2026-06-24 17:00:00,2026-06-26 23:19:34.600885638,Technical,Resolved,46,0,None,0,0,SOP-07
TK02921,AC0148,A035,2026-06-24 12:00:00,2026-06-24 21:26:56.755780083,Bug,Resolved,11,0,None,0,0,SOP-23
TK02922,AC0066,A014,2026-06-24 16:00:00,,How-to,Unresolved,8,0,None,0,0,None
TK02923,AC0023,A021,2026-06-24 09:00:00,2026-06-24 12:39:22.012184209,Bug,Resolved,27,1,Product,0,1,None
TK02924,AC0130,A018,2026-06-24 09:00:00,2026-06-25 01:46:48.370844113,How-to,Resolved,25,0,None,0,0,SOP-18
TK02925,AC0030,A035,2026-06-24 10:00:00,,How-to,Waiting Customer,80,0,None,0,0,None
TK02926,AC0030,A038,2026-06-24 11:00:00,2026-06-24 13:28:02.665518507,Technical,Resolved,13,0,None,0,0,SOP-18
TK02927,AC0120,A014,2026-06-24 11:00:00,2026-06-24 23:33:03.074394973,Account,Resolved,25,0,None,0,0,SOP-18
TK02928,AC0018,A010,2026-06-25 15:00:00,2026-06-26 07:13:56.234663754,Billing,Resolved,12,0,None,0,0,SOP-07
TK02929,AC0090,A012,2026-06-25 15:00:00,2026-06-26 00:50:47.495544019,Technical,Resolved,2,0,None,0,0,None
TK02930,AC0100,A032,2026-06-25 13:00:00,2026-06-25 17:21:11.141233012,Technical,Resolved,19,0,None,0,0,SOP-23
TK02931,AC0008,A009,2026-06-25 19:00:00,2026-06-26 22:55:57.772149662,Integration,Resolved,20,0,None,0,0,SOP-12
TK02932,AC0064,A021,2026-06-25 12:00:00,2026-06-25 23:57:01.723528822,Technical,Resolved,18,0,None,0,0,SOP-12
TK02933,AC0069,A031,2026-06-25 19:00:00,2026-06-28 12:14:08.403741457,Bug,Resolved,37,0,None,0,1,None
TK02934,AC0141,A005,2026-06-25 19:00:00,2026-06-26 13:28:10.264333107,Bug,Resolved,20,0,None,0,0,None
TK02935,AC0033,A014,2026-06-25 14:00:00,2026-06-26 04:36:33.753358828,Account,Resolved,43,0,None,0,0,SOP-18
TK02936,AC0080,A010,2026-06-25 19:00:00,2026-06-26 12:52:43.547999957,Bug,Resolved,24,0,None,0,1,SOP-12
TK02937,AC0058,A022,2026-06-25 16:00:00,2026-06-26 11:41:07.694834124,Account,Resolved,23,0,None,0,0,None
TK02938,AC0077,A032,2026-06-25 11:00:00,,How-to,Unresolved,37,0,None,0,0,None
TK02939,AC0071,A032,2026-06-26 11:00:00,,Technical,Waiting Internally,53,1,Operations,0,1,SOP-12
TK02940,AC0046,A031,2026-06-26 10:00:00,2026-06-28 01:34:56.577716852,How-to,Resolved,11,0,None,0,0,None
TK02941,AC0140,A012,2026-06-26 12:00:00,2026-06-26 21:36:53.004390267,Technical,Resolved,22,0,None,0,0,SOP-18
TK02942,AC0015,A018,2026-06-26 20:00:00,2026-06-27 08:55:34.340282839,Bug,Resolved,27,0,None,0,0,None
TK02943,AC0014,A028,2026-06-26 18:00:00,2026-06-28 01:30:37.752887456,Technical,Resolved,23,0,None,0,0,None
TK02944,AC0074,A009,2026-06-26 18:00:00,2026-06-27 12:24:06.687879526,Technical,Resolved,8,0,None,0,0,None
TK02945,AC0013,A020,2026-06-26 11:00:00,2026-06-26 14:24:38.918555488,How-to,Resolved,22,0,None,0,0,None
TK02946,AC0033,A029,2026-06-26 13:00:00,,Bug,Waiting Customer,11,1,Product,0,0,SOP-07
TK02947,AC0042,A001,2026-06-26 19:00:00,2026-06-27 02:58:02.257441151,Account,Resolved,5,0,None,0,0,None
TK02948,AC0100,A015,2026-06-26 09:00:00,2026-06-27 21:16:59.776040135,Billing,Resolved,25,0,None,0,0,SOP-23
TK02949,AC0101,A032,2026-06-27 10:00:00,2026-06-28 17:02:18.090519536,Bug,Resolved,65,1,Billing,0,0,SOP-12
TK02950,AC0057,A003,2026-06-27 15:00:00,2026-06-28 20:05:25.984547326,Integration,Resolved,57,0,None,0,0,SOP-23
TK02951,AC0061,A008,2026-06-27 11:00:00,2026-06-29 03:10:32.461211096,How-to,Resolved,2,0,None,0,0,None
TK02952,AC0058,A033,2026-06-27 08:00:00,2026-06-28 04:08:58.906087075,How-to,Resolved,17,0,None,1,0,None
TK02953,AC0008,A028,2026-06-27 16:00:00,2026-06-28 00:42:01.367108499,Feature Request,Resolved,11,0,None,0,0,None
TK02954,AC0004,A031,2026-06-27 15:00:00,2026-06-28 08:34:44.745216539,How-to,Resolved,36,0,None,0,0,SOP-12
TK02955,AC0003,A004,2026-06-27 13:00:00,,Technical,Unresolved,44,0,None,0,0,SOP-07
TK02956,AC0061,A033,2026-06-27 20:00:00,2026-06-28 00:34:58.433950786,Technical,Resolved,14,0,None,1,0,None
TK02957,AC0141,A021,2026-06-27 12:00:00,,Technical,Unresolved,20,0,None,0,0,SOP-07
TK02958,AC0057,A031,2026-06-28 14:00:00,2026-06-28 16:41:19.245548200,Integration,Resolved,49,0,None,0,0,SOP-23
TK02959,AC0053,A014,2026-06-28 18:00:00,2026-06-29 01:47:15.012555758,Feature Request,Resolved,41,0,None,0,0,None
TK02960,AC0070,A023,2026-06-28 11:00:00,2026-06-29 14:25:25.474055780,Integration,Resolved,36,0,None,0,0,SOP-07
TK02961,AC0059,A014,2026-06-28 17:00:00,,Technical,Waiting Internally,64,1,Operations,0,0,None
TK02962,AC0073,A031,2026-06-28 15:00:00,2026-06-29 08:26:21.150961042,Feature Request,Resolved,59,0,None,0,0,SOP-23
TK02963,AC0008,A024,2026-06-28 13:00:00,2026-06-30 04:40:13.273550950,How-to,Resolved,14,0,None,0,0,SOP-23
TK02964,AC0071,A036,2026-06-28 16:00:00,2026-06-29 07:09:10.650285226,Technical,Resolved,5,0,None,0,0,None
TK02965,AC0127,A002,2026-06-28 20:00:00,2026-06-29 02:39:17.683372517,Technical,Resolved,18,0,None,0,0,None
TK02966,AC0006,A029,2026-06-28 18:00:00,2026-06-29 09:40:56.004170112,Technical,Resolved,21,0,None,0,0,None
TK02967,AC0114,A010,2026-06-28 16:00:00,2026-06-29 21:40:22.757796493,How-to,Resolved,40,0,None,0,0,None
TK02968,AC0100,A001,2026-06-28 10:00:00,2026-06-29 00:36:33.122309037,Technical,Resolved,52,0,None,0,1,SOP-07
TK02969,AC0051,A024,2026-06-28 14:00:00,2026-06-28 20:52:13.759666195,Technical,Resolved,50,0,None,1,0,SOP-23
TK02970,AC0137,A012,2026-06-28 17:00:00,2026-06-29 08:33:36.043905046,Integration,Resolved,17,0,None,0,0,None
TK02971,AC0047,A037,2026-06-28 12:00:00,2026-06-29 13:49:33.061342497,Bug,Resolved,84,0,None,0,1,SOP-23
TK02972,AC0037,A008,2026-06-28 15:00:00,2026-06-28 23:33:25.130224447,Account,Resolved,39,0,None,0,0,SOP-07
TK02973,AC0049,A012,2026-06-29 11:00:00,2026-06-29 13:16:27.230450071,Bug,Resolved,33,1,Billing,0,0,None
TK02974,AC0121,A019,2026-06-29 15:00:00,2026-06-29 21:15:42.147983289,Technical,Resolved,34,0,None,0,0,SOP-12
TK02975,AC0073,A019,2026-06-29 18:00:00,2026-06-30 06:11:44.787437274,Account,Resolved,27,0,None,0,0,SOP-23
TK02976,AC0037,A037,2026-06-29 10:00:00,,Billing,Partially Resolved,46,0,None,0,0,SOP-18
TK02977,AC0049,A015,2026-06-29 11:00:00,,How-to,Escalated,95,1,Operations,0,0,SOP-23
TK02978,AC0075,A017,2026-06-29 19:00:00,2026-06-30 10:22:04.800084663,Account,Resolved,28,0,None,0,0,SOP-18
TK02979,AC0014,A009,2026-06-29 15:00:00,2026-06-30 00:39:02.561453864,Feature Request,Resolved,12,0,None,0,0,None
TK02980,AC0104,A013,2026-06-29 17:00:00,2026-06-30 04:22:57.361372318,Account,Resolved,19,0,None,0,0,SOP-07
TK02981,AC0150,A027,2026-06-29 08:00:00,2026-06-30 07:04:02.904904647,Technical,Resolved,7,0,None,1,0,None
TK02982,AC0061,A011,2026-06-29 16:00:00,,Billing,Escalated,63,1,Product,0,0,SOP-23
TK02983,AC0102,A028,2026-06-29 13:00:00,2026-06-30 18:11:10.033366743,Integration,Resolved,11,0,None,0,0,None
TK02984,AC0086,A020,2026-06-29 09:00:00,2026-06-29 19:59:05.626912806,Integration,Resolved,33,0,None,0,0,SOP-12
TK02985,AC0044,A014,2026-06-30 10:00:00,2026-07-01 05:56:32.829341230,Billing,Resolved,29,0,None,0,0,None
TK02986,AC0124,A007,2026-06-30 09:00:00,2026-07-01 16:59:22.999687763,Account,Resolved,63,0,None,0,0,SOP-18
TK02987,AC0125,A037,2026-06-30 15:00:00,2026-07-01 15:34:39.131410669,How-to,Resolved,19,0,None,0,0,SOP-18
TK02988,AC0094,A029,2026-06-30 13:00:00,2026-06-30 18:22:34.872817765,Feature Request,Resolved,13,0,None,0,0,SOP-07
TK02989,AC0094,A009,2026-06-30 16:00:00,2026-07-01 20:16:35.736572805,Billing,Resolved,8,0,None,0,0,None
TK02990,AC0142,A033,2026-06-30 08:00:00,2026-07-01 19:51:56.219487204,How-to,Resolved,3,0,None,0,0,SOP-12
TK02991,AC0004,A014,2026-06-30 09:00:00,2026-07-01 03:56:03.910844083,Bug,Resolved,66,0,None,0,0,None
TK02992,AC0060,A015,2026-06-30 13:00:00,2026-07-01 04:58:28.214912375,Feature Request,Resolved,15,0,None,0,0,None
TK02993,AC0047,A011,2026-06-30 16:00:00,,Bug,Partially Resolved,13,0,None,0,0,None
TK02994,AC0036,A037,2026-07-01 10:00:00,,Account,Unresolved,32,0,None,0,0,SOP-12
TK02995,AC0087,A027,2026-07-01 19:00:00,2026-07-02 02:13:13.605547580,How-to,Resolved,20,0,None,1,0,SOP-12
TK02996,AC0138,A030,2026-07-01 12:00:00,2026-07-02 23:40:45.565202587,Technical,Resolved,76,0,None,0,0,SOP-12
TK02997,AC0106,A034,2026-07-01 16:00:00,2026-07-02 02:11:51.334472262,Technical,Resolved,73,0,None,0,0,SOP-23
TK02998,AC0117,A034,2026-07-01 12:00:00,2026-07-01 18:33:09.559254011,Technical,Resolved,12,0,None,0,0,SOP-18
TK02999,AC0128,A038,2026-07-01 09:00:00,,Integration,Partially Resolved,28,0,None,0,0,SOP-18
TK03000,AC0105,A019,2026-07-01 08:00:00,,Billing,Escalated,68,1,Billing,0,0,None
TK03001,AC0039,A004,2026-07-01 13:00:00,,Billing,Waiting Customer,10,0,None,0,0,SOP-12
TK03002,AC0076,A015,2026-07-01 19:00:00,2026-07-03 19:31:14.976036593,Technical,Resolved,52,0,None,0,0,SOP-18
TK03003,AC0075,A036,2026-07-02 15:00:00,2026-07-03 06:28:51.584973404,Technical,Resolved,14,0,None,0,0,SOP-23
TK03004,AC0117,A010,2026-07-02 20:00:00,2026-07-03 04:24:56.919513030,Account,Resolved,20,0,None,0,0,SOP-23
TK03005,AC0113,A027,2026-07-02 18:00:00,2026-07-03 04:29:35.129901477,How-to,Resolved,72,0,None,0,0,None
TK03006,AC0061,A034,2026-07-02 10:00:00,,Bug,Unresolved,34,0,None,0,0,None
TK03007,AC0017,A035,2026-07-02 08:00:00,2026-07-03 03:31:54.633265340,Account,Resolved,21,0,None,0,0,None
TK03008,AC0011,A011,2026-07-02 18:00:00,2026-07-03 00:49:58.425679831,Technical,Resolved,33,0,None,0,0,SOP-18
TK03009,AC0085,A012,2026-07-03 11:00:00,,Account,Waiting Customer,18,0,None,0,0,SOP-18
TK03010,AC0127,A020,2026-07-03 19:00:00,2026-07-04 14:31:12.226901381,Technical,Resolved,41,0,None,0,0,SOP-07
TK03011,AC0101,A023,2026-07-03 14:00:00,2026-07-04 03:32:25.944809588,Integration,Resolved,20,0,None,0,0,SOP-23
TK03012,AC0104,A020,2026-07-03 19:00:00,2026-07-04 12:36:27.315295604,Integration,Resolved,36,0,None,0,0,None
TK03013,AC0018,A015,2026-07-03 10:00:00,2026-07-04 03:44:13.279536631,Integration,Resolved,50,0,None,0,0,None
TK03014,AC0009,A015,2026-07-03 08:00:00,2026-07-03 12:23:29.907725700,How-to,Resolved,54,0,None,0,0,None
TK03015,AC0021,A011,2026-07-04 13:00:00,,How-to,Escalated,82,1,Technical,0,0,None
TK03016,AC0008,A024,2026-07-04 12:00:00,2026-07-05 20:42:52.039232991,How-to,Resolved,8,0,None,0,1,SOP-18
TK03017,AC0030,A027,2026-07-04 14:00:00,2026-07-05 05:40:49.090450822,Billing,Resolved,29,0,None,0,0,None
TK03018,AC0087,A028,2026-07-04 10:00:00,2026-07-04 22:19:42.023091273,How-to,Resolved,27,0,None,0,0,SOP-12
TK03019,AC0083,A006,2026-07-04 12:00:00,2026-07-04 18:22:39.225380453,How-to,Resolved,87,0,None,0,0,SOP-07
TK03020,AC0030,A025,2026-07-04 20:00:00,2026-07-05 02:37:47.898334220,Account,Resolved,10,0,None,0,0,SOP-23
TK03021,AC0017,A020,2026-07-04 18:00:00,2026-07-05 20:05:25.824681178,Bug,Resolved,82,1,Billing,0,0,SOP-12
TK03022,AC0003,A010,2026-07-04 16:00:00,2026-07-05 04:48:21.602534235,Technical,Resolved,37,0,None,0,1,None
TK03023,AC0060,A012,2026-07-04 15:00:00,2026-07-05 07:14:35.676601553,Integration,Resolved,27,0,None,0,0,SOP-23
TK03024,AC0060,A013,2026-07-04 12:00:00,,Bug,Waiting Internally,56,1,Billing,0,0,SOP-23
TK03025,AC0049,A025,2026-07-05 17:00:00,2026-07-06 03:25:38.290591250,How-to,Resolved,20,0,None,0,0,None
TK03026,AC0056,A007,2026-07-05 16:00:00,2026-07-06 15:00:59.390423939,How-to,Resolved,24,0,None,0,0,SOP-12
TK03027,AC0060,A025,2026-07-05 15:00:00,,Bug,Unresolved,82,0,None,0,0,None
TK03028,AC0035,A024,2026-07-05 12:00:00,,Integration,Escalated,73,1,Product,0,0,SOP-07
TK03029,AC0044,A037,2026-07-05 11:00:00,2026-07-07 06:40:23.670319433,Technical,Resolved,49,0,None,0,1,None
TK03030,AC0018,A021,2026-07-05 11:00:00,,Bug,Waiting Customer,17,0,None,0,0,None
TK03031,AC0114,A032,2026-07-05 15:00:00,,Bug,Waiting Customer,36,1,Billing,0,0,None
TK03032,AC0092,A008,2026-07-05 11:00:00,,Technical,Escalated,22,1,Operations,0,0,SOP-12
TK03033,AC0014,A012,2026-07-05 09:00:00,2026-07-06 16:26:53.552776101,Technical,Resolved,51,0,None,0,0,None
TK03034,AC0047,A036,2026-07-06 12:00:00,2026-07-07 18:35:56.471701395,Bug,Resolved,29,0,None,0,0,SOP-07
TK03035,AC0025,A002,2026-07-06 09:00:00,,Technical,Escalated,60,1,Technical,0,0,SOP-23
TK03036,AC0004,A017,2026-07-06 15:00:00,,Billing,Partially Resolved,30,0,None,0,0,SOP-23
TK03037,AC0132,A023,2026-07-06 08:00:00,2026-07-07 09:47:56.482577150,Technical,Resolved,39,0,None,0,0,SOP-23
TK03038,AC0057,A034,2026-07-06 20:00:00,2026-07-07 21:59:07.174399233,How-to,Resolved,29,0,None,0,0,SOP-07
TK03039,AC0132,A023,2026-07-06 13:00:00,2026-07-06 23:17:41.545032615,How-to,Resolved,15,0,None,0,0,SOP-18
TK03040,AC0047,A004,2026-07-06 11:00:00,2026-07-07 21:14:27.247642520,Bug,Resolved,10,0,None,0,0,SOP-12
TK03041,AC0135,A037,2026-07-06 09:00:00,2026-07-06 23:38:02.774328720,Feature Request,Resolved,8,0,None,0,0,None
TK03042,AC0057,A026,2026-07-06 17:00:00,2026-07-07 01:11:48.112005352,Technical,Resolved,20,0,None,0,0,SOP-18
TK03043,AC0100,A030,2026-07-07 09:00:00,2026-07-07 13:08:57.013763815,Technical,Resolved,28,0,None,0,0,SOP-18
TK03044,AC0102,A033,2026-07-07 16:00:00,,Account,Waiting Customer,60,0,None,0,0,None
TK03045,AC0085,A022,2026-07-07 19:00:00,,Technical,Waiting Internally,93,1,Technical,0,0,None
TK03046,AC0015,A003,2026-07-07 20:00:00,2026-07-08 04:14:11.656150285,Billing,Resolved,35,0,None,0,0,None
TK03047,AC0002,A016,2026-07-07 08:00:00,2026-07-08 06:06:30.010560018,Billing,Resolved,79,0,None,0,0,SOP-07
TK03048,AC0105,A026,2026-07-07 09:00:00,2026-07-07 14:49:11.374592014,Technical,Resolved,8,0,None,0,0,SOP-07
TK03049,AC0067,A016,2026-07-08 12:00:00,,Account,Unresolved,27,0,None,0,0,None
TK03050,AC0095,A022,2026-07-08 14:00:00,,Billing,Waiting Customer,43,0,None,0,0,None
TK03051,AC0073,A008,2026-07-08 09:00:00,,Bug,Unresolved,90,1,Product,0,0,None
TK03052,AC0087,A027,2026-07-08 15:00:00,2026-07-09 11:58:46.334110430,Account,Resolved,29,0,None,0,0,None
TK03053,AC0061,A022,2026-07-08 18:00:00,2026-07-08 23:07:04.251006015,Account,Resolved,71,0,None,0,0,SOP-12
TK03054,AC0021,A022,2026-07-08 14:00:00,,Account,Partially Resolved,25,0,None,0,0,None
TK03055,AC0132,A023,2026-07-08 16:00:00,2026-07-09 10:30:58.992788219,How-to,Resolved,3,0,None,0,0,SOP-12
TK03056,AC0049,A032,2026-07-08 09:00:00,2026-07-09 10:56:56.441228742,Technical,Resolved,24,0,None,0,0,None
TK03057,AC0100,A026,2026-07-08 08:00:00,2026-07-10 15:16:56.310807708,Account,Resolved,35,0,None,0,0,None
TK03058,AC0125,A022,2026-07-08 14:00:00,2026-07-09 23:14:44.834410133,Bug,Resolved,62,0,None,0,0,None
TK03059,AC0144,A035,2026-07-08 17:00:00,,Account,Waiting Internally,2,1,Operations,0,0,SOP-12
TK03060,AC0134,A037,2026-07-09 20:00:00,2026-07-10 16:02:58.950714863,Account,Resolved,62,0,None,0,1,SOP-07
TK03061,AC0130,A013,2026-07-09 19:00:00,2026-07-09 22:52:41.312971327,How-to,Resolved,29,0,None,0,0,SOP-07
TK03062,AC0003,A008,2026-07-09 12:00:00,,How-to,Waiting Internally,33,1,Technical,0,0,None
TK03063,AC0042,A008,2026-07-09 15:00:00,2026-07-09 20:57:33.825061998,Technical,Resolved,47,0,None,0,0,SOP-12
TK03064,AC0015,A029,2026-07-09 14:00:00,2026-07-10 06:47:40.200088376,Technical,Resolved,26,0,None,1,0,SOP-07
TK03065,AC0133,A012,2026-07-09 12:00:00,2026-07-10 05:58:19.449210291,How-to,Resolved,25,0,None,1,0,SOP-23
TK03066,AC0008,A029,2026-07-09 19:00:00,,Billing,Waiting Customer,22,0,None,0,0,SOP-18
TK03067,AC0057,A011,2026-07-09 15:00:00,,Feature Request,Waiting Customer,5,0,None,0,0,None
TK03068,AC0121,A006,2026-07-09 19:00:00,2026-07-10 07:04:02.001875468,Technical,Resolved,55,0,None,0,0,None
TK03069,AC0061,A012,2026-07-09 14:00:00,2026-07-09 22:12:48.283378999,Technical,Resolved,19,0,None,0,0,SOP-23
TK03070,AC0001,A006,2026-07-10 18:00:00,2026-07-10 23:55:05.789590991,How-to,Resolved,44,0,None,0,0,None
TK03071,AC0137,A007,2026-07-10 13:00:00,,How-to,Escalated,14,1,Product,0,0,None
TK03072,AC0114,A003,2026-07-10 13:00:00,2026-07-11 07:48:24.605122082,How-to,Resolved,38,0,None,0,0,SOP-23
TK03073,AC0015,A035,2026-07-10 08:00:00,2026-07-10 17:13:08.879883622,Integration,Resolved,96,0,None,1,0,SOP-18
TK03074,AC0029,A008,2026-07-10 11:00:00,,Account,Unresolved,38,0,None,0,0,SOP-07
TK03075,AC0030,A003,2026-07-10 11:00:00,2026-07-12 06:28:58.523456839,Bug,Resolved,12,0,None,0,0,SOP-12
TK03076,AC0028,A003,2026-07-10 10:00:00,2026-07-12 08:07:03.450036989,Integration,Resolved,8,0,None,0,0,SOP-12
TK03077,AC0056,A011,2026-07-10 08:00:00,2026-07-11 02:00:51.435895536,Technical,Resolved,8,0,None,0,0,None
TK03078,AC0025,A035,2026-07-10 08:00:00,,How-to,Waiting Internally,69,1,Product,0,0,None
TK03079,AC0064,A008,2026-07-10 18:00:00,2026-07-11 00:27:41.027267446,Technical,Resolved,38,0,None,0,0,SOP-18
TK03080,AC0082,A014,2026-07-10 09:00:00,2026-07-11 19:04:02.749401691,Billing,Resolved,7,0,None,0,0,None
TK03081,AC0024,A017,2026-07-10 18:00:00,2026-07-11 14:04:07.730362908,Bug,Resolved,8,0,None,0,1,SOP-12
TK03082,AC0032,A027,2026-07-11 16:00:00,2026-07-11 17:35:03.005928214,Billing,Resolved,63,0,None,0,0,None
TK03083,AC0059,A017,2026-07-11 10:00:00,2026-07-12 00:02:41.767182925,Technical,Resolved,10,0,None,0,0,SOP-12
TK03084,AC0021,A016,2026-07-11 16:00:00,,Technical,Waiting Customer,82,0,None,0,0,SOP-07
TK03085,AC0056,A027,2026-07-11 09:00:00,2026-07-12 00:56:08.194326607,Technical,Resolved,63,0,None,0,0,None
TK03086,AC0150,A031,2026-07-11 15:00:00,,Integration,Waiting Customer,77,0,None,0,0,None
TK03087,AC0138,A007,2026-07-11 10:00:00,2026-07-11 15:41:22.156580281,Billing,Resolved,63,0,None,0,0,SOP-18
TK03088,AC0105,A004,2026-07-12 10:00:00,,Billing,Unresolved,9,0,None,0,0,None
TK03089,AC0132,A025,2026-07-12 16:00:00,2026-07-13 01:38:06.785436596,Feature Request,Resolved,37,0,None,0,0,SOP-07
TK03090,AC0121,A025,2026-07-12 08:00:00,2026-07-12 19:12:33.993892494,How-to,Resolved,43,0,None,0,0,None
TK03091,AC0125,A032,2026-07-12 15:00:00,2026-07-13 04:10:46.701052871,Technical,Resolved,47,0,None,0,0,SOP-23
TK03092,AC0137,A003,2026-07-12 14:00:00,2026-07-14 00:57:40.104955381,Technical,Resolved,52,0,None,0,0,None
TK03093,AC0132,A017,2026-07-12 14:00:00,,Integration,Waiting Internally,16,1,Technical,0,0,None
TK03094,AC0024,A037,2026-07-12 10:00:00,2026-07-13 00:12:36.485409702,Technical,Resolved,88,0,None,0,0,None
TK03095,AC0022,A028,2026-07-12 12:00:00,2026-07-13 03:11:27.306008404,Account,Resolved,52,0,None,0,0,None
TK03096,AC0040,A014,2026-07-12 08:00:00,2026-07-12 19:11:28.723713432,How-to,Resolved,45,0,None,0,0,SOP-07
TK03097,AC0099,A030,2026-07-13 16:00:00,2026-07-14 07:48:46.841662250,Integration,Resolved,24,0,None,0,0,SOP-18
TK03098,AC0013,A024,2026-07-13 19:00:00,2026-07-14 04:17:40.110506325,Billing,Resolved,40,0,None,1,0,SOP-12
TK03099,AC0015,A017,2026-07-13 17:00:00,2026-07-14 05:07:55.251922608,Technical,Resolved,3,0,None,0,0,SOP-12
TK03100,AC0105,A015,2026-07-13 14:00:00,2026-07-14 17:25:39.144636159,How-to,Resolved,10,0,None,0,0,None
TK03101,AC0031,A027,2026-07-13 14:00:00,2026-07-14 23:19:33.021375993,Billing,Resolved,40,0,None,0,0,None
TK03102,AC0150,A005,2026-07-13 20:00:00,2026-07-14 06:19:56.606357036,Technical,Resolved,20,0,None,0,0,SOP-07
TK03103,AC0085,A034,2026-07-13 17:00:00,2026-07-14 17:37:27.893082473,Technical,Resolved,46,0,None,0,0,None
TK03104,AC0110,A025,2026-07-13 09:00:00,2026-07-13 15:49:54.634190803,How-to,Resolved,43,0,None,0,0,SOP-23
TK03105,AC0142,A009,2026-07-13 20:00:00,,Technical,Unresolved,15,0,None,0,0,SOP-07
TK03106,AC0057,A005,2026-07-14 17:00:00,2026-07-15 03:42:21.245152146,Technical,Resolved,17,0,None,0,0,None
TK03107,AC0046,A018,2026-07-14 19:00:00,2026-07-15 22:36:04.298404242,Integration,Resolved,19,0,None,0,1,None
TK03108,AC0127,A028,2026-07-14 17:00:00,2026-07-15 18:29:43.752906238,Technical,Resolved,2,0,None,0,0,None
TK03109,AC0057,A011,2026-07-14 20:00:00,2026-07-15 11:00:34.519791765,Technical,Resolved,11,0,None,0,0,SOP-12
TK03110,AC0003,A023,2026-07-14 08:00:00,2026-07-14 14:50:22.173179732,Technical,Resolved,47,0,None,0,0,SOP-07
TK03111,AC0064,A029,2026-07-14 11:00:00,,Bug,Partially Resolved,27,0,None,0,0,None
TK03112,AC0105,A018,2026-07-14 18:00:00,2026-07-15 18:24:45.481619080,How-to,Resolved,6,0,None,0,0,SOP-23
TK03113,AC0075,A024,2026-07-14 18:00:00,2026-07-16 02:49:27.448488987,Technical,Resolved,16,0,None,0,0,SOP-07
TK03114,AC0127,A010,2026-07-14 16:00:00,2026-07-15 09:23:12.609058323,Feature Request,Resolved,36,0,None,0,0,SOP-12
TK03115,AC0014,A011,2026-07-14 16:00:00,2026-07-15 02:37:37.503872407,Technical,Resolved,31,0,None,0,1,None
TK03116,AC0062,A026,2026-07-15 15:00:00,2026-07-16 23:24:47.538470078,Technical,Resolved,13,0,None,0,0,None
TK03117,AC0037,A016,2026-07-15 16:00:00,2026-07-17 00:39:35.751363660,Account,Resolved,60,0,None,0,0,None
TK03118,AC0087,A026,2026-07-15 18:00:00,2026-07-16 12:11:25.105722630,Feature Request,Resolved,38,0,None,0,0,SOP-18
TK03119,AC0138,A022,2026-07-15 11:00:00,2026-07-16 15:27:54.331746010,Technical,Resolved,32,0,None,0,0,SOP-23
TK03120,AC0132,A027,2026-07-15 14:00:00,2026-07-15 23:43:14.273966581,Account,Resolved,34,0,None,0,0,SOP-18
TK03121,AC0117,A022,2026-07-15 17:00:00,2026-07-15 22:42:38.501690952,How-to,Resolved,59,0,None,0,0,SOP-07
TK03122,AC0140,A019,2026-07-15 17:00:00,2026-07-16 06:35:22.279737382,How-to,Resolved,27,0,None,0,0,None
TK03123,AC0047,A013,2026-07-15 12:00:00,2026-07-16 13:17:15.962141050,Technical,Resolved,46,0,None,0,0,SOP-18
TK03124,AC0076,A038,2026-07-15 17:00:00,,Billing,Partially Resolved,19,0,None,0,0,None
TK03125,AC0129,A017,2026-07-15 18:00:00,2026-07-17 18:06:53.674362351,How-to,Resolved,8,0,None,0,0,None
TK03126,AC0085,A029,2026-07-15 15:00:00,2026-07-16 02:55:15.179654798,Billing,Resolved,98,0,None,0,0,SOP-12
TK03127,AC0101,A002,2026-07-16 09:00:00,2026-07-16 22:41:08.051659419,Feature Request,Resolved,56,0,None,0,0,None
TK03128,AC0125,A019,2026-07-16 12:00:00,2026-07-17 11:01:19.115548764,Billing,Resolved,64,0,None,0,0,None
TK03129,AC0117,A016,2026-07-16 10:00:00,,Technical,Partially Resolved,59,0,None,0,0,None
TK03130,AC0025,A030,2026-07-16 08:00:00,2026-07-16 15:15:23.714530795,Bug,Resolved,18,1,Billing,0,0,None
TK03131,AC0090,A014,2026-07-16 10:00:00,,Account,Partially Resolved,25,0,None,0,0,None
TK03132,AC0087,A028,2026-07-16 16:00:00,2026-07-17 06:07:09.437355982,Billing,Resolved,13,0,None,0,0,SOP-07
TK03133,AC0137,A009,2026-07-16 12:00:00,2026-07-16 15:39:25.213901272,Technical,Resolved,6,0,None,0,0,None
TK03134,AC0044,A008,2026-07-16 17:00:00,2026-07-17 09:30:50.758854752,Technical,Resolved,31,0,None,0,0,None
TK03135,AC0098,A015,2026-07-16 20:00:00,2026-07-17 08:13:50.770422476,Technical,Resolved,17,0,None,0,0,None
TK03136,AC0021,A010,2026-07-17 10:00:00,2026-07-19 18:27:04.846718552,Feature Request,Resolved,47,0,None,0,0,SOP-18
TK03137,AC0025,A022,2026-07-17 16:00:00,2026-07-18 19:47:11.470192876,Technical,Resolved,49,0,None,1,0,SOP-12
TK03138,AC0047,A017,2026-07-17 12:00:00,2026-07-18 01:59:25.506825648,Account,Resolved,51,0,None,0,0,SOP-18
TK03139,AC0094,A021,2026-07-17 14:00:00,2026-07-18 08:02:54.989112003,Integration,Resolved,39,0,None,0,0,SOP-12
TK03140,AC0033,A030,2026-07-17 18:00:00,2026-07-18 09:22:58.255841292,Technical,Resolved,37,0,None,0,0,SOP-23
TK03141,AC0024,A035,2026-07-17 20:00:00,2026-07-19 06:52:59.207895625,Billing,Resolved,17,0,None,0,0,None
TK03142,AC0048,A036,2026-07-17 19:00:00,2026-07-18 03:26:49.313322463,Technical,Resolved,43,0,None,0,0,SOP-07
TK03143,AC0081,A034,2026-07-17 08:00:00,2026-07-19 21:49:35.095852520,Feature Request,Resolved,48,0,None,0,0,None
TK03144,AC0105,A037,2026-07-17 17:00:00,,Technical,Unresolved,126,0,None,0,0,SOP-18
TK03145,AC0071,A031,2026-07-17 08:00:00,2026-07-17 18:38:28.427003681,Billing,Resolved,10,0,None,0,0,None
TK03146,AC0106,A011,2026-07-17 08:00:00,2026-07-17 12:25:24.167165844,Technical,Resolved,37,0,None,0,0,SOP-23
TK03147,AC0102,A022,2026-07-18 12:00:00,,Bug,Waiting Customer,39,1,Technical,0,0,SOP-12
TK03148,AC0036,A011,2026-07-18 14:00:00,2026-07-19 01:43:31.618220033,How-to,Resolved,35,0,None,0,0,None
TK03149,AC0066,A018,2026-07-18 08:00:00,2026-07-18 15:11:11.803131436,Billing,Resolved,63,0,None,0,0,SOP-07
TK03150,AC0068,A005,2026-07-18 10:00:00,2026-07-19 08:50:22.270792802,Billing,Resolved,35,0,None,0,0,SOP-23
TK03151,AC0003,A030,2026-07-18 08:00:00,2026-07-18 10:14:21.852365,Technical,Resolved,17,0,None,1,0,SOP-23
TK03152,AC0053,A029,2026-07-18 15:00:00,2026-07-19 10:21:21.050572543,Billing,Resolved,42,0,None,0,0,SOP-18
TK03153,AC0107,A028,2026-07-19 19:00:00,2026-07-19 23:45:33.114607630,Bug,Resolved,27,0,None,0,1,SOP-18
TK03154,AC0113,A025,2026-07-19 12:00:00,2026-07-19 20:47:44.007745081,Bug,Resolved,56,1,Product,0,0,None
TK03155,AC0087,A015,2026-07-19 20:00:00,2026-07-21 10:32:47.940916509,Integration,Resolved,13,0,None,0,0,SOP-12
TK03156,AC0025,A016,2026-07-19 16:00:00,2026-07-19 22:59:27.169633679,How-to,Resolved,58,0,None,0,0,SOP-12
TK03157,AC0148,A036,2026-07-19 12:00:00,2026-07-20 01:56:33.973609245,Bug,Resolved,3,1,Billing,0,0,SOP-12
TK03158,AC0055,A009,2026-07-19 15:00:00,,Technical,Escalated,31,1,Operations,0,0,SOP-23
TK03159,AC0083,A034,2026-07-19 09:00:00,2026-07-19 19:12:27.421651300,How-to,Resolved,21,0,None,0,0,SOP-23
TK03160,AC0080,A002,2026-07-19 19:00:00,2026-07-20 15:25:47.440492247,How-to,Resolved,26,0,None,0,0,SOP-23
TK03161,AC0001,A019,2026-07-20 09:00:00,,Account,Escalated,84,1,Operations,0,0,SOP-12
TK03162,AC0142,A034,2026-07-20 18:00:00,2026-07-21 09:21:39.360981555,Technical,Resolved,34,0,None,0,0,SOP-23
TK03163,AC0001,A006,2026-07-20 09:00:00,2026-07-20 19:18:14.939686528,How-to,Resolved,29,0,None,0,0,None
TK03164,AC0023,A031,2026-07-20 08:00:00,2026-07-22 02:35:05.283612353,Technical,Resolved,53,0,None,0,0,SOP-07
TK03165,AC0117,A038,2026-07-20 19:00:00,,Feature Request,Unresolved,10,0,None,0,0,None
TK03166,AC0092,A006,2026-07-21 12:00:00,2026-07-22 02:41:09.675622991,Account,Resolved,86,0,None,0,0,None
TK03167,AC0098,A032,2026-07-21 09:00:00,2026-07-21 20:40:14.103962756,How-to,Resolved,35,0,None,0,0,SOP-23
TK03168,AC0025,A027,2026-07-21 10:00:00,,Integration,Waiting Customer,38,0,None,0,0,SOP-07
TK03169,AC0125,A008,2026-07-21 19:00:00,2026-07-23 14:58:16.609175361,Account,Resolved,28,0,None,0,0,SOP-18
TK03170,AC0132,A006,2026-07-21 18:00:00,2026-07-21 23:16:24.955319412,Bug,Resolved,26,0,None,0,0,SOP-18
TK03171,AC0134,A025,2026-07-21 13:00:00,2026-07-21 17:47:14.272271331,Bug,Resolved,11,0,None,0,0,SOP-23
TK03172,AC0130,A012,2026-07-21 19:00:00,2026-07-23 01:21:33.104503772,Billing,Resolved,25,0,None,1,0,SOP-12
TK03173,AC0048,A018,2026-07-21 10:00:00,2026-07-22 10:47:48.504059452,Account,Resolved,41,0,None,0,1,None
TK03174,AC0107,A024,2026-07-21 18:00:00,2026-07-23 07:19:29.522184787,Feature Request,Resolved,15,0,None,0,0,None
TK03175,AC0117,A028,2026-07-21 12:00:00,2026-07-22 11:37:15.692863071,Bug,Resolved,64,0,None,0,0,None
TK03176,AC0099,A023,2026-07-22 18:00:00,2026-07-23 21:31:02.572507199,Technical,Resolved,10,0,None,0,0,SOP-23
TK03177,AC0030,A021,2026-07-22 16:00:00,2026-07-23 12:22:40.410840575,Technical,Resolved,160,0,None,0,1,SOP-12
TK03178,AC0065,A021,2026-07-22 17:00:00,2026-07-22 23:46:57.547621385,How-to,Resolved,10,0,None,0,0,SOP-12
TK03179,AC0065,A030,2026-07-22 17:00:00,,Bug,Waiting Customer,47,1,Billing,0,0,SOP-12
TK03180,AC0024,A014,2026-07-22 19:00:00,,How-to,Waiting Internally,61,1,Billing,0,1,SOP-12
TK03181,AC0084,A020,2026-07-22 09:00:00,,Bug,Waiting Customer,24,1,Billing,0,0,None
TK03182,AC0143,A013,2026-07-22 16:00:00,2026-07-23 11:51:57.814766047,Feature Request,Resolved,9,0,None,0,0,SOP-07
TK03183,AC0074,A003,2026-07-22 12:00:00,2026-07-23 07:58:55.298407949,How-to,Resolved,30,0,None,0,1,SOP-07
TK03184,AC0089,A014,2026-07-22 16:00:00,2026-07-23 09:42:52.951602763,Bug,Resolved,15,0,None,0,0,None
TK03185,AC0138,A023,2026-07-22 13:00:00,2026-07-22 22:08:09.776094470,Technical,Resolved,59,0,None,0,0,SOP-12
TK03186,AC0060,A013,2026-07-23 13:00:00,2026-07-24 05:11:39.750739222,Bug,Resolved,85,1,Technical,0,0,SOP-23
TK03187,AC0043,A014,2026-07-23 16:00:00,,Integration,Escalated,6,1,Billing,1,0,SOP-23
TK03188,AC0036,A017,2026-07-23 08:00:00,2026-07-24 12:27:18.677834700,Bug,Resolved,26,1,Technical,0,0,SOP-07
TK03189,AC0126,A011,2026-07-23 18:00:00,2026-07-24 14:40:50.928208792,How-to,Resolved,36,0,None,0,0,SOP-12
TK03190,AC0057,A026,2026-07-23 20:00:00,2026-07-24 01:02:11.111321742,How-to,Resolved,39,0,None,0,0,None
TK03191,AC0137,A030,2026-07-23 10:00:00,,Account,Partially Resolved,25,0,None,0,1,None
TK03192,AC0013,A017,2026-07-23 14:00:00,2026-07-24 04:32:16.733910450,How-to,Resolved,70,0,None,0,0,SOP-23
TK03193,AC0010,A021,2026-07-23 08:00:00,2026-07-23 14:04:04.625961024,Integration,Resolved,12,0,None,0,1,SOP-12
TK03194,AC0085,A031,2026-07-23 15:00:00,2026-07-24 11:08:49.159369387,Technical,Resolved,50,0,None,0,0,None
TK03195,AC0080,A019,2026-07-23 08:00:00,2026-07-23 11:28:41.194282644,Billing,Resolved,16,0,None,0,1,None
TK03196,AC0125,A027,2026-07-23 17:00:00,,Integration,Escalated,42,1,Technical,0,0,SOP-18
TK03197,AC0066,A034,2026-07-23 20:00:00,2026-07-24 09:48:56.853693791,Integration,Resolved,25,0,None,0,0,None
TK03198,AC0132,A016,2026-07-23 11:00:00,,How-to,Waiting Internally,19,1,Product,0,0,SOP-18
TK03199,AC0001,A024,2026-07-24 20:00:00,,Technical,Unresolved,70,0,None,0,0,None
TK03200,AC0104,A024,2026-07-24 11:00:00,2026-07-25 08:33:02.844654644,Technical,Resolved,24,0,None,0,0,SOP-12
TK03201,AC0090,A036,2026-07-24 09:00:00,2026-07-25 11:46:24.793939939,Technical,Resolved,25,0,None,0,0,SOP-07
TK03202,AC0008,A003,2026-07-24 08:00:00,2026-07-25 09:27:21.122399916,How-to,Resolved,31,0,None,0,0,None
TK03203,AC0057,A004,2026-07-24 12:00:00,2026-07-24 20:54:58.207338840,Account,Resolved,22,0,None,0,0,None
TK03204,AC0057,A031,2026-07-24 09:00:00,2026-07-25 08:15:03.999327035,Technical,Resolved,37,0,None,0,0,None
TK03205,AC0046,A004,2026-07-24 18:00:00,2026-07-24 21:53:36.102554465,Billing,Resolved,6,0,None,1,0,None
TK03206,AC0117,A007,2026-07-24 16:00:00,2026-07-25 09:48:58.859485153,Account,Resolved,37,0,None,0,0,SOP-23
TK03207,AC0138,A027,2026-07-24 15:00:00,2026-07-24 20:48:34.838805782,Technical,Resolved,83,0,None,0,0,SOP-12
TK03208,AC0092,A035,2026-07-24 10:00:00,,Account,Escalated,53,1,Product,0,0,SOP-23
TK03209,AC0021,A027,2026-07-25 18:00:00,2026-07-26 03:12:46.270207106,Bug,Resolved,5,0,None,0,0,None
TK03210,AC0146,A023,2026-07-25 15:00:00,2026-07-26 00:23:39.170511078,Technical,Resolved,34,0,None,0,0,SOP-07
TK03211,AC0130,A016,2026-07-25 16:00:00,2026-07-25 23:58:19.714663806,How-to,Resolved,9,0,None,0,0,None
TK03212,AC0105,A013,2026-07-25 16:00:00,2026-07-26 11:19:17.978784578,Technical,Resolved,4,0,None,0,0,SOP-12
TK03213,AC0137,A002,2026-07-25 16:00:00,2026-07-26 22:00:57.570330815,Technical,Resolved,38,0,None,0,0,None
TK03214,AC0147,A005,2026-07-25 11:00:00,,Bug,Escalated,42,1,Product,0,0,SOP-12
TK03215,AC0065,A034,2026-07-25 14:00:00,,Technical,Escalated,57,1,Product,0,0,SOP-23
TK03216,AC0099,A001,2026-07-25 15:00:00,,Bug,Waiting Internally,43,1,Product,0,1,SOP-18
TK03217,AC0058,A031,2026-07-26 12:00:00,2026-07-27 17:02:59.343906555,How-to,Resolved,8,0,None,0,0,SOP-23
TK03218,AC0140,A020,2026-07-26 16:00:00,2026-07-26 23:41:56.903668491,Technical,Resolved,2,0,None,0,1,SOP-07
TK03219,AC0142,A004,2026-07-26 14:00:00,2026-07-27 13:04:19.953232359,Technical,Resolved,2,0,None,0,0,None
TK03220,AC0051,A004,2026-07-26 20:00:00,,How-to,Unresolved,59,0,None,0,0,None
TK03221,AC0127,A028,2026-07-26 15:00:00,2026-07-26 20:46:00.868800664,Billing,Resolved,33,0,None,0,0,None
TK03222,AC0097,A016,2026-07-26 08:00:00,2026-07-26 22:22:58.647265648,Feature Request,Resolved,26,0,None,0,0,SOP-12
TK03223,AC0050,A016,2026-07-26 14:00:00,2026-07-26 19:22:16.939745041,Technical,Resolved,77,0,None,0,0,SOP-18
TK03224,AC0005,A003,2026-07-26 14:00:00,2026-07-27 08:02:09.938025683,Billing,Resolved,44,0,None,0,0,SOP-12
TK03225,AC0098,A036,2026-07-26 20:00:00,2026-07-27 07:30:01.503202467,Feature Request,Resolved,49,0,None,0,0,None
TK03226,AC0126,A024,2026-07-27 13:00:00,2026-07-28 01:26:05.627552991,Feature Request,Resolved,12,0,None,0,0,SOP-18
TK03227,AC0061,A036,2026-07-27 13:00:00,,How-to,Partially Resolved,7,0,None,0,0,SOP-23
TK03228,AC0066,A030,2026-07-27 10:00:00,2026-07-28 00:25:13.184114621,Integration,Resolved,60,0,None,0,1,None
TK03229,AC0117,A031,2026-07-27 08:00:00,2026-07-28 05:50:14.268077497,Bug,Resolved,38,0,None,1,0,None
TK03230,AC0138,A030,2026-07-27 12:00:00,2026-07-28 00:29:36.257331960,Technical,Resolved,26,0,None,0,0,SOP-12
TK03231,AC0046,A033,2026-07-27 16:00:00,2026-07-29 06:43:59.474967131,Technical,Resolved,14,0,None,0,0,SOP-23
TK03232,AC0057,A033,2026-07-27 08:00:00,2026-07-28 13:45:42.793789934,Technical,Resolved,36,0,None,0,0,None
TK03233,AC0124,A015,2026-07-27 12:00:00,,Bug,Waiting Internally,18,1,Technical,0,0,SOP-07
TK03234,AC0105,A009,2026-07-27 09:00:00,,Technical,Unresolved,17,0,None,1,0,SOP-18
TK03235,AC0056,A007,2026-07-27 13:00:00,2026-07-28 17:18:32.317471873,Bug,Resolved,51,0,None,0,0,None
TK03236,AC0037,A026,2026-07-27 14:00:00,2026-07-28 15:27:03.832732442,Feature Request,Resolved,52,0,None,0,0,None
TK03237,AC0095,A010,2026-07-27 13:00:00,2026-07-29 06:03:11.146464876,Integration,Resolved,4,0,None,0,0,SOP-18
TK03238,AC0082,A006,2026-07-28 12:00:00,2026-07-28 23:42:07.918612266,Technical,Resolved,10,0,None,0,0,SOP-23
TK03239,AC0023,A009,2026-07-28 09:00:00,2026-07-28 19:31:10.241698733,Bug,Resolved,25,0,None,0,0,None
TK03240,AC0114,A014,2026-07-28 09:00:00,2026-07-28 15:39:14.778829488,Integration,Resolved,43,0,None,0,0,SOP-07
TK03241,AC0149,A018,2026-07-28 12:00:00,,How-to,Waiting Customer,21,0,None,0,0,SOP-07
TK03242,AC0085,A013,2026-07-28 08:00:00,2026-07-28 16:56:16.091719463,Integration,Resolved,10,0,None,0,0,SOP-12
TK03243,AC0100,A032,2026-07-28 13:00:00,2026-07-29 16:08:30.955488598,Technical,Resolved,28,0,None,0,0,None
TK03244,AC0094,A021,2026-07-28 11:00:00,2026-07-29 07:10:33.562649901,Account,Resolved,22,0,None,1,0,SOP-12
TK03245,AC0061,A005,2026-07-28 15:00:00,2026-07-28 20:03:34.453123191,Integration,Resolved,44,0,None,1,0,None
TK03246,AC0133,A008,2026-07-28 18:00:00,2026-07-30 09:46:26.604930193,Technical,Resolved,58,0,None,1,0,SOP-23
TK03247,AC0017,A006,2026-07-28 16:00:00,,Technical,Partially Resolved,30,0,None,0,0,SOP-07
TK03248,AC0142,A015,2026-07-29 11:00:00,2026-08-01 00:58:44.928717327,Feature Request,Resolved,23,0,None,0,0,None
TK03249,AC0095,A029,2026-07-29 17:00:00,2026-07-30 14:59:10.423200964,Account,Resolved,40,0,None,1,0,None
TK03250,AC0021,A038,2026-07-29 12:00:00,2026-07-30 03:19:14.913393237,Account,Resolved,56,0,None,0,1,None
TK03251,AC0080,A031,2026-07-29 13:00:00,,Integration,Unresolved,15,0,None,0,0,None
TK03252,AC0138,A018,2026-07-29 19:00:00,2026-07-30 13:26:25.719587802,How-to,Resolved,24,0,None,0,0,SOP-23
TK03253,AC0137,A008,2026-07-29 19:00:00,2026-07-30 06:54:03.382656309,Integration,Resolved,47,0,None,0,1,SOP-18
TK03254,AC0066,A009,2026-07-29 20:00:00,2026-07-31 07:22:56.754112588,Bug,Resolved,55,0,None,0,0,SOP-18
TK03255,AC0068,A029,2026-07-29 17:00:00,2026-07-30 14:01:55.272060791,Account,Resolved,17,0,None,0,0,SOP-18
TK03256,AC0105,A038,2026-07-29 10:00:00,,How-to,Escalated,24,1,Product,0,1,SOP-18
TK03257,AC0061,A027,2026-07-30 16:00:00,,How-to,Escalated,29,1,Product,0,0,None
TK03258,AC0092,A020,2026-07-30 19:00:00,2026-07-31 18:12:28.968950020,How-to,Resolved,32,0,None,0,0,SOP-23
TK03259,AC0132,A002,2026-07-30 13:00:00,,Integration,Partially Resolved,19,0,None,0,0,SOP-07
TK03260,AC0141,A037,2026-07-30 16:00:00,2026-07-30 20:06:53.618062353,Billing,Resolved,33,0,None,0,0,None
TK03261,AC0137,A001,2026-07-30 19:00:00,2026-08-01 00:39:32.322263762,Account,Resolved,51,0,None,0,0,SOP-18
TK03262,AC0004,A005,2026-07-30 16:00:00,2026-08-01 13:27:05.687125783,How-to,Resolved,25,0,None,0,0,SOP-07
TK03263,AC0138,A025,2026-07-30 10:00:00,2026-07-31 21:21:50.227988787,How-to,Resolved,45,0,None,0,0,SOP-23
TK03264,AC0086,A019,2026-07-31 13:00:00,2026-08-01 03:35:16.795453636,Feature Request,Resolved,8,0,None,0,0,SOP-12
TK03265,AC0058,A020,2026-07-31 20:00:00,,Technical,Escalated,57,1,Product,0,0,None
TK03266,AC0132,A038,2026-07-31 08:00:00,2026-07-31 18:03:23.652407696,Bug,Resolved,2,0,None,0,0,None
TK03267,AC0080,A003,2026-07-31 19:00:00,2026-08-01 22:20:47.392442299,Technical,Resolved,16,0,None,0,0,None
TK03268,AC0117,A034,2026-07-31 19:00:00,,Technical,Unresolved,67,0,None,0,1,SOP-12
TK03269,AC0096,A005,2026-07-31 18:00:00,2026-08-01 01:31:16.840255271,Account,Resolved,40,0,None,0,0,None
TK03270,AC0051,A008,2026-07-31 08:00:00,,Account,Unresolved,13,0,None,0,0,SOP-23
TK03271,AC0004,A007,2026-07-31 19:00:00,,Feature Request,Unresolved,67,0,None,1,0,None
TK03272,AC0092,A001,2026-07-31 10:00:00,,Technical,Waiting Internally,16,1,Operations,0,0,SOP-23
TK03273,AC0054,A036,2026-08-01 14:00:00,,Billing,Partially Resolved,28,0,None,0,0,SOP-18
TK03274,AC0046,A002,2026-08-01 18:00:00,2026-08-02 03:57:28.883960353,Integration,Resolved,20,0,None,0,0,None
TK03275,AC0130,A037,2026-08-01 14:00:00,2026-08-02 12:54:06.973534134,Billing,Resolved,80,0,None,0,0,SOP-12
TK03276,AC0113,A024,2026-08-01 19:00:00,2026-08-02 09:37:59.889140298,Technical,Resolved,15,0,None,0,0,None
TK03277,AC0138,A031,2026-08-01 14:00:00,2026-08-01 21:09:31.037526921,How-to,Resolved,19,0,None,0,0,SOP-07
TK03278,AC0049,A027,2026-08-01 14:00:00,2026-08-02 00:53:38.823676589,Integration,Resolved,38,0,None,0,0,None
TK03279,AC0127,A007,2026-08-02 15:00:00,2026-08-03 02:06:47.207289075,How-to,Resolved,62,0,None,0,0,SOP-18
TK03280,AC0114,A038,2026-08-02 14:00:00,2026-08-03 12:43:29.490695032,Technical,Resolved,26,0,None,0,0,None
TK03281,AC0030,A007,2026-08-02 15:00:00,2026-08-02 22:07:32.473610445,How-to,Resolved,9,0,None,0,0,None
TK03282,AC0024,A007,2026-08-02 09:00:00,2026-08-02 22:37:33.664398819,Bug,Resolved,20,0,None,0,0,SOP-12
TK03283,AC0103,A003,2026-08-02 09:00:00,,Billing,Unresolved,31,0,None,0,0,SOP-18
TK03284,AC0022,A019,2026-08-02 16:00:00,2026-08-02 21:17:17.430623676,Technical,Resolved,18,0,None,1,0,None
TK03285,AC0004,A017,2026-08-02 18:00:00,2026-08-03 00:44:07.416840241,Technical,Resolved,18,0,None,0,0,None
TK03286,AC0024,A019,2026-08-02 16:00:00,2026-08-03 12:02:16.307445687,Technical,Resolved,53,0,None,1,0,SOP-18
TK03287,AC0101,A006,2026-08-02 19:00:00,2026-08-04 05:12:01.412939542,Integration,Resolved,43,0,None,0,0,SOP-12
TK03288,AC0018,A003,2026-08-02 19:00:00,,Billing,Escalated,17,1,Technical,0,0,SOP-12
TK03289,AC0094,A023,2026-08-02 17:00:00,2026-08-03 09:35:35.879362957,How-to,Resolved,16,0,None,0,0,None
TK03290,AC0139,A035,2026-08-02 20:00:00,2026-08-03 00:39:31.370972505,Bug,Resolved,47,1,Billing,0,0,None
TK03291,AC0117,A010,2026-08-02 08:00:00,2026-08-02 21:12:27.068185399,Bug,Resolved,45,0,None,0,0,None
TK03292,AC0065,A029,2026-08-02 15:00:00,2026-08-03 14:13:16.891790205,How-to,Resolved,43,0,None,0,0,SOP-23
TK03293,AC0022,A021,2026-08-03 08:00:00,2026-08-04 04:05:31.035413373,How-to,Resolved,22,0,None,0,0,SOP-12
TK03294,AC0039,A030,2026-08-03 17:00:00,,How-to,Partially Resolved,2,0,None,1,0,None
TK03295,AC0100,A015,2026-08-03 13:00:00,2026-08-04 06:46:54.311829647,Technical,Resolved,9,0,None,0,0,SOP-12
TK03296,AC0087,A026,2026-08-03 17:00:00,2026-08-04 14:08:57.483275739,Technical,Resolved,40,0,None,0,0,None
TK03297,AC0146,A013,2026-08-03 09:00:00,2026-08-04 00:48:12.946980944,Integration,Resolved,17,0,None,0,0,SOP-07
TK03298,AC0065,A036,2026-08-03 12:00:00,2026-08-04 13:26:47.130913657,Technical,Resolved,109,0,None,0,0,SOP-12
TK03299,AC0131,A014,2026-08-03 10:00:00,2026-08-03 22:39:30.751247488,Technical,Resolved,37,0,None,0,0,None
TK03300,AC0062,A013,2026-08-04 10:00:00,2026-08-05 20:38:18.344421879,Technical,Resolved,60,0,None,0,1,None
TK03301,AC0117,A004,2026-08-04 17:00:00,2026-08-05 04:25:02.625894970,How-to,Resolved,48,0,None,0,1,None
TK03302,AC0120,A037,2026-08-04 17:00:00,,Billing,Partially Resolved,11,0,None,0,0,SOP-12
TK03303,AC0064,A011,2026-08-04 18:00:00,2026-08-05 08:02:37.511677699,Technical,Resolved,41,0,None,0,0,SOP-07
TK03304,AC0056,A030,2026-08-04 17:00:00,2026-08-05 21:50:02.412898135,Technical,Resolved,3,0,None,0,0,SOP-12
TK03305,AC0086,A002,2026-08-04 18:00:00,,Feature Request,Waiting Customer,71,0,None,0,0,SOP-12
TK03306,AC0057,A007,2026-08-04 10:00:00,2026-08-05 06:44:04.397668461,Integration,Resolved,21,0,None,0,0,SOP-18
TK03307,AC0030,A035,2026-08-04 11:00:00,2026-08-05 01:17:31.232269357,Bug,Resolved,24,0,None,1,0,SOP-07
TK03308,AC0023,A007,2026-08-05 16:00:00,2026-08-05 21:34:18.280083378,Bug,Resolved,44,0,None,0,0,SOP-12
TK03309,AC0015,A034,2026-08-05 20:00:00,2026-08-06 04:07:13.724222230,How-to,Resolved,25,0,None,0,0,None
TK03310,AC0060,A001,2026-08-05 20:00:00,2026-08-06 16:29:04.507616359,How-to,Resolved,10,0,None,0,0,SOP-23
TK03311,AC0087,A006,2026-08-05 11:00:00,2026-08-06 01:41:23.209598346,Integration,Resolved,16,0,None,0,0,SOP-12
TK03312,AC0123,A014,2026-08-06 11:00:00,,Feature Request,Escalated,39,1,Technical,0,0,SOP-23
TK03313,AC0094,A030,2026-08-06 10:00:00,2026-08-06 14:27:33.136545910,Technical,Resolved,4,0,None,0,0,SOP-12
TK03314,AC0010,A021,2026-08-06 15:00:00,2026-08-07 02:23:22.794457656,Technical,Resolved,59,0,None,1,0,SOP-12
TK03315,AC0099,A014,2026-08-06 18:00:00,2026-08-07 13:34:28.732894888,Account,Resolved,64,0,None,0,0,None
TK03316,AC0057,A018,2026-08-06 19:00:00,2026-08-08 10:40:12.886856136,Integration,Resolved,14,0,None,0,0,SOP-12
TK03317,AC0080,A010,2026-08-06 13:00:00,2026-08-07 09:04:05.366181254,Technical,Resolved,46,0,None,0,0,None
TK03318,AC0137,A026,2026-08-06 12:00:00,2026-08-07 02:13:23.399211368,Billing,Resolved,61,0,None,0,0,SOP-18
TK03319,AC0142,A010,2026-08-06 19:00:00,,Technical,Partially Resolved,50,0,None,0,0,SOP-18
TK03320,AC0060,A024,2026-08-06 19:00:00,,Technical,Unresolved,13,0,None,0,0,SOP-07
TK03321,AC0090,A005,2026-08-06 09:00:00,2026-08-07 03:13:49.610595051,Integration,Resolved,52,0,None,1,0,SOP-12
TK03322,AC0137,A027,2026-08-06 19:00:00,2026-08-07 10:41:27.467647739,How-to,Resolved,20,0,None,0,0,None
TK03323,AC0065,A023,2026-08-06 13:00:00,,Account,Escalated,29,1,Product,1,0,None
TK03324,AC0085,A005,2026-08-06 11:00:00,2026-08-07 02:26:02.474705960,Billing,Resolved,59,0,None,0,0,SOP-07
TK03325,AC0105,A030,2026-08-06 11:00:00,2026-08-06 18:21:11.335472274,Integration,Resolved,33,0,None,0,0,None
TK03326,AC0063,A009,2026-08-07 13:00:00,2026-08-07 22:34:49.956283915,Bug,Resolved,21,0,None,0,0,SOP-23
TK03327,AC0125,A038,2026-08-07 17:00:00,2026-08-07 22:10:06.678522030,How-to,Resolved,26,0,None,1,0,None
TK03328,AC0134,A023,2026-08-07 14:00:00,2026-08-09 01:40:34.381507060,Technical,Resolved,20,0,None,0,0,SOP-12
TK03329,AC0015,A016,2026-08-07 10:00:00,2026-08-08 10:08:41.316635417,Billing,Resolved,27,0,None,0,0,None
TK03330,AC0137,A038,2026-08-07 12:00:00,2026-08-08 10:34:41.802202882,Bug,Resolved,40,0,None,0,0,None
TK03331,AC0005,A002,2026-08-07 19:00:00,2026-08-09 05:58:39.092167916,Bug,Resolved,28,0,None,1,0,SOP-12
TK03332,AC0069,A005,2026-08-07 17:00:00,2026-08-08 12:39:18.083776883,Technical,Resolved,22,0,None,0,1,SOP-23
TK03333,AC0087,A007,2026-08-07 20:00:00,2026-08-09 04:03:59.989633198,Account,Resolved,31,0,None,0,0,SOP-07
TK03334,AC0037,A010,2026-08-07 16:00:00,2026-08-08 19:50:17.348765996,Bug,Resolved,11,0,None,0,0,SOP-12
TK03335,AC0104,A024,2026-08-07 19:00:00,2026-08-08 06:06:33.559036071,How-to,Resolved,67,0,None,0,0,SOP-12
TK03336,AC0102,A037,2026-08-08 08:00:00,2026-08-09 00:46:50.802869645,Account,Resolved,30,0,None,0,0,SOP-07
TK03337,AC0047,A027,2026-08-08 16:00:00,,Integration,Partially Resolved,28,0,None,0,0,SOP-23
TK03338,AC0094,A020,2026-08-08 20:00:00,2026-08-09 14:38:31.076891589,Technical,Resolved,9,0,None,0,0,SOP-18
TK03339,AC0100,A019,2026-08-08 10:00:00,,How-to,Waiting Customer,48,0,None,0,0,None
TK03340,AC0004,A011,2026-08-08 20:00:00,,Bug,Waiting Internally,82,1,Operations,0,0,SOP-12
TK03341,AC0047,A019,2026-08-08 09:00:00,2026-08-08 12:24:38.219996585,How-to,Resolved,22,0,None,0,0,None
TK03342,AC0127,A020,2026-08-08 17:00:00,,Technical,Partially Resolved,37,0,None,0,0,SOP-23
TK03343,AC0125,A031,2026-08-08 10:00:00,2026-08-09 10:23:36.881095347,Technical,Resolved,43,0,None,1,0,SOP-23
TK03344,AC0071,A034,2026-08-08 13:00:00,2026-08-09 15:32:01.140909031,How-to,Resolved,19,0,None,0,0,SOP-23
TK03345,AC0038,A018,2026-08-09 16:00:00,2026-08-09 19:48:23.986334974,Feature Request,Resolved,42,0,None,0,0,SOP-12
TK03346,AC0087,A030,2026-08-09 18:00:00,2026-08-10 18:17:42.924365220,Feature Request,Resolved,90,0,None,0,0,SOP-12
TK03347,AC0077,A002,2026-08-09 13:00:00,2026-08-09 19:34:21.687250612,How-to,Resolved,19,0,None,0,0,SOP-18
TK03348,AC0057,A023,2026-08-09 20:00:00,2026-08-10 14:36:47.214412184,Integration,Resolved,13,0,None,0,1,SOP-07
TK03349,AC0017,A004,2026-08-09 10:00:00,2026-08-11 14:15:08.023376617,Billing,Resolved,14,0,None,0,0,None
TK03350,AC0130,A037,2026-08-09 17:00:00,2026-08-10 02:20:18.862945365,How-to,Resolved,85,0,None,0,0,SOP-23
TK03351,AC0050,A002,2026-08-09 08:00:00,2026-08-10 22:37:56.873689077,Technical,Resolved,16,0,None,0,0,SOP-12
TK03352,AC0088,A027,2026-08-09 19:00:00,,Feature Request,Waiting Customer,50,0,None,0,0,None
TK03353,AC0117,A008,2026-08-09 16:00:00,2026-08-10 01:04:50.077758094,Account,Resolved,10,0,None,0,0,SOP-07
TK03354,AC0084,A038,2026-08-09 15:00:00,2026-08-09 20:39:36.563834616,How-to,Resolved,56,0,None,0,1,None
TK03355,AC0030,A023,2026-08-09 18:00:00,2026-08-10 05:48:52.611289883,Feature Request,Resolved,67,0,None,0,0,None
TK03356,AC0140,A005,2026-08-10 19:00:00,2026-08-10 23:34:02.671140953,How-to,Resolved,66,0,None,0,0,SOP-07
TK03357,AC0047,A002,2026-08-10 10:00:00,,Technical,Escalated,17,1,Technical,0,0,SOP-07
TK03358,AC0007,A009,2026-08-10 13:00:00,2026-08-11 02:10:32.842767628,Account,Resolved,13,0,None,0,0,None
TK03359,AC0100,A014,2026-08-10 09:00:00,2026-08-10 22:13:52.414546385,How-to,Resolved,24,0,None,0,0,None
TK03360,AC0080,A006,2026-08-10 08:00:00,,Integration,Waiting Customer,54,0,None,0,0,SOP-12
TK03361,AC0090,A037,2026-08-10 16:00:00,2026-08-11 02:00:12.929855203,Billing,Resolved,19,0,None,0,0,SOP-18
TK03362,AC0065,A028,2026-08-10 11:00:00,,Technical,Waiting Customer,34,0,None,0,0,None
TK03363,AC0066,A027,2026-08-10 17:00:00,2026-08-12 18:24:37.195078879,Technical,Resolved,10,0,None,0,0,None
TK03364,AC0123,A005,2026-08-11 08:00:00,,Account,Partially Resolved,5,0,None,0,0,None
TK03365,AC0064,A037,2026-08-11 15:00:00,2026-08-11 22:54:42.384158937,Account,Resolved,45,0,None,0,0,SOP-18
TK03366,AC0075,A008,2026-08-11 10:00:00,2026-08-11 17:15:35.181953364,How-to,Resolved,106,0,None,0,1,SOP-23
TK03367,AC0047,A026,2026-08-11 14:00:00,2026-08-11 19:41:38.693645570,Account,Resolved,16,0,None,0,0,None
TK03368,AC0088,A014,2026-08-11 10:00:00,2026-08-12 02:12:04.715399657,Technical,Resolved,16,0,None,0,0,SOP-07
TK03369,AC0116,A018,2026-08-11 15:00:00,2026-08-11 21:04:00.921858980,How-to,Resolved,21,0,None,0,0,SOP-07
TK03370,AC0017,A006,2026-08-11 18:00:00,,Billing,Partially Resolved,85,0,None,0,0,SOP-23
TK03371,AC0140,A013,2026-08-11 16:00:00,2026-08-12 12:34:45.381236372,Bug,Resolved,27,1,Operations,0,0,None
TK03372,AC0059,A027,2026-08-11 16:00:00,2026-08-11 19:22:49.015203765,Feature Request,Resolved,75,0,None,0,0,None
TK03373,AC0107,A012,2026-08-11 08:00:00,2026-08-11 19:42:31.272093358,Feature Request,Resolved,24,0,None,0,0,SOP-07
TK03374,AC0083,A032,2026-08-11 20:00:00,,How-to,Partially Resolved,8,0,None,0,0,SOP-12
TK03375,AC0049,A029,2026-08-11 14:00:00,2026-08-11 23:24:20.986603157,Bug,Resolved,59,0,None,0,0,SOP-12
TK03376,AC0067,A006,2026-08-12 09:00:00,2026-08-12 21:26:45.844217100,Integration,Resolved,20,0,None,0,0,SOP-18
TK03377,AC0132,A028,2026-08-12 14:00:00,2026-08-12 21:18:09.539785689,Technical,Resolved,31,0,None,0,1,SOP-18
TK03378,AC0014,A011,2026-08-12 20:00:00,2026-08-13 13:45:00.562048964,Billing,Resolved,45,0,None,0,0,SOP-07
TK03379,AC0054,A030,2026-08-12 08:00:00,2026-08-13 13:25:51.106376364,How-to,Resolved,40,0,None,0,0,SOP-07
TK03380,AC0008,A010,2026-08-12 20:00:00,,How-to,Partially Resolved,39,0,None,0,0,None
TK03381,AC0100,A015,2026-08-12 17:00:00,2026-08-13 15:52:57.475501362,Technical,Resolved,58,0,None,0,0,SOP-07
TK03382,AC0095,A036,2026-08-12 20:00:00,2026-08-13 03:26:08.907032746,How-to,Resolved,5,0,None,0,0,None
TK03383,AC0017,A032,2026-08-12 14:00:00,,How-to,Escalated,15,1,Product,0,0,None
TK03384,AC0051,A002,2026-08-12 10:00:00,2026-08-12 22:09:56.590709667,Bug,Resolved,70,0,None,1,0,SOP-18
TK03385,AC0047,A008,2026-08-12 09:00:00,2026-08-14 13:25:04.708698007,Technical,Resolved,35,0,None,0,0,SOP-12
TK03386,AC0126,A031,2026-08-12 15:00:00,2026-08-13 03:22:00.784827560,Bug,Resolved,47,0,None,0,0,SOP-07
TK03387,AC0030,A014,2026-08-12 18:00:00,,Technical,Escalated,26,1,Operations,0,0,SOP-12
TK03388,AC0127,A028,2026-08-13 14:00:00,2026-08-14 11:28:34.398087935,How-to,Resolved,22,0,None,0,0,None
TK03389,AC0150,A037,2026-08-13 08:00:00,2026-08-14 06:35:39.581395850,How-to,Resolved,17,0,None,0,0,SOP-07
TK03390,AC0088,A014,2026-08-13 08:00:00,,Integration,Unresolved,19,0,None,0,0,SOP-12
TK03391,AC0125,A016,2026-08-13 15:00:00,,Billing,Escalated,25,1,Technical,0,0,SOP-12
TK03392,AC0092,A016,2026-08-13 14:00:00,2026-08-14 12:27:35.699377003,Account,Resolved,43,0,None,0,0,SOP-12
TK03393,AC0066,A033,2026-08-13 09:00:00,2026-08-14 02:06:54.988488354,Bug,Resolved,122,0,None,0,0,SOP-07
TK03394,AC0022,A025,2026-08-13 16:00:00,2026-08-14 17:50:42.348465937,Feature Request,Resolved,79,0,None,1,1,SOP-12
TK03395,AC0121,A037,2026-08-13 13:00:00,2026-08-14 03:27:56.094110985,Technical,Resolved,70,0,None,0,0,None
TK03396,AC0087,A036,2026-08-14 20:00:00,2026-08-15 01:08:21.249294110,Technical,Resolved,46,0,None,0,0,SOP-23
TK03397,AC0060,A029,2026-08-14 09:00:00,2026-08-15 00:44:48.350967172,Technical,Resolved,87,0,None,0,0,SOP-12
TK03398,AC0046,A009,2026-08-14 08:00:00,2026-08-15 15:09:47.531922579,How-to,Resolved,21,0,None,0,0,None
TK03399,AC0033,A001,2026-08-14 18:00:00,2026-08-15 17:17:21.655455079,How-to,Resolved,17,0,None,0,0,None
TK03400,AC0076,A004,2026-08-14 12:00:00,2026-08-14 16:15:13.238891614,Billing,Resolved,2,0,None,0,0,SOP-18
TK03401,AC0140,A033,2026-08-14 19:00:00,2026-08-15 04:43:50.668082812,Integration,Resolved,4,0,None,0,0,None
TK03402,AC0104,A024,2026-08-14 08:00:00,2026-08-15 19:04:13.935230907,Technical,Resolved,32,0,None,0,0,SOP-07
TK03403,AC0047,A033,2026-08-15 15:00:00,2026-08-16 09:13:55.340897278,Technical,Resolved,63,0,None,0,0,SOP-07
TK03404,AC0013,A011,2026-08-15 15:00:00,2026-08-16 01:39:19.536029521,Integration,Resolved,51,0,None,0,0,None
TK03405,AC0071,A031,2026-08-15 13:00:00,2026-08-16 10:31:01.542503061,Feature Request,Resolved,41,0,None,0,0,SOP-07
TK03406,AC0076,A022,2026-08-15 20:00:00,2026-08-16 06:52:52.916923845,Feature Request,Resolved,23,0,None,1,0,SOP-07
TK03407,AC0060,A037,2026-08-15 15:00:00,,Account,Waiting Internally,57,1,Billing,0,0,None
TK03408,AC0064,A013,2026-08-15 15:00:00,,Billing,Escalated,23,1,Technical,1,0,None
TK03409,AC0047,A031,2026-08-15 09:00:00,2026-08-15 19:14:50.370921300,How-to,Resolved,29,0,None,0,0,None
TK03410,AC0085,A020,2026-08-16 13:00:00,2026-08-17 12:41:14.639178295,Billing,Resolved,160,0,None,1,0,SOP-18
TK03411,AC0017,A035,2026-08-16 11:00:00,2026-08-18 01:07:00.246641279,Technical,Resolved,110,0,None,0,0,None
TK03412,AC0029,A012,2026-08-16 15:00:00,2026-08-18 07:56:23.235158453,How-to,Resolved,8,0,None,0,1,SOP-12
TK03413,AC0056,A025,2026-08-16 19:00:00,2026-08-17 17:01:59.278483258,Bug,Resolved,27,0,None,0,0,SOP-23
TK03414,AC0046,A016,2026-08-16 20:00:00,2026-08-17 11:40:26.209160334,Feature Request,Resolved,65,0,None,0,0,SOP-23
TK03415,AC0123,A025,2026-08-16 15:00:00,2026-08-17 19:26:26.267700822,Billing,Resolved,123,0,None,0,0,SOP-23
TK03416,AC0149,A002,2026-08-17 16:00:00,2026-08-18 02:32:03.477208006,Billing,Resolved,8,0,None,0,0,SOP-23
TK03417,AC0065,A035,2026-08-17 20:00:00,2026-08-18 13:12:41.494758149,Integration,Resolved,8,0,None,0,0,SOP-07
TK03418,AC0139,A028,2026-08-17 17:00:00,2026-08-18 20:43:47.151777083,How-to,Resolved,103,0,None,0,1,SOP-12
TK03419,AC0027,A014,2026-08-17 12:00:00,2026-08-18 07:28:46.589213053,Technical,Resolved,21,0,None,0,0,SOP-12
TK03420,AC0065,A032,2026-08-17 10:00:00,2026-08-18 03:17:35.909957233,Technical,Resolved,23,0,None,0,0,SOP-18
TK03421,AC0060,A015,2026-08-17 11:00:00,2026-08-19 03:25:19.829026114,Technical,Resolved,11,0,None,0,0,SOP-18
TK03422,AC0069,A037,2026-08-17 14:00:00,2026-08-18 01:39:27.191607353,How-to,Resolved,84,0,None,0,0,None
TK03423,AC0119,A003,2026-08-17 11:00:00,,How-to,Partially Resolved,2,0,None,0,0,SOP-23
TK03424,AC0025,A009,2026-08-17 17:00:00,2026-08-19 03:13:29.119713320,Integration,Resolved,48,0,None,0,0,SOP-23
TK03425,AC0075,A009,2026-08-18 08:00:00,,Integration,Waiting Customer,31,0,None,0,0,None
TK03426,AC0085,A012,2026-08-18 09:00:00,,How-to,Unresolved,19,0,None,0,0,None
TK03427,AC0099,A005,2026-08-18 10:00:00,2026-08-18 22:17:41.205378344,Feature Request,Resolved,38,0,None,0,0,SOP-23
TK03428,AC0092,A034,2026-08-18 19:00:00,2026-08-19 13:48:16.794598946,How-to,Resolved,50,0,None,0,0,None
TK03429,AC0033,A027,2026-08-18 16:00:00,2026-08-19 06:24:12.255761192,Integration,Resolved,14,0,None,0,0,SOP-23
TK03430,AC0062,A001,2026-08-18 19:00:00,2026-08-19 23:59:08.823551719,Account,Resolved,11,0,None,0,0,None
TK03431,AC0134,A030,2026-08-18 17:00:00,2026-08-19 00:39:54.164675367,Billing,Resolved,54,0,None,0,0,None
TK03432,AC0063,A002,2026-08-18 10:00:00,2026-08-19 13:39:44.598187530,Account,Resolved,32,0,None,0,1,SOP-18
TK03433,AC0001,A032,2026-08-19 09:00:00,2026-08-19 15:34:21.541612848,Account,Resolved,7,0,None,1,0,None
TK03434,AC0090,A005,2026-08-19 10:00:00,,Technical,Partially Resolved,78,0,None,0,0,None
TK03435,AC0043,A033,2026-08-19 15:00:00,2026-08-22 05:09:53.310091610,Technical,Resolved,69,0,None,0,1,None
TK03436,AC0037,A032,2026-08-19 20:00:00,2026-08-22 01:17:28.239108795,Technical,Resolved,23,0,None,0,0,None
TK03437,AC0008,A001,2026-08-19 19:00:00,2026-08-20 21:29:30.559756629,Bug,Resolved,40,0,None,0,0,None
TK03438,AC0090,A004,2026-08-19 09:00:00,2026-08-19 14:12:25.904397609,Account,Resolved,27,0,None,0,0,SOP-12
TK03439,AC0013,A001,2026-08-19 09:00:00,2026-08-19 15:24:56.677041850,Bug,Resolved,29,0,None,0,0,None
TK03440,AC0101,A019,2026-08-19 09:00:00,2026-08-20 19:13:15.162355419,Account,Resolved,8,0,None,0,0,SOP-18
TK03441,AC0139,A006,2026-08-20 17:00:00,2026-08-21 03:20:28.250362019,Technical,Resolved,29,0,None,0,0,SOP-23
TK03442,AC0021,A012,2026-08-20 08:00:00,2026-08-20 11:41:43.284773612,How-to,Resolved,23,0,None,0,0,None
TK03443,AC0142,A008,2026-08-20 17:00:00,,How-to,Partially Resolved,24,0,None,1,0,SOP-07
TK03444,AC0062,A022,2026-08-20 20:00:00,2026-08-21 13:20:42.049848850,How-to,Resolved,30,0,None,0,0,None
TK03445,AC0140,A024,2026-08-20 19:00:00,2026-08-21 02:13:32.441100701,Technical,Resolved,54,0,None,0,0,SOP-12
TK03446,AC0037,A032,2026-08-20 16:00:00,2026-08-21 04:09:54.453879805,Technical,Resolved,33,0,None,0,0,SOP-18
TK03447,AC0088,A034,2026-08-20 15:00:00,2026-08-20 18:50:45.068518849,Integration,Resolved,53,0,None,0,0,None
TK03448,AC0065,A024,2026-08-20 17:00:00,2026-08-21 19:27:06.383115793,Bug,Resolved,18,0,None,0,0,None
TK03449,AC0008,A008,2026-08-20 11:00:00,2026-08-20 18:18:12.655230658,Billing,Resolved,4,0,None,0,0,None
TK03450,AC0085,A023,2026-08-20 08:00:00,2026-08-21 08:06:34.379405318,Bug,Resolved,25,0,None,0,0,SOP-12
TK03451,AC0101,A007,2026-08-21 15:00:00,,Account,Escalated,50,1,Operations,0,0,None
TK03452,AC0106,A032,2026-08-21 20:00:00,2026-08-22 10:43:39.425557902,Bug,Resolved,12,0,None,0,0,None
TK03453,AC0018,A016,2026-08-21 17:00:00,2026-08-22 05:40:27.923870761,Account,Resolved,57,0,None,0,0,SOP-18
TK03454,AC0121,A002,2026-08-21 15:00:00,,Technical,Waiting Customer,18,0,None,0,0,SOP-18
TK03455,AC0015,A038,2026-08-21 16:00:00,2026-08-22 16:03:30.797869440,Billing,Resolved,13,0,None,0,0,SOP-18
TK03456,AC0012,A003,2026-08-21 18:00:00,2026-08-22 18:37:21.140046426,Billing,Resolved,94,0,None,0,1,None
TK03457,AC0117,A029,2026-08-21 11:00:00,2026-08-21 21:25:11.407910826,Bug,Resolved,29,1,Technical,1,0,SOP-18
TK03458,AC0093,A019,2026-08-21 13:00:00,2026-08-22 16:35:04.392118228,Integration,Resolved,16,0,None,0,0,None
TK03459,AC0140,A007,2026-08-21 09:00:00,,Technical,Partially Resolved,31,0,None,0,0,None
TK03460,AC0114,A034,2026-08-21 20:00:00,,Billing,Partially Resolved,5,0,None,0,0,SOP-07
TK03461,AC0024,A036,2026-08-22 15:00:00,2026-08-22 22:43:26.665179833,Feature Request,Resolved,28,0,None,0,0,SOP-18
TK03462,AC0055,A017,2026-08-22 16:00:00,2026-08-22 20:12:22.358580238,Feature Request,Resolved,82,0,None,0,0,SOP-12
TK03463,AC0089,A004,2026-08-22 20:00:00,,Integration,Partially Resolved,37,0,None,0,0,SOP-07
TK03464,AC0085,A022,2026-08-22 19:00:00,2026-08-23 10:34:57.561962266,Account,Resolved,16,0,None,0,0,SOP-07
TK03465,AC0030,A021,2026-08-22 17:00:00,,Integration,Waiting Customer,18,0,None,0,1,SOP-18
TK03466,AC0089,A034,2026-08-22 18:00:00,,Account,Escalated,85,1,Technical,0,0,SOP-23
TK03467,AC0121,A021,2026-08-22 18:00:00,,How-to,Partially Resolved,31,0,None,0,0,SOP-07
TK03468,AC0069,A018,2026-08-22 09:00:00,2026-08-23 07:51:12.384752768,Integration,Resolved,12,0,None,0,0,SOP-23
TK03469,AC0020,A010,2026-08-22 18:00:00,,Bug,Unresolved,70,0,None,0,1,SOP-23
TK03470,AC0024,A007,2026-08-22 12:00:00,2026-08-24 21:11:17.507028737,Technical,Resolved,23,0,None,0,0,None
TK03471,AC0050,A037,2026-08-22 09:00:00,2026-08-23 01:51:04.787488726,Technical,Resolved,9,0,None,0,0,None
TK03472,AC0118,A011,2026-08-22 16:00:00,2026-08-22 23:46:17.745357287,How-to,Resolved,11,0,None,0,0,None
TK03473,AC0130,A026,2026-08-23 08:00:00,2026-08-23 17:52:32.198230905,Account,Resolved,17,0,None,0,0,None
TK03474,AC0094,A008,2026-08-23 09:00:00,,Integration,Escalated,75,1,Product,0,0,SOP-07
TK03475,AC0065,A003,2026-08-23 15:00:00,2026-08-23 23:45:20.691488048,Account,Resolved,7,0,None,0,1,SOP-12
TK03476,AC0121,A028,2026-08-24 17:00:00,2026-08-26 09:41:01.146332647,How-to,Resolved,102,0,None,0,0,SOP-12
TK03477,AC0062,A004,2026-08-24 14:00:00,2026-08-24 23:30:43.184526655,How-to,Resolved,22,0,None,0,0,None
TK03478,AC0040,A038,2026-08-24 12:00:00,2026-08-25 02:21:48.287628037,Bug,Resolved,17,1,Technical,0,0,SOP-18
TK03479,AC0041,A027,2026-08-24 16:00:00,2026-08-25 00:39:40.253805150,Feature Request,Resolved,13,0,None,1,0,SOP-07
TK03480,AC0133,A021,2026-08-24 12:00:00,2026-08-24 22:14:43.219516199,Bug,Resolved,23,1,Product,0,0,None
TK03481,AC0090,A009,2026-08-24 20:00:00,2026-08-24 22:10:18.734347434,Integration,Resolved,33,0,None,0,0,None
TK03482,AC0089,A013,2026-08-24 11:00:00,,Bug,Escalated,24,1,Product,0,0,None
TK03483,AC0076,A033,2026-08-24 08:00:00,,Feature Request,Waiting Internally,32,1,Product,0,0,None
TK03484,AC0008,A002,2026-08-25 15:00:00,,Billing,Partially Resolved,55,0,None,0,0,SOP-18
TK03485,AC0009,A019,2026-08-25 18:00:00,2026-08-26 10:29:56.987051508,How-to,Resolved,70,0,None,0,0,SOP-12
TK03486,AC0065,A024,2026-08-25 11:00:00,2026-08-26 08:32:59.149897753,Technical,Resolved,15,0,None,0,0,None
TK03487,AC0065,A022,2026-08-25 09:00:00,,Feature Request,Partially Resolved,44,0,None,0,0,None
TK03488,AC0091,A017,2026-08-25 14:00:00,2026-08-26 02:52:42.771103742,Technical,Resolved,8,0,None,0,0,SOP-18
TK03489,AC0132,A002,2026-08-25 16:00:00,,Billing,Waiting Internally,47,1,Billing,1,0,None
TK03490,AC0033,A015,2026-08-25 20:00:00,2026-08-26 22:28:28.092532755,Integration,Resolved,63,0,None,0,0,None
TK03491,AC0049,A031,2026-08-25 09:00:00,2026-08-26 09:38:08.149504926,Technical,Resolved,38,0,None,0,0,SOP-12
TK03492,AC0066,A034,2026-08-25 17:00:00,,Integration,Unresolved,34,0,None,0,0,SOP-12
TK03493,AC0125,A004,2026-08-26 18:00:00,2026-08-27 10:49:06.423280161,Bug,Resolved,57,0,None,0,0,None
TK03494,AC0140,A010,2026-08-26 18:00:00,2026-08-26 22:19:58.070077836,Technical,Resolved,10,0,None,0,0,SOP-07
TK03495,AC0132,A036,2026-08-26 08:00:00,2026-08-26 11:37:27.810721724,Technical,Resolved,16,0,None,0,0,None
TK03496,AC0099,A033,2026-08-26 09:00:00,,Technical,Unresolved,13,0,None,0,0,None
TK03497,AC0064,A023,2026-08-26 11:00:00,,Bug,Unresolved,22,0,None,0,0,SOP-23
TK03498,AC0008,A008,2026-08-26 19:00:00,,How-to,Unresolved,26,0,None,0,0,SOP-18
TK03499,AC0047,A002,2026-08-26 09:00:00,2026-08-27 03:16:10.506022159,How-to,Resolved,43,0,None,1,0,SOP-07
TK03500,AC0010,A005,2026-08-26 18:00:00,2026-08-27 09:30:08.377098806,Billing,Resolved,2,0,None,0,0,SOP-12
TK03501,AC0056,A034,2026-08-26 18:00:00,2026-08-26 23:03:21.409333250,Account,Resolved,43,0,None,0,0,None
TK03502,AC0064,A005,2026-08-27 19:00:00,2026-08-27 20:44:50.896135937,Technical,Resolved,57,0,None,0,0,None
TK03503,AC0074,A025,2026-08-27 15:00:00,2026-08-29 09:20:30.331195716,Feature Request,Resolved,34,0,None,0,0,SOP-07
TK03504,AC0020,A035,2026-08-27 17:00:00,,Integration,Unresolved,87,0,None,0,0,SOP-23
TK03505,AC0067,A008,2026-08-27 15:00:00,,Bug,Waiting Customer,16,0,None,0,0,SOP-18
TK03506,AC0095,A001,2026-08-27 19:00:00,2026-08-28 09:13:35.653346825,Technical,Resolved,42,0,None,0,0,SOP-18
TK03507,AC0141,A037,2026-08-27 19:00:00,2026-08-28 03:35:50.448027035,Integration,Resolved,20,0,None,0,0,SOP-12
TKNS001,AC0150,A001,2026-08-18 10:00:00,,Bug,Waiting Internally,18,1,Product,1,1,SOP-18
TKNS002,AC0150,A002,2026-08-24 12:00:00,,Technical,Escalated,24,1,Product,0,1,SOP-18
